  0
SECTION
  2
HEADER
  9
$ACADVER
  1
AC1015
  9
$ACADMAINTVER
 70
6
  9
$DWGCODEPAGE
  3
ANSI_1252
  9
$INSBASE
 10
0.0
 20
0.0
 30
0.0
  9
$EXTMIN
 10
304729.202
 20
6403920.173
 30
0.0
  9
$EXTMAX
 10
308942.374
 20
6405836.213
 30
0.0
  9
$LIMMIN
 10
0.0
 20
0.0
  9
$LIMMAX
 10
420.0
 20
297.0
  9
$ORTHOMODE
 70
0
  9
$REGENMODE
 70
1
  9
$FILLMODE
 70
1
  9
$QTEXTMODE
 70
0
  9
$MIRRTEXT
 70
1
  9
$LTSCALE
 40
1.0
  9
$ATTMODE
 70
1
  9
$TEXTSIZE
 40
2.5
  9
$TRACEWID
 40
1.0
  9
$TEXTSTYLE
  7
Standard
  9
$CLAYER
  8
0
  9
$CELTYPE
  6
ByLayer
  9
$CECOLOR
 62
256
  9
$CELTSCALE
 40
1.0
  9
$DISPSILH
 70
0
  9
$DIMSCALE
 40
1.0
  9
$DIMASZ
 40
2.5
  9
$DIMEXO
 40
0.625
  9
$DIMDLI
 40
3.75
  9
$DIMRND
 40
0.0
  9
$DIMDLE
 40
0.0
  9
$DIMEXE
 40
1.25
  9
$DIMTP
 40
0.0
  9
$DIMTM
 40
0.0
  9
$DIMTXT
 40
2.5
  9
$DIMCEN
 40
2.5
  9
$DIMTSZ
 40
0.0
  9
$DIMTOL
 70
0
  9
$DIMLIM
 70
0
  9
$DIMTIH
 70
0
  9
$DIMTOH
 70
0
  9
$DIMSE1
 70
0
  9
$DIMSE2
 70
0
  9
$DIMTAD
 70
1
  9
$DIMZIN
 70
8
  9
$DIMBLK
  1

  9
$DIMASO
 70
1
  9
$DIMSHO
 70
1
  9
$DIMPOST
  1

  9
$DIMAPOST
  1

  9
$DIMALT
 70
0
  9
$DIMALTD
 70
3
  9
$DIMALTF
 40
0.03937007874
  9
$DIMLFAC
 40
1.0
  9
$DIMTOFL
 70
1
  9
$DIMTVP
 40
0.0
  9
$DIMTIX
 70
0
  9
$DIMSOXD
 70
0
  9
$DIMSAH
 70
0
  9
$DIMBLK1
  1

  9
$DIMBLK2
  1

  9
$DIMSTYLE
  2
ISO-25
  9
$DIMCLRD
 70
0
  9
$DIMCLRE
 70
0
  9
$DIMCLRT
 70
0
  9
$DIMTFAC
 40
1.0
  9
$DIMGAP
 40
0.625
  9
$DIMJUST
 70
0
  9
$DIMSD1
 70
0
  9
$DIMSD2
 70
0
  9
$DIMTOLJ
 70
0
  9
$DIMTZIN
 70
8
  9
$DIMALTZ
 70
0
  9
$DIMALTTZ
 70
0
  9
$DIMUPT
 70
0
  9
$DIMDEC
 70
2
  9
$DIMTDEC
 70
2
  9
$DIMALTU
 70
2
  9
$DIMALTTD
 70
3
  9
$DIMTXSTY
  7
Standard
  9
$DIMAUNIT
 70
0
  9
$DIMADEC
 70
0
  9
$DIMALTRND
 40
0.0
  9
$DIMAZIN
 70
0
  9
$DIMDSEP
 70
44
  9
$DIMATFIT
 70
3
  9
$DIMFRAC
 70
0
  9
$DIMLDRBLK
  1

  9
$DIMLUNIT
 70
2
  9
$DIMLWD
 70
-2
  9
$DIMLWE
 70
-2
  9
$DIMTMOVE
 70
0
  9
$LUNITS
 70
2
  9
$LUPREC
 70
4
  9
$SKETCHINC
 40
1.0
  9
$FILLETRAD
 40
10.0
  9
$AUNITS
 70
0
  9
$AUPREC
 70
2
  9
$MENU
  1
.
  9
$ELEVATION
 40
0.0
  9
$PELEVATION
 40
0.0
  9
$THICKNESS
 40
0.0
  9
$LIMCHECK
 70
0
  9
$CHAMFERA
 40
0.0
  9
$CHAMFERB
 40
0.0
  9
$CHAMFERC
 40
0.0
  9
$CHAMFERD
 40
0.0
  9
$SKPOLY
 70
0
  9
$TDCREATE
 40
2461316.4370717593
  9
$TDUCREATE
 40
2458532.153996898
  9
$TDUPDATE
 40
2461316.4370833333
  9
$TDUUPDATE
 40
2458532.1544311
  9
$TDINDWG
 40
0.0
  9
$TDUSRTIMER
 40
0.0
  9
$USRTIMER
 70
1
  9
$ANGBASE
 50
0.0
  9
$ANGDIR
 70
0
  9
$PDMODE
 70
0
  9
$PDSIZE
 40
0.0
  9
$PLINEWID
 40
0.0
  9
$SPLFRAME
 70
0
  9
$SPLINETYPE
 70
6
  9
$SPLINESEGS
 70
8
  9
$HANDSEED
  5
3E9
  9
$SURFTAB1
 70
6
  9
$SURFTAB2
 70
6
  9
$SURFTYPE
 70
6
  9
$SURFU
 70
6
  9
$SURFV
 70
6
  9
$UCSBASE
  2

  9
$UCSNAME
  2

  9
$UCSORG
 10
0.0
 20
0.0
 30
0.0
  9
$UCSXDIR
 10
1.0
 20
0.0
 30
0.0
  9
$UCSYDIR
 10
0.0
 20
1.0
 30
0.0
  9
$UCSORTHOREF
  2

  9
$UCSORTHOVIEW
 70
0
  9
$UCSORGTOP
 10
0.0
 20
0.0
 30
0.0
  9
$UCSORGBOTTOM
 10
0.0
 20
0.0
 30
0.0
  9
$UCSORGLEFT
 10
0.0
 20
0.0
 30
0.0
  9
$UCSORGRIGHT
 10
0.0
 20
0.0
 30
0.0
  9
$UCSORGFRONT
 10
0.0
 20
0.0
 30
0.0
  9
$UCSORGBACK
 10
0.0
 20
0.0
 30
0.0
  9
$PUCSBASE
  2

  9
$PUCSNAME
  2

  9
$PUCSORG
 10
0.0
 20
0.0
 30
0.0
  9
$PUCSXDIR
 10
1.0
 20
0.0
 30
0.0
  9
$PUCSYDIR
 10
0.0
 20
1.0
 30
0.0
  9
$PUCSORTHOREF
  2

  9
$PUCSORTHOVIEW
 70
0
  9
$PUCSORGTOP
 10
0.0
 20
0.0
 30
0.0
  9
$PUCSORGBOTTOM
 10
0.0
 20
0.0
 30
0.0
  9
$PUCSORGLEFT
 10
0.0
 20
0.0
 30
0.0
  9
$PUCSORGRIGHT
 10
0.0
 20
0.0
 30
0.0
  9
$PUCSORGFRONT
 10
0.0
 20
0.0
 30
0.0
  9
$PUCSORGBACK
 10
0.0
 20
0.0
 30
0.0
  9
$USERI1
 70
0
  9
$USERI2
 70
0
  9
$USERI3
 70
0
  9
$USERI4
 70
0
  9
$USERI5
 70
0
  9
$USERR1
 40
0.0
  9
$USERR2
 40
0.0
  9
$USERR3
 40
0.0
  9
$USERR4
 40
0.0
  9
$USERR5
 40
0.0
  9
$WORLDVIEW
 70
1
  9
$SHADEDGE
 70
3
  9
$SHADEDIF
 70
70
  9
$TILEMODE
 70
1
  9
$MAXACTVP
 70
64
  9
$PINSBASE
 10
0.0
 20
0.0
 30
0.0
  9
$PLIMCHECK
 70
0
  9
$PEXTMIN
 10
1e+20
 20
1e+20
 30
1e+20
  9
$PEXTMAX
 10
-1e+20
 20
-1e+20
 30
-1e+20
  9
$PLIMMIN
 10
0.0
 20
0.0
  9
$PLIMMAX
 10
420.0
 20
297.0
  9
$UNITMODE
 70
0
  9
$VISRETAIN
 70
1
  9
$PLINEGEN
 70
0
  9
$PSLTSCALE
 70
1
  9
$TREEDEPTH
 70
3020
  9
$CMLSTYLE
  2
Standard
  9
$CMLJUST
 70
0
  9
$CMLSCALE
 40
20.0
  9
$PROXYGRAPHICS
 70
1
  9
$MEASUREMENT
 70
1
  9
$CELWEIGHT
370
-1
  9
$ENDCAPS
280
0
  9
$JOINSTYLE
280
0
  9
$LWDISPLAY
290
0
  9
$INSUNITS
 70
6
  9
$HYPERLINKBASE
  1

  9
$STYLESHEET
  1

  9
$XEDIT
290
1
  9
$CEPSNTYPE
380
0
  9
$PSTYLEMODE
290
1
  9
$FINGERPRINTGUID
  2
{B3BAF032-D3B3-4F5F-B351-9E727D1D9C12}
  9
$VERSIONGUID
  2
{2E792549-3364-40A4-A254-F93DD395745D}
  9
$EXTNAMES
290
1
  9
$PSVPSCALE
 40
0.0
  9
$OLESTARTUP
290
0
  0
ENDSEC
  0
SECTION
  2
CLASSES
  0
CLASS
  1
ACDBDICTIONARYWDFLT
  2
AcDbDictionaryWithDefault
  3
ObjectDBX Classes
 90
0
280
0
281
0
  0
CLASS
  1
SUN
  2
AcDbSun
  3
SCENEOE
 90
1153
280
0
281
0
  0
CLASS
  1
VISUALSTYLE
  2
AcDbVisualStyle
  3
ObjectDBX Classes
 90
4095
280
0
281
0
  0
CLASS
  1
MATERIAL
  2
AcDbMaterial
  3
ObjectDBX Classes
 90
1153
280
0
281
0
  0
CLASS
  1
SCALE
  2
AcDbScale
  3
ObjectDBX Classes
 90
1153
280
0
281
0
  0
CLASS
  1
TABLESTYLE
  2
AcDbTableStyle
  3
ObjectDBX Classes
 90
4095
280
0
281
0
  0
CLASS
  1
MLEADERSTYLE
  2
AcDbMLeaderStyle
  3
ACDB_MLEADERSTYLE_CLASS
 90
4095
280
0
281
0
  0
CLASS
  1
DICTIONARYVAR
  2
AcDbDictionaryVar
  3
ObjectDBX Classes
 90
0
280
0
281
0
  0
CLASS
  1
CELLSTYLEMAP
  2
AcDbCellStyleMap
  3
ObjectDBX Classes
 90
1152
280
0
281
0
  0
CLASS
  1
MENTALRAYRENDERSETTINGS
  2
AcDbMentalRayRenderSettings
  3
SCENEOE
 90
1024
280
0
281
0
  0
CLASS
  1
ACDBDETAILVIEWSTYLE
  2
AcDbDetailViewStyle
  3
ObjectDBX Classes
 90
1025
280
0
281
0
  0
CLASS
  1
ACDBSECTIONVIEWSTYLE
  2
AcDbSectionViewStyle
  3
ObjectDBX Classes
 90
1025
280
0
281
0
  0
CLASS
  1
RASTERVARIABLES
  2
AcDbRasterVariables
  3
ISM
 90
0
280
0
281
0
  0
CLASS
  1
ACDBPLACEHOLDER
  2
AcDbPlaceHolder
  3
ObjectDBX Classes
 90
0
280
0
281
0
  0
CLASS
  1
LAYOUT
  2
AcDbLayout
  3
ObjectDBX Classes
 90
0
280
0
281
0
  0
ENDSEC
  0
SECTION
  2
TABLES
  0
TABLE
  2
VPORT
  5
8
330
0
100
AcDbSymbolTable
 70
1
  0
VPORT
  5
3E5
330
8
100
AcDbSymbolTableRecord
100
AcDbViewportTableRecord
  2
*Active
 70
0
 10
0.0
 20
0.0
 11
1.0
 21
1.0
 12
305415.0
 22
6404440.0
 13
0.0
 23
0.0
 14
0.5
 24
0.5
 15
0.5
 25
0.5
 16
0.0
 26
0.0
 36
1.0
 17
0.0
 27
0.0
 37
0.0
 40
340.0
 41
1.34
 42
50.0
 43
0.0
 44
0.0
 50
0.0
 51
0.0
 71
0
 72
1000
 73
1
 74
3
 75
0
 76
0
 77
0
 78
0
281
0
 65
1
110
0.0
120
0.0
130
0.0
111
1.0
121
0.0
131
0.0
112
0.0
122
1.0
132
0.0
 79
0
146
0.0
  0
ENDTAB
  0
TABLE
  2
LTYPE
  5
2
330
0
100
AcDbSymbolTable
 70
3
  0
LTYPE
  5
24
330
2
100
AcDbSymbolTableRecord
100
AcDbLinetypeTableRecord
  2
ByBlock
 70
0
  3

 72
65
 73
0
 40
0.0
  0
LTYPE
  5
25
330
2
100
AcDbSymbolTableRecord
100
AcDbLinetypeTableRecord
  2
ByLayer
 70
0
  3

 72
65
 73
0
 40
0.0
  0
LTYPE
  5
26
330
2
100
AcDbSymbolTableRecord
100
AcDbLinetypeTableRecord
  2
Continuous
 70
0
  3

 72
65
 73
0
 40
0.0
  0
ENDTAB
  0
TABLE
  2
LAYER
  5
1
330
0
100
AcDbSymbolTable
 70
10
  0
LAYER
  5
27
330
1
100
AcDbSymbolTableRecord
100
AcDbLayerTableRecord
  2
0
 70
0
 62
7
  6
Continuous
370
-3
390
13
  0
LAYER
  5
28
330
1
100
AcDbSymbolTableRecord
100
AcDbLayerTableRecord
  2
Defpoints
 70
0
 62
7
  6
Continuous
290
0
370
-3
390
13
  0
LAYER
  5
2F
330
1
100
AcDbSymbolTableRecord
100
AcDbLayerTableRecord
  2
HOJDKURVOR_STOD
 70
0
 62
6
  6
Continuous
370
-3
390
13
  0
LAYER
  5
30
330
1
100
AcDbSymbolTableRecord
100
AcDbLayerTableRecord
  2
HOJDKURVOR_GRUND
 70
0
 62
4
  6
Continuous
370
-3
390
13
  0
LAYER
  5
31
330
1
100
AcDbSymbolTableRecord
100
AcDbLayerTableRecord
  2
HOJDKURVOR_TEXT
 70
0
 62
2
  6
Continuous
370
-3
390
13
  0
LAYER
  5
32
330
1
100
AcDbSymbolTableRecord
100
AcDbLayerTableRecord
  2
TOMTER_1945
 70
0
 62
1
  6
Continuous
370
-3
390
13
  0
LAYER
  5
33
330
1
100
AcDbSymbolTableRecord
100
AcDbLayerTableRecord
  2
LILLEBY_4_8
 70
0
 62
5
  6
Continuous
370
-3
390
13
  0
LAYER
  5
34
330
1
100
AcDbSymbolTableRecord
100
AcDbLayerTableRecord
  2
FASTIGHETSGRANSER
 70
0
 62
7
  6
Continuous
370
-3
390
13
  0
LAYER
  5
35
330
1
100
AcDbSymbolTableRecord
100
AcDbLayerTableRecord
  2
TOMTBETECKNINGAR
 70
0
 62
3
  6
Continuous
370
-3
390
13
  0
LAYER
  5
36
330
1
100
AcDbSymbolTableRecord
100
AcDbLayerTableRecord
  2
GRANSPUNKTER
 70
0
 62
1
  6
Continuous
370
-3
390
13
  0
ENDTAB
  0
TABLE
  2
STYLE
  5
5
330
0
100
AcDbSymbolTable
 70
1
  0
STYLE
  5
29
330
5
100
AcDbSymbolTableRecord
100
AcDbTextStyleTableRecord
  2
Standard
 70
0
 40
0.0
 41
1.0
 50
0.0
 71
0
 42
2.5
  3
txt
  4

  0
ENDTAB
  0
TABLE
  2
VIEW
  5
7
330
0
100
AcDbSymbolTable
 70
0
  0
ENDTAB
  0
TABLE
  2
UCS
  5
6
330
0
100
AcDbSymbolTable
 70
0
  0
ENDTAB
  0
TABLE
  2
APPID
  5
3
330
0
100
AcDbSymbolTable
 70
3
  0
APPID
  5
2A
330
3
100
AcDbSymbolTableRecord
100
AcDbRegAppTableRecord
  2
ACAD
 70
0
  0
APPID
  5
3E6
330
3
100
AcDbSymbolTableRecord
100
AcDbRegAppTableRecord
  2
HATCHBACKGROUNDCOLOR
 70
0
  0
APPID
  5
3E7
330
3
100
AcDbSymbolTableRecord
100
AcDbRegAppTableRecord
  2
EZDXF
 70
0
  0
ENDTAB
  0
TABLE
  2
DIMSTYLE
  5
4
330
0
100
AcDbSymbolTable
 70
1
100
AcDbDimStyleTable
  0
DIMSTYLE
105
2B
330
4
100
AcDbSymbolTableRecord
100
AcDbDimStyleTableRecord
  2
Standard
 70
0
  3

  4

 40
1.0
 41
2.5
 42
0.625
 43
3.75
 44
1.25
 45
0.0
 46
0.0
 47
0.0
 48
0.0
140
2.5
141
2.5
142
0.0
143
0.03937007874
144
1.0
145
0.0
146
1.0
147
0.625
148
0.0
 71
0
 72
0
 73
0
 74
0
 75
0
 76
0
 77
1
 78
8
 79
3
170
0
171
3
172
1
173
0
174
0
175
0
176
0
177
0
178
0
179
2
271
2
272
2
273
2
274
3
275
0
276
0
277
2
278
44
279
0
280
0
281
0
282
0
283
0
284
8
285
0
286
0
288
0
289
3
371
-2
372
-2
  0
ENDTAB
  0
TABLE
  2
BLOCK_RECORD
  5
9
330
0
100
AcDbSymbolTable
 70
2
  0
BLOCK_RECORD
  5
17
330
9
100
AcDbSymbolTableRecord
100
AcDbBlockTableRecord
  2
*Model_Space
340
1A
  0
BLOCK_RECORD
  5
1B
330
9
100
AcDbSymbolTableRecord
100
AcDbBlockTableRecord
  2
*Paper_Space
340
1E
  0
ENDTAB
  0
ENDSEC
  0
SECTION
  2
BLOCKS
  0
BLOCK
  5
18
330
17
100
AcDbEntity
  8
0
100
AcDbBlockBegin
  2
*Model_Space
 70
0
 10
0.0
 20
0.0
 30
0.0
  3
*Model_Space
  1

  0
ENDBLK
  5
19
330
17
100
AcDbEntity
  8
0
100
AcDbBlockEnd
  0
BLOCK
  5
1C
330
1B
100
AcDbEntity
  8
0
100
AcDbBlockBegin
  2
*Paper_Space
 70
0
 10
0.0
 20
0.0
 30
0.0
  3
*Paper_Space
  1

  0
ENDBLK
  5
1D
330
1B
100
AcDbEntity
  8
0
100
AcDbBlockEnd
  0
ENDSEC
  0
SECTION
  2
ENTITIES
  0
LWPOLYLINE
  5
37
330
17
100
AcDbEntity
  8
HOJDKURVOR_STOD
100
AcDbPolyline
 90
10
 70
0
 10
305162.0
 20
6404423.47
 10
305164.0
 20
6404423.0
 10
305165.56
 20
6404424.0
 10
305166.68
 20
6404426.0
 10
305165.0
 20
6404428.0
 10
305164.0
 20
6404429.75
 10
305162.0
 20
6404431.0
 10
305161.35
 20
6404430.0
 10
305160.07
 20
6404426.0
 10
305162.0
 20
6404423.47
  0
TEXT
  5
38
330
17
100
AcDbEntity
  8
HOJDKURVOR_TEXT
100
AcDbText
 10
305163.9551273574
 20
6404429.778045402
 30
0.0
 40
1.5
  1
0.0
 50
327.99461679191654
 72
1
 11
305163.9551273574
 21
6404429.778045402
 31
0.0
100
AcDbText
 73
2
  0
LWPOLYLINE
  5
39
330
17
100
AcDbEntity
  8
HOJDKURVOR_STOD
100
AcDbPolyline
 90
19
 70
0
 10
305266.0
 20
6404509.25
 10
305267.09
 20
6404510.0
 10
305268.78
 20
6404512.0
 10
305272.28
 20
6404514.0
 10
305273.13
 20
6404516.0
 10
305272.28
 20
6404518.0
 10
305270.0
 20
6404521.11
 10
305269.0
 20
6404522.0
 10
305268.0
 20
6404522.73
 10
305266.0
 20
6404523.5
 10
305264.0
 20
6404523.39
 10
305262.0
 20
6404522.0
 10
305260.06
 20
6404520.0
 10
305259.0
 20
6404518.0
 10
305260.0
 20
6404516.56
 10
305260.88
 20
6404516.0
 10
305259.11
 20
6404514.0
 10
305261.27
 20
6404512.0
 10
305266.0
 20
6404509.25
  0
TEXT
  5
3A
330
17
100
AcDbEntity
  8
HOJDKURVOR_TEXT
100
AcDbText
 10
305264.7641239865
 20
6404523.432026819
 30
0.0
 40
1.5
  1
0.0
 50
3.1480961091387485
 72
1
 11
305264.7641239865
 21
6404523.432026819
 31
0.0
100
AcDbText
 73
2
  0
LWPOLYLINE
  5
3B
330
17
100
AcDbEntity
  8
HOJDKURVOR_STOD
100
AcDbPolyline
 90
4
 70
0
 10
305482.0
 20
6404513.81
 10
305480.2
 20
6404514.0
 10
305482.0
 20
6404515.2
 10
305482.0
 20
6404513.81
  0
LWPOLYLINE
  5
3C
330
17
100
AcDbEntity
  8
HOJDKURVOR_STOD
100
AcDbPolyline
 90
31
 70
0
 10
305394.0
 20
6404519.6
 10
305396.0
 20
6404518.95
 10
305402.0
 20
6404519.14
 10
305404.0
 20
6404520.3
 10
305406.0
 20
6404520.48
 10
305408.0
 20
6404521.77
 10
305410.84
 20
6404524.0
 10
305412.0
 20
6404526.0
 10
305414.0
 20
6404525.47
 10
305416.0
 20
6404525.68
 10
305418.86
 20
6404528.0
 10
305420.56
 20
6404530.0
 10
305420.64
 20
6404534.0
 10
305421.88
 20
6404536.0
 10
305420.0
 20
6404538.77
 10
305418.0
 20
6404536.71
 10
305416.0
 20
6404537.69
 10
305413.11
 20
6404536.0
 10
305410.0
 20
6404535.1
 10
305408.0
 20
6404533.48
 10
305404.0
 20
6404532.56
 10
305402.86
 20
6404532.0
 10
305402.0
 20
6404531.05
 10
305400.8
 20
6404532.0
 10
305398.0
 20
6404532.78
 10
305396.0
 20
6404530.59
 10
305395.0
 20
6404530.0
 10
305390.0
 20
6404529.23
 10
305386.21
 20
6404526.0
 10
305390.0
 20
6404521.35
 10
305394.0
 20
6404519.6
  0
TEXT
  5
3D
330
17
100
AcDbEntity
  8
HOJDKURVOR_TEXT
100
AcDbText
 10
305416.5090843074
 20
6404537.44054869
 30
0.0
 40
1.5
  1
0.0
 50
333.8951459805736
 72
1
 11
305416.5090843074
 21
6404537.44054869
 31
0.0
100
AcDbText
 73
2
  0
LWPOLYLINE
  5
3E
330
17
100
AcDbEntity
  8
HOJDKURVOR_STOD
100
AcDbPolyline
 90
5
 70
0
 10
305486.0
 20
6404524.52
 10
305486.83
 20
6404526.0
 10
305486.0
 20
6404526.77
 10
305485.29
 20
6404526.0
 10
305486.0
 20
6404524.52
  0
LWPOLYLINE
  5
3F
330
17
100
AcDbEntity
  8
HOJDKURVOR_STOD
100
AcDbPolyline
 90
8
 70
0
 10
305426.0
 20
6404537.11
 10
305426.93
 20
6404538.0
 10
305426.95
 20
6404540.0
 10
305426.0
 20
6404541.19
 10
305424.0
 20
6404540.53
 10
305423.69
 20
6404540.0
 10
305424.62
 20
6404538.0
 10
305426.0
 20
6404537.11
  0
LWPOLYLINE
  5
40
330
17
100
AcDbEntity
  8
HOJDKURVOR_GRUND
100
AcDbPolyline
 90
5
 70
0
 10
305162.0
 20
6404425.74
 10
305162.75
 20
6404426.0
 10
305162.0
 20
6404428.06
 10
305161.79
 20
6404426.0
 10
305162.0
 20
6404425.74
  0
LWPOLYLINE
  5
41
330
17
100
AcDbEntity
  8
HOJDKURVOR_GRUND
100
AcDbPolyline
 90
5
 70
0
 10
305260.0
 20
6404499.38
 10
305261.5
 20
6404500.0
 10
305260.0
 20
6404500.55
 10
305259.36
 20
6404500.0
 10
305260.0
 20
6404499.38
  0
LWPOLYLINE
  5
42
330
17
100
AcDbEntity
  8
HOJDKURVOR_GRUND
100
AcDbPolyline
 90
7
 70
0
 10
305266.0
 20
6404502.7
 10
305268.0
 20
6404503.0
 10
305268.57
 20
6404504.0
 10
305268.0
 20
6404504.79
 10
305266.0
 20
6404504.67
 10
305265.21
 20
6404504.0
 10
305266.0
 20
6404502.7
  0
LWPOLYLINE
  5
43
330
17
100
AcDbEntity
  8
HOJDKURVOR_GRUND
100
AcDbPolyline
 90
5
 70
0
 10
305252.0
 20
6404507.44
 10
305253.88
 20
6404508.0
 10
305252.0
 20
6404508.73
 10
305251.47
 20
6404508.0
 10
305252.0
 20
6404507.44
  0
LWPOLYLINE
  5
44
330
17
100
AcDbEntity
  8
HOJDKURVOR_GRUND
100
AcDbPolyline
 90
7
 70
0
 10
305254.0
 20
6404508.17
 10
305254.92
 20
6404510.0
 10
305254.84
 20
6404512.0
 10
305254.0
 20
6404512.76
 10
305253.58
 20
6404512.0
 10
305253.44
 20
6404510.0
 10
305254.0
 20
6404508.17
  0
LWPOLYLINE
  5
45
330
17
100
AcDbEntity
  8
HOJDKURVOR_GRUND
100
AcDbPolyline
 90
12
 70
0
 10
305266.0
 20
6404514.78
 10
305270.0
 20
6404515.67
 10
305270.33
 20
6404516.0
 10
305269.84
 20
6404518.0
 10
305268.6
 20
6404520.0
 10
305266.89
 20
6404522.0
 10
305266.0
 20
6404522.52
 10
305263.89
 20
6404522.0
 10
305262.86
 20
6404520.0
 10
305264.52
 20
6404518.0
 10
305264.65
 20
6404516.0
 10
305266.0
 20
6404514.78
  0
LWPOLYLINE
  5
46
330
17
100
AcDbEntity
  8
HOJDKURVOR_GRUND
100
AcDbPolyline
 90
30
 70
0
 10
305392.0
 20
6404521.8
 10
305396.0
 20
6404520.45
 10
305398.0
 20
6404520.24
 10
305400.0
 20
6404520.19
 10
305402.0
 20
6404520.77
 10
305404.0
 20
6404521.82
 10
305406.0
 20
6404521.44
 10
305406.77
 20
6404522.0
 10
305407.7
 20
6404524.0
 10
305407.08
 20
6404526.0
 10
305408.83
 20
6404528.0
 10
305410.0
 20
6404529.23
 10
305414.0
 20
6404530.4
 10
305415.85
 20
6404532.0
 10
305416.75
 20
6404534.0
 10
305416.48
 20
6404536.0
 10
305416.0
 20
6404536.31
 10
305414.0
 20
6404535.13
 10
305412.0
 20
6404534.69
 10
305408.0
 20
6404532.03
 10
305406.0
 20
6404531.44
 10
305404.0
 20
6404530.31
 10
305402.0
 20
6404528.0
 10
305396.0
 20
6404528.63
 10
305393.23
 20
6404528.0
 10
305392.0
 20
6404526.48
 10
305390.0
 20
6404526.72
 10
305388.76
 20
6404526.0
 10
305389.55
 20
6404524.0
 10
305392.0
 20
6404521.8
  0
LWPOLYLINE
  5
47
330
17
100
AcDbEntity
  8
HOJDKURVOR_GRUND
100
AcDbPolyline
 90
5
 70
0
 10
305476.0
 20
6404508.46
 10
305476.49
 20
6404510.0
 10
305476.0
 20
6404510.41
 10
305474.0
 20
6404510.0
 10
305476.0
 20
6404508.46
  0
LWPOLYLINE
  5
48
330
17
100
AcDbEntity
  8
HOJDKURVOR_GRUND
100
AcDbPolyline
 90
5
 70
0
 10
305494.0
 20
6404515.82
 10
305493.59
 20
6404516.0
 10
305494.0
 20
6404516.5
 10
305494.92
 20
6404516.0
 10
305494.0
 20
6404515.82
  0
LWPOLYLINE
  5
49
330
17
100
AcDbEntity
  8
HOJDKURVOR_GRUND
100
AcDbPolyline
 90
5
 70
0
 10
305266.0
 20
6404518.89
 10
305266.24
 20
6404520.0
 10
305266.0
 20
6404520.36
 10
305265.68
 20
6404520.0
 10
305266.0
 20
6404518.89
  0
LWPOLYLINE
  5
4A
330
17
100
AcDbEntity
  8
HOJDKURVOR_GRUND
100
AcDbPolyline
 90
14
 70
0
 10
305396.0
 20
6404521.27
 10
305398.0
 20
6404521.16
 10
305400.63
 20
6404522.0
 10
305403.6
 20
6404524.0
 10
305404.59
 20
6404526.0
 10
305404.0
 20
6404527.04
 10
305400.0
 20
6404525.03
 10
305398.0
 20
6404525.82
 10
305394.0
 20
6404526.57
 10
305391.22
 20
6404524.0
 10
305392.0
 20
6404523.3
 10
305394.0
 20
6404522.62
 10
305394.46
 20
6404522.0
 10
305396.0
 20
6404521.27
  0
LWPOLYLINE
  5
4B
330
17
100
AcDbEntity
  8
HOJDKURVOR_GRUND
100
AcDbPolyline
 90
5
 70
0
 10
305374.0
 20
6404515.66
 10
305375.33
 20
6404516.0
 10
305374.0
 20
6404516.27
 10
305372.67
 20
6404516.0
 10
305374.0
 20
6404515.66
  0
LWPOLYLINE
  5
4C
330
17
100
AcDbEntity
  8
HOJDKURVOR_GRUND
100
AcDbPolyline
 90
5
 70
0
 10
305168.0
 20
6404408.47
 10
305169.22
 20
6404410.0
 10
305168.0
 20
6404410.82
 10
305166.0
 20
6404410.0
 10
305168.0
 20
6404408.47
  0
LWPOLYLINE
  5
4D
330
17
100
AcDbEntity
  8
HOJDKURVOR_GRUND
100
AcDbPolyline
 90
4
 70
0
 10
305524.0
 20
6404495.33
 10
305524.0
 20
6404496.17
 10
305524.67
 20
6404496.0
 10
305524.0
 20
6404495.33
  0
LWPOLYLINE
  5
4E
330
17
100
AcDbEntity
  8
HOJDKURVOR_GRUND
100
AcDbPolyline
 90
6
 70
0
 10
305526.0
 20
6404496.53
 10
305525.31
 20
6404498.0
 10
305526.0
 20
6404498.88
 10
305528.0
 20
6404498.5
 10
305528.17
 20
6404498.0
 10
305526.0
 20
6404496.53
  0
LWPOLYLINE
  5
4F
330
17
100
AcDbEntity
  8
HOJDKURVOR_GRUND
100
AcDbPolyline
 90
8
 70
0
 10
305364.0
 20
6404514.5
 10
305366.0
 20
6404515.8
 10
305367.0
 20
6404516.0
 10
305366.0
 20
6404516.37
 10
305364.0
 20
6404518.56
 10
305362.88
 20
6404518.0
 10
305362.61
 20
6404516.0
 10
305364.0
 20
6404514.5
  0
LWPOLYLINE
  5
50
330
17
100
AcDbEntity
  8
HOJDKURVOR_GRUND
100
AcDbPolyline
 90
5
 70
0
 10
305630.0
 20
6404537.04
 10
305631.05
 20
6404538.0
 10
305630.0
 20
6404539.1
 10
305629.39
 20
6404538.0
 10
305630.0
 20
6404537.04
  0
LWPOLYLINE
  5
51
330
17
100
AcDbEntity
  8
HOJDKURVOR_STOD
100
AcDbPolyline
 90
36
 70
0
 10
305178.0
 20
6404405.88
 10
305180.0
 20
6404405.13
 10
305182.0
 20
6404404.86
 10
305186.0
 20
6404405.0
 10
305189.39
 20
6404408.0
 10
305190.0
 20
6404413.71
 10
305190.67
 20
6404414.0
 10
305190.0
 20
6404414.22
 10
305188.0
 20
6404416.0
 10
305187.23
 20
6404418.0
 10
305188.84
 20
6404420.0
 10
305188.0
 20
6404424.12
 10
305190.0
 20
6404424.93
 10
305192.0
 20
6404422.53
 10
305194.0
 20
6404421.68
 10
305196.0
 20
6404418.5
 10
305200.0
 20
6404419.57
 10
305200.34
 20
6404420.0
 10
305200.0
 20
6404422.96
 10
305198.8
 20
6404424.0
 10
305198.0
 20
6404424.23
 10
305194.0
 20
6404424.4
 10
305191.91
 20
6404426.0
 10
305188.27
 20
6404428.0
 10
305186.0
 20
6404428.46
 10
305184.0
 20
6404428.66
 10
305182.0
 20
6404428.29
 10
305178.16
 20
6404426.0
 10
305176.0
 20
6404423.56
 10
305174.0
 20
6404422.33
 10
305173.84
 20
6404422.0
 10
305174.62
 20
6404420.0
 10
305173.25
 20
6404418.0
 10
305172.29
 20
6404414.0
 10
305176.0
 20
6404410.11
 10
305178.0
 20
6404405.88
  0
TEXT
  5
52
330
17
100
AcDbEntity
  8
HOJDKURVOR_TEXT
100
AcDbText
 10
305200.09020961914
 20
6404422.174645669
 30
0.0
 40
1.5
  1
2.5
 50
276.55255467140034
 72
1
 11
305200.09020961914
 21
6404422.174645669
 31
0.0
100
AcDbText
 73
2
  0
LWPOLYLINE
  5
53
330
17
100
AcDbEntity
  8
HOJDKURVOR_STOD
100
AcDbPolyline
 90
5
 70
0
 10
305518.0
 20
6404443.6
 10
305518.31
 20
6404444.0
 10
305518.0
 20
6404444.29
 10
305517.75
 20
6404444.0
 10
305518.0
 20
6404443.6
  0
LWPOLYLINE
  5
54
330
17
100
AcDbEntity
  8
HOJDKURVOR_STOD
100
AcDbPolyline
 90
23
 70
0
 10
305652.0
 20
6404471.39
 10
305650.95
 20
6404472.0
 10
305648.0
 20
6404475.59
 10
305647.06
 20
6404478.0
 10
305647.03
 20
6404482.0
 10
305647.52
 20
6404484.0
 10
305647.72
 20
6404488.0
 10
305647.25
 20
6404490.0
 10
305648.0
 20
6404492.0
 10
305650.0
 20
6404491.27
 10
305650.67
 20
6404490.0
 10
305650.85
 20
6404486.0
 10
305650.05
 20
6404480.0
 10
305650.42
 20
6404478.0
 10
305651.51
 20
6404476.0
 10
305654.0
 20
6404474.28
 10
305658.0
 20
6404474.86
 10
305660.0
 20
6404474.67
 10
305661.64
 20
6404474.0
 10
305659.28
 20
6404472.0
 10
305656.0
 20
6404470.99
 10
305654.0
 20
6404470.71
 10
305652.0
 20
6404471.39
  0
TEXT
  5
55
330
17
100
AcDbEntity
  8
HOJDKURVOR_TEXT
100
AcDbText
 10
305650.744307594
 20
6404485.207306956
 30
0.0
 40
1.5
  1
2.5
 50
82.40535663151778
 72
1
 11
305650.744307594
 21
6404485.207306956
 31
0.0
100
AcDbText
 73
2
  0
LWPOLYLINE
  5
56
330
17
100
AcDbEntity
  8
HOJDKURVOR_STOD
100
AcDbPolyline
 90
3
 70
0
 10
305676.0
 20
6404471.94
 10
305675.75
 20
6404472.0
 10
305676.0
 20
6404471.94
  0
LWPOLYLINE
  5
57
330
17
100
AcDbEntity
  8
HOJDKURVOR_STOD
100
AcDbPolyline
 90
11
 70
0
 10
305672.0
 20
6404473.23
 10
305670.16
 20
6404474.0
 10
305670.0
 20
6404475.33
 10
305668.0
 20
6404475.45
 10
305666.0
 20
6404476.0
 10
305664.0
 20
6404476.0
 10
305670.0
 20
6404476.02
 10
305674.0
 20
6404475.0
 10
305674.6
 20
6404474.0
 10
305674.0
 20
6404472.76
 10
305672.0
 20
6404473.23
  0
TEXT
  5
58
330
17
100
AcDbEntity
  8
HOJDKURVOR_TEXT
100
AcDbText
 10
305666.65708109754
 20
6404476.008856936
 30
0.0
 40
1.5
  1
2.5
 50
0.19098522009086666
 72
1
 11
305666.65708109754
 21
6404476.008856936
 31
0.0
100
AcDbText
 73
2
  0
LWPOLYLINE
  5
59
330
17
100
AcDbEntity
  8
HOJDKURVOR_GRUND
100
AcDbPolyline
 90
28
 70
0
 10
305182.0
 20
6404406.33
 10
305184.0
 20
6404406.0
 10
305186.0
 20
6404406.98
 10
305187.18
 20
6404408.0
 10
305187.61
 20
6404410.0
 10
305186.0
 20
6404412.09
 10
305181.64
 20
6404414.0
 10
305182.0
 20
6404416.29
 10
305183.2
 20
6404418.0
 10
305185.4
 20
6404420.0
 10
305185.54
 20
6404422.0
 10
305185.27
 20
6404424.0
 10
305186.18
 20
6404426.0
 10
305184.0
 20
6404426.81
 10
305182.0
 20
6404426.65
 10
305180.94
 20
6404426.0
 10
305179.3
 20
6404424.0
 10
305180.59
 20
6404422.0
 10
305181.37
 20
6404420.0
 10
305180.0
 20
6404419.43
 10
305178.0
 20
6404417.4
 10
305176.0
 20
6404416.44
 10
305175.69
 20
6404416.0
 10
305178.0
 20
6404413.6
 10
305178.53
 20
6404412.0
 10
305178.67
 20
6404410.0
 10
305181.0
 20
6404408.0
 10
305182.0
 20
6404406.33
  0
LWPOLYLINE
  5
5A
330
17
100
AcDbEntity
  8
HOJDKURVOR_GRUND
100
AcDbPolyline
 90
6
 70
0
 10
305508.0
 20
6404480.5
 10
305509.43
 20
6404482.0
 10
305508.47
 20
6404484.0
 10
305508.0
 20
6404484.19
 10
305506.42
 20
6404482.0
 10
305508.0
 20
6404480.5
  0
LWPOLYLINE
  5
5B
330
17
100
AcDbEntity
  8
HOJDKURVOR_GRUND
100
AcDbPolyline
 90
14
 70
0
 10
305492.0
 20
6404490.21
 10
305494.0
 20
6404490.0
 10
305496.0
 20
6404491.78
 10
305498.0
 20
6404492.29
 10
305500.0
 20
6404491.29
 10
305501.38
 20
6404492.0
 10
305500.0
 20
6404494.53
 10
305498.0
 20
6404495.2
 10
305497.53
 20
6404496.0
 10
305496.0
 20
6404496.79
 10
305492.0
 20
6404497.33
 10
305491.0
 20
6404496.0
 10
305490.53
 20
6404494.0
 10
305492.0
 20
6404490.21
  0
LWPOLYLINE
  5
5C
330
17
100
AcDbEntity
  8
HOJDKURVOR_GRUND
100
AcDbPolyline
 90
5
 70
0
 10
305450.0
 20
6404500.38
 10
305451.04
 20
6404502.0
 10
305450.0
 20
6404502.24
 10
305449.16
 20
6404502.0
 10
305450.0
 20
6404500.38
  0
LWPOLYLINE
  5
5D
330
17
100
AcDbEntity
  8
HOJDKURVOR_GRUND
100
AcDbPolyline
 90
4
 70
0
 10
305680.0
 20
6404464.12
 10
305679.5
 20
6404464.0
 10
305680.0
 20
6404463.67
 10
305680.0
 20
6404464.12
  0
LWPOLYLINE
  5
5E
330
17
100
AcDbEntity
  8
HOJDKURVOR_GRUND
100
AcDbPolyline
 90
3
 70
0
 10
305158.0
 20
6404351.98
 10
305158.0
 20
6404352.4
 10
305158.0
 20
6404351.98
  0
LWPOLYLINE
  5
5F
330
17
100
AcDbEntity
  8
HOJDKURVOR_GRUND
100
AcDbPolyline
 90
8
 70
0
 10
305654.0
 20
6404478.69
 10
305656.0
 20
6404479.56
 10
305656.31
 20
6404480.0
 10
305655.22
 20
6404482.0
 10
305654.0
 20
6404482.96
 10
305653.33
 20
6404482.0
 10
305652.9
 20
6404480.0
 10
305654.0
 20
6404478.69
  0
LWPOLYLINE
  5
60
330
17
100
AcDbEntity
  8
HOJDKURVOR_GRUND
100
AcDbPolyline
 90
3
 70
0
 10
305206.0
 20
6404393.86
 10
305206.0
 20
6404394.4
 10
305206.0
 20
6404393.86
  0
LWPOLYLINE
  5
61
330
17
100
AcDbEntity
  8
HOJDKURVOR_GRUND
100
AcDbPolyline
 90
28
 70
0
 10
305604.0
 20
6404431.95
 10
305598.5
 20
6404434.0
 10
305598.0
 20
6404435.0
 10
305596.0
 20
6404435.43
 10
305594.0
 20
6404435.0
 10
305592.86
 20
6404436.0
 10
305591.67
 20
6404438.0
 10
305592.67
 20
6404438.0
 10
305594.0
 20
6404437.33
 10
305594.4
 20
6404438.0
 10
305593.43
 20
6404440.0
 10
305593.0
 20
6404442.0
 10
305594.0
 20
6404444.0
 10
305596.0
 20
6404443.33
 10
305598.0
 20
6404442.0
 10
305598.33
 20
6404440.0
 10
305600.0
 20
6404439.09
 10
305602.0
 20
6404438.91
 10
305603.11
 20
6404438.0
 10
305604.0
 20
6404436.0
 10
305606.0
 20
6404435.14
 10
305608.0
 20
6404432.86
 10
305610.0
 20
6404433.43
 10
305612.0
 20
6404432.0
 10
305610.0
 20
6404431.2
 10
305608.0
 20
6404431.86
 10
305606.0
 20
6404431.28
 10
305604.0
 20
6404431.95
  0
LWPOLYLINE
  5
62
330
17
100
AcDbEntity
  8
HOJDKURVOR_GRUND
100
AcDbPolyline
 90
4
 70
0
 10
305570.0
 20
6404440.0
 10
305570.0
 20
6404442.0
 10
305572.0
 20
6404440.0
 10
305570.0
 20
6404440.0
  0
LWPOLYLINE
  5
63
330
17
100
AcDbEntity
  8
HOJDKURVOR_GRUND
100
AcDbPolyline
 90
7
 70
0
 10
305668.0
 20
6404483.88
 10
305668.55
 20
6404484.0
 10
305669.58
 20
6404486.0
 10
305666.0
 20
6404488.69
 10
305665.42
 20
6404488.0
 10
305665.67
 20
6404486.0
 10
305668.0
 20
6404483.88
  0
LWPOLYLINE
  5
64
330
17
100
AcDbEntity
  8
HOJDKURVOR_GRUND
100
AcDbPolyline
 90
4
 70
0
 10
305662.0
 20
6404499.47
 10
305662.33
 20
6404500.0
 10
305661.38
 20
6404500.0
 10
305662.0
 20
6404499.47
  0
LWPOLYLINE
  5
65
330
17
100
AcDbEntity
  8
HOJDKURVOR_GRUND
100
AcDbPolyline
 90
5
 70
0
 10
305356.0
 20
6404506.92
 10
305356.72
 20
6404508.0
 10
305356.0
 20
6404508.41
 10
305354.76
 20
6404508.0
 10
305356.0
 20
6404506.92
  0
LWPOLYLINE
  5
66
330
17
100
AcDbEntity
  8
HOJDKURVOR_GRUND
100
AcDbPolyline
 90
4
 70
0
 10
305616.0
 20
6404559.8
 10
305616.67
 20
6404560.0
 10
305615.0
 20
6404560.0
 10
305616.0
 20
6404559.8
  0
LWPOLYLINE
  5
67
330
17
100
AcDbEntity
  8
HOJDKURVOR_GRUND
100
AcDbPolyline
 90
5
 70
0
 10
305618.0
 20
6404560.4
 10
305618.33
 20
6404562.0
 10
305618.0
 20
6404562.33
 10
305617.56
 20
6404562.0
 10
305618.0
 20
6404560.4
  0
LWPOLYLINE
  5
68
330
17
100
AcDbEntity
  8
HOJDKURVOR_GRUND
100
AcDbPolyline
 90
4
 70
0
 10
305150.0
 20
6404316.14
 10
305151.69
 20
6404318.0
 10
305150.0
 20
6404320.69
 10
305150.0
 20
6404316.14
  0
LWPOLYLINE
  5
69
330
17
100
AcDbEntity
  8
HOJDKURVOR_GRUND
100
AcDbPolyline
 90
21
 70
0
 10
305608.0
 20
6404443.62
 10
305610.33
 20
6404446.0
 10
305612.0
 20
6404449.33
 10
305612.88
 20
6404450.0
 10
305613.14
 20
6404452.0
 10
305612.0
 20
6404453.71
 10
305610.0
 20
6404454.44
 10
305609.43
 20
6404454.0
 10
305608.0
 20
6404453.67
 10
305600.0
 20
6404457.52
 10
305596.0
 20
6404457.17
 10
305594.0
 20
6404455.55
 10
305592.94
 20
6404454.0
 10
305592.19
 20
6404452.0
 10
305592.5
 20
6404450.0
 10
305594.0
 20
6404448.9
 10
305596.0
 20
6404448.73
 10
305602.0
 20
6404445.73
 10
305604.0
 20
6404445.71
 10
305606.0
 20
6404445.0
 10
305608.0
 20
6404443.62
  0
LWPOLYLINE
  5
6A
330
17
100
AcDbEntity
  8
HOJDKURVOR_GRUND
100
AcDbPolyline
 90
115
 70
0
 10
305578.0
 20
6404461.86
 10
305582.0
 20
6404462.11
 10
305584.0
 20
6404462.71
 10
305586.0
 20
6404464.0
 10
305592.0
 20
6404464.94
 10
305593.3
 20
6404466.0
 10
305594.0
 20
6404466.16
 10
305598.0
 20
6404466.51
 10
305599.73
 20
6404468.0
 10
305604.0
 20
6404468.5
 10
305605.08
 20
6404470.0
 10
305607.46
 20
6404472.0
 10
305610.0
 20
6404473.12
 10
305612.0
 20
6404472.16
 10
305617.75
 20
6404472.0
 10
305620.0
 20
6404471.35
 10
305622.0
 20
6404472.42
 10
305624.0
 20
6404472.88
 10
305626.0
 20
6404472.62
 10
305627.9
 20
6404474.0
 10
305628.0
 20
6404476.0
 10
305630.0
 20
6404476.36
 10
305632.0
 20
6404478.2
 10
305632.9
 20
6404480.0
 10
305633.08
 20
6404482.0
 10
305632.25
 20
6404488.0
 10
305632.65
 20
6404490.0
 10
305633.55
 20
6404492.0
 10
305633.59
 20
6404494.0
 10
305632.72
 20
6404496.0
 10
305632.0
 20
6404496.74
 10
305629.18
 20
6404498.0
 10
305628.0
 20
6404498.12
 10
305626.0
 20
6404497.37
 10
305622.0
 20
6404496.88
 10
305618.0
 20
6404495.35
 10
305616.0
 20
6404495.36
 10
305614.0
 20
6404496.39
 10
305610.0
 20
6404496.77
 10
305608.0
 20
6404496.48
 10
305606.0
 20
6404497.94
 10
305598.0
 20
6404498.79
 10
305595.6
 20
6404500.0
 10
305594.0
 20
6404500.36
 10
305590.0
 20
6404500.02
 10
305586.0
 20
6404498.37
 10
305584.0
 20
6404498.25
 10
305582.0
 20
6404496.81
 10
305580.0
 20
6404497.13
 10
305578.48
 20
6404498.0
 10
305576.67
 20
6404500.0
 10
305576.0
 20
6404500.36
 10
305570.65
 20
6404498.0
 10
305570.0
 20
6404496.97
 10
305568.0
 20
6404497.0
 10
305567.3
 20
6404498.0
 10
305572.83
 20
6404504.0
 10
305573.38
 20
6404506.0
 10
305572.0
 20
6404507.59
 10
305570.0
 20
6404509.06
 10
305566.0
 20
6404509.56
 10
305560.0
 20
6404512.0
 10
305559.64
 20
6404514.0
 10
305556.0
 20
6404516.81
 10
305552.0
 20
6404516.6
 10
305550.0
 20
6404517.04
 10
305548.0
 20
6404516.87
 10
305539.07
 20
6404514.0
 10
305538.0
 20
6404512.89
 10
305536.5
 20
6404512.0
 10
305536.0
 20
6404510.86
 10
305534.0
 20
6404510.12
 10
305531.0
 20
6404510.0
 10
305530.0
 20
6404508.67
 10
305529.93
 20
6404508.0
 10
305530.61
 20
6404504.0
 10
305532.0
 20
6404502.47
 10
305534.0
 20
6404501.3
 10
305540.0
 20
6404501.86
 10
305542.0
 20
6404500.31
 10
305544.0
 20
6404498.18
 10
305546.0
 20
6404497.27
 10
305548.0
 20
6404495.63
 10
305550.0
 20
6404494.63
 10
305554.0
 20
6404495.0
 10
305556.0
 20
6404495.8
 10
305558.0
 20
6404493.14
 10
305560.0
 20
6404494.36
 10
305560.45
 20
6404494.0
 10
305561.5
 20
6404492.0
 10
305563.22
 20
6404490.0
 10
305562.0
 20
6404489.57
 10
305560.43
 20
6404490.0
 10
305560.0
 20
6404490.5
 10
305558.8
 20
6404490.0
 10
305559.0
 20
6404488.0
 10
305559.62
 20
6404486.0
 10
305558.39
 20
6404484.0
 10
305558.0
 20
6404482.77
 10
305556.0
 20
6404484.22
 10
305554.0
 20
6404483.0
 10
305553.58
 20
6404482.0
 10
305553.5
 20
6404478.0
 10
305552.91
 20
6404476.0
 10
305553.19
 20
6404474.0
 10
305554.0
 20
6404473.28
 10
305558.0
 20
6404471.22
 10
305560.0
 20
6404471.09
 10
305562.0
 20
6404469.59
 10
305566.12
 20
6404468.0
 10
305570.0
 20
6404463.5
 10
305572.0
 20
6404462.67
 10
305574.0
 20
6404464.04
 10
305576.0
 20
6404462.67
 10
305578.0
 20
6404461.86
  0
LWPOLYLINE
  5
6B
330
17
100
AcDbEntity
  8
HOJDKURVOR_GRUND
100
AcDbPolyline
 90
9
 70
0
 10
305610.0
 20
6404467.2
 10
305614.0
 20
6404466.74
 10
305614.8
 20
6404468.0
 10
305614.94
 20
6404470.0
 10
305614.0
 20
6404470.76
 10
305612.0
 20
6404470.92
 10
305610.29
 20
6404470.0
 10
305608.5
 20
6404468.0
 10
305610.0
 20
6404467.2
  0
LWPOLYLINE
  5
6C
330
17
100
AcDbEntity
  8
HOJDKURVOR_GRUND
100
AcDbPolyline
 90
5
 70
0
 10
305538.0
 20
6404509.81
 10
305537.2
 20
6404510.0
 10
305538.0
 20
6404510.29
 10
305538.2
 20
6404510.0
 10
305538.0
 20
6404509.81
  0
LWPOLYLINE
  5
6D
330
17
100
AcDbEntity
  8
HOJDKURVOR_STOD
100
AcDbPolyline
 90
3
 70
0
 10
305150.0
 20
6404317.86
 10
305150.0
 20
6404318.22
 10
305150.0
 20
6404317.86
  0
LWPOLYLINE
  5
6E
330
17
100
AcDbEntity
  8
HOJDKURVOR_STOD
100
AcDbPolyline
 90
5
 70
0
 10
305680.0
 20
6404499.71
 10
305676.82
 20
6404498.0
 10
305678.0
 20
6404496.76
 10
305680.0
 20
6404495.47
 10
305680.0
 20
6404499.71
  0
LWPOLYLINE
  5
6F
330
17
100
AcDbEntity
  8
HOJDKURVOR_STOD
100
AcDbPolyline
 90
4
 70
0
 10
305514.0
 20
6404429.75
 10
305514.0
 20
6404430.21
 10
305514.86
 20
6404430.0
 10
305514.0
 20
6404429.75
  0
LWPOLYLINE
  5
70
330
17
100
AcDbEntity
  8
HOJDKURVOR_STOD
100
AcDbPolyline
 90
10
 70
0
 10
305222.0
 20
6404430.26
 10
305224.0
 20
6404430.79
 10
305226.44
 20
6404432.0
 10
305227.65
 20
6404434.0
 10
305228.27
 20
6404436.0
 10
305226.0
 20
6404437.02
 10
305223.36
 20
6404436.0
 10
305221.73
 20
6404434.0
 10
305221.27
 20
6404432.0
 10
305222.0
 20
6404430.26
  0
TEXT
  5
71
330
17
100
AcDbEntity
  8
HOJDKURVOR_TEXT
100
AcDbText
 10
305227.07779841695
 20
6404436.535702914
 30
0.0
 40
1.5
  1
5.0
 50
335.8037474217724
 72
1
 11
305227.07779841695
 21
6404436.535702914
 31
0.0
100
AcDbText
 73
2
  0
LWPOLYLINE
  5
72
330
17
100
AcDbEntity
  8
HOJDKURVOR_STOD
100
AcDbPolyline
 90
6
 70
0
 10
305568.0
 20
6404433.0
 10
305569.33
 20
6404436.0
 10
305568.0
 20
6404436.24
 10
305567.43
 20
6404436.0
 10
305567.0
 20
6404434.0
 10
305568.0
 20
6404433.0
  0
LWPOLYLINE
  5
73
330
17
100
AcDbEntity
  8
HOJDKURVOR_STOD
100
AcDbPolyline
 90
11
 70
0
 10
305594.0
 20
6404449.98
 10
305596.0
 20
6404451.55
 10
305596.92
 20
6404450.0
 10
305598.0
 20
6404449.35
 10
305600.0
 20
6404449.75
 10
305606.0
 20
6404450.0
 10
305604.67
 20
6404452.0
 10
305600.0
 20
6404454.3
 10
305598.0
 20
6404454.79
 10
305594.0
 20
6404452.8
 10
305594.0
 20
6404449.98
  0
TEXT
  5
74
330
17
100
AcDbEntity
  8
HOJDKURVOR_TEXT
100
AcDbText
 10
305605.08524527843
 20
6404451.37557101
 30
0.0
 40
1.5
  1
5.0
 50
303.6239061474966
 72
1
 11
305605.08524527843
 21
6404451.37557101
 31
0.0
100
AcDbText
 73
2
  0
LWPOLYLINE
  5
75
330
17
100
AcDbEntity
  8
HOJDKURVOR_STOD
100
AcDbPolyline
 90
5
 70
0
 10
305462.0
 20
6404455.63
 10
305462.38
 20
6404456.0
 10
305462.0
 20
6404456.26
 10
305461.33
 20
6404456.0
 10
305462.0
 20
6404455.63
  0
LWPOLYLINE
  5
76
330
17
100
AcDbEntity
  8
HOJDKURVOR_STOD
100
AcDbPolyline
 90
65
 70
0
 10
305582.0
 20
6404463.46
 10
305584.0
 20
6404463.82
 10
305589.18
 20
6404466.0
 10
305596.0
 20
6404467.02
 10
305600.0
 20
6404468.51
 10
305602.0
 20
6404468.51
 10
305606.0
 20
6404472.34
 10
305610.0
 20
6404474.48
 10
305612.0
 20
6404473.33
 10
305616.0
 20
6404472.86
 10
305620.0
 20
6404474.59
 10
305622.0
 20
6404474.95
 10
305623.19
 20
6404476.0
 10
305624.26
 20
6404478.0
 10
305626.0
 20
6404482.44
 10
305626.93
 20
6404484.0
 10
305627.2
 20
6404486.0
 10
305628.0
 20
6404488.0
 10
305630.0
 20
6404492.0
 10
305628.0
 20
6404493.25
 10
305628.0
 20
6404494.4
 10
305628.96
 20
6404496.0
 10
305628.0
 20
6404496.46
 10
305626.0
 20
6404496.68
 10
305624.0
 20
6404496.4
 10
305622.62
 20
6404496.0
 10
305618.0
 20
6404493.57
 10
305614.0
 20
6404495.73
 10
305611.65
 20
6404496.0
 10
305608.0
 20
6404495.11
 10
305602.0
 20
6404496.31
 10
305596.0
 20
6404496.69
 10
305592.0
 20
6404498.32
 10
305590.0
 20
6404498.4
 10
305586.0
 20
6404497.71
 10
305582.0
 20
6404496.26
 10
305580.0
 20
6404496.41
 10
305578.0
 20
6404496.91
 10
305576.0
 20
6404499.31
 10
305572.69
 20
6404498.0
 10
305570.0
 20
6404494.06
 10
305568.0
 20
6404493.55
 10
305566.6
 20
6404494.0
 10
305566.0
 20
6404494.86
 10
305565.58
 20
6404492.0
 10
305564.76
 20
6404490.0
 10
305562.1
 20
6404488.0
 10
305559.19
 20
6404484.0
 10
305558.52
 20
6404482.0
 10
305558.32
 20
6404480.0
 10
305557.36
 20
6404478.0
 10
305555.68
 20
6404476.0
 10
305555.42
 20
6404474.0
 10
305556.0
 20
6404473.76
 10
305558.0
 20
6404474.0
 10
305560.0
 20
6404473.02
 10
305563.19
 20
6404470.0
 10
305566.0
 20
6404468.73
 10
305569.6
 20
6404468.0
 10
305572.0
 20
6404466.25
 10
305574.0
 20
6404466.0
 10
305576.0
 20
6404464.76
 10
305578.0
 20
6404464.21
 10
305580.75
 20
6404464.0
 10
305582.0
 20
6404463.46
  0
TEXT
  5
77
330
17
100
AcDbEntity
  8
HOJDKURVOR_TEXT
100
AcDbText
 10
305602.98938822304
 20
6404496.112122355
 30
0.0
 40
1.5
  1
5.0
 50
348.69006753282093
 72
1
 11
305602.98938822304
 21
6404496.112122355
 31
0.0
100
AcDbText
 73
2
  0
LWPOLYLINE
  5
78
330
17
100
AcDbEntity
  8
HOJDKURVOR_STOD
100
AcDbPolyline
 90
33
 70
0
 10
305550.0
 20
6404497.83
 10
305552.0
 20
6404497.38
 10
305556.0
 20
6404498.47
 10
305560.0
 20
6404496.74
 10
305563.71
 20
6404498.0
 10
305568.0
 20
6404500.47
 10
305569.32
 20
6404502.0
 10
305569.72
 20
6404504.0
 10
305568.96
 20
6404506.0
 10
305567.65
 20
6404508.0
 10
305562.0
 20
6404510.12
 10
305560.0
 20
6404510.18
 10
305558.0
 20
6404511.6
 10
305557.62
 20
6404514.0
 10
305556.0
 20
6404515.1
 10
305553.33
 20
6404516.0
 10
305549.13
 20
6404516.0
 10
305544.78
 20
6404514.0
 10
305545.0
 20
6404512.0
 10
305544.0
 20
6404511.4
 10
305541.69
 20
6404508.0
 10
305540.0
 20
6404506.88
 10
305536.0
 20
6404507.51
 10
305533.85
 20
6404506.0
 10
305534.0
 20
6404505.0
 10
305534.67
 20
6404504.0
 10
305538.0
 20
6404503.4
 10
305542.0
 20
6404503.44
 10
305543.02
 20
6404502.0
 10
305544.0
 20
6404499.7
 10
305546.0
 20
6404499.74
 10
305548.0
 20
6404499.04
 10
305550.0
 20
6404497.83
  0
TEXT
  5
79
330
17
100
AcDbEntity
  8
HOJDKURVOR_TEXT
100
AcDbText
 10
305553.52245631494
 20
6404515.935127085
 30
0.0
 40
1.5
  1
5.0
 50
341.3721368162606
 72
1
 11
305553.52245631494
 21
6404515.935127085
 31
0.0
100
AcDbText
 73
2
  0
LWPOLYLINE
  5
7A
330
17
100
AcDbEntity
  8
HOJDKURVOR_GRUND
100
AcDbPolyline
 90
5
 70
0
 10
305198.0
 20
6404375.05
 10
305198.37
 20
6404376.0
 10
305198.0
 20
6404376.55
 10
305197.25
 20
6404376.0
 10
305198.0
 20
6404375.05
  0
LWPOLYLINE
  5
7B
330
17
100
AcDbEntity
  8
HOJDKURVOR_GRUND
100
AcDbPolyline
 90
11
 70
0
 10
305192.0
 20
6404377.79
 10
305194.0
 20
6404377.81
 10
305196.0
 20
6404377.07
 10
305196.7
 20
6404378.0
 10
305196.0
 20
6404379.13
 10
305194.57
 20
6404380.0
 10
305192.38
 20
6404382.0
 10
305189.69
 20
6404382.0
 10
305187.95
 20
6404380.0
 10
305190.0
 20
6404378.57
 10
305192.0
 20
6404377.79
  0
LWPOLYLINE
  5
7C
330
17
100
AcDbEntity
  8
HOJDKURVOR_GRUND
100
AcDbPolyline
 90
4
 70
0
 10
305600.0
 20
6404409.62
 10
305599.33
 20
6404410.0
 10
305600.0
 20
6404410.62
 10
305600.0
 20
6404409.62
  0
LWPOLYLINE
  5
7D
330
17
100
AcDbEntity
  8
HOJDKURVOR_GRUND
100
AcDbPolyline
 90
5
 70
0
 10
305608.0
 20
6404419.6
 10
305608.67
 20
6404420.0
 10
305608.0
 20
6404420.4
 10
305607.56
 20
6404420.0
 10
305608.0
 20
6404419.6
  0
LWPOLYLINE
  5
7E
330
17
100
AcDbEntity
  8
HOJDKURVOR_GRUND
100
AcDbPolyline
 90
4
 70
0
 10
305480.0
 20
6404429.67
 10
305479.67
 20
6404430.0
 10
305481.0
 20
6404430.0
 10
305480.0
 20
6404429.67
  0
LWPOLYLINE
  5
7F
330
17
100
AcDbEntity
  8
HOJDKURVOR_GRUND
100
AcDbPolyline
 90
10
 70
0
 10
305556.0
 20
6404432.44
 10
305558.0
 20
6404432.48
 10
305562.0
 20
6404435.0
 10
305562.44
 20
6404436.0
 10
305562.0
 20
6404437.87
 10
305560.0
 20
6404438.7
 10
305556.0
 20
6404437.31
 10
305554.14
 20
6404436.0
 10
305554.0
 20
6404434.0
 10
305556.0
 20
6404432.44
  0
LWPOLYLINE
  5
80
330
17
100
AcDbEntity
  8
HOJDKURVOR_GRUND
100
AcDbPolyline
 90
5
 70
0
 10
305492.0
 20
6404434.95
 10
305494.32
 20
6404436.0
 10
305492.0
 20
6404438.09
 10
305491.06
 20
6404436.0
 10
305492.0
 20
6404434.95
  0
LWPOLYLINE
  5
81
330
17
100
AcDbEntity
  8
HOJDKURVOR_GRUND
100
AcDbPolyline
 90
5
 70
0
 10
305552.0
 20
6404435.54
 10
305553.45
 20
6404436.0
 10
305552.0
 20
6404436.18
 10
305551.73
 20
6404436.0
 10
305552.0
 20
6404435.54
  0
LWPOLYLINE
  5
82
330
17
100
AcDbEntity
  8
HOJDKURVOR_GRUND
100
AcDbPolyline
 90
11
 70
0
 10
305496.0
 20
6404437.11
 10
305498.0
 20
6404437.4
 10
305498.87
 20
6404438.0
 10
305500.0
 20
6404439.77
 10
305502.78
 20
6404440.0
 10
305502.0
 20
6404440.39
 10
305500.0
 20
6404440.32
 10
305498.0
 20
6404440.9
 10
305496.69
 20
6404440.0
 10
305494.8
 20
6404438.0
 10
305496.0
 20
6404437.11
  0
LWPOLYLINE
  5
83
330
17
100
AcDbEntity
  8
HOJDKURVOR_GRUND
100
AcDbPolyline
 90
16
 70
0
 10
305474.0
 20
6404464.33
 10
305477.9
 20
6404466.0
 10
305479.38
 20
6404468.0
 10
305480.08
 20
6404472.0
 10
305481.12
 20
6404474.0
 10
305480.44
 20
6404476.0
 10
305478.0
 20
6404476.19
 10
305474.0
 20
6404474.98
 10
305472.86
 20
6404474.0
 10
305472.0
 20
6404472.25
 10
305470.0
 20
6404473.0
 10
305469.92
 20
6404472.0
 10
305472.0
 20
6404470.0
 10
305471.14
 20
6404468.0
 10
305472.07
 20
6404466.0
 10
305474.0
 20
6404464.33
  0
LWPOLYLINE
  5
84
330
17
100
AcDbEntity
  8
HOJDKURVOR_GRUND
100
AcDbPolyline
 90
67
 70
0
 10
305576.0
 20
6404465.76
 10
305578.0
 20
6404464.96
 10
305582.0
 20
6404464.37
 10
305584.0
 20
6404464.74
 10
305586.0
 20
6404465.23
 10
305588.0
 20
6404466.18
 10
305592.0
 20
6404466.77
 10
305598.0
 20
6404468.52
 10
305600.0
 20
6404468.95
 10
305602.0
 20
6404468.94
 10
305605.33
 20
6404472.0
 10
305606.0
 20
6404473.07
 10
305610.0
 20
6404475.09
 10
305612.0
 20
6404474.47
 10
305614.0
 20
6404474.31
 10
305616.0
 20
6404473.61
 10
305620.4
 20
6404476.0
 10
305620.4
 20
6404478.0
 10
305621.1
 20
6404482.0
 10
305622.64
 20
6404486.0
 10
305624.0
 20
6404488.67
 10
305625.88
 20
6404490.0
 10
305625.44
 20
6404492.0
 10
305625.5
 20
6404494.0
 10
305624.0
 20
6404495.07
 10
305618.0
 20
6404492.12
 10
305616.0
 20
6404493.28
 10
305615.58
 20
6404494.0
 10
305614.0
 20
6404494.7
 10
305612.0
 20
6404495.04
 10
305604.0
 20
6404493.38
 10
305603.28
 20
6404492.0
 10
305602.0
 20
6404491.18
 10
305600.0
 20
6404490.85
 10
305596.0
 20
6404491.28
 10
305594.0
 20
6404493.24
 10
305590.0
 20
6404495.0
 10
305588.0
 20
6404493.82
 10
305586.0
 20
6404495.22
 10
305580.0
 20
6404495.47
 10
305578.0
 20
6404495.09
 10
305576.0
 20
6404495.27
 10
305574.69
 20
6404494.0
 10
305574.59
 20
6404492.0
 10
305574.0
 20
6404490.53
 10
305573.2
 20
6404490.0
 10
305572.0
 20
6404489.8
 10
305570.86
 20
6404490.0
 10
305570.0
 20
6404490.67
 10
305569.44
 20
6404490.0
 10
305568.0
 20
6404489.71
 10
305566.0
 20
6404490.63
 10
305565.65
 20
6404490.0
 10
305564.0
 20
6404489.18
 10
305562.62
 20
6404488.0
 10
305560.0
 20
6404484.0
 10
305559.27
 20
6404482.0
 10
305560.18
 20
6404480.0
 10
305559.08
 20
6404478.0
 10
305559.33
 20
6404476.0
 10
305562.55
 20
6404472.0
 10
305564.79
 20
6404470.0
 10
305568.0
 20
6404468.8
 10
305570.0
 20
6404468.41
 10
305572.0
 20
6404467.16
 10
305574.0
 20
6404466.74
 10
305576.0
 20
6404465.76
  0
LWPOLYLINE
  5
85
330
17
100
AcDbEntity
  8
HOJDKURVOR_GRUND
100
AcDbPolyline
 90
6
 70
0
 10
305422.0
 20
6404490.72
 10
305424.0
 20
6404491.0
 10
305424.67
 20
6404492.0
 10
305422.0
 20
6404493.35
 10
305420.94
 20
6404492.0
 10
305422.0
 20
6404490.72
  0
LWPOLYLINE
  5
86
330
17
100
AcDbEntity
  8
HOJDKURVOR_GRUND
100
AcDbPolyline
 90
21
 70
0
 10
305552.0
 20
6404499.81
 10
305556.0
 20
6404499.79
 10
305560.0
 20
6404498.08
 10
305562.0
 20
6404498.8
 10
305568.0
 20
6404503.55
 10
305568.16
 20
6404504.0
 10
305567.22
 20
6404506.0
 10
305566.0
 20
6404507.68
 10
305564.0
 20
6404508.54
 10
305562.0
 20
6404508.95
 10
305560.0
 20
6404508.94
 10
305558.0
 20
6404507.6
 10
305556.0
 20
6404507.59
 10
305554.0
 20
6404505.57
 10
305552.0
 20
6404507.2
 10
305550.74
 20
6404506.0
 10
305550.54
 20
6404504.0
 10
305549.36
 20
6404502.0
 10
305550.0
 20
6404501.0
 10
305551.27
 20
6404500.0
 10
305552.0
 20
6404499.81
  0
LWPOLYLINE
  5
87
330
17
100
AcDbEntity
  8
HOJDKURVOR_GRUND
100
AcDbPolyline
 90
9
 70
0
 10
305552.0
 20
6404511.04
 10
305554.0
 20
6404510.76
 10
305555.3
 20
6404512.0
 10
305554.74
 20
6404514.0
 10
305554.0
 20
6404514.23
 10
305552.6
 20
6404514.0
 10
305552.0
 20
6404513.57
 10
305551.29
 20
6404512.0
 10
305552.0
 20
6404511.04
  0
LWPOLYLINE
  5
88
330
17
100
AcDbEntity
  8
HOJDKURVOR_GRUND
100
AcDbPolyline
 90
13
 70
0
 10
305568.0
 20
6404392.59
 10
305566.32
 20
6404394.0
 10
305567.5
 20
6404396.0
 10
305572.0
 20
6404399.53
 10
305576.0
 20
6404398.8
 10
305577.5
 20
6404400.0
 10
305578.4
 20
6404400.0
 10
305579.71
 20
6404398.0
 10
305578.0
 20
6404397.37
 10
305576.0
 20
6404394.86
 10
305574.36
 20
6404394.0
 10
305572.0
 20
6404393.19
 10
305568.0
 20
6404392.59
  0
LWPOLYLINE
  5
89
330
17
100
AcDbEntity
  8
HOJDKURVOR_GRUND
100
AcDbPolyline
 90
7
 70
0
 10
305604.0
 20
6404409.56
 10
305605.33
 20
6404410.0
 10
305605.67
 20
6404412.0
 10
305604.0
 20
6404412.77
 10
305603.12
 20
6404412.0
 10
305602.8
 20
6404410.0
 10
305604.0
 20
6404409.56
  0
LWPOLYLINE
  5
8A
330
17
100
AcDbEntity
  8
HOJDKURVOR_GRUND
100
AcDbPolyline
 90
14
 70
0
 10
305560.0
 20
6404423.52
 10
305562.0
 20
6404422.75
 10
305564.0
 20
6404422.5
 10
305565.68
 20
6404424.0
 10
305565.59
 20
6404426.0
 10
305564.33
 20
6404428.0
 10
305562.0
 20
6404427.52
 10
305560.0
 20
6404428.22
 10
305556.4
 20
6404428.0
 10
305554.0
 20
6404426.29
 10
305554.0
 20
6404425.78
 10
305556.0
 20
6404424.84
 10
305558.0
 20
6404424.66
 10
305560.0
 20
6404423.52
  0
LWPOLYLINE
  5
8B
330
17
100
AcDbEntity
  8
HOJDKURVOR_GRUND
100
AcDbPolyline
 90
11
 70
0
 10
305474.0
 20
6404465.85
 10
305474.59
 20
6404466.0
 10
305476.0
 20
6404467.5
 10
305476.74
 20
6404470.0
 10
305478.08
 20
6404472.0
 10
305478.0
 20
6404473.33
 10
305476.0
 20
6404474.0
 10
305474.0
 20
6404473.0
 10
305473.36
 20
6404472.0
 10
305473.26
 20
6404468.0
 10
305474.0
 20
6404465.85
  0
LWPOLYLINE
  5
8C
330
17
100
AcDbEntity
  8
HOJDKURVOR_GRUND
100
AcDbPolyline
 90
53
 70
0
 10
305578.0
 20
6404465.71
 10
305582.0
 20
6404464.99
 10
305584.0
 20
6404465.63
 10
305586.0
 20
6404465.84
 10
305588.0
 20
6404466.82
 10
305590.0
 20
6404466.78
 10
305592.0
 20
6404467.3
 10
305596.0
 20
6404468.65
 10
305600.0
 20
6404469.39
 10
305602.0
 20
6404469.37
 10
305604.87
 20
6404472.0
 10
305606.0
 20
6404473.81
 10
305608.0
 20
6404475.2
 10
305610.0
 20
6404475.7
 10
305612.0
 20
6404475.58
 10
305614.47
 20
6404476.0
 10
305613.16
 20
6404478.0
 10
305613.75
 20
6404480.0
 10
305616.08
 20
6404482.0
 10
305615.68
 20
6404484.0
 10
305618.0
 20
6404485.2
 10
305618.87
 20
6404486.0
 10
305619.43
 20
6404490.0
 10
305616.0
 20
6404490.79
 10
305612.0
 20
6404494.02
 10
305606.0
 20
6404491.07
 10
305604.0
 20
6404490.51
 10
305602.0
 20
6404489.22
 10
305600.0
 20
6404488.44
 10
305598.0
 20
6404488.36
 10
305595.36
 20
6404490.0
 10
305594.0
 20
6404491.33
 10
305590.0
 20
6404493.46
 10
305588.0
 20
6404492.07
 10
305584.0
 20
6404494.39
 10
305580.0
 20
6404494.2
 10
305576.0
 20
6404492.18
 10
305575.31
 20
6404490.0
 10
305574.0
 20
6404488.94
 10
305570.0
 20
6404489.26
 10
305568.0
 20
6404489.09
 10
305566.0
 20
6404489.58
 10
305564.0
 20
6404488.75
 10
305563.13
 20
6404488.0
 10
305560.49
 20
6404484.0
 10
305560.01
 20
6404482.0
 10
305560.65
 20
6404480.0
 10
305560.26
 20
6404478.0
 10
305562.11
 20
6404474.0
 10
305563.8
 20
6404472.0
 10
305566.28
 20
6404470.0
 10
305574.0
 20
6404467.48
 10
305578.0
 20
6404465.71
  0
LWPOLYLINE
  5
8D
330
17
100
AcDbEntity
  8
HOJDKURVOR_GRUND
100
AcDbPolyline
 90
14
 70
0
 10
305558.0
 20
6404499.69
 10
305560.0
 20
6404499.05
 10
305561.92
 20
6404500.0
 10
305565.94
 20
6404504.0
 10
305565.64
 20
6404506.0
 10
305564.0
 20
6404507.32
 10
305562.0
 20
6404507.73
 10
305560.0
 20
6404507.7
 10
305558.0
 20
6404506.6
 10
305556.0
 20
6404506.12
 10
305555.0
 20
6404504.0
 10
305555.07
 20
6404502.0
 10
305556.0
 20
6404501.53
 10
305558.0
 20
6404499.69
  0
LWPOLYLINE
  5
8E
330
17
100
AcDbEntity
  8
HOJDKURVOR_GRUND
100
AcDbPolyline
 90
7
 70
0
 10
305634.0
 20
6404565.58
 10
305634.87
 20
6404566.0
 10
305634.82
 20
6404568.0
 10
305634.0
 20
6404568.33
 10
305632.26
 20
6404568.0
 10
305632.57
 20
6404566.0
 10
305634.0
 20
6404565.58
  0
LWPOLYLINE
  5
8F
330
17
100
AcDbEntity
  8
HOJDKURVOR_GRUND
100
AcDbPolyline
 90
8
 70
0
 10
305150.0
 20
6404347.67
 10
305150.57
 20
6404346.0
 10
305152.0
 20
6404345.41
 10
305154.69
 20
6404348.0
 10
305154.0
 20
6404349.09
 10
305152.0
 20
6404349.06
 10
305150.0
 20
6404348.07
 10
305150.0
 20
6404347.67
  0
LWPOLYLINE
  5
90
330
17
100
AcDbEntity
  8
HOJDKURVOR_GRUND
100
AcDbPolyline
 90
41
 70
0
 10
305570.0
 20
6404399.6
 10
305572.0
 20
6404400.88
 10
305576.0
 20
6404400.74
 10
305579.35
 20
6404402.0
 10
305580.0
 20
6404402.69
 10
305582.0
 20
6404400.45
 10
305584.0
 20
6404402.0
 10
305586.56
 20
6404406.0
 10
305588.33
 20
6404408.0
 10
305589.36
 20
6404410.0
 10
305590.24
 20
6404414.0
 10
305591.59
 20
6404416.0
 10
305592.0
 20
6404418.0
 10
305594.0
 20
6404421.36
 10
305594.58
 20
6404422.0
 10
305596.0
 20
6404422.57
 10
305598.0
 20
6404421.36
 10
305600.0
 20
6404421.56
 10
305600.45
 20
6404422.0
 10
305599.86
 20
6404426.0
 10
305596.3
 20
6404428.0
 10
305592.0
 20
6404428.8
 10
305589.29
 20
6404430.0
 10
305586.0
 20
6404430.61
 10
305584.0
 20
6404430.08
 10
305582.0
 20
6404428.98
 10
305580.0
 20
6404429.0
 10
305575.73
 20
6404428.0
 10
305574.0
 20
6404425.41
 10
305573.64
 20
6404424.0
 10
305573.15
 20
6404416.0
 10
305571.72
 20
6404414.0
 10
305569.67
 20
6404412.0
 10
305570.0
 20
6404409.57
 10
305568.0
 20
6404408.63
 10
305567.5
 20
6404408.0
 10
305567.2
 20
6404406.0
 10
305567.3
 20
6404404.0
 10
305566.51
 20
6404402.0
 10
305568.0
 20
6404400.48
 10
305570.0
 20
6404399.6
  0
LWPOLYLINE
  5
91
330
17
100
AcDbEntity
  8
HOJDKURVOR_GRUND
100
AcDbPolyline
 90
5
 70
0
 10
305532.0
 20
6404401.77
 10
305530.75
 20
6404402.0
 10
305532.0
 20
6404402.24
 10
305532.69
 20
6404402.0
 10
305532.0
 20
6404401.77
  0
LWPOLYLINE
  5
92
330
17
100
AcDbEntity
  8
HOJDKURVOR_GRUND
100
AcDbPolyline
 90
4
 70
0
 10
305534.0
 20
6404403.27
 10
305533.73
 20
6404404.0
 10
305535.05
 20
6404404.0
 10
305534.0
 20
6404403.27
  0
LWPOLYLINE
  5
93
330
17
100
AcDbEntity
  8
HOJDKURVOR_GRUND
100
AcDbPolyline
 90
3
 70
0
 10
305244.0
 20
6404419.9
 10
305244.0
 20
6404420.18
 10
305244.0
 20
6404419.9
  0
LWPOLYLINE
  5
94
330
17
100
AcDbEntity
  8
HOJDKURVOR_GRUND
100
AcDbPolyline
 90
9
 70
0
 10
305562.0
 20
6404423.64
 10
305563.43
 20
6404424.0
 10
305562.82
 20
6404426.0
 10
305562.0
 20
6404426.37
 10
305560.0
 20
6404427.02
 10
305558.0
 20
6404426.85
 10
305556.25
 20
6404426.0
 10
305560.0
 20
6404424.96
 10
305562.0
 20
6404423.64
  0
LWPOLYLINE
  5
95
330
17
100
AcDbEntity
  8
HOJDKURVOR_GRUND
100
AcDbPolyline
 90
41
 70
0
 10
305580.0
 20
6404465.74
 10
305582.0
 20
6404465.61
 10
305586.0
 20
6404466.54
 10
305588.0
 20
6404467.45
 10
305590.0
 20
6404467.09
 10
305596.0
 20
6404469.44
 10
305602.0
 20
6404469.8
 10
305604.41
 20
6404472.0
 10
305603.33
 20
6404476.0
 10
305604.0
 20
6404478.2
 10
305606.0
 20
6404476.0
 10
305608.0
 20
6404477.29
 10
305608.43
 20
6404478.0
 10
305607.83
 20
6404482.0
 10
305609.12
 20
6404484.0
 10
305608.0
 20
6404485.2
 10
305606.33
 20
6404488.0
 10
305604.0
 20
6404488.96
 10
305600.0
 20
6404486.41
 10
305598.0
 20
6404486.76
 10
305597.05
 20
6404488.0
 10
305594.0
 20
6404490.18
 10
305590.0
 20
6404492.24
 10
305588.0
 20
6404491.14
 10
305586.0
 20
6404491.65
 10
305584.0
 20
6404492.82
 10
305582.0
 20
6404491.92
 10
305578.0
 20
6404490.92
 10
305576.0
 20
6404488.96
 10
305574.0
 20
6404487.83
 10
305566.0
 20
6404488.89
 10
305564.0
 20
6404488.31
 10
305560.99
 20
6404484.0
 10
305560.57
 20
6404482.0
 10
305561.12
 20
6404480.0
 10
305561.12
 20
6404478.0
 10
305563.54
 20
6404474.0
 10
305567.84
 20
6404470.0
 10
305574.51
 20
6404468.0
 10
305578.0
 20
6404466.34
 10
305580.0
 20
6404465.74
  0
LWPOLYLINE
  5
96
330
17
100
AcDbEntity
  8
HOJDKURVOR_GRUND
100
AcDbPolyline
 90
3
 70
0
 10
305462.0
 20
6404473.9
 10
305462.0
 20
6404474.4
 10
305462.0
 20
6404473.9
  0
LWPOLYLINE
  5
97
330
17
100
AcDbEntity
  8
HOJDKURVOR_GRUND
100
AcDbPolyline
 90
5
 70
0
 10
305332.0
 20
6404495.74
 10
305330.59
 20
6404496.0
 10
305332.0
 20
6404496.75
 10
305332.43
 20
6404496.0
 10
305332.0
 20
6404495.74
  0
LWPOLYLINE
  5
98
330
17
100
AcDbEntity
  8
HOJDKURVOR_GRUND
100
AcDbPolyline
 90
10
 70
0
 10
305558.0
 20
6404501.5
 10
305560.0
 20
6404500.06
 10
305561.89
 20
6404502.0
 10
305563.03
 20
6404504.0
 10
305562.76
 20
6404506.0
 10
305562.0
 20
6404506.24
 10
305559.54
 20
6404506.0
 10
305559.46
 20
6404504.0
 10
305557.54
 20
6404502.0
 10
305558.0
 20
6404501.5
  0
LWPOLYLINE
  5
99
330
17
100
AcDbEntity
  8
HOJDKURVOR_GRUND
100
AcDbPolyline
 90
25
 70
0
 10
305636.0
 20
6404551.91
 10
305640.0
 20
6404550.91
 10
305642.0
 20
6404550.78
 10
305644.0
 20
6404550.93
 10
305646.33
 20
6404552.0
 10
305647.26
 20
6404554.0
 10
305647.29
 20
6404556.0
 10
305645.04
 20
6404558.0
 10
305648.0
 20
6404560.0
 10
305647.27
 20
6404564.0
 10
305646.0
 20
6404566.36
 10
305642.0
 20
6404567.27
 10
305640.61
 20
6404566.0
 10
305640.83
 20
6404564.0
 10
305640.0
 20
6404562.87
 10
305638.0
 20
6404564.08
 10
305636.0
 20
6404562.31
 10
305634.0
 20
6404562.51
 10
305630.0
 20
6404562.08
 10
305628.0
 20
6404561.31
 10
305627.07
 20
6404560.0
 10
305628.14
 20
6404558.0
 10
305630.0
 20
6404555.63
 10
305633.64
 20
6404554.0
 10
305636.0
 20
6404551.91
  0
LWPOLYLINE
  5
9A
330
17
100
AcDbEntity
  8
HOJDKURVOR_GRUND
100
AcDbPolyline
 90
5
 70
0
 10
305640.0
 20
6404559.88
 10
305639.77
 20
6404560.0
 10
305640.0
 20
6404560.56
 10
305642.5
 20
6404560.0
 10
305640.0
 20
6404559.88
  0
LWPOLYLINE
  5
9B
330
17
100
AcDbEntity
  8
HOJDKURVOR_GRUND
100
AcDbPolyline
 90
5
 70
0
 10
305680.0
 20
6404536.48
 10
305678.85
 20
6404536.0
 10
305678.71
 20
6404534.0
 10
305680.0
 20
6404532.64
 10
305680.0
 20
6404536.48
  0
LWPOLYLINE
  5
9C
330
17
100
AcDbEntity
  8
HOJDKURVOR_GRUND
100
AcDbPolyline
 90
4
 70
0
 10
305634.31
 20
6404580.0
 10
305636.0
 20
6404579.49
 10
305638.44
 20
6404580.0
 10
305634.31
 20
6404580.0
  0
LWPOLYLINE
  5
9D
330
17
100
AcDbEntity
  8
HOJDKURVOR_GRUND
100
AcDbPolyline
 90
37
 70
0
 10
305570.0
 20
6404401.65
 10
305572.0
 20
6404401.83
 10
305574.0
 20
6404401.47
 10
305576.85
 20
6404402.0
 10
305578.96
 20
6404404.0
 10
305580.92
 20
6404408.0
 10
305580.28
 20
6404410.0
 10
305582.0
 20
6404410.6
 10
305586.0
 20
6404410.83
 10
305588.0
 20
6404411.63
 10
305589.11
 20
6404414.0
 10
305590.61
 20
6404416.0
 10
305591.3
 20
6404420.0
 10
305592.49
 20
6404422.0
 10
305592.36
 20
6404424.0
 10
305593.2
 20
6404426.0
 10
305592.0
 20
6404426.71
 10
305590.0
 20
6404427.05
 10
305588.0
 20
6404426.45
 10
305586.0
 20
6404423.79
 10
305584.0
 20
6404425.0
 10
305582.0
 20
6404425.51
 10
305578.0
 20
6404425.31
 10
305576.74
 20
6404424.0
 10
305576.27
 20
6404420.0
 10
305576.32
 20
6404416.0
 10
305575.47
 20
6404414.0
 10
305577.92
 20
6404412.0
 10
305576.0
 20
6404411.24
 10
305574.0
 20
6404411.45
 10
305572.0
 20
6404412.29
 10
305571.68
 20
6404412.0
 10
305571.95
 20
6404408.0
 10
305570.17
 20
6404406.0
 10
305570.0
 20
6404403.78
 10
305569.38
 20
6404402.0
 10
305570.0
 20
6404401.65
  0
LWPOLYLINE
  5
9E
330
17
100
AcDbEntity
  8
HOJDKURVOR_GRUND
100
AcDbPolyline
 90
5
 70
0
 10
305580.0
 20
6404410.62
 10
305578.2
 20
6404412.0
 10
305580.0
 20
6404412.27
 10
305580.26
 20
6404412.0
 10
305580.0
 20
6404410.62
  0
LWPOLYLINE
  5
9F
330
17
100
AcDbEntity
  8
HOJDKURVOR_GRUND
100
AcDbPolyline
 90
6
 70
0
 10
305470.0
 20
6404432.44
 10
305475.62
 20
6404434.0
 10
305474.0
 20
6404435.73
 10
305470.0
 20
6404435.75
 10
305469.42
 20
6404434.0
 10
305470.0
 20
6404432.44
  0
LWPOLYLINE
  5
A0
330
17
100
AcDbEntity
  8
HOJDKURVOR_GRUND
100
AcDbPolyline
 90
5
 70
0
 10
305474.0
 20
6404436.5
 10
305474.63
 20
6404438.0
 10
305474.0
 20
6404438.39
 10
305473.08
 20
6404438.0
 10
305474.0
 20
6404436.5
  0
LWPOLYLINE
  5
A1
330
17
100
AcDbEntity
  8
HOJDKURVOR_GRUND
100
AcDbPolyline
 90
5
 70
0
 10
305650.0
 20
6404445.31
 10
305651.29
 20
6404446.0
 10
305650.0
 20
6404446.52
 10
305649.62
 20
6404446.0
 10
305650.0
 20
6404445.31
  0
LWPOLYLINE
  5
A2
330
17
100
AcDbEntity
  8
HOJDKURVOR_GRUND
100
AcDbPolyline
 90
34
 70
0
 10
305578.0
 20
6404466.9
 10
305582.0
 20
6404466.19
 10
305588.0
 20
6404468.06
 10
305590.0
 20
6404467.4
 10
305596.0
 20
6404470.16
 10
305602.0
 20
6404470.49
 10
305603.89
 20
6404472.0
 10
305602.58
 20
6404474.0
 10
305600.53
 20
6404476.0
 10
305600.0
 20
6404476.94
 10
305597.88
 20
6404482.0
 10
305597.24
 20
6404486.0
 10
305595.83
 20
6404488.0
 10
305592.0
 20
6404490.12
 10
305590.0
 20
6404490.75
 10
305588.0
 20
6404490.25
 10
305586.0
 20
6404490.42
 10
305584.0
 20
6404491.23
 10
305580.0
 20
6404489.41
 10
305578.0
 20
6404489.19
 10
305576.0
 20
6404487.52
 10
305574.0
 20
6404487.18
 10
305572.0
 20
6404487.31
 10
305566.0
 20
6404488.19
 10
305564.0
 20
6404487.78
 10
305561.48
 20
6404484.0
 10
305561.12
 20
6404482.0
 10
305561.98
 20
6404478.0
 10
305563.13
 20
6404476.0
 10
305564.0
 20
6404474.71
 10
305566.0
 20
6404473.64
 10
305569.25
 20
6404470.0
 10
305576.0
 20
6404468.06
 10
305578.0
 20
6404466.9
  0
LWPOLYLINE
  5
A3
330
17
100
AcDbEntity
  8
HOJDKURVOR_GRUND
100
AcDbPolyline
 90
5
 70
0
 10
305604.0
 20
6404485.12
 10
305604.74
 20
6404486.0
 10
305604.0
 20
6404486.9
 10
305603.26
 20
6404486.0
 10
305604.0
 20
6404485.12
  0
LWPOLYLINE
  5
A4
330
17
100
AcDbEntity
  8
HOJDKURVOR_GRUND
100
AcDbPolyline
 90
5
 70
0
 10
305340.0
 20
6404491.84
 10
305340.0
 20
6404492.17
 10
305342.0
 20
6404492.96
 10
305342.32
 20
6404492.0
 10
305340.0
 20
6404491.84
  0
LWPOLYLINE
  5
A5
330
17
100
AcDbEntity
  8
HOJDKURVOR_GRUND
100
AcDbPolyline
 90
10
 70
0
 10
305326.0
 20
6404495.03
 10
305326.82
 20
6404496.0
 10
305332.0
 20
6404498.67
 10
305332.67
 20
6404500.0
 10
305330.44
 20
6404502.0
 10
305328.0
 20
6404503.33
 10
305326.0
 20
6404503.35
 10
305324.61
 20
6404502.0
 10
305323.94
 20
6404498.0
 10
305326.0
 20
6404495.03
  0
LWPOLYLINE
  5
A6
330
17
100
AcDbEntity
  8
HOJDKURVOR_GRUND
100
AcDbPolyline
 90
15
 70
0
 10
305640.0
 20
6404551.6
 10
305642.0
 20
6404551.5
 10
305644.3
 20
6404552.0
 10
305644.9
 20
6404554.0
 10
305644.46
 20
6404556.0
 10
305641.94
 20
6404558.0
 10
305638.0
 20
6404559.72
 10
305636.0
 20
6404561.08
 10
305634.0
 20
6404561.57
 10
305630.0
 20
6404561.0
 10
305628.16
 20
6404560.0
 10
305630.61
 20
6404556.0
 10
305634.0
 20
6404554.62
 10
305636.0
 20
6404553.08
 10
305640.0
 20
6404551.6
  0
LWPOLYLINE
  5
A7
330
17
100
AcDbEntity
  8
HOJDKURVOR_GRUND
100
AcDbPolyline
 90
8
 70
0
 10
305670.0
 20
6404557.55
 10
305672.0
 20
6404557.45
 10
305672.85
 20
6404558.0
 10
305671.47
 20
6404560.0
 10
305670.0
 20
6404560.93
 10
305669.09
 20
6404560.0
 10
305669.51
 20
6404558.0
 10
305670.0
 20
6404557.55
  0
LWPOLYLINE
  5
A8
330
17
100
AcDbEntity
  8
HOJDKURVOR_GRUND
100
AcDbPolyline
 90
7
 70
0
 10
305644.0
 20
6404561.35
 10
305646.0
 20
6404560.67
 10
305646.59
 20
6404562.0
 10
305646.0
 20
6404563.78
 10
305644.0
 20
6404564.91
 10
305643.12
 20
6404562.0
 10
305644.0
 20
6404561.35
  0
LWPOLYLINE
  5
A9
330
17
100
AcDbEntity
  8
HOJDKURVOR_GRUND
100
AcDbPolyline
 90
3
 70
0
 10
305676.0
 20
6404563.93
 10
305676.0
 20
6404564.2
 10
305676.0
 20
6404563.93
  0
LWPOLYLINE
  5
AA
330
17
100
AcDbEntity
  8
HOJDKURVOR_GRUND
100
AcDbPolyline
 90
5
 70
0
 10
305642.0
 20
6404565.49
 10
305643.2
 20
6404566.0
 10
305642.0
 20
6404566.19
 10
305641.79
 20
6404566.0
 10
305642.0
 20
6404565.49
  0
LWPOLYLINE
  5
AB
330
17
100
AcDbEntity
  8
HOJDKURVOR_GRUND
100
AcDbPolyline
 90
14
 70
0
 10
305668.0
 20
6404570.53
 10
305666.31
 20
6404572.0
 10
305668.0
 20
6404572.61
 10
305669.79
 20
6404574.0
 10
305669.57
 20
6404576.0
 10
305668.81
 20
6404578.0
 10
305670.0
 20
6404578.74
 10
305672.0
 20
6404578.22
 10
305674.0
 20
6404578.86
 10
305674.4
 20
6404578.0
 10
305674.79
 20
6404574.0
 10
305674.0
 20
6404572.43
 10
305672.0
 20
6404572.56
 10
305668.0
 20
6404570.53
  0
LWPOLYLINE
  5
AC
330
17
100
AcDbEntity
  8
HOJDKURVOR_STOD
100
AcDbPolyline
 90
4
 70
0
 10
305660.59
 20
6404580.0
 10
305660.0
 20
6404579.55
 10
305658.38
 20
6404580.0
 10
305660.59
 20
6404580.0
  0
LWPOLYLINE
  5
AD
330
17
100
AcDbEntity
  8
HOJDKURVOR_STOD
100
AcDbPolyline
 90
8
 70
0
 10
305206.0
 20
6404328.5
 10
305207.62
 20
6404330.0
 10
305206.0
 20
6404333.41
 10
305204.0
 20
6404335.39
 10
305202.0
 20
6404334.95
 10
305201.1
 20
6404334.0
 10
305204.0
 20
6404331.19
 10
305206.0
 20
6404328.5
  0
TEXT
  5
AE
330
17
100
AcDbEntity
  8
HOJDKURVOR_TEXT
100
AcDbText
 10
305203.04816688446
 20
6404335.180596715
 30
0.0
 40
1.5
  1
7.5
 50
12.407418513149452
 72
1
 11
305203.04816688446
 21
6404335.180596715
 31
0.0
100
AcDbText
 73
2
  0
LWPOLYLINE
  5
AF
330
17
100
AcDbEntity
  8
HOJDKURVOR_STOD
100
AcDbPolyline
 90
4
 70
0
 10
305222.0
 20
6404333.75
 10
305222.4
 20
6404334.0
 10
305222.0
 20
6404334.1
 10
305222.0
 20
6404333.75
  0
LWPOLYLINE
  5
B0
330
17
100
AcDbEntity
  8
HOJDKURVOR_STOD
100
AcDbPolyline
 90
25
 70
0
 10
305180.0
 20
6404353.18
 10
305182.0
 20
6404352.62
 10
305186.0
 20
6404353.0
 10
305190.0
 20
6404352.65
 10
305192.0
 20
6404353.22
 10
305194.83
 20
6404356.0
 10
305196.0
 20
6404356.35
 10
305197.5
 20
6404358.0
 10
305196.59
 20
6404360.0
 10
305196.0
 20
6404360.5
 10
305194.0
 20
6404361.75
 10
305192.0
 20
6404362.52
 10
305189.86
 20
6404364.0
 10
305189.79
 20
6404366.0
 10
305188.0
 20
6404366.58
 10
305184.0
 20
6404367.09
 10
305180.0
 20
6404366.54
 10
305174.67
 20
6404364.0
 10
305176.0
 20
6404363.17
 10
305176.83
 20
6404362.0
 10
305176.0
 20
6404358.67
 10
305174.0
 20
6404357.25
 10
305173.87
 20
6404356.0
 10
305176.0
 20
6404355.87
 10
305180.0
 20
6404353.18
  0
TEXT
  5
B1
330
17
100
AcDbEntity
  8
HOJDKURVOR_TEXT
100
AcDbText
 10
305189.185666915
 20
6404366.195817424
 30
0.0
 40
1.5
  1
7.5
 50
342.04651698056136
 72
1
 11
305189.185666915
 21
6404366.195817424
 31
0.0
100
AcDbText
 73
2
  0
LWPOLYLINE
  5
B2
330
17
100
AcDbEntity
  8
HOJDKURVOR_STOD
100
AcDbPolyline
 90
4
 70
0
 10
305542.0
 20
6404379.88
 10
305541.67
 20
6404380.0
 10
305542.0
 20
6404380.25
 10
305542.0
 20
6404379.88
  0
LWPOLYLINE
  5
B3
330
17
100
AcDbEntity
  8
HOJDKURVOR_STOD
100
AcDbPolyline
 90
4
 70
0
 10
305540.0
 20
6404381.67
 10
305539.93
 20
6404382.0
 10
305540.25
 20
6404382.0
 10
305540.0
 20
6404381.67
  0
LWPOLYLINE
  5
B4
330
17
100
AcDbEntity
  8
HOJDKURVOR_STOD
100
AcDbPolyline
 90
3
 70
0
 10
305226.0
 20
6404395.98
 10
305226.0
 20
6404396.18
 10
305226.0
 20
6404395.98
  0
LWPOLYLINE
  5
B5
330
17
100
AcDbEntity
  8
HOJDKURVOR_STOD
100
AcDbPolyline
 90
11
 70
0
 10
305572.0
 20
6404403.78
 10
305574.0
 20
6404402.54
 10
305576.0
 20
6404403.09
 10
305577.04
 20
6404404.0
 10
305578.33
 20
6404406.0
 10
305579.05
 20
6404408.0
 10
305578.0
 20
6404409.62
 10
305576.0
 20
6404409.75
 10
305572.43
 20
6404406.0
 10
305571.82
 20
6404404.0
 10
305572.0
 20
6404403.78
  0
TEXT
  5
B6
330
17
100
AcDbEntity
  8
HOJDKURVOR_TEXT
100
AcDbText
 10
305578.7311225652
 20
6404408.491982328
 30
0.0
 40
1.5
  1
7.5
 50
302.9492151144965
 72
1
 11
305578.7311225652
 21
6404408.491982328
 31
0.0
100
AcDbText
 73
2
  0
LWPOLYLINE
  5
B7
330
17
100
AcDbEntity
  8
HOJDKURVOR_STOD
100
AcDbPolyline
 90
14
 70
0
 10
305582.0
 20
6404411.79
 10
305584.61
 20
6404412.0
 10
305586.0
 20
6404413.52
 10
305588.0
 20
6404413.75
 10
305588.42
 20
6404416.0
 10
305588.0
 20
6404416.83
 10
305584.0
 20
6404420.44
 10
305583.03
 20
6404422.0
 10
305582.0
 20
6404422.88
 10
305578.0
 20
6404422.61
 10
305577.68
 20
6404414.0
 10
305578.0
 20
6404413.72
 10
305580.0
 20
6404413.76
 10
305582.0
 20
6404411.79
  0
TEXT
  5
B8
330
17
100
AcDbEntity
  8
HOJDKURVOR_TEXT
100
AcDbText
 10
305582.2403833727
 20
6404422.674623914
 30
0.0
 40
1.5
  1
7.5
 50
319.49045192547754
 72
1
 11
305582.2403833727
 21
6404422.674623914
 31
0.0
100
AcDbText
 73
2
  0
LWPOLYLINE
  5
B9
330
17
100
AcDbEntity
  8
HOJDKURVOR_STOD
100
AcDbPolyline
 90
9
 70
0
 10
305448.0
 20
6404426.36
 10
305449.8
 20
6404428.0
 10
305449.0
 20
6404430.0
 10
305449.56
 20
6404432.0
 10
305448.0
 20
6404432.67
 10
305447.69
 20
6404432.0
 10
305447.95
 20
6404430.0
 10
305447.57
 20
6404428.0
 10
305448.0
 20
6404426.36
  0
LWPOLYLINE
  5
BA
330
17
100
AcDbEntity
  8
HOJDKURVOR_STOD
100
AcDbPolyline
 90
4
 70
0
 10
305458.0
 20
6404429.67
 10
305458.0
 20
6404432.0
 10
305457.33
 20
6404430.0
 10
305458.0
 20
6404429.67
  0
LWPOLYLINE
  5
BB
330
17
100
AcDbEntity
  8
HOJDKURVOR_STOD
100
AcDbPolyline
 90
10
 70
0
 10
305448.0
 20
6404467.59
 10
305452.0
 20
6404468.67
 10
305453.85
 20
6404470.0
 10
305454.13
 20
6404472.0
 10
305452.0
 20
6404474.47
 10
305450.0
 20
6404474.28
 10
305448.0
 20
6404473.15
 10
305444.69
 20
6404470.0
 10
305446.0
 20
6404468.36
 10
305448.0
 20
6404467.59
  0
TEXT
  5
BC
330
17
100
AcDbEntity
  8
HOJDKURVOR_TEXT
100
AcDbText
 10
305451.29578155075
 20
6404474.403099247
 30
0.0
 40
1.5
  1
7.5
 50
5.426812483765417
 72
1
 11
305451.29578155075
 21
6404474.403099247
 31
0.0
100
AcDbText
 73
2
  0
LWPOLYLINE
  5
BD
330
17
100
AcDbEntity
  8
HOJDKURVOR_STOD
100
AcDbPolyline
 90
34
 70
0
 10
305578.0
 20
6404467.46
 10
305582.0
 20
6404466.68
 10
305588.0
 20
6404468.47
 10
305590.0
 20
6404467.71
 10
305596.0
 20
6404470.69
 10
305602.0
 20
6404471.39
 10
305602.76
 20
6404472.0
 10
305599.19
 20
6404476.0
 10
305596.2
 20
6404480.0
 10
305595.87
 20
6404482.0
 10
305596.0
 20
6404484.62
 10
305595.53
 20
6404486.0
 10
305593.54
 20
6404488.0
 10
305592.0
 20
6404488.75
 10
305590.0
 20
6404489.13
 10
305588.0
 20
6404489.2
 10
305586.0
 20
6404488.65
 10
305584.0
 20
6404489.76
 10
305582.0
 20
6404488.77
 10
305578.33
 20
6404488.0
 10
305578.0
 20
6404487.4
 10
305576.0
 20
6404486.53
 10
305572.0
 20
6404486.5
 10
305570.0
 20
6404487.09
 10
305566.0
 20
6404487.48
 10
305564.0
 20
6404487.03
 10
305561.97
 20
6404484.0
 10
305561.68
 20
6404482.0
 10
305562.69
 20
6404478.0
 10
305564.0
 20
6404475.75
 10
305566.0
 20
6404474.5
 10
305570.0
 20
6404470.45
 10
305576.0
 20
6404468.56
 10
305578.0
 20
6404467.46
  0
TEXT
  5
BE
330
17
100
AcDbEntity
  8
HOJDKURVOR_TEXT
100
AcDbText
 10
305586.47708919004
 20
6404488.781199528
 30
0.0
 40
1.5
  1
7.5
 50
15.376251243865255
 72
1
 11
305586.47708919004
 21
6404488.781199528
 31
0.0
100
AcDbText
 73
2
  0
LWPOLYLINE
  5
BF
330
17
100
AcDbEntity
  8
HOJDKURVOR_STOD
100
AcDbPolyline
 90
9
 70
0
 10
305404.0
 20
6404485.25
 10
305408.0
 20
6404485.09
 10
305408.77
 20
6404486.0
 10
305408.09
 20
6404488.0
 10
305406.0
 20
6404489.83
 10
305404.0
 20
6404489.32
 10
305402.12
 20
6404488.0
 10
305402.77
 20
6404486.0
 10
305404.0
 20
6404485.25
  0
TEXT
  5
C0
330
17
100
AcDbEntity
  8
HOJDKURVOR_TEXT
100
AcDbText
 10
305406.82040985214
 20
6404489.1116507035
 30
0.0
 40
1.5
  1
7.5
 50
318.7946722675076
 72
1
 11
305406.82040985214
 21
6404489.1116507035
 31
0.0
100
AcDbText
 73
2
  0
LWPOLYLINE
  5
C1
330
17
100
AcDbEntity
  8
HOJDKURVOR_STOD
100
AcDbPolyline
 90
5
 70
0
 10
305394.0
 20
6404489.77
 10
305394.0
 20
6404490.18
 10
305398.12
 20
6404490.0
 10
305396.0
 20
6404489.45
 10
305394.0
 20
6404489.77
  0
LWPOLYLINE
  5
C2
330
17
100
AcDbEntity
  8
HOJDKURVOR_STOD
100
AcDbPolyline
 90
4
 70
0
 10
305302.0
 20
6404491.14
 10
305302.6
 20
6404492.0
 10
305301.45
 20
6404492.0
 10
305302.0
 20
6404491.14
  0
LWPOLYLINE
  5
C3
330
17
100
AcDbEntity
  8
HOJDKURVOR_STOD
100
AcDbPolyline
 90
5
 70
0
 10
305306.0
 20
6404493.85
 10
305308.0
 20
6404493.08
 10
305310.04
 20
6404494.0
 10
305308.0
 20
6404494.14
 10
305306.0
 20
6404493.85
  0
LWPOLYLINE
  5
C4
330
17
100
AcDbEntity
  8
HOJDKURVOR_STOD
100
AcDbPolyline
 90
9
 70
0
 10
305326.0
 20
6404496.88
 10
305328.0
 20
6404497.34
 10
305328.91
 20
6404498.0
 10
305329.73
 20
6404500.0
 10
305328.0
 20
6404501.91
 10
305326.0
 20
6404502.0
 10
305325.2
 20
6404500.0
 10
305325.04
 20
6404498.0
 10
305326.0
 20
6404496.88
  0
TEXT
  5
C5
330
17
100
AcDbEntity
  8
HOJDKURVOR_TEXT
100
AcDbText
 10
305328.093092871
 20
6404501.807221166
 30
0.0
 40
1.5
  1
7.5
 50
312.1689983196037
 72
1
 11
305328.093092871
 21
6404501.807221166
 31
0.0
100
AcDbText
 73
2
  0
LWPOLYLINE
  5
C6
330
17
100
AcDbEntity
  8
HOJDKURVOR_STOD
100
AcDbPolyline
 90
11
 70
0
 10
305638.0
 20
6404553.82
 10
305640.0
 20
6404553.62
 10
305641.11
 20
6404554.0
 10
305640.42
 20
6404556.0
 10
305639.1
 20
6404558.0
 10
305636.0
 20
6404559.96
 10
305634.0
 20
6404560.51
 10
305630.24
 20
6404560.0
 10
305630.76
 20
6404558.0
 10
305632.12
 20
6404556.0
 10
305638.0
 20
6404553.82
  0
TEXT
  5
C7
330
17
100
AcDbEntity
  8
HOJDKURVOR_TEXT
100
AcDbText
 10
305633.4482969133
 20
6404560.435167932
 30
0.0
 40
1.5
  1
7.5
 50
7.724361905986598
 72
1
 11
305633.4482969133
 21
6404560.435167932
 31
0.0
100
AcDbText
 73
2
  0
LWPOLYLINE
  5
C8
330
17
100
AcDbEntity
  8
HOJDKURVOR_STOD
100
AcDbPolyline
 90
7
 70
0
 10
305658.0
 20
6404563.34
 10
305660.0
 20
6404562.95
 10
305662.09
 20
6404564.0
 10
305660.0
 20
6404565.05
 10
305658.0
 20
6404564.88
 10
305657.47
 20
6404564.0
 10
305658.0
 20
6404563.34
  0
LWPOLYLINE
  5
C9
330
17
100
AcDbEntity
  8
HOJDKURVOR_STOD
100
AcDbPolyline
 90
4
 70
0
 10
305672.0
 20
6404569.78
 10
305672.38
 20
6404570.0
 10
305671.68
 20
6404570.0
 10
305672.0
 20
6404569.78
  0
LWPOLYLINE
  5
CA
330
17
100
AcDbEntity
  8
HOJDKURVOR_GRUND
100
AcDbPolyline
 90
20
 70
0
 10
305648.11
 20
6404580.0
 10
305645.85
 20
6404578.0
 10
305645.64
 20
6404576.0
 10
305646.0
 20
6404573.82
 10
305648.0
 20
6404573.88
 10
305650.58
 20
6404572.0
 10
305652.0
 20
6404570.0
 10
305654.0
 20
6404568.79
 10
305660.0
 20
6404569.87
 10
305662.0
 20
6404569.78
 10
305661.53
 20
6404572.0
 10
305661.53
 20
6404574.0
 10
305662.0
 20
6404575.03
 10
305662.94
 20
6404576.0
 10
305663.0
 20
6404578.0
 10
305662.0
 20
6404578.64
 10
305658.0
 20
6404576.84
 10
305655.45
 20
6404578.0
 10
305654.6
 20
6404580.0
 10
305648.11
 20
6404580.0
  0
LWPOLYLINE
  5
CB
330
17
100
AcDbEntity
  8
HOJDKURVOR_GRUND
100
AcDbPolyline
 90
19
 70
0
 10
305182.0
 20
6404353.9
 10
305184.0
 20
6404353.82
 10
305186.0
 20
6404354.39
 10
305192.0
 20
6404355.04
 10
305194.0
 20
6404357.33
 10
305196.0
 20
6404357.6
 10
305196.36
 20
6404358.0
 10
305194.91
 20
6404360.0
 10
305194.0
 20
6404360.72
 10
305192.0
 20
6404360.9
 10
305186.69
 20
6404364.0
 10
305186.7
 20
6404366.0
 10
305184.0
 20
6404366.21
 10
305183.04
 20
6404366.0
 10
305182.0
 20
6404365.1
 10
305179.2
 20
6404364.0
 10
305179.64
 20
6404360.0
 10
305180.82
 20
6404356.0
 10
305182.0
 20
6404353.9
  0
LWPOLYLINE
  5
CC
330
17
100
AcDbEntity
  8
HOJDKURVOR_GRUND
100
AcDbPolyline
 90
5
 70
0
 10
305576.0
 20
6404405.92
 10
305576.79
 20
6404408.0
 10
305576.0
 20
6404408.36
 10
305575.64
 20
6404408.0
 10
305576.0
 20
6404405.92
  0
LWPOLYLINE
  5
CD
330
17
100
AcDbEntity
  8
HOJDKURVOR_GRUND
100
AcDbPolyline
 90
5
 70
0
 10
305244.0
 20
6404413.29
 10
305244.67
 20
6404414.0
 10
305244.0
 20
6404414.21
 10
305243.37
 20
6404414.0
 10
305244.0
 20
6404413.29
  0
LWPOLYLINE
  5
CE
330
17
100
AcDbEntity
  8
HOJDKURVOR_GRUND
100
AcDbPolyline
 90
34
 70
0
 10
305580.0
 20
6404467.73
 10
305582.0
 20
6404467.17
 10
305584.0
 20
6404467.64
 10
305586.0
 20
6404468.7
 10
305588.0
 20
6404468.87
 10
305590.0
 20
6404468.05
 10
305598.0
 20
6404471.98
 10
305600.72
 20
6404472.0
 10
305598.0
 20
6404476.04
 10
305594.93
 20
6404478.0
 10
305593.72
 20
6404480.0
 10
305595.09
 20
6404484.0
 10
305594.0
 20
6404485.59
 10
305592.0
 20
6404486.76
 10
305588.0
 20
6404488.09
 10
305584.0
 20
6404486.73
 10
305582.0
 20
6404485.08
 10
305580.0
 20
6404485.48
 10
305578.0
 20
6404485.35
 10
305574.0
 20
6404485.89
 10
305572.0
 20
6404485.8
 10
305570.0
 20
6404486.51
 10
305568.0
 20
6404486.71
 10
305566.0
 20
6404486.75
 10
305564.0
 20
6404486.28
 10
305562.53
 20
6404484.0
 10
305562.34
 20
6404482.0
 10
305563.38
 20
6404478.0
 10
305564.69
 20
6404476.0
 10
305566.0
 20
6404475.12
 10
305568.0
 20
6404472.78
 10
305570.0
 20
6404471.42
 10
305578.0
 20
6404468.01
 10
305580.0
 20
6404467.73
  0
LWPOLYLINE
  5
CF
330
17
100
AcDbEntity
  8
HOJDKURVOR_GRUND
100
AcDbPolyline
 90
5
 70
0
 10
305448.0
 20
6404469.72
 10
305450.0
 20
6404470.0
 10
305448.0
 20
6404470.52
 10
305447.44
 20
6404470.0
 10
305448.0
 20
6404469.72
  0
LWPOLYLINE
  5
D0
330
17
100
AcDbEntity
  8
HOJDKURVOR_GRUND
100
AcDbPolyline
 90
5
 70
0
 10
305634.0
 20
6404557.19
 10
305636.2
 20
6404558.0
 10
305634.0
 20
6404558.67
 10
305633.19
 20
6404558.0
 10
305634.0
 20
6404557.19
  0
LWPOLYLINE
  5
D1
330
17
100
AcDbEntity
  8
HOJDKURVOR_GRUND
100
AcDbPolyline
 90
7
 70
0
 10
305190.0
 20
6404357.29
 10
305191.33
 20
6404358.0
 10
305190.48
 20
6404360.0
 10
305190.0
 20
6404360.21
 10
305189.43
 20
6404360.0
 10
305189.17
 20
6404358.0
 10
305190.0
 20
6404357.29
  0
LWPOLYLINE
  5
D2
330
17
100
AcDbEntity
  8
HOJDKURVOR_GRUND
100
AcDbPolyline
 90
4
 70
0
 10
305444.0
 20
6404393.86
 10
305443.75
 20
6404394.0
 10
305444.0
 20
6404394.29
 10
305444.0
 20
6404393.86
  0
LWPOLYLINE
  5
D3
330
17
100
AcDbEntity
  8
HOJDKURVOR_GRUND
100
AcDbPolyline
 90
6
 70
0
 10
305508.0
 20
6404395.81
 10
305507.71
 20
6404396.0
 10
305508.0
 20
6404396.06
 10
305512.0
 20
6404396.42
 10
305513.26
 20
6404396.0
 10
305508.0
 20
6404395.81
  0
LWPOLYLINE
  5
D4
330
17
100
AcDbEntity
  8
HOJDKURVOR_GRUND
100
AcDbPolyline
 90
4
 70
0
 10
305440.0
 20
6404400.0
 10
305442.0
 20
6404400.34
 10
305442.0
 20
6404398.29
 10
305440.0
 20
6404400.0
  0
LWPOLYLINE
  5
D5
330
17
100
AcDbEntity
  8
HOJDKURVOR_GRUND
100
AcDbPolyline
 90
5
 70
0
 10
305500.0
 20
6404417.38
 10
305500.58
 20
6404418.0
 10
305500.0
 20
6404418.64
 10
305498.36
 20
6404418.0
 10
305500.0
 20
6404417.38
  0
LWPOLYLINE
  5
D6
330
17
100
AcDbEntity
  8
HOJDKURVOR_GRUND
100
AcDbPolyline
 90
32
 70
0
 10
305582.0
 20
6404467.67
 10
305584.0
 20
6404468.19
 10
305586.0
 20
6404469.38
 10
305588.0
 20
6404469.28
 10
305590.0
 20
6404468.72
 10
305592.0
 20
6404469.36
 10
305594.0
 20
6404470.86
 10
305596.66
 20
6404472.0
 10
305597.4
 20
6404474.0
 10
305592.74
 20
6404478.0
 10
305591.24
 20
6404480.0
 10
305591.63
 20
6404482.0
 10
305594.0
 20
6404483.73
 10
305594.0
 20
6404484.12
 10
305588.0
 20
6404486.56
 10
305586.0
 20
6404486.3
 10
305584.0
 20
6404485.3
 10
305582.0
 20
6404483.68
 10
305576.0
 20
6404485.06
 10
305572.0
 20
6404485.28
 10
305569.41
 20
6404486.0
 10
305566.0
 20
6404486.03
 10
305564.0
 20
6404485.44
 10
305563.1
 20
6404484.0
 10
305563.15
 20
6404482.0
 10
305564.0
 20
6404478.29
 10
305568.0
 20
6404473.31
 10
305570.0
 20
6404472.27
 10
305572.0
 20
6404472.1
 10
305574.68
 20
6404470.0
 10
305578.0
 20
6404468.73
 10
305582.0
 20
6404467.67
  0
LWPOLYLINE
  5
D7
330
17
100
AcDbEntity
  8
HOJDKURVOR_GRUND
100
AcDbPolyline
 90
9
 70
0
 10
305314.0
 20
6404479.85
 10
305313.7
 20
6404480.0
 10
305314.74
 20
6404482.0
 10
305316.0
 20
6404483.42
 10
305318.0
 20
6404482.75
 10
305318.57
 20
6404482.0
 10
305318.0
 20
6404481.82
 10
305316.0
 20
6404479.76
 10
305314.0
 20
6404479.85
  0
LWPOLYLINE
  5
D8
330
17
100
AcDbEntity
  8
HOJDKURVOR_GRUND
100
AcDbPolyline
 90
11
 70
0
 10
305654.0
 20
6404571.5
 10
305656.0
 20
6404570.59
 10
305658.0
 20
6404571.27
 10
305659.15
 20
6404572.0
 10
305660.0
 20
6404573.16
 10
305660.21
 20
6404574.0
 10
305660.0
 20
6404574.53
 10
305656.0
 20
6404573.94
 10
305654.0
 20
6404572.55
 10
305653.56
 20
6404572.0
 10
305654.0
 20
6404571.5
  0
LWPOLYLINE
  5
D9
330
17
100
AcDbEntity
  8
HOJDKURVOR_GRUND
100
AcDbPolyline
 90
8
 70
0
 10
305650.0
 20
6404575.07
 10
305652.0
 20
6404574.89
 10
305652.83
 20
6404576.0
 10
305652.0
 20
6404578.0
 10
305650.0
 20
6404578.32
 10
305649.57
 20
6404578.0
 10
305649.46
 20
6404576.0
 10
305650.0
 20
6404575.07
  0
LWPOLYLINE
  5
DA
330
17
100
AcDbEntity
  8
HOJDKURVOR_GRUND
100
AcDbPolyline
 90
4
 70
0
 10
305680.0
 20
6404439.49
 10
305679.5
 20
6404440.0
 10
305680.0
 20
6404440.25
 10
305680.0
 20
6404439.49
  0
LWPOLYLINE
  5
DB
330
17
100
AcDbEntity
  8
HOJDKURVOR_GRUND
100
AcDbPolyline
 90
5
 70
0
 10
305680.0
 20
6404578.46
 10
305678.81
 20
6404576.0
 10
305679.3
 20
6404574.0
 10
305680.0
 20
6404573.56
 10
305680.0
 20
6404578.46
  0
LWPOLYLINE
  5
DC
330
17
100
AcDbEntity
  8
HOJDKURVOR_GRUND
100
AcDbPolyline
 90
8
 70
0
 10
305544.0
 20
6404389.8
 10
305546.0
 20
6404389.29
 10
305546.95
 20
6404390.0
 10
305546.96
 20
6404392.0
 10
305546.0
 20
6404392.27
 10
305545.42
 20
6404392.0
 10
305543.6
 20
6404390.0
 10
305544.0
 20
6404389.8
  0
LWPOLYLINE
  5
DD
330
17
100
AcDbEntity
  8
HOJDKURVOR_GRUND
100
AcDbPolyline
 90
9
 70
0
 10
305538.0
 20
6404414.93
 10
305540.0
 20
6404415.32
 10
305542.0
 20
6404415.19
 10
305544.09
 20
6404416.0
 10
305542.0
 20
6404417.22
 10
305540.0
 20
6404416.35
 10
305538.0
 20
6404416.94
 10
305537.13
 20
6404416.0
 10
305538.0
 20
6404414.93
  0
LWPOLYLINE
  5
DE
330
17
100
AcDbEntity
  8
HOJDKURVOR_GRUND
100
AcDbPolyline
 90
14
 70
0
 10
305432.0
 20
6404423.67
 10
305434.0
 20
6404425.34
 10
305436.09
 20
6404428.0
 10
305434.0
 20
6404431.56
 10
305432.5
 20
6404432.0
 10
305432.0
 20
6404433.5
 10
305429.88
 20
6404434.0
 10
305429.11
 20
6404432.0
 10
305430.0
 20
6404431.33
 10
305430.57
 20
6404430.0
 10
305428.67
 20
6404428.0
 10
305428.87
 20
6404426.0
 10
305430.0
 20
6404424.38
 10
305432.0
 20
6404423.67
  0
LWPOLYLINE
  5
DF
330
17
100
AcDbEntity
  8
HOJDKURVOR_GRUND
100
AcDbPolyline
 90
27
 70
0
 10
305578.0
 20
6404469.44
 10
305582.0
 20
6404468.23
 10
305586.0
 20
6404470.09
 10
305590.0
 20
6404469.39
 10
305592.0
 20
6404469.73
 10
305594.0
 20
6404471.54
 10
305595.13
 20
6404472.0
 10
305595.0
 20
6404474.0
 10
305588.55
 20
6404480.0
 10
305588.53
 20
6404482.0
 10
305589.17
 20
6404484.0
 10
305586.0
 20
6404484.75
 10
305584.0
 20
6404484.37
 10
305582.0
 20
6404482.63
 10
305580.0
 20
6404482.73
 10
305577.53
 20
6404484.0
 10
305576.0
 20
6404484.42
 10
305570.0
 20
6404485.24
 10
305566.0
 20
6404485.12
 10
305564.0
 20
6404484.53
 10
305563.67
 20
6404484.0
 10
305564.22
 20
6404480.0
 10
305568.0
 20
6404473.83
 10
305570.0
 20
6404472.96
 10
305572.0
 20
6404472.75
 10
305576.0
 20
6404470.06
 10
305578.0
 20
6404469.44
  0
LWPOLYLINE
  5
E0
330
17
100
AcDbEntity
  8
HOJDKURVOR_GRUND
100
AcDbPolyline
 90
8
 70
0
 10
305308.0
 20
6404481.61
 10
305310.0
 20
6404481.17
 10
305314.23
 20
6404484.0
 10
305312.0
 20
6404484.78
 10
305310.0
 20
6404484.96
 10
305308.43
 20
6404484.0
 10
305307.2
 20
6404482.0
 10
305308.0
 20
6404481.61
  0
LWPOLYLINE
  5
E1
330
17
100
AcDbEntity
  8
HOJDKURVOR_GRUND
100
AcDbPolyline
 90
7
 70
0
 10
305326.0
 20
6404487.6
 10
305326.8
 20
6404488.0
 10
305327.14
 20
6404490.0
 10
305326.0
 20
6404490.26
 10
305325.54
 20
6404490.0
 10
305325.41
 20
6404488.0
 10
305326.0
 20
6404487.6
  0
LWPOLYLINE
  5
E2
330
17
100
AcDbEntity
  8
HOJDKURVOR_GRUND
100
AcDbPolyline
 90
5
 70
0
 10
305680.0
 20
6404444.02
 10
305677.64
 20
6404442.0
 10
305678.0
 20
6404441.43
 10
305680.0
 20
6404441.5
 10
305680.0
 20
6404444.02
  0
LWPOLYLINE
  5
E3
330
17
100
AcDbEntity
  8
HOJDKURVOR_GRUND
100
AcDbPolyline
 90
12
 70
0
 10
305458.0
 20
6404394.0
 10
305456.0
 20
6404396.0
 10
305454.0
 20
6404395.53
 10
305453.0
 20
6404396.0
 10
305454.43
 20
6404398.0
 10
305456.0
 20
6404398.42
 10
305458.0
 20
6404397.1
 10
305460.0
 20
6404397.45
 10
305461.33
 20
6404396.0
 10
305461.3
 20
6404394.0
 10
305460.0
 20
6404393.07
 10
305458.0
 20
6404394.0
  0
LWPOLYLINE
  5
E4
330
17
100
AcDbEntity
  8
HOJDKURVOR_GRUND
100
AcDbPolyline
 90
18
 70
0
 10
305292.0
 20
6404400.45
 10
305290.0
 20
6404402.67
 10
305288.0
 20
6404403.22
 10
305285.24
 20
6404406.0
 10
305284.79
 20
6404408.0
 10
305285.2
 20
6404410.0
 10
305286.0
 20
6404411.6
 10
305288.0
 20
6404411.85
 10
305290.0
 20
6404411.2
 10
305294.0
 20
6404410.97
 10
305300.0
 20
6404409.87
 10
305302.0
 20
6404408.0
 10
305302.0
 20
6404406.0
 10
305299.0
 20
6404404.0
 10
305297.83
 20
6404402.0
 10
305296.0
 20
6404400.43
 10
305294.0
 20
6404400.15
 10
305292.0
 20
6404400.45
  0
LWPOLYLINE
  5
E5
330
17
100
AcDbEntity
  8
HOJDKURVOR_GRUND
100
AcDbPolyline
 90
5
 70
0
 10
305350.0
 20
6404411.7
 10
305349.68
 20
6404412.0
 10
305350.0
 20
6404412.29
 10
305350.28
 20
6404412.0
 10
305350.0
 20
6404411.7
  0
LWPOLYLINE
  5
E6
330
17
100
AcDbEntity
  8
HOJDKURVOR_GRUND
100
AcDbPolyline
 90
8
 70
0
 10
305432.0
 20
6404425.39
 10
305434.0
 20
6404426.38
 10
305435.2
 20
6404428.0
 10
305434.0
 20
6404430.76
 10
305432.78
 20
6404430.0
 10
305430.78
 20
6404428.0
 10
305431.32
 20
6404426.0
 10
305432.0
 20
6404425.39
  0
LWPOLYLINE
  5
E7
330
17
100
AcDbEntity
  8
HOJDKURVOR_GRUND
100
AcDbPolyline
 90
5
 70
0
 10
305400.0
 20
6404463.26
 10
305399.46
 20
6404464.0
 10
305400.0
 20
6404464.54
 10
305400.54
 20
6404464.0
 10
305400.0
 20
6404463.26
  0
LWPOLYLINE
  5
E8
330
17
100
AcDbEntity
  8
HOJDKURVOR_GRUND
100
AcDbPolyline
 90
27
 70
0
 10
305580.0
 20
6404469.42
 10
305582.0
 20
6404468.95
 10
305586.0
 20
6404470.96
 10
305588.0
 20
6404470.29
 10
305590.0
 20
6404470.13
 10
305592.0
 20
6404470.63
 10
305593.27
 20
6404472.0
 10
305592.11
 20
6404474.0
 10
305590.0
 20
6404476.29
 10
305588.0
 20
6404477.41
 10
305585.44
 20
6404478.0
 10
305584.31
 20
6404482.0
 10
305584.0
 20
6404482.24
 10
305582.0
 20
6404481.31
 10
305580.0
 20
6404481.49
 10
305576.0
 20
6404483.56
 10
305574.0
 20
6404484.13
 10
305570.0
 20
6404484.54
 10
305565.31
 20
6404484.0
 10
305564.69
 20
6404482.0
 10
305565.01
 20
6404480.0
 10
305568.0
 20
6404475.17
 10
305569.13
 20
6404474.0
 10
305572.0
 20
6404473.39
 10
305574.0
 20
6404472.28
 10
305576.0
 20
6404470.65
 10
305580.0
 20
6404469.42
  0
LWPOLYLINE
  5
E9
330
17
100
AcDbEntity
  8
HOJDKURVOR_STOD
100
AcDbPolyline
 90
24
 70
0
 10
305534.0
 20
6404383.86
 10
305536.0
 20
6404384.13
 10
305538.7
 20
6404386.0
 10
305539.58
 20
6404388.0
 10
305539.61
 20
6404390.0
 10
305539.51
 20
6404392.0
 10
305537.17
 20
6404394.0
 10
305536.0
 20
6404396.81
 10
305534.19
 20
6404398.0
 10
305528.98
 20
6404398.0
 10
305526.0
 20
6404396.79
 10
305524.0
 20
6404395.32
 10
305522.0
 20
6404396.07
 10
305520.0
 20
6404395.72
 10
305518.0
 20
6404396.0
 10
305516.04
 20
6404394.0
 10
305517.2
 20
6404392.0
 10
305520.0
 20
6404390.91
 10
305522.0
 20
6404390.83
 10
305524.0
 20
6404389.19
 10
305526.56
 20
6404388.0
 10
305529.37
 20
6404386.0
 10
305532.0
 20
6404384.5
 10
305534.0
 20
6404383.86
  0
TEXT
  5
EA
330
17
100
AcDbEntity
  8
HOJDKURVOR_TEXT
100
AcDbText
 10
305524.15962747275
 20
6404395.437326193
 30
0.0
 40
1.5
  1
10.0
 50
36.31588641909491
 72
1
 11
305524.15962747275
 21
6404395.437326193
 31
0.0
100
AcDbText
 73
2
  0
LWPOLYLINE
  5
EB
330
17
100
AcDbEntity
  8
HOJDKURVOR_STOD
100
AcDbPolyline
 90
11
 70
0
 10
305476.0
 20
6404385.62
 10
305474.41
 20
6404388.0
 10
305474.8
 20
6404390.0
 10
305476.0
 20
6404391.29
 10
305478.0
 20
6404390.42
 10
305480.0
 20
6404390.38
 10
305483.6
 20
6404388.0
 10
305482.0
 20
6404386.48
 10
305480.0
 20
6404385.52
 10
305478.0
 20
6404386.0
 10
305476.0
 20
6404385.62
  0
TEXT
  5
EC
330
17
100
AcDbEntity
  8
HOJDKURVOR_TEXT
100
AcDbText
 10
305480.83015283116
 20
6404389.831176739
 30
0.0
 40
1.5
  1
10.0
 50
-33.46913373749242
 72
1
 11
305480.83015283116
 21
6404389.831176739
 31
0.0
100
AcDbText
 73
2
  0
LWPOLYLINE
  5
ED
330
17
100
AcDbEntity
  8
HOJDKURVOR_STOD
100
AcDbPolyline
 90
5
 70
0
 10
305466.0
 20
6404391.56
 10
305465.17
 20
6404392.0
 10
305466.0
 20
6404392.34
 10
305467.9
 20
6404392.0
 10
305466.0
 20
6404391.56
  0
LWPOLYLINE
  5
EE
330
17
100
AcDbEntity
  8
HOJDKURVOR_STOD
100
AcDbPolyline
 90
6
 70
0
 10
305514.0
 20
6404391.42
 10
305515.73
 20
6404392.0
 10
305515.67
 20
6404394.0
 10
305513.8
 20
6404394.0
 10
305512.91
 20
6404392.0
 10
305514.0
 20
6404391.42
  0
LWPOLYLINE
  5
EF
330
17
100
AcDbEntity
  8
HOJDKURVOR_STOD
100
AcDbPolyline
 90
4
 70
0
 10
305276.0
 20
6404395.84
 10
305276.6
 20
6404396.0
 10
305276.0
 20
6404396.4
 10
305276.0
 20
6404395.84
  0
LWPOLYLINE
  5
F0
330
17
100
AcDbEntity
  8
HOJDKURVOR_STOD
100
AcDbPolyline
 90
12
 70
0
 10
305274.0
 20
6404399.87
 10
305276.0
 20
6404400.0
 10
305279.41
 20
6404402.0
 10
305278.86
 20
6404406.0
 10
305278.0
 20
6404407.71
 10
305274.0
 20
6404409.78
 10
305271.78
 20
6404408.0
 10
305271.0
 20
6404404.0
 10
305269.67
 20
6404402.0
 10
305270.0
 20
6404401.82
 10
305272.0
 20
6404402.25
 10
305274.0
 20
6404399.87
  0
TEXT
  5
F1
330
17
100
AcDbEntity
  8
HOJDKURVOR_TEXT
100
AcDbText
 10
305274.6927391096
 20
6404409.421507511
 30
0.0
 40
1.5
  1
10.0
 50
332.63843517636207
 72
1
 11
305274.6927391096
 21
6404409.421507511
 31
0.0
100
AcDbText
 73
2
  0
LWPOLYLINE
  5
F2
330
17
100
AcDbEntity
  8
HOJDKURVOR_STOD
100
AcDbPolyline
 90
5
 70
0
 10
305284.0
 20
6404400.0
 10
305284.4
 20
6404402.0
 10
305284.0
 20
6404402.27
 10
305283.0
 20
6404402.0
 10
305284.0
 20
6404400.0
  0
LWPOLYLINE
  5
F3
330
17
100
AcDbEntity
  8
HOJDKURVOR_STOD
100
AcDbPolyline
 90
10
 70
0
 10
305524.0
 20
6404405.43
 10
305528.61
 20
6404408.0
 10
305528.84
 20
6404410.0
 10
305528.0
 20
6404411.05
 10
305526.0
 20
6404410.93
 10
305524.0
 20
6404411.33
 10
305519.49
 20
6404410.0
 10
305521.14
 20
6404408.0
 10
305522.0
 20
6404407.62
 10
305524.0
 20
6404405.43
  0
TEXT
  5
F4
330
17
100
AcDbEntity
  8
HOJDKURVOR_TEXT
100
AcDbText
 10
305524.72473802103
 20
6404411.185052396
 30
0.0
 40
1.5
  1
10.0
 50
348.69006751571806
 72
1
 11
305524.72473802103
 21
6404411.185052396
 31
0.0
100
AcDbText
 73
2
  0
LWPOLYLINE
  5
F5
330
17
100
AcDbEntity
  8
HOJDKURVOR_STOD
100
AcDbPolyline
 90
5
 70
0
 10
305350.0
 20
6404411.38
 10
305349.35
 20
6404412.0
 10
305350.0
 20
6404412.6
 10
305350.58
 20
6404412.0
 10
305350.0
 20
6404411.38
  0
LWPOLYLINE
  5
F6
330
17
100
AcDbEntity
  8
HOJDKURVOR_STOD
100
AcDbPolyline
 90
9
 70
0
 10
305486.0
 20
6404414.17
 10
305488.0
 20
6404415.33
 10
305490.0
 20
6404415.33
 10
305491.46
 20
6404416.0
 10
305491.71
 20
6404418.0
 10
305490.0
 20
6404418.76
 10
305487.94
 20
6404418.0
 10
305484.67
 20
6404416.0
 10
305486.0
 20
6404414.17
  0
TEXT
  5
F7
330
17
100
AcDbEntity
  8
HOJDKURVOR_TEXT
100
AcDbText
 10
305490.6918402136
 20
6404418.452515461
 30
0.0
 40
1.5
  1
10.0
 50
336.03751103193633
 72
1
 11
305490.6918402136
 21
6404418.452515461
 31
0.0
100
AcDbText
 73
2
  0
LWPOLYLINE
  5
F8
330
17
100
AcDbEntity
  8
HOJDKURVOR_STOD
100
AcDbPolyline
 90
5
 70
0
 10
305434.0
 20
6404427.65
 10
305434.26
 20
6404428.0
 10
305434.0
 20
6404429.65
 10
305433.22
 20
6404428.0
 10
305434.0
 20
6404427.65
  0
LWPOLYLINE
  5
F9
330
17
100
AcDbEntity
  8
HOJDKURVOR_STOD
100
AcDbPolyline
 90
3
 70
0
 10
305382.0
 20
6404453.92
 10
305381.75
 20
6404454.0
 10
305382.0
 20
6404453.92
  0
LWPOLYLINE
  5
FA
330
17
100
AcDbEntity
  8
HOJDKURVOR_STOD
100
AcDbPolyline
 90
6
 70
0
 10
305396.0
 20
6404463.61
 10
305396.32
 20
6404464.0
 10
305396.58
 20
6404466.0
 10
305396.0
 20
6404466.56
 10
305395.08
 20
6404464.0
 10
305396.0
 20
6404463.61
  0
LWPOLYLINE
  5
FB
330
17
100
AcDbEntity
  8
HOJDKURVOR_STOD
100
AcDbPolyline
 90
21
 70
0
 10
305404.0
 20
6404463.09
 10
305406.0
 20
6404463.03
 10
305408.0
 20
6404464.23
 10
305412.0
 20
6404463.67
 10
305412.9
 20
6404464.0
 10
305412.53
 20
6404466.0
 10
305412.84
 20
6404468.0
 10
305414.0
 20
6404469.04
 10
305416.0
 20
6404469.92
 10
305418.0
 20
6404469.86
 10
305418.06
 20
6404472.0
 10
305416.0
 20
6404472.06
 10
305414.43
 20
6404474.0
 10
305414.0
 20
6404475.5
 10
305412.0
 20
6404475.67
 10
305410.0
 20
6404474.92
 10
305409.23
 20
6404474.0
 10
305408.64
 20
6404472.0
 10
305405.17
 20
6404468.0
 10
305403.11
 20
6404464.0
 10
305404.0
 20
6404463.09
  0
TEXT
  5
FC
330
17
100
AcDbEntity
  8
HOJDKURVOR_TEXT
100
AcDbText
 10
305416.39110156026
 20
6404472.048608692
 30
0.0
 40
1.5
  1
10.0
 50
358.3316625630926
 72
1
 11
305416.39110156026
 21
6404472.048608692
 31
0.0
100
AcDbText
 73
2
  0
LWPOLYLINE
  5
FD
330
17
100
AcDbEntity
  8
HOJDKURVOR_STOD
100
AcDbPolyline
 90
9
 70
0
 10
305420.0
 20
6404463.71
 10
305422.0
 20
6404464.29
 10
305422.89
 20
6404466.0
 10
305422.0
 20
6404466.89
 10
305420.0
 20
6404467.35
 10
305418.0
 20
6404466.87
 10
305416.46
 20
6404466.0
 10
305418.86
 20
6404464.0
 10
305420.0
 20
6404463.71
  0
TEXT
  5
FE
330
17
100
AcDbEntity
  8
HOJDKURVOR_TEXT
100
AcDbText
 10
305419.6086421826
 20
6404467.256074123
 30
0.0
 40
1.5
  1
10.0
 50
13.495733267677593
 72
1
 11
305419.6086421826
 21
6404467.256074123
 31
0.0
100
AcDbText
 73
2
  0
LWPOLYLINE
  5
FF
330
17
100
AcDbEntity
  8
HOJDKURVOR_STOD
100
AcDbPolyline
 90
5
 70
0
 10
305298.0
 20
6404466.76
 10
305299.31
 20
6404468.0
 10
305298.0
 20
6404468.48
 10
305297.6
 20
6404468.0
 10
305298.0
 20
6404466.76
  0
LWPOLYLINE
  5
100
330
17
100
AcDbEntity
  8
HOJDKURVOR_STOD
100
AcDbPolyline
 90
26
 70
0
 10
305580.0
 20
6404469.97
 10
305582.0
 20
6404469.67
 10
305586.0
 20
6404471.84
 10
305588.0
 20
6404471.48
 10
305590.43
 20
6404472.0
 10
305588.22
 20
6404474.0
 10
305586.91
 20
6404476.0
 10
305586.0
 20
6404476.3
 10
305584.0
 20
6404475.61
 10
305583.17
 20
6404476.0
 10
305581.05
 20
6404478.0
 10
305580.86
 20
6404480.0
 10
305578.0
 20
6404480.67
 10
305576.56
 20
6404482.0
 10
305574.0
 20
6404482.99
 10
305570.0
 20
6404483.62
 10
305566.0
 20
6404483.0
 10
305565.43
 20
6404482.0
 10
305565.8
 20
6404480.0
 10
305567.94
 20
6404478.0
 10
305568.96
 20
6404476.0
 10
305570.0
 20
6404474.92
 10
305574.0
 20
6404472.93
 10
305576.0
 20
6404471.25
 10
305578.0
 20
6404471.03
 10
305580.0
 20
6404469.97
  0
TEXT
  5
101
330
17
100
AcDbEntity
  8
HOJDKURVOR_TEXT
100
AcDbText
 10
305575.7290778585
 20
6404482.321333172
 30
0.0
 40
1.5
  1
10.0
 50
338.85757921128214
 72
1
 11
305575.7290778585
 21
6404482.321333172
 31
0.0
100
AcDbText
 73
2
  0
LWPOLYLINE
  5
102
330
17
100
AcDbEntity
  8
HOJDKURVOR_STOD
100
AcDbPolyline
 90
3
 70
0
 10
305378.0
 20
6404485.95
 10
305377.67
 20
6404486.0
 10
305378.0
 20
6404485.95
  0
LWPOLYLINE
  5
103
330
17
100
AcDbEntity
  8
HOJDKURVOR_STOD
100
AcDbPolyline
 90
3
 70
0
 10
305376.0
 20
6404487.43
 10
305376.0
 20
6404488.09
 10
305376.0
 20
6404487.43
  0
LWPOLYLINE
  5
104
330
17
100
AcDbEntity
  8
HOJDKURVOR_GRUND
100
AcDbPolyline
 90
5
 70
0
 10
305270.0
 20
6404380.5
 10
305270.5
 20
6404382.0
 10
305270.0
 20
6404382.5
 10
305269.14
 20
6404382.0
 10
305270.0
 20
6404380.5
  0
LWPOLYLINE
  5
105
330
17
100
AcDbEntity
  8
HOJDKURVOR_GRUND
100
AcDbPolyline
 90
20
 70
0
 10
305532.0
 20
6404385.64
 10
305534.0
 20
6404385.04
 10
305536.0
 20
6404385.26
 10
305538.0
 20
6404386.12
 10
305538.77
 20
6404388.0
 10
305538.61
 20
6404392.0
 10
305536.0
 20
6404393.7
 10
305534.7
 20
6404396.0
 10
305534.0
 20
6404396.59
 10
305530.0
 20
6404397.58
 10
305526.0
 20
6404396.34
 10
305524.0
 20
6404394.46
 10
305520.0
 20
6404394.56
 10
305518.34
 20
6404394.0
 10
305520.0
 20
6404393.04
 10
305522.0
 20
6404393.24
 10
305524.0
 20
6404392.5
 10
305525.33
 20
6404390.0
 10
305528.0
 20
6404388.84
 10
305532.0
 20
6404385.64
  0
LWPOLYLINE
  5
106
330
17
100
AcDbEntity
  8
HOJDKURVOR_GRUND
100
AcDbPolyline
 90
44
 70
0
 10
305484.0
 20
6404389.77
 10
305486.0
 20
6404389.19
 10
305491.46
 20
6404392.0
 10
305494.0
 20
6404394.0
 10
305497.08
 20
6404398.0
 10
305496.51
 20
6404402.0
 10
305496.56
 20
6404406.0
 10
305495.93
 20
6404408.0
 10
305493.72
 20
6404410.0
 10
305490.0
 20
6404410.94
 10
305488.0
 20
6404412.61
 10
305486.0
 20
6404413.07
 10
305484.0
 20
6404412.33
 10
305482.0
 20
6404410.78
 10
305480.0
 20
6404410.0
 10
305478.0
 20
6404408.69
 10
305476.76
 20
6404410.0
 10
305478.26
 20
6404412.0
 10
305477.05
 20
6404414.0
 10
305475.02
 20
6404416.0
 10
305474.0
 20
6404416.44
 10
305472.0
 20
6404416.56
 10
305466.0
 20
6404416.42
 10
305457.88
 20
6404418.0
 10
305458.0
 20
6404416.0
 10
305457.4
 20
6404414.0
 10
305460.0
 20
6404411.4
 10
305462.0
 20
6404410.66
 10
305462.73
 20
6404410.0
 10
305462.69
 20
6404408.0
 10
305465.06
 20
6404406.0
 10
305465.6
 20
6404404.0
 10
305464.18
 20
6404402.0
 10
305463.52
 20
6404398.0
 10
305464.0
 20
6404393.33
 10
305468.0
 20
6404392.85
 10
305472.0
 20
6404391.05
 10
305473.33
 20
6404392.0
 10
305474.0
 20
6404393.0
 10
305476.0
 20
6404393.76
 10
305478.0
 20
6404395.47
 10
305480.27
 20
6404394.0
 10
305481.45
 20
6404392.0
 10
305484.0
 20
6404389.77
  0
LWPOLYLINE
  5
107
330
17
100
AcDbEntity
  8
HOJDKURVOR_GRUND
100
AcDbPolyline
 90
5
 70
0
 10
305248.0
 20
6404398.85
 10
305246.93
 20
6404400.0
 10
305248.0
 20
6404401.5
 10
305248.68
 20
6404400.0
 10
305248.0
 20
6404398.85
  0
LWPOLYLINE
  5
108
330
17
100
AcDbEntity
  8
HOJDKURVOR_GRUND
100
AcDbPolyline
 90
5
 70
0
 10
305474.0
 20
6404399.33
 10
305472.82
 20
6404400.0
 10
305474.0
 20
6404400.4
 10
305475.0
 20
6404400.0
 10
305474.0
 20
6404399.33
  0
LWPOLYLINE
  5
109
330
17
100
AcDbEntity
  8
HOJDKURVOR_GRUND
100
AcDbPolyline
 90
5
 70
0
 10
305634.0
 20
6404401.91
 10
305632.8
 20
6404402.0
 10
305634.0
 20
6404402.14
 10
305634.23
 20
6404402.0
 10
305634.0
 20
6404401.91
  0
LWPOLYLINE
  5
10A
330
17
100
AcDbEntity
  8
HOJDKURVOR_GRUND
100
AcDbPolyline
 90
17
 70
0
 10
305506.0
 20
6404405.6
 10
305506.8
 20
6404406.0
 10
305506.77
 20
6404408.0
 10
305508.0
 20
6404408.89
 10
305510.0
 20
6404409.46
 10
305510.42
 20
6404410.0
 10
305510.0
 20
6404410.62
 10
305508.0
 20
6404412.02
 10
305504.0
 20
6404412.33
 10
305503.08
 20
6404412.0
 10
305502.0
 20
6404411.03
 10
305501.4
 20
6404410.0
 10
305501.28
 20
6404408.0
 10
305502.0
 20
6404407.44
 10
305504.0
 20
6404407.45
 10
305505.87
 20
6404406.0
 10
305506.0
 20
6404405.6
  0
LWPOLYLINE
  5
10B
330
17
100
AcDbEntity
  8
HOJDKURVOR_GRUND
100
AcDbPolyline
 90
7
 70
0
 10
305524.0
 20
6404406.99
 10
305526.06
 20
6404408.0
 10
305525.0
 20
6404410.0
 10
305524.0
 20
6404410.2
 10
305523.47
 20
6404410.0
 10
305523.01
 20
6404408.0
 10
305524.0
 20
6404406.99
  0
LWPOLYLINE
  5
10C
330
17
100
AcDbEntity
  8
HOJDKURVOR_GRUND
100
AcDbPolyline
 90
11
 70
0
 10
305314.0
 20
6404411.37
 10
305313.09
 20
6404412.0
 10
305316.0
 20
6404413.49
 10
305318.0
 20
6404414.96
 10
305320.0
 20
6404415.23
 10
305322.0
 20
6404416.49
 10
305324.0
 20
6404416.97
 10
305325.49
 20
6404416.0
 10
305322.3
 20
6404414.0
 10
305316.0
 20
6404410.93
 10
305314.0
 20
6404411.37
  0
LWPOLYLINE
  5
10D
330
17
100
AcDbEntity
  8
HOJDKURVOR_GRUND
100
AcDbPolyline
 90
5
 70
0
 10
305350.0
 20
6404411.06
 10
305349.01
 20
6404412.0
 10
305350.0
 20
6404412.92
 10
305350.88
 20
6404412.0
 10
305350.0
 20
6404411.06
  0
LWPOLYLINE
  5
10E
330
17
100
AcDbEntity
  8
HOJDKURVOR_GRUND
100
AcDbPolyline
 90
37
 70
0
 10
305326.0
 20
6404417.43
 10
305325.77
 20
6404418.0
 10
305328.0
 20
6404420.89
 10
305334.0
 20
6404424.14
 10
305336.0
 20
6404424.91
 10
305337.28
 20
6404426.0
 10
305338.0
 20
6404427.65
 10
305340.0
 20
6404430.0
 10
305339.54
 20
6404432.0
 10
305340.0
 20
6404434.92
 10
305342.0
 20
6404435.18
 10
305344.0
 20
6404434.36
 10
305345.5
 20
6404432.0
 10
305346.0
 20
6404431.78
 10
305348.0
 20
6404432.94
 10
305354.0
 20
6404432.76
 10
305357.62
 20
6404434.0
 10
305360.0
 20
6404434.2
 10
305361.11
 20
6404434.0
 10
305360.0
 20
6404433.43
 10
305358.89
 20
6404432.0
 10
305358.6
 20
6404430.0
 10
305356.05
 20
6404428.0
 10
305354.0
 20
6404425.83
 10
305349.82
 20
6404424.0
 10
305348.0
 20
6404423.56
 10
305346.46
 20
6404424.0
 10
305346.0
 20
6404424.5
 10
305343.0
 20
6404424.0
 10
305342.0
 20
6404422.0
 10
305340.0
 20
6404422.91
 10
305338.0
 20
6404421.31
 10
305336.0
 20
6404421.15
 10
305334.0
 20
6404420.59
 10
305329.84
 20
6404418.0
 10
305328.0
 20
6404417.45
 10
305326.0
 20
6404417.43
  0
LWPOLYLINE
  5
10F
330
17
100
AcDbEntity
  8
HOJDKURVOR_GRUND
100
AcDbPolyline
 90
5
 70
0
 10
305340.0
 20
6404419.69
 10
305339.19
 20
6404420.0
 10
305340.0
 20
6404421.13
 10
305340.74
 20
6404420.0
 10
305340.0
 20
6404419.69
  0
LWPOLYLINE
  5
110
330
17
100
AcDbEntity
  8
HOJDKURVOR_GRUND
100
AcDbPolyline
 90
5
 70
0
 10
305382.0
 20
6404448.55
 10
305383.73
 20
6404450.0
 10
305382.0
 20
6404451.83
 10
305380.84
 20
6404450.0
 10
305382.0
 20
6404448.55
  0
LWPOLYLINE
  5
111
330
17
100
AcDbEntity
  8
HOJDKURVOR_GRUND
100
AcDbPolyline
 90
5
 70
0
 10
305390.0
 20
6404459.45
 10
305390.58
 20
6404460.0
 10
305390.0
 20
6404460.41
 10
305389.52
 20
6404460.0
 10
305390.0
 20
6404459.45
  0
LWPOLYLINE
  5
112
330
17
100
AcDbEntity
  8
HOJDKURVOR_GRUND
100
AcDbPolyline
 90
8
 70
0
 10
305406.0
 20
6404464.29
 10
305410.71
 20
6404468.0
 10
305410.93
 20
6404472.0
 10
305410.0
 20
6404473.56
 10
305409.7
 20
6404472.0
 10
305406.0
 20
6404467.71
 10
305405.4
 20
6404466.0
 10
305406.0
 20
6404464.29
  0
LWPOLYLINE
  5
113
330
17
100
AcDbEntity
  8
HOJDKURVOR_GRUND
100
AcDbPolyline
 90
5
 70
0
 10
305382.0
 20
6404471.76
 10
305382.23
 20
6404472.0
 10
305382.0
 20
6404473.14
 10
305381.0
 20
6404472.0
 10
305382.0
 20
6404471.76
  0
LWPOLYLINE
  5
114
330
17
100
AcDbEntity
  8
HOJDKURVOR_GRUND
100
AcDbPolyline
 90
13
 70
0
 10
305576.0
 20
6404471.85
 10
305578.0
 20
6404471.88
 10
305580.0
 20
6404471.34
 10
305582.0
 20
6404471.29
 10
305584.14
 20
6404472.0
 10
305584.0
 20
6404474.0
 10
305580.0
 20
6404476.0
 10
305578.0
 20
6404478.43
 10
305576.0
 20
6404478.64
 10
305574.0
 20
6404477.75
 10
305572.0
 20
6404477.62
 10
305570.85
 20
6404476.0
 10
305576.0
 20
6404471.85
  0
LWPOLYLINE
  5
115
330
17
100
AcDbEntity
  8
HOJDKURVOR_GRUND
100
AcDbPolyline
 90
4
 70
0
 10
305572.0
 20
6404480.86
 10
305572.8
 20
6404482.0
 10
305570.55
 20
6404482.0
 10
305572.0
 20
6404480.86
  0
LWPOLYLINE
  5
116
330
17
100
AcDbEntity
  8
HOJDKURVOR_GRUND
100
AcDbPolyline
 90
12
 70
0
 10
305314.0
 20
6404383.5
 10
305313.14
 20
6404384.0
 10
305312.0
 20
6404385.33
 10
305311.81
 20
6404386.0
 10
305313.07
 20
6404388.0
 10
305314.0
 20
6404391.2
 10
305315.0
 20
6404392.0
 10
305316.0
 20
6404392.24
 10
305318.17
 20
6404390.0
 10
305316.0
 20
6404388.0
 10
305314.67
 20
6404386.0
 10
305314.0
 20
6404383.5
  0
LWPOLYLINE
  5
117
330
17
100
AcDbEntity
  8
HOJDKURVOR_GRUND
100
AcDbPolyline
 90
18
 70
0
 10
305248.0
 20
6404385.42
 10
305250.0
 20
6404385.36
 10
305252.0
 20
6404384.36
 10
305253.29
 20
6404386.0
 10
305253.89
 20
6404388.0
 10
305254.06
 20
6404390.0
 10
305252.0
 20
6404393.0
 10
305250.0
 20
6404392.47
 10
305248.0
 20
6404394.58
 10
305246.0
 20
6404394.77
 10
305244.0
 20
6404394.0
 10
305242.0
 20
6404392.41
 10
305240.74
 20
6404392.0
 10
305240.96
 20
6404390.0
 10
305242.0
 20
6404388.56
 10
305244.0
 20
6404387.04
 10
305246.0
 20
6404386.0
 10
305248.0
 20
6404385.42
  0
LWPOLYLINE
  5
118
330
17
100
AcDbEntity
  8
HOJDKURVOR_GRUND
100
AcDbPolyline
 90
12
 70
0
 10
305532.0
 20
6404387.51
 10
305534.0
 20
6404386.53
 10
305536.0
 20
6404386.67
 10
305537.89
 20
6404388.0
 10
305538.0
 20
6404390.4
 10
305534.97
 20
6404392.0
 10
305534.47
 20
6404394.0
 10
305532.7
 20
6404396.0
 10
305530.0
 20
6404396.71
 10
305526.49
 20
6404396.0
 10
305524.92
 20
6404394.0
 10
305532.0
 20
6404387.51
  0
LWPOLYLINE
  5
119
330
17
100
AcDbEntity
  8
HOJDKURVOR_GRUND
100
AcDbPolyline
 90
30
 70
0
 10
305488.0
 20
6404391.35
 10
305489.45
 20
6404392.0
 10
305491.64
 20
6404394.0
 10
305492.0
 20
6404394.82
 10
305494.07
 20
6404396.0
 10
305494.0
 20
6404400.0
 10
305495.79
 20
6404404.0
 10
305495.64
 20
6404406.0
 10
305494.69
 20
6404408.0
 10
305494.0
 20
6404408.67
 10
305492.0
 20
6404409.57
 10
305490.0
 20
6404409.14
 10
305486.61
 20
6404412.0
 10
305486.0
 20
6404412.18
 10
305484.0
 20
6404410.44
 10
305482.0
 20
6404409.73
 10
305478.89
 20
6404408.0
 10
305478.4
 20
6404406.0
 10
305476.0
 20
6404404.1
 10
305474.46
 20
6404406.0
 10
305472.0
 20
6404406.86
 10
305470.0
 20
6404407.09
 10
305468.43
 20
6404406.0
 10
305468.7
 20
6404404.0
 10
305472.0
 20
6404401.58
 10
305474.0
 20
6404401.94
 10
305480.0
 20
6404400.57
 10
305480.7
 20
6404396.0
 10
305484.0
 20
6404392.63
 10
305488.0
 20
6404391.35
  0
LWPOLYLINE
  5
11A
330
17
100
AcDbEntity
  8
HOJDKURVOR_GRUND
100
AcDbPolyline
 90
10
 70
0
 10
305468.0
 20
6404393.72
 10
305470.0
 20
6404393.78
 10
305473.0
 20
6404396.0
 10
305472.15
 20
6404398.0
 10
305470.0
 20
6404400.67
 10
305466.0
 20
6404399.54
 10
305464.84
 20
6404398.0
 10
305464.87
 20
6404396.0
 10
305466.0
 20
6404394.1
 10
305468.0
 20
6404393.72
  0
LWPOLYLINE
  5
11B
330
17
100
AcDbEntity
  8
HOJDKURVOR_GRUND
100
AcDbPolyline
 90
13
 70
0
 10
305466.0
 20
6404409.64
 10
305468.0
 20
6404410.36
 10
305470.0
 20
6404410.08
 10
305472.0
 20
6404408.57
 10
305474.17
 20
6404410.0
 10
305476.04
 20
6404412.0
 10
305475.23
 20
6404414.0
 10
305474.0
 20
6404415.34
 10
305472.0
 20
6404415.43
 10
305470.0
 20
6404414.98
 10
305467.06
 20
6404414.0
 10
305464.84
 20
6404412.0
 10
305466.0
 20
6404409.64
  0
LWPOLYLINE
  5
11C
330
17
100
AcDbEntity
  8
HOJDKURVOR_GRUND
100
AcDbPolyline
 90
5
 70
0
 10
305350.0
 20
6404410.74
 10
305348.67
 20
6404412.0
 10
305350.0
 20
6404413.23
 10
305351.18
 20
6404412.0
 10
305350.0
 20
6404410.74
  0
LWPOLYLINE
  5
11D
330
17
100
AcDbEntity
  8
HOJDKURVOR_GRUND
100
AcDbPolyline
 90
102
 70
0
 10
305290.0
 20
6404415.44
 10
305292.0
 20
6404415.65
 10
305296.0
 20
6404414.89
 10
305298.0
 20
6404415.53
 10
305300.0
 20
6404415.22
 10
305304.0
 20
6404415.53
 10
305306.0
 20
6404415.24
 10
305308.0
 20
6404414.51
 10
305312.0
 20
6404415.41
 10
305314.0
 20
6404414.36
 10
305316.0
 20
6404415.81
 10
305320.0
 20
6404416.94
 10
305324.0
 20
6404418.63
 10
305326.0
 20
6404420.0
 10
305328.0
 20
6404423.23
 10
305330.0
 20
6404423.47
 10
305331.06
 20
6404424.0
 10
305334.21
 20
6404426.0
 10
305336.0
 20
6404427.56
 10
305336.91
 20
6404430.0
 10
305337.58
 20
6404436.0
 10
305338.15
 20
6404438.0
 10
305340.0
 20
6404438.26
 10
305341.07
 20
6404438.0
 10
305346.0
 20
6404434.97
 10
305350.0
 20
6404435.09
 10
305354.0
 20
6404434.37
 10
305360.0
 20
6404435.2
 10
305362.0
 20
6404436.61
 10
305364.0
 20
6404437.16
 10
305368.0
 20
6404440.44
 10
305371.97
 20
6404444.0
 10
305373.71
 20
6404446.0
 10
305376.26
 20
6404450.0
 10
305376.64
 20
6404452.0
 10
305375.44
 20
6404454.0
 10
305375.96
 20
6404456.0
 10
305375.9
 20
6404458.0
 10
305376.86
 20
6404460.0
 10
305374.0
 20
6404463.25
 10
305372.0
 20
6404464.0
 10
305372.0
 20
6404466.0
 10
305372.79
 20
6404468.0
 10
305371.93
 20
6404470.0
 10
305374.25
 20
6404474.0
 10
305375.85
 20
6404480.0
 10
305372.0
 20
6404485.83
 10
305370.0
 20
6404486.33
 10
305368.0
 20
6404486.24
 10
305366.0
 20
6404486.83
 10
305364.0
 20
6404488.21
 10
305360.0
 20
6404488.67
 10
305358.0
 20
6404487.17
 10
305354.0
 20
6404485.82
 10
305352.0
 20
6404486.69
 10
305347.04
 20
6404486.0
 10
305344.0
 20
6404484.65
 10
305342.0
 20
6404484.29
 10
305340.0
 20
6404484.57
 10
305330.62
 20
6404480.0
 10
305328.34
 20
6404478.0
 10
305326.0
 20
6404478.03
 10
305322.0
 20
6404479.0
 10
305320.0
 20
6404478.78
 10
305318.0
 20
6404478.35
 10
305316.0
 20
6404476.73
 10
305312.0
 20
6404476.03
 10
305310.0
 20
6404474.79
 10
305306.32
 20
6404474.0
 10
305305.11
 20
6404472.0
 10
305305.84
 20
6404470.0
 10
305305.75
 20
6404468.0
 10
305304.0
 20
6404465.79
 10
305301.28
 20
6404464.0
 10
305300.0
 20
6404463.47
 10
305298.0
 20
6404463.53
 10
305296.0
 20
6404465.26
 10
305294.0
 20
6404465.07
 10
305292.38
 20
6404462.0
 10
305288.92
 20
6404458.0
 10
305288.42
 20
6404456.0
 10
305286.0
 20
6404454.26
 10
305283.58
 20
6404452.0
 10
305284.18
 20
6404446.0
 10
305282.94
 20
6404444.0
 10
305280.0
 20
6404441.74
 10
305275.23
 20
6404440.0
 10
305275.6
 20
6404438.0
 10
305274.71
 20
6404436.0
 10
305274.0
 20
6404435.4
 10
305273.66
 20
6404434.0
 10
305272.54
 20
6404432.0
 10
305272.93
 20
6404430.0
 10
305274.31
 20
6404428.0
 10
305274.78
 20
6404426.0
 10
305278.0
 20
6404422.04
 10
305282.0
 20
6404419.06
 10
305284.0
 20
6404418.49
 10
305286.0
 20
6404418.61
 10
305287.89
 20
6404418.0
 10
305289.0
 20
6404416.0
 10
305290.0
 20
6404415.44
  0
LWPOLYLINE
  5
11E
330
17
100
AcDbEntity
  8
HOJDKURVOR_GRUND
100
AcDbPolyline
 90
3
 70
0
 10
305378.0
 20
6404461.91
 10
305377.8
 20
6404462.0
 10
305378.0
 20
6404461.91
  0
LWPOLYLINE
  5
11F
330
17
100
AcDbEntity
  8
HOJDKURVOR_GRUND
100
AcDbPolyline
 90
4
 70
0
 10
305250.0
 20
6404343.78
 10
305249.33
 20
6404344.0
 10
305250.0
 20
6404344.33
 10
305250.0
 20
6404343.78
  0
LWPOLYLINE
  5
120
330
17
100
AcDbEntity
  8
HOJDKURVOR_GRUND
100
AcDbPolyline
 90
5
 70
0
 10
305268.0
 20
6404356.18
 10
305269.38
 20
6404358.0
 10
305268.0
 20
6404358.48
 10
305266.75
 20
6404358.0
 10
305268.0
 20
6404356.18
  0
LWPOLYLINE
  5
121
330
17
100
AcDbEntity
  8
HOJDKURVOR_GRUND
100
AcDbPolyline
 90
4
 70
0
 10
305272.0
 20
6404358.6
 10
305272.64
 20
6404360.0
 10
305271.84
 20
6404360.0
 10
305272.0
 20
6404358.6
  0
LWPOLYLINE
  5
122
330
17
100
AcDbEntity
  8
HOJDKURVOR_GRUND
100
AcDbPolyline
 90
9
 70
0
 10
305514.0
 20
6404372.15
 10
305516.0
 20
6404372.7
 10
305518.0
 20
6404374.0
 10
305517.1
 20
6404376.0
 10
305516.0
 20
6404377.1
 10
305514.0
 20
6404377.71
 10
305512.09
 20
6404376.0
 10
305512.15
 20
6404374.0
 10
305514.0
 20
6404372.15
  0
LWPOLYLINE
  5
123
330
17
100
AcDbEntity
  8
HOJDKURVOR_GRUND
100
AcDbPolyline
 90
8
 70
0
 10
305306.0
 20
6404381.06
 10
305308.46
 20
6404382.0
 10
305308.86
 20
6404384.0
 10
305308.49
 20
6404386.0
 10
305308.0
 20
6404386.48
 10
305306.67
 20
6404386.0
 10
305305.06
 20
6404382.0
 10
305306.0
 20
6404381.06
  0
LWPOLYLINE
  5
124
330
17
100
AcDbEntity
  8
HOJDKURVOR_GRUND
100
AcDbPolyline
 90
4
 70
0
 10
305318.0
 20
6404385.75
 10
305322.57
 20
6404386.0
 10
305318.0
 20
6404386.11
 10
305318.0
 20
6404385.75
  0
LWPOLYLINE
  5
125
330
17
100
AcDbEntity
  8
HOJDKURVOR_GRUND
100
AcDbPolyline
 90
4
 70
0
 10
305306.0
 20
6404387.25
 10
305306.0
 20
6404388.35
 10
305305.33
 20
6404388.0
 10
305306.0
 20
6404387.25
  0
LWPOLYLINE
  5
126
330
17
100
AcDbEntity
  8
HOJDKURVOR_GRUND
100
AcDbPolyline
 90
7
 70
0
 10
305528.0
 20
6404392.91
 10
305530.0
 20
6404392.45
 10
305532.26
 20
6404394.0
 10
305530.0
 20
6404395.58
 10
305528.0
 20
6404395.53
 10
305526.71
 20
6404394.0
 10
305528.0
 20
6404392.91
  0
LWPOLYLINE
  5
127
330
17
100
AcDbEntity
  8
HOJDKURVOR_GRUND
100
AcDbPolyline
 90
6
 70
0
 10
305466.0
 20
6404395.8
 10
305468.0
 20
6404395.58
 10
305468.67
 20
6404396.0
 10
305468.0
 20
6404396.9
 10
305466.0
 20
6404396.92
 10
305466.0
 20
6404395.8
  0
LWPOLYLINE
  5
128
330
17
100
AcDbEntity
  8
HOJDKURVOR_GRUND
100
AcDbPolyline
 90
26
 70
0
 10
305484.0
 20
6404394.44
 10
305486.0
 20
6404394.0
 10
305487.33
 20
6404396.0
 10
305488.0
 20
6404396.38
 10
305490.0
 20
6404395.33
 10
305491.31
 20
6404398.0
 10
305492.07
 20
6404402.0
 10
305494.0
 20
6404403.17
 10
305494.51
 20
6404404.0
 10
305494.0
 20
6404406.62
 10
305492.0
 20
6404407.77
 10
305490.3
 20
6404406.0
 10
305489.14
 20
6404404.0
 10
305488.0
 20
6404403.09
 10
305486.26
 20
6404404.0
 10
305485.38
 20
6404406.0
 10
305486.63
 20
6404410.0
 10
305486.0
 20
6404410.64
 10
305484.0
 20
6404408.58
 10
305482.0
 20
6404408.75
 10
305480.67
 20
6404408.0
 10
305480.55
 20
6404404.0
 10
305482.0
 20
6404403.47
 10
305484.97
 20
6404400.0
 10
305482.39
 20
6404396.0
 10
305484.0
 20
6404394.44
  0
LWPOLYLINE
  5
129
330
17
100
AcDbEntity
  8
HOJDKURVOR_GRUND
100
AcDbPolyline
 90
4
 70
0
 10
305316.0
 20
6404407.67
 10
305316.59
 20
6404408.0
 10
305316.0
 20
6404408.13
 10
305316.0
 20
6404407.67
  0
LWPOLYLINE
  5
12A
330
17
100
AcDbEntity
  8
HOJDKURVOR_GRUND
100
AcDbPolyline
 90
8
 70
0
 10
305472.0
 20
6404409.92
 10
305474.28
 20
6404412.0
 10
305474.0
 20
6404413.07
 10
305473.26
 20
6404414.0
 10
305472.0
 20
6404414.28
 10
305471.25
 20
6404414.0
 10
305468.97
 20
6404412.0
 10
305472.0
 20
6404409.92
  0
LWPOLYLINE
  5
12B
330
17
100
AcDbEntity
  8
HOJDKURVOR_GRUND
100
AcDbPolyline
 90
5
 70
0
 10
305350.0
 20
6404410.42
 10
305348.34
 20
6404412.0
 10
305350.0
 20
6404413.54
 10
305351.48
 20
6404412.0
 10
305350.0
 20
6404410.42
  0
LWPOLYLINE
  5
12C
330
17
100
AcDbEntity
  8
HOJDKURVOR_GRUND
100
AcDbPolyline
 90
4
 70
0
 10
305410.0
 20
6404411.81
 10
305409.71
 20
6404412.0
 10
305410.0
 20
6404412.19
 10
305410.0
 20
6404411.81
  0
LWPOLYLINE
  5
12D
330
17
100
AcDbEntity
  8
HOJDKURVOR_GRUND
100
AcDbPolyline
 90
109
 70
0
 10
305296.0
 20
6404415.9
 10
305300.0
 20
6404418.3
 10
305306.0
 20
6404417.19
 10
305310.0
 20
6404418.14
 10
305314.0
 20
6404417.18
 10
305316.88
 20
6404418.0
 10
305318.0
 20
6404419.27
 10
305320.0
 20
6404418.97
 10
305322.0
 20
6404419.17
 10
305323.5
 20
6404420.0
 10
305324.42
 20
6404422.0
 10
305326.0
 20
6404424.0
 10
305328.0
 20
6404425.45
 10
305330.0
 20
6404425.47
 10
305332.0
 20
6404427.11
 10
305332.77
 20
6404428.0
 10
305333.36
 20
6404430.0
 10
305334.9
 20
6404432.0
 10
305335.45
 20
6404434.0
 10
305333.18
 20
6404438.0
 10
305333.36
 20
6404440.0
 10
305334.0
 20
6404440.35
 10
305336.0
 20
6404440.5
 10
305338.0
 20
6404440.13
 10
305340.0
 20
6404438.79
 10
305346.0
 20
6404437.1
 10
305350.0
 20
6404436.72
 10
305354.0
 20
6404435.33
 10
305356.0
 20
6404435.69
 10
305358.0
 20
6404435.54
 10
305360.0
 20
6404436.27
 10
305364.9
 20
6404440.0
 10
305368.0
 20
6404441.74
 10
305370.73
 20
6404444.0
 10
305372.52
 20
6404446.0
 10
305373.71
 20
6404448.0
 10
305373.05
 20
6404450.0
 10
305373.01
 20
6404452.0
 10
305374.32
 20
6404458.0
 10
305373.62
 20
6404460.0
 10
305372.0
 20
6404461.25
 10
305369.79
 20
6404462.0
 10
305369.15
 20
6404464.0
 10
305370.07
 20
6404470.0
 10
305370.92
 20
6404472.0
 10
305371.33
 20
6404474.0
 10
305371.16
 20
6404476.0
 10
305371.54
 20
6404478.0
 10
305374.04
 20
6404480.0
 10
305372.17
 20
6404482.0
 10
305372.0
 20
6404482.67
 10
305368.0
 20
6404485.16
 10
305366.0
 20
6404485.29
 10
305362.0
 20
6404487.75
 10
305360.67
 20
6404488.0
 10
305359.92
 20
6404488.0
 10
305358.0
 20
6404486.16
 10
305356.0
 20
6404485.16
 10
305354.0
 20
6404484.67
 10
305352.0
 20
6404485.32
 10
305350.0
 20
6404485.49
 10
305348.0
 20
6404485.22
 10
305342.0
 20
6404482.99
 10
305340.0
 20
6404483.26
 10
305338.0
 20
6404482.29
 10
305336.0
 20
6404480.5
 10
305334.0
 20
6404479.36
 10
305332.0
 20
6404478.89
 10
305330.93
 20
6404478.0
 10
305326.0
 20
6404476.34
 10
305324.0
 20
6404476.36
 10
305322.0
 20
6404477.35
 10
305318.0
 20
6404476.78
 10
305314.0
 20
6404475.47
 10
305312.0
 20
6404474.22
 10
305308.0
 20
6404472.59
 10
305307.29
 20
6404472.0
 10
305306.68
 20
6404468.0
 10
305306.0
 20
6404466.82
 10
305302.0
 20
6404462.88
 10
305300.0
 20
6404462.42
 10
305298.0
 20
6404462.51
 10
305296.0
 20
6404464.37
 10
305294.0
 20
6404464.22
 10
305293.35
 20
6404462.0
 10
305290.11
 20
6404458.0
 10
305289.81
 20
6404456.0
 10
305284.3
 20
6404452.0
 10
305286.0
 20
6404448.76
 10
305288.0
 20
6404449.1
 10
305288.67
 20
6404448.0
 10
305288.0
 20
6404446.43
 10
305286.0
 20
6404443.56
 10
305284.0
 20
6404443.2
 10
305282.31
 20
6404442.0
 10
305280.37
 20
6404440.0
 10
305280.82
 20
6404438.0
 10
305277.57
 20
6404434.0
 10
305275.25
 20
6404432.0
 10
305274.74
 20
6404430.0
 10
305276.59
 20
6404426.0
 10
305278.0
 20
6404424.0
 10
305280.32
 20
6404422.0
 10
305281.97
 20
6404420.0
 10
305284.0
 20
6404419.46
 10
305286.0
 20
6404420.27
 10
305288.0
 20
6404420.61
 10
305290.0
 20
6404417.06
 10
305296.0
 20
6404415.9
  0
LWPOLYLINE
  5
12E
330
17
100
AcDbEntity
  8
HOJDKURVOR_GRUND
100
AcDbPolyline
 90
5
 70
0
 10
305404.0
 20
6404428.0
 10
305402.79
 20
6404430.0
 10
305404.0
 20
6404431.58
 10
305404.85
 20
6404430.0
 10
305404.0
 20
6404428.0
  0
LWPOLYLINE
  5
12F
330
17
100
AcDbEntity
  8
HOJDKURVOR_GRUND
100
AcDbPolyline
 90
5
 70
0
 10
305322.0
 20
6404431.14
 10
305321.75
 20
6404432.0
 10
305322.0
 20
6404432.67
 10
305324.0
 20
6404432.0
 10
305322.0
 20
6404431.14
  0
LWPOLYLINE
  5
130
330
17
100
AcDbEntity
  8
HOJDKURVOR_GRUND
100
AcDbPolyline
 90
11
 70
0
 10
305294.0
 20
6404371.62
 10
305296.0
 20
6404372.21
 10
305298.0
 20
6404371.83
 10
305300.29
 20
6404372.0
 10
305300.0
 20
6404374.0
 10
305298.0
 20
6404375.05
 10
305296.0
 20
6404375.35
 10
305294.0
 20
6404374.67
 10
305292.86
 20
6404374.0
 10
305293.55
 20
6404372.0
 10
305294.0
 20
6404371.62
  0
LWPOLYLINE
  5
131
330
17
100
AcDbEntity
  8
HOJDKURVOR_GRUND
100
AcDbPolyline
 90
3
 70
0
 10
305302.0
 20
6404377.78
 10
305302.0
 20
6404378.4
 10
305302.0
 20
6404377.78
  0
LWPOLYLINE
  5
132
330
17
100
AcDbEntity
  8
HOJDKURVOR_GRUND
100
AcDbPolyline
 90
5
 70
0
 10
305472.0
 20
6404380.0
 10
305472.21
 20
6404382.0
 10
305472.0
 20
6404382.19
 10
305471.62
 20
6404382.0
 10
305472.0
 20
6404380.0
  0
LWPOLYLINE
  5
133
330
17
100
AcDbEntity
  8
HOJDKURVOR_GRUND
100
AcDbPolyline
 90
4
 70
0
 10
305410.0
 20
6404393.95
 10
305410.0
 20
6404394.36
 10
305410.5
 20
6404394.0
 10
305410.0
 20
6404393.95
  0
LWPOLYLINE
  5
134
330
17
100
AcDbEntity
  8
HOJDKURVOR_GRUND
100
AcDbPolyline
 90
5
 70
0
 10
305328.0
 20
6404395.38
 10
305330.0
 20
6404396.0
 10
305328.0
 20
6404396.77
 10
305327.71
 20
6404396.0
 10
305328.0
 20
6404395.38
  0
LWPOLYLINE
  5
135
330
17
100
AcDbEntity
  8
HOJDKURVOR_GRUND
100
AcDbPolyline
 90
5
 70
0
 10
305488.0
 20
6404399.5
 10
305488.44
 20
6404400.0
 10
305488.0
 20
6404400.27
 10
305487.79
 20
6404400.0
 10
305488.0
 20
6404399.5
  0
LWPOLYLINE
  5
136
330
17
100
AcDbEntity
  8
HOJDKURVOR_GRUND
100
AcDbPolyline
 90
5
 70
0
 10
305414.0
 20
6404403.87
 10
305413.71
 20
6404404.0
 10
305414.0
 20
6404404.67
 10
305414.4
 20
6404404.0
 10
305414.0
 20
6404403.87
  0
LWPOLYLINE
  5
137
330
17
100
AcDbEntity
  8
HOJDKURVOR_GRUND
100
AcDbPolyline
 90
11
 70
0
 10
305420.0
 20
6404414.5
 10
305422.0
 20
6404416.0
 10
305424.0
 20
6404415.57
 10
305424.0
 20
6404426.0
 10
305415.94
 20
6404426.0
 10
305416.0
 20
6404424.0
 10
305417.84
 20
6404422.0
 10
305417.89
 20
6404420.0
 10
305419.38
 20
6404418.0
 10
305419.33
 20
6404416.0
 10
305420.0
 20
6404414.5
  0
LWPOLYLINE
  5
138
330
17
100
AcDbEntity
  8
HOJDKURVOR_GRUND
100
AcDbPolyline
 90
122
 70
0
 10
305292.0
 20
6404417.12
 10
305294.0
 20
6404417.05
 10
305296.0
 20
6404417.48
 10
305298.0
 20
6404419.24
 10
305300.0
 20
6404419.82
 10
305302.0
 20
6404419.65
 10
305306.0
 20
6404420.97
 10
305306.97
 20
6404422.0
 10
305310.0
 20
6404423.56
 10
305311.48
 20
6404420.0
 10
305312.0
 20
6404419.69
 10
305314.0
 20
6404419.84
 10
305315.2
 20
6404422.0
 10
305316.0
 20
6404422.57
 10
305318.0
 20
6404421.53
 10
305320.0
 20
6404421.53
 10
305321.25
 20
6404422.0
 10
305322.0
 20
6404424.75
 10
305324.0
 20
6404425.44
 10
305324.72
 20
6404426.0
 10
305324.0
 20
6404426.72
 10
305322.0
 20
6404426.56
 10
305320.0
 20
6404425.27
 10
305319.06
 20
6404426.0
 10
305319.64
 20
6404428.0
 10
305319.25
 20
6404430.0
 10
305318.24
 20
6404432.0
 10
305318.0
 20
6404432.2
 10
305316.0
 20
6404431.88
 10
305314.0
 20
6404433.0
 10
305312.0
 20
6404433.12
 10
305310.69
 20
6404434.0
 10
305310.67
 20
6404436.0
 10
305312.12
 20
6404438.0
 10
305315.6
 20
6404440.0
 10
305322.0
 20
6404439.76
 10
305324.0
 20
6404438.83
 10
305326.0
 20
6404435.78
 10
305328.0
 20
6404433.62
 10
305330.0
 20
6404435.71
 10
305331.11
 20
6404438.0
 10
305330.0
 20
6404441.33
 10
305328.0
 20
6404441.86
 10
305328.0
 20
6404442.13
 10
305334.0
 20
6404442.11
 10
305336.0
 20
6404441.1
 10
305338.0
 20
6404440.56
 10
305340.0
 20
6404439.32
 10
305344.0
 20
6404439.06
 10
305350.0
 20
6404438.09
 10
305354.0
 20
6404436.32
 10
305356.0
 20
6404436.69
 10
305358.0
 20
6404436.53
 10
305360.0
 20
6404437.62
 10
305362.41
 20
6404440.0
 10
305366.0
 20
6404441.59
 10
305369.37
 20
6404444.0
 10
305371.11
 20
6404446.0
 10
305371.08
 20
6404450.0
 10
305371.58
 20
6404452.0
 10
305372.26
 20
6404458.0
 10
305371.38
 20
6404460.0
 10
305368.0
 20
6404460.81
 10
305367.04
 20
6404462.0
 10
305366.86
 20
6404464.0
 10
305368.48
 20
6404470.0
 10
305368.87
 20
6404474.0
 10
305368.81
 20
6404482.0
 10
305368.0
 20
6404484.0
 10
305366.0
 20
6404484.1
 10
305364.0
 20
6404484.77
 10
305362.0
 20
6404486.19
 10
305360.0
 20
6404486.36
 10
305356.0
 20
6404483.86
 10
305354.0
 20
6404483.61
 10
305350.0
 20
6404484.6
 10
305348.0
 20
6404484.22
 10
305346.0
 20
6404483.53
 10
305344.0
 20
6404481.87
 10
305340.0
 20
6404481.79
 10
305338.0
 20
6404481.03
 10
305336.95
 20
6404480.0
 10
305336.0
 20
6404478.24
 10
305334.0
 20
6404477.52
 10
305332.0
 20
6404477.4
 10
305328.0
 20
6404476.38
 10
305324.0
 20
6404474.44
 10
305322.0
 20
6404474.98
 10
305316.0
 20
6404473.94
 10
305308.0
 20
6404470.42
 10
305307.55
 20
6404468.0
 10
305306.43
 20
6404466.0
 10
305302.0
 20
6404461.49
 10
305300.0
 20
6404461.28
 10
305298.0
 20
6404460.57
 10
305296.0
 20
6404461.0
 10
305295.6
 20
6404460.0
 10
305294.0
 20
6404458.86
 10
305292.0
 20
6404458.6
 10
305291.54
 20
6404458.0
 10
305290.98
 20
6404456.0
 10
305292.96
 20
6404452.0
 10
305291.08
 20
6404450.0
 10
305291.6
 20
6404446.0
 10
305289.3
 20
6404444.0
 10
305290.0
 20
6404442.0
 10
305286.0
 20
6404440.65
 10
305284.0
 20
6404441.0
 10
305283.82
 20
6404440.0
 10
305284.42
 20
6404438.0
 10
305282.0
 20
6404434.0
 10
305278.34
 20
6404430.0
 10
305277.74
 20
6404428.0
 10
305278.08
 20
6404426.0
 10
305279.52
 20
6404424.0
 10
305284.0
 20
6404420.92
 10
305288.0
 20
6404422.76
 10
305290.0
 20
6404422.25
 10
305290.3
 20
6404422.0
 10
305290.0
 20
6404420.0
 10
305290.57
 20
6404418.0
 10
305292.0
 20
6404417.12
  0
LWPOLYLINE
  5
139
330
17
100
AcDbEntity
  8
HOJDKURVOR_GRUND
100
AcDbPolyline
 90
4
 70
0
 10
305400.0
 20
6404419.8
 10
305399.6
 20
6404420.0
 10
305400.0
 20
6404420.18
 10
305400.0
 20
6404419.8
  0
LWPOLYLINE
  5
13A
330
17
100
AcDbEntity
  8
HOJDKURVOR_GRUND
100
AcDbPolyline
 90
5
 70
0
 10
305312.0
 20
6404423.26
 10
305310.33
 20
6404424.0
 10
305312.0
 20
6404424.25
 10
305312.67
 20
6404424.0
 10
305312.0
 20
6404423.26
  0
LWPOLYLINE
  5
13B
330
17
100
AcDbEntity
  8
HOJDKURVOR_GRUND
100
AcDbPolyline
 90
5
 70
0
 10
305388.0
 20
6404439.58
 10
305389.67
 20
6404440.0
 10
305388.0
 20
6404441.05
 10
305387.2
 20
6404440.0
 10
305388.0
 20
6404439.58
  0
LWPOLYLINE
  5
13C
330
17
100
AcDbEntity
  8
HOJDKURVOR_GRUND
100
AcDbPolyline
 90
4
 70
0
 10
305288.0
 20
6404451.95
 10
305290.0
 20
6404451.67
 10
305290.5
 20
6404452.0
 10
305288.0
 20
6404451.95
  0
LWPOLYLINE
  5
13D
330
17
100
AcDbEntity
  8
HOJDKURVOR_STOD
100
AcDbPolyline
 90
5
 70
0
 10
305428.0
 20
6404389.7
 10
305428.78
 20
6404390.0
 10
305428.0
 20
6404390.67
 10
305427.14
 20
6404390.0
 10
305428.0
 20
6404389.7
  0
LWPOLYLINE
  5
13E
330
17
100
AcDbEntity
  8
HOJDKURVOR_STOD
100
AcDbPolyline
 90
7
 70
0
 10
305398.0
 20
6404410.8
 10
305400.0
 20
6404410.5
 10
305400.6
 20
6404412.0
 10
305400.0
 20
6404412.86
 10
305398.0
 20
6404414.48
 10
305397.71
 20
6404414.0
 10
305398.0
 20
6404410.8
  0
LWPOLYLINE
  5
13F
330
17
100
AcDbEntity
  8
HOJDKURVOR_STOD
100
AcDbPolyline
 90
3
 70
0
 10
305406.0
 20
6404413.95
 10
305406.0
 20
6404416.0
 10
305406.0
 20
6404413.95
  0
LWPOLYLINE
  5
140
330
17
100
AcDbEntity
  8
HOJDKURVOR_STOD
100
AcDbPolyline
 90
8
 70
0
 10
305292.0
 20
6404417.75
 10
305294.06
 20
6404418.0
 10
305295.33
 20
6404420.0
 10
305294.0
 20
6404421.11
 10
305292.0
 20
6404421.49
 10
305291.27
 20
6404420.0
 10
305291.59
 20
6404418.0
 10
305292.0
 20
6404417.75
  0
LWPOLYLINE
  5
141
330
17
100
AcDbEntity
  8
HOJDKURVOR_STOD
100
AcDbPolyline
 90
8
 70
0
 10
305404.0
 20
6404419.06
 10
305405.28
 20
6404420.0
 10
305405.71
 20
6404422.0
 10
305405.57
 20
6404424.0
 10
305404.0
 20
6404426.08
 10
305402.85
 20
6404424.0
 10
305403.15
 20
6404420.0
 10
305404.0
 20
6404419.06
  0
TEXT
  5
142
330
17
100
AcDbEntity
  8
HOJDKURVOR_TEXT
100
AcDbText
 10
305404.1775411041
 20
6404425.844786308
 30
0.0
 40
1.5
  1
12.5
 50
307.0457859014054
 72
1
 11
305404.1775411041
 21
6404425.844786308
 31
0.0
100
AcDbText
 73
2
  0
LWPOLYLINE
  5
143
330
17
100
AcDbEntity
  8
HOJDKURVOR_STOD
100
AcDbPolyline
 90
99
 70
0
 10
305300.0
 20
6404421.91
 10
305302.0
 20
6404420.94
 10
305304.0
 20
6404421.34
 10
305306.0
 20
6404422.61
 10
305308.0
 20
6404423.29
 10
305310.0
 20
6404425.17
 10
305312.0
 20
6404425.52
 10
305314.0
 20
6404425.33
 10
305315.11
 20
6404426.0
 10
305315.2
 20
6404428.0
 10
305312.0
 20
6404428.67
 10
305310.59
 20
6404430.0
 10
305310.0
 20
6404431.0
 10
305307.75
 20
6404432.0
 10
305306.17
 20
6404436.0
 10
305306.67
 20
6404438.0
 10
305306.0
 20
6404440.0
 10
305310.0
 20
6404441.36
 10
305316.0
 20
6404441.52
 10
305318.0
 20
6404440.88
 10
305324.0
 20
6404442.26
 10
305328.0
 20
6404444.52
 10
305330.18
 20
6404444.0
 10
305332.0
 20
6404443.11
 10
305334.0
 20
6404442.86
 10
305340.0
 20
6404439.85
 10
305342.0
 20
6404439.77
 10
305344.0
 20
6404440.58
 10
305350.0
 20
6404439.21
 10
305354.0
 20
6404437.37
 10
305358.0
 20
6404437.92
 10
305360.17
 20
6404440.0
 10
305364.62
 20
6404442.0
 10
305367.78
 20
6404444.0
 10
305369.19
 20
6404446.0
 10
305369.47
 20
6404450.0
 10
305370.29
 20
6404452.0
 10
305370.49
 20
6404456.0
 10
305370.0
 20
6404458.36
 10
305368.0
 20
6404458.97
 10
305366.0
 20
6404459.0
 10
305364.81
 20
6404460.0
 10
305364.37
 20
6404464.0
 10
305364.71
 20
6404466.0
 10
305365.68
 20
6404468.0
 10
305367.11
 20
6404476.0
 10
305366.2
 20
6404480.0
 10
305366.31
 20
6404482.0
 10
305364.0
 20
6404483.12
 10
305358.0
 20
6404483.56
 10
305356.0
 20
6404482.17
 10
305350.0
 20
6404483.38
 10
305346.0
 20
6404482.37
 10
305344.0
 20
6404480.97
 10
305340.0
 20
6404480.0
 10
305338.36
 20
6404478.0
 10
305340.53
 20
6404476.0
 10
305338.0
 20
6404475.49
 10
305336.0
 20
6404475.87
 10
305334.0
 20
6404475.64
 10
305332.0
 20
6404476.23
 10
305330.0
 20
6404476.09
 10
305328.0
 20
6404475.5
 10
305324.0
 20
6404473.41
 10
305322.0
 20
6404472.96
 10
305320.0
 20
6404471.59
 10
305318.0
 20
6404471.13
 10
305316.0
 20
6404471.12
 10
305312.0
 20
6404469.32
 10
305310.0
 20
6404469.09
 10
305308.0
 20
6404467.17
 10
305307.36
 20
6404466.0
 10
305304.0
 20
6404462.12
 10
305302.0
 20
6404460.33
 10
305299.86
 20
6404460.0
 10
305298.0
 20
6404457.74
 10
305296.0
 20
6404458.18
 10
305292.5
 20
6404456.0
 10
305294.0
 20
6404454.33
 10
305295.12
 20
6404452.0
 10
305294.77
 20
6404450.0
 10
305293.68
 20
6404448.0
 10
305293.73
 20
6404446.0
 10
305292.65
 20
6404444.0
 10
305292.38
 20
6404442.0
 10
305290.0
 20
6404439.33
 10
305288.0
 20
6404438.41
 10
305285.17
 20
6404436.0
 10
305283.61
 20
6404434.0
 10
305282.31
 20
6404430.0
 10
305280.74
 20
6404428.0
 10
305282.0
 20
6404426.15
 10
305284.0
 20
6404426.56
 10
305284.35
 20
6404426.0
 10
305288.0
 20
6404424.21
 10
305290.0
 20
6404424.09
 10
305292.0
 20
6404424.5
 10
305294.0
 20
6404424.29
 10
305300.0
 20
6404421.91
  0
TEXT
  5
144
330
17
100
AcDbEntity
  8
HOJDKURVOR_TEXT
100
AcDbText
 10
305340.3684918256
 20
6404439.835260327
 30
0.0
 40
1.5
  1
12.5
 50
-2.2906100447695543
 72
1
 11
305340.3684918256
 21
6404439.835260327
 31
0.0
100
AcDbText
 73
2
  0
TEXT
  5
145
330
17
100
AcDbEntity
  8
HOJDKURVOR_TEXT
100
AcDbText
 10
305305.89653128583
 20
6404464.3100420805
 30
0.0
 40
1.5
  1
12.5
 50
49.10811217643706
 72
1
 11
305305.89653128583
 21
6404464.3100420805
 31
0.0
100
AcDbText
 73
2
  0
LWPOLYLINE
  5
146
330
17
100
AcDbEntity
  8
HOJDKURVOR_STOD
100
AcDbPolyline
 90
5
 70
0
 10
305328.0
 20
6404436.75
 10
305328.75
 20
6404438.0
 10
305328.0
 20
6404438.79
 10
305327.06
 20
6404438.0
 10
305328.0
 20
6404436.75
  0
LWPOLYLINE
  5
147
330
17
100
AcDbEntity
  8
HOJDKURVOR_GRUND
100
AcDbPolyline
 90
4
 70
0
 10
305502.0
 20
6404377.91
 10
305502.0
 20
6404378.5
 10
305502.4
 20
6404378.0
 10
305502.0
 20
6404377.91
  0
LWPOLYLINE
  5
148
330
17
100
AcDbEntity
  8
HOJDKURVOR_GRUND
100
AcDbPolyline
 90
12
 70
0
 10
305302.0
 20
6404422.43
 10
305304.0
 20
6404422.76
 10
305307.35
 20
6404424.0
 10
305308.0
 20
6404424.58
 10
305309.33
 20
6404426.0
 10
305308.0
 20
6404428.45
 10
305306.0
 20
6404429.29
 10
305304.0
 20
6404428.87
 10
305302.0
 20
6404426.52
 10
305300.7
 20
6404426.0
 10
305300.81
 20
6404424.0
 10
305302.0
 20
6404422.43
  0
LWPOLYLINE
  5
149
330
17
100
AcDbEntity
  8
HOJDKURVOR_GRUND
100
AcDbPolyline
 90
3
 70
0
 10
305404.0
 20
6404423.68
 10
305404.0
 20
6404424.2
 10
305404.0
 20
6404423.68
  0
LWPOLYLINE
  5
14A
330
17
100
AcDbEntity
  8
HOJDKURVOR_GRUND
100
AcDbPolyline
 90
5
 70
0
 10
305296.0
 20
6404447.14
 10
305296.83
 20
6404448.0
 10
305296.0
 20
6404448.61
 10
305295.48
 20
6404448.0
 10
305296.0
 20
6404447.14
  0
LWPOLYLINE
  5
14B
330
17
100
AcDbEntity
  8
HOJDKURVOR_GRUND
100
AcDbPolyline
 90
14
 70
0
 10
305662.0
 20
6404409.72
 10
305662.74
 20
6404410.0
 10
305662.75
 20
6404414.0
 10
305664.78
 20
6404416.0
 10
305665.41
 20
6404418.0
 10
305663.86
 20
6404420.0
 10
305660.0
 20
6404420.69
 10
305658.47
 20
6404420.0
 10
305658.48
 20
6404418.0
 10
305660.44
 20
6404416.0
 10
305661.39
 20
6404414.0
 10
305661.16
 20
6404412.0
 10
305660.38
 20
6404410.0
 10
305662.0
 20
6404409.72
  0
LWPOLYLINE
  5
14C
330
17
100
AcDbEntity
  8
HOJDKURVOR_GRUND
100
AcDbPolyline
 90
7
 70
0
 10
305304.0
 20
6404425.46
 10
305306.0
 20
6404425.59
 10
305306.5
 20
6404426.0
 10
305306.0
 20
6404426.52
 10
305304.0
 20
6404426.35
 10
305303.68
 20
6404426.0
 10
305304.0
 20
6404425.46
  0
LWPOLYLINE
  5
14D
330
17
100
AcDbEntity
  8
HOJDKURVOR_GRUND
100
AcDbPolyline
 90
5
 70
0
 10
305290.0
 20
6404435.11
 10
305292.0
 20
6404436.0
 10
305290.0
 20
6404436.34
 10
305289.58
 20
6404436.0
 10
305290.0
 20
6404435.11
  0
LWPOLYLINE
  5
14E
330
17
100
AcDbEntity
  8
HOJDKURVOR_GRUND
100
AcDbPolyline
 90
10
 70
0
 10
305294.0
 20
6404435.76
 10
305296.0
 20
6404435.78
 10
305298.54
 20
6404438.0
 10
305299.0
 20
6404440.0
 10
305298.63
 20
6404444.0
 10
305298.0
 20
6404444.16
 10
305295.48
 20
6404442.0
 10
305291.81
 20
6404438.0
 10
305292.0
 20
6404436.0
 10
305294.0
 20
6404435.76
  0
LWPOLYLINE
  5
14F
330
17
100
AcDbEntity
  8
HOJDKURVOR_GRUND
100
AcDbPolyline
 90
77
 70
0
 10
305338.0
 20
6404441.86
 10
305340.0
 20
6404441.72
 10
305342.0
 20
6404442.9
 10
305344.0
 20
6404443.29
 10
305346.0
 20
6404442.49
 10
305348.0
 20
6404442.25
 10
305350.0
 20
6404442.65
 10
305352.0
 20
6404442.29
 10
305354.0
 20
6404442.53
 10
305356.0
 20
6404443.51
 10
305358.58
 20
6404446.0
 10
305360.0
 20
6404446.64
 10
305362.0
 20
6404446.85
 10
305365.51
 20
6404450.0
 10
305366.47
 20
6404452.0
 10
305366.0
 20
6404453.29
 10
305365.33
 20
6404454.0
 10
305364.0
 20
6404454.5
 10
305362.0
 20
6404454.7
 10
305360.0
 20
6404455.75
 10
305359.15
 20
6404458.0
 10
305356.47
 20
6404462.0
 10
305357.11
 20
6404466.0
 10
305356.0
 20
6404468.25
 10
305356.82
 20
6404470.0
 10
305358.0
 20
6404470.77
 10
305360.0
 20
6404471.29
 10
305360.51
 20
6404472.0
 10
305360.5
 20
6404474.0
 10
305362.06
 20
6404476.0
 10
305362.23
 20
6404478.0
 10
305362.0
 20
6404479.11
 10
305361.33
 20
6404478.0
 10
305358.0
 20
6404475.53
 10
305355.64
 20
6404478.0
 10
305354.0
 20
6404479.08
 10
305350.0
 20
6404480.25
 10
305346.0
 20
6404480.15
 10
305344.25
 20
6404478.0
 10
305346.72
 20
6404476.0
 10
305346.0
 20
6404475.22
 10
305340.0
 20
6404474.72
 10
305338.0
 20
6404473.48
 10
305336.0
 20
6404472.99
 10
305330.0
 20
6404473.82
 10
305328.0
 20
6404473.37
 10
305324.0
 20
6404471.74
 10
305320.89
 20
6404470.0
 10
305318.0
 20
6404465.76
 10
305316.0
 20
6404465.3
 10
305314.0
 20
6404465.41
 10
305312.0
 20
6404464.75
 10
305308.0
 20
6404464.19
 10
305305.52
 20
6404462.0
 10
305305.4
 20
6404460.0
 10
305306.0
 20
6404458.68
 10
305308.11
 20
6404456.0
 10
305306.0
 20
6404454.35
 10
305303.14
 20
6404454.0
 10
305303.24
 20
6404452.0
 10
305302.3
 20
6404448.0
 10
305306.0
 20
6404444.73
 10
305308.0
 20
6404444.21
 10
305310.0
 20
6404444.56
 10
305312.0
 20
6404444.29
 10
305314.0
 20
6404444.47
 10
305316.0
 20
6404443.27
 10
305318.0
 20
6404443.19
 10
305320.0
 20
6404443.74
 10
305322.0
 20
6404445.48
 10
305324.0
 20
6404446.52
 10
305326.0
 20
6404446.67
 10
305328.0
 20
6404446.45
 10
305330.0
 20
6404445.62
 10
305332.0
 20
6404445.45
 10
305334.0
 20
6404444.79
 10
305338.0
 20
6404441.86
  0
LWPOLYLINE
  5
150
330
17
100
AcDbEntity
  8
HOJDKURVOR_GRUND
100
AcDbPolyline
 90
4
 70
0
 10
305496.0
 20
6404365.29
 10
305496.0
 20
6404366.12
 10
305494.33
 20
6404366.0
 10
305496.0
 20
6404365.29
  0
LWPOLYLINE
  5
151
330
17
100
AcDbEntity
  8
HOJDKURVOR_GRUND
100
AcDbPolyline
 90
4
 70
0
 10
305472.0
 20
6404369.94
 10
305471.65
 20
6404370.0
 10
305472.0
 20
6404371.5
 10
305472.0
 20
6404369.94
  0
LWPOLYLINE
  5
152
330
17
100
AcDbEntity
  8
HOJDKURVOR_GRUND
100
AcDbPolyline
 90
18
 70
0
 10
305420.0
 20
6404389.77
 10
305421.79
 20
6404392.0
 10
305422.7
 20
6404394.0
 10
305423.42
 20
6404396.0
 10
305423.06
 20
6404398.0
 10
305424.0
 20
6404398.61
 10
305426.0
 20
6404397.72
 10
305426.17
 20
6404398.0
 10
305426.65
 20
6404400.0
 10
305426.0
 20
6404401.09
 10
305424.0
 20
6404402.36
 10
305422.0
 20
6404400.85
 10
305420.0
 20
6404400.18
 10
305417.97
 20
6404400.0
 10
305416.89
 20
6404398.0
 10
305416.17
 20
6404392.0
 10
305418.0
 20
6404390.13
 10
305420.0
 20
6404389.77
  0
LWPOLYLINE
  5
153
330
17
100
AcDbEntity
  8
HOJDKURVOR_GRUND
100
AcDbPolyline
 90
14
 70
0
 10
305378.0
 20
6404415.87
 10
305378.97
 20
6404420.0
 10
305380.0
 20
6404420.97
 10
305382.0
 20
6404421.09
 10
305384.0
 20
6404422.1
 10
305382.0
 20
6404423.43
 10
305380.0
 20
6404423.28
 10
305378.0
 20
6404421.19
 10
305376.0
 20
6404421.13
 10
305374.24
 20
6404420.0
 10
305376.0
 20
6404418.17
 10
305376.5
 20
6404418.0
 10
305377.33
 20
6404416.0
 10
305378.0
 20
6404415.87
  0
LWPOLYLINE
  5
154
330
17
100
AcDbEntity
  8
HOJDKURVOR_GRUND
100
AcDbPolyline
 90
75
 70
0
 10
305338.0
 20
6404443.28
 10
305340.09
 20
6404444.0
 10
305339.76
 20
6404446.0
 10
305340.0
 20
6404446.33
 10
305342.0
 20
6404446.0
 10
305344.0
 20
6404445.17
 10
305344.81
 20
6404446.0
 10
305342.0
 20
6404449.0
 10
305340.44
 20
6404450.0
 10
305342.0
 20
6404450.89
 10
305344.0
 20
6404450.99
 10
305346.0
 20
6404450.63
 10
305349.49
 20
6404448.0
 10
305350.0
 20
6404446.0
 10
305354.0
 20
6404444.22
 10
305356.0
 20
6404447.33
 10
305358.0
 20
6404448.0
 10
305360.0
 20
6404449.75
 10
305361.0
 20
6404450.0
 10
305360.0
 20
6404450.4
 10
305358.0
 20
6404452.67
 10
305356.18
 20
6404458.0
 10
305354.49
 20
6404460.0
 10
305354.26
 20
6404462.0
 10
305353.11
 20
6404466.0
 10
305353.32
 20
6404468.0
 10
305352.96
 20
6404472.0
 10
305353.35
 20
6404474.0
 10
305354.65
 20
6404476.0
 10
305352.88
 20
6404478.0
 10
305352.0
 20
6404478.47
 10
305350.0
 20
6404477.35
 10
305349.19
 20
6404476.0
 10
305349.7
 20
6404474.0
 10
305348.0
 20
6404473.21
 10
305346.0
 20
6404473.14
 10
305344.0
 20
6404473.39
 10
305342.0
 20
6404474.23
 10
305340.0
 20
6404474.17
 10
305338.0
 20
6404472.89
 10
305336.0
 20
6404472.12
 10
305334.0
 20
6404472.57
 10
305330.0
 20
6404472.7
 10
305327.75
 20
6404472.0
 10
305326.0
 20
6404470.98
 10
305322.52
 20
6404470.0
 10
305320.0
 20
6404465.33
 10
305318.0
 20
6404464.03
 10
305315.53
 20
6404464.0
 10
305314.0
 20
6404461.78
 10
305312.0
 20
6404461.6
 10
305310.0
 20
6404462.0
 10
305308.0
 20
6404460.22
 10
305308.0
 20
6404459.9
 10
305310.0
 20
6404458.61
 10
305310.12
 20
6404458.0
 10
305309.02
 20
6404456.0
 10
305304.52
 20
6404452.0
 10
305303.47
 20
6404450.0
 10
305303.05
 20
6404448.0
 10
305306.0
 20
6404445.72
 10
305308.0
 20
6404445.25
 10
305314.0
 20
6404445.77
 10
305316.0
 20
6404444.11
 10
305320.0
 20
6404445.5
 10
305322.0
 20
6404448.3
 10
305326.0
 20
6404447.23
 10
305330.0
 20
6404446.78
 10
305331.78
 20
6404448.0
 10
305332.0
 20
6404449.67
 10
305334.0
 20
6404449.08
 10
305335.75
 20
6404448.0
 10
305334.86
 20
6404446.0
 10
305336.64
 20
6404444.0
 10
305338.0
 20
6404443.28
  0
LWPOLYLINE
  5
155
330
17
100
AcDbEntity
  8
HOJDKURVOR_GRUND
100
AcDbPolyline
 90
4
 70
0
 10
305216.75
 20
6404300.0
 10
305216.0
 20
6404300.63
 10
305214.6
 20
6404300.0
 10
305216.75
 20
6404300.0
  0
LWPOLYLINE
  5
156
330
17
100
AcDbEntity
  8
HOJDKURVOR_GRUND
100
AcDbPolyline
 90
12
 70
0
 10
305680.0
 20
6404421.18
 10
305678.0
 20
6404421.77
 10
305676.0
 20
6404421.61
 10
305673.02
 20
6404420.0
 10
305673.37
 20
6404418.0
 10
305673.09
 20
6404416.0
 10
305671.77
 20
6404414.0
 10
305672.0
 20
6404413.1
 10
305674.0
 20
6404412.59
 10
305676.0
 20
6404412.66
 10
305679.87
 20
6404416.0
 10
305680.0
 20
6404421.18
  0
LWPOLYLINE
  5
157
330
17
100
AcDbEntity
  8
HOJDKURVOR_GRUND
100
AcDbPolyline
 90
4
 70
0
 10
305478.0
 20
6404361.94
 10
305477.71
 20
6404362.0
 10
305478.0
 20
6404362.25
 10
305478.0
 20
6404361.94
  0
LWPOLYLINE
  5
158
330
17
100
AcDbEntity
  8
HOJDKURVOR_GRUND
100
AcDbPolyline
 90
7
 70
0
 10
305484.0
 20
6404367.03
 10
305486.54
 20
6404368.0
 10
305487.0
 20
6404370.0
 10
305486.0
 20
6404370.16
 10
305484.0
 20
6404368.9
 10
305483.29
 20
6404368.0
 10
305484.0
 20
6404367.03
  0
LWPOLYLINE
  5
159
330
17
100
AcDbEntity
  8
HOJDKURVOR_GRUND
100
AcDbPolyline
 90
5
 70
0
 10
305634.0
 20
6404379.9
 10
305633.71
 20
6404380.0
 10
305634.0
 20
6404380.24
 10
305634.48
 20
6404380.0
 10
305634.0
 20
6404379.9
  0
LWPOLYLINE
  5
15A
330
17
100
AcDbEntity
  8
HOJDKURVOR_GRUND
100
AcDbPolyline
 90
11
 70
0
 10
305418.0
 20
6404391.1
 10
305420.0
 20
6404391.19
 10
305421.68
 20
6404394.0
 10
305421.73
 20
6404396.0
 10
305421.04
 20
6404398.0
 10
305420.0
 20
6404398.92
 10
305418.0
 20
6404398.37
 10
305417.8
 20
6404398.0
 10
305417.87
 20
6404396.0
 10
305417.11
 20
6404392.0
 10
305418.0
 20
6404391.1
  0
LWPOLYLINE
  5
15B
330
17
100
AcDbEntity
  8
HOJDKURVOR_GRUND
100
AcDbPolyline
 90
66
 70
0
 10
305304.0
 20
6404447.81
 10
305308.0
 20
6404446.44
 10
305314.0
 20
6404447.26
 10
305316.0
 20
6404446.7
 10
305319.0
 20
6404448.0
 10
305320.0
 20
6404449.69
 10
305324.0
 20
6404449.65
 10
305325.36
 20
6404448.0
 10
305326.0
 20
6404447.8
 10
305328.0
 20
6404447.58
 10
305329.61
 20
6404448.0
 10
305328.0
 20
6404449.61
 10
305326.88
 20
6404450.0
 10
305326.0
 20
6404450.93
 10
305325.53
 20
6404452.0
 10
305326.0
 20
6404452.35
 10
305328.0
 20
6404452.67
 10
305330.0
 20
6404451.22
 10
305332.0
 20
6404451.51
 10
305334.0
 20
6404452.22
 10
305336.0
 20
6404452.29
 10
305337.76
 20
6404454.0
 10
305337.21
 20
6404456.0
 10
305338.0
 20
6404457.24
 10
305342.0
 20
6404460.17
 10
305343.14
 20
6404458.0
 10
305341.47
 20
6404456.0
 10
305342.0
 20
6404455.64
 10
305342.71
 20
6404454.0
 10
305344.0
 20
6404452.39
 10
305348.0
 20
6404453.0
 10
305349.0
 20
6404452.0
 10
305349.2
 20
6404450.0
 10
305352.0
 20
6404447.73
 10
305354.4
 20
6404450.0
 10
305350.0
 20
6404454.0
 10
305349.05
 20
6404456.0
 10
305350.0
 20
6404457.89
 10
305351.82
 20
6404460.0
 10
305352.09
 20
6404462.0
 10
305350.57
 20
6404464.0
 10
305350.0
 20
6404466.0
 10
305350.36
 20
6404468.0
 10
305349.74
 20
6404470.0
 10
305348.0
 20
6404471.39
 10
305346.0
 20
6404471.93
 10
305342.0
 20
6404471.88
 10
305340.0
 20
6404472.68
 10
305338.0
 20
6404472.31
 10
305336.0
 20
6404471.28
 10
305334.0
 20
6404471.65
 10
305330.0
 20
6404471.22
 10
305328.0
 20
6404470.44
 10
305324.0
 20
6404468.22
 10
305321.97
 20
6404466.0
 10
305321.81
 20
6404464.0
 10
305318.0
 20
6404462.69
 10
305316.94
 20
6404462.0
 10
305316.16
 20
6404460.0
 10
305314.0
 20
6404459.97
 10
305312.0
 20
6404459.48
 10
305309.93
 20
6404456.0
 10
305308.0
 20
6404454.75
 10
305305.14
 20
6404452.0
 10
305304.0
 20
6404448.87
 10
305304.0
 20
6404447.81
  0
LWPOLYLINE
  5
15C
330
17
100
AcDbEntity
  8
HOJDKURVOR_GRUND
100
AcDbPolyline
 90
5
 70
0
 10
305314.0
 20
6404453.58
 10
305313.37
 20
6404454.0
 10
305314.0
 20
6404454.73
 10
305314.53
 20
6404454.0
 10
305314.0
 20
6404453.58
  0
LWPOLYLINE
  5
15D
330
17
100
AcDbEntity
  8
HOJDKURVOR_STOD
100
AcDbPolyline
 90
5
 70
0
 10
305420.0
 20
6404393.52
 10
305420.21
 20
6404394.0
 10
305420.0
 20
6404396.13
 10
305419.52
 20
6404394.0
 10
305420.0
 20
6404393.52
  0
LWPOLYLINE
  5
15E
330
17
100
AcDbEntity
  8
HOJDKURVOR_STOD
100
AcDbPolyline
 90
8
 70
0
 10
305676.0
 20
6404414.31
 10
305678.2
 20
6404416.0
 10
305679.8
 20
6404418.0
 10
305678.0
 20
6404420.13
 10
305676.0
 20
6404419.07
 10
305675.29
 20
6404418.0
 10
305674.69
 20
6404416.0
 10
305676.0
 20
6404414.31
  0
TEXT
  5
15F
330
17
100
AcDbEntity
  8
HOJDKURVOR_TEXT
100
AcDbText
 10
305678.1130009836
 20
6404419.99628217
 30
0.0
 40
1.5
  1
15.0
 50
310.2001638873947
 72
1
 11
305678.1130009836
 21
6404419.99628217
 31
0.0
100
AcDbText
 73
2
  0
LWPOLYLINE
  5
160
330
17
100
AcDbEntity
  8
HOJDKURVOR_STOD
100
AcDbPolyline
 90
10
 70
0
 10
305308.0
 20
6404448.0
 10
305310.0
 20
6404448.64
 10
305312.0
 20
6404448.86
 10
305315.0
 20
6404450.0
 10
305314.96
 20
6404452.0
 10
305310.0
 20
6404454.49
 10
305308.0
 20
6404454.16
 10
305305.75
 20
6404452.0
 10
305306.0
 20
6404450.52
 10
305308.0
 20
6404448.0
  0
TEXT
  5
161
330
17
100
AcDbEntity
  8
HOJDKURVOR_TEXT
100
AcDbText
 10
305312.2375667146
 20
6404453.3667054195
 30
0.0
 40
1.5
  1
15.0
 50
333.3426108194918
 72
1
 11
305312.2375667146
 21
6404453.3667054195
 31
0.0
100
AcDbText
 73
2
  0
LWPOLYLINE
  5
162
330
17
100
AcDbEntity
  8
HOJDKURVOR_STOD
100
AcDbPolyline
 90
40
 70
0
 10
305320.0
 20
6404451.78
 10
305322.0
 20
6404452.25
 10
305322.64
 20
6404454.0
 10
305321.3
 20
6404456.0
 10
305322.0
 20
6404457.12
 10
305324.3
 20
6404456.0
 10
305326.0
 20
6404454.52
 10
305330.0
 20
6404454.8
 10
305331.2
 20
6404456.0
 10
305334.0
 20
6404456.48
 10
305338.47
 20
6404460.0
 10
305340.93
 20
6404466.0
 10
305342.0
 20
6404466.82
 10
305344.0
 20
6404466.88
 10
305346.0
 20
6404467.42
 10
305346.93
 20
6404468.0
 10
305346.67
 20
6404470.0
 10
305344.0
 20
6404470.42
 10
305342.0
 20
6404470.34
 10
305338.0
 20
6404471.17
 10
305336.0
 20
6404470.44
 10
305328.0
 20
6404469.06
 10
305326.29
 20
6404468.0
 10
305324.78
 20
6404466.0
 10
305324.42
 20
6404464.0
 10
305324.0
 20
6404463.45
 10
305322.0
 20
6404462.58
 10
305319.33
 20
6404462.0
 10
305319.29
 20
6404460.0
 10
305318.0
 20
6404458.54
 10
305314.0
 20
6404458.6
 10
305312.0
 20
6404458.29
 10
305311.8
 20
6404458.0
 10
305312.0
 20
6404457.58
 10
305314.0
 20
6404457.0
 10
305316.0
 20
6404457.09
 10
305316.61
 20
6404456.0
 10
305316.27
 20
6404454.0
 10
305318.0
 20
6404452.53
 10
305320.0
 20
6404451.78
  0
TEXT
  5
163
330
17
100
AcDbEntity
  8
HOJDKURVOR_TEXT
100
AcDbText
 10
305340.71311820444
 20
6404470.607027972
 30
0.0
 40
1.5
  1
15.0
 50
348.2774790288746
 72
1
 11
305340.71311820444
 21
6404470.607027972
 31
0.0
100
AcDbText
 73
2
  0
LWPOLYLINE
  5
164
330
17
100
AcDbEntity
  8
HOJDKURVOR_STOD
100
AcDbPolyline
 90
5
 70
0
 10
305346.0
 20
6404456.57
 10
305346.62
 20
6404458.0
 10
305346.0
 20
6404458.5
 10
305345.78
 20
6404458.0
 10
305346.0
 20
6404456.57
  0
LWPOLYLINE
  5
165
330
17
100
AcDbEntity
  8
HOJDKURVOR_GRUND
100
AcDbPolyline
 90
3
 70
0
 10
305316.0
 20
6404357.67
 10
305316.0
 20
6404358.04
 10
305316.0
 20
6404357.67
  0
LWPOLYLINE
  5
166
330
17
100
AcDbEntity
  8
HOJDKURVOR_GRUND
100
AcDbPolyline
 90
22
 70
0
 10
305324.0
 20
6404457.75
 10
305326.0
 20
6404456.76
 10
305328.0
 20
6404457.16
 10
305329.46
 20
6404458.0
 10
305330.0
 20
6404459.08
 10
305334.0
 20
6404459.66
 10
305334.61
 20
6404460.0
 10
305335.67
 20
6404462.0
 10
305338.0
 20
6404465.0
 10
305339.41
 20
6404468.0
 10
305338.0
 20
6404468.86
 10
305336.0
 20
6404468.34
 10
305334.0
 20
6404468.54
 10
305328.0
 20
6404467.7
 10
305326.66
 20
6404466.0
 10
305326.29
 20
6404464.0
 10
305327.62
 20
6404462.0
 10
305326.0
 20
6404460.96
 10
305324.0
 20
6404460.88
 10
305323.12
 20
6404460.0
 10
305323.66
 20
6404458.0
 10
305324.0
 20
6404457.75
  0
LWPOLYLINE
  5
167
330
17
100
AcDbEntity
  8
HOJDKURVOR_GRUND
100
AcDbPolyline
 90
6
 70
0
 10
305408.0
 20
6404364.63
 10
305407.42
 20
6404366.0
 10
305408.0
 20
6404366.7
 10
305410.0
 20
6404368.0
 10
305410.0
 20
6404366.0
 10
305408.0
 20
6404364.63
  0
LWPOLYLINE
  5
168
330
17
100
AcDbEntity
  8
HOJDKURVOR_GRUND
100
AcDbPolyline
 90
6
 70
0
 10
305326.0
 20
6404366.9
 10
305328.0
 20
6404367.2
 10
305328.19
 20
6404368.0
 10
305326.0
 20
6404369.1
 10
305325.69
 20
6404368.0
 10
305326.0
 20
6404366.9
  0
LWPOLYLINE
  5
169
330
17
100
AcDbEntity
  8
HOJDKURVOR_GRUND
100
AcDbPolyline
 90
6
 70
0
 10
305330.0
 20
6404465.74
 10
305332.0
 20
6404465.5
 10
305332.16
 20
6404466.0
 10
305330.0
 20
6404466.15
 10
305329.11
 20
6404466.0
 10
305330.0
 20
6404465.74
  0
LWPOLYLINE
  5
16A
330
17
100
AcDbEntity
  8
HOJDKURVOR_GRUND
100
AcDbPolyline
 90
4
 70
0
 10
305408.0
 20
6404371.33
 10
305408.0
 20
6404372.38
 10
305408.22
 20
6404372.0
 10
305408.0
 20
6404371.33
  0
LWPOLYLINE
  5
16B
330
17
100
AcDbEntity
  8
HOJDKURVOR_GRUND
100
AcDbPolyline
 90
3
 70
0
 10
305376.0
 20
6404390.0
 10
305378.29
 20
6404390.0
 10
305376.0
 20
6404390.0
  0
LWPOLYLINE
  5
16C
330
17
100
AcDbEntity
  8
HOJDKURVOR_GRUND
100
AcDbPolyline
 90
5
 70
0
 10
305410.0
 20
6404373.06
 10
305411.12
 20
6404374.0
 10
305410.0
 20
6404374.92
 10
305409.23
 20
6404374.0
 10
305410.0
 20
6404373.06
  0
LWPOLYLINE
  5
16D
330
17
100
AcDbEntity
  8
HOJDKURVOR_GRUND
100
AcDbPolyline
 90
5
 70
0
 10
305650.0
 20
6404383.6
 10
305650.5
 20
6404384.0
 10
305650.0
 20
6404384.27
 10
305649.0
 20
6404384.0
 10
305650.0
 20
6404383.6
  0
LWPOLYLINE
  5
16E
330
17
100
AcDbEntity
  8
HOJDKURVOR_GRUND
100
AcDbPolyline
 90
3
 70
0
 10
305356.0
 20
6404385.78
 10
305356.17
 20
6404386.0
 10
305356.0
 20
6404385.78
  0
LWPOLYLINE
  5
16F
330
17
100
AcDbEntity
  8
HOJDKURVOR_GRUND
100
AcDbPolyline
 90
11
 70
0
 10
305356.0
 20
6404375.97
 10
305358.0
 20
6404374.77
 10
305360.0
 20
6404374.27
 10
305362.0
 20
6404374.8
 10
305362.94
 20
6404376.0
 10
305362.71
 20
6404380.0
 10
305362.0
 20
6404380.45
 10
305360.0
 20
6404380.47
 10
305357.5
 20
6404380.0
 10
305356.0
 20
6404378.64
 10
305356.0
 20
6404375.97
  0
LWPOLYLINE
  5
170
330
17
100
AcDbEntity
  8
HOJDKURVOR_GRUND
100
AcDbPolyline
 90
12
 70
0
 10
305612.0
 20
6404375.93
 10
305614.0
 20
6404374.95
 10
305618.0
 20
6404377.96
 10
305619.25
 20
6404380.0
 10
305619.08
 20
6404382.0
 10
305614.0
 20
6404384.68
 10
305612.94
 20
6404384.0
 10
305612.0
 20
6404382.71
 10
305611.81
 20
6404380.0
 10
305609.62
 20
6404378.0
 10
305610.0
 20
6404376.86
 10
305612.0
 20
6404375.93
  0
LWPOLYLINE
  5
171
330
17
100
AcDbEntity
  8
HOJDKURVOR_GRUND
100
AcDbPolyline
 90
5
 70
0
 10
305474.0
 20
6404337.56
 10
305473.43
 20
6404338.0
 10
305472.67
 20
6404340.0
 10
305474.19
 20
6404340.0
 10
305474.0
 20
6404337.56
  0
LWPOLYLINE
  5
172
330
17
100
AcDbEntity
  8
HOJDKURVOR_GRUND
100
AcDbPolyline
 90
4
 70
0
 10
305458.0
 20
6404345.82
 10
305458.44
 20
6404346.0
 10
305458.0
 20
6404346.12
 10
305458.0
 20
6404345.82
  0
LWPOLYLINE
  5
173
330
17
100
AcDbEntity
  8
HOJDKURVOR_GRUND
100
AcDbPolyline
 90
4
 70
0
 10
305358.0
 20
6404377.6
 10
305358.5
 20
6404378.0
 10
305358.0
 20
6404378.04
 10
305358.0
 20
6404377.6
  0
LWPOLYLINE
  5
174
330
17
100
AcDbEntity
  8
HOJDKURVOR_GRUND
100
AcDbPolyline
 90
7
 70
0
 10
305614.0
 20
6404379.38
 10
305616.0
 20
6404378.83
 10
305617.02
 20
6404380.0
 10
305616.0
 20
6404380.86
 10
305614.0
 20
6404380.39
 10
305613.69
 20
6404380.0
 10
305614.0
 20
6404379.38
  0
LWPOLYLINE
  5
175
330
17
100
AcDbEntity
  8
HOJDKURVOR_GRUND
100
AcDbPolyline
 90
5
 70
0
 10
305660.0
 20
6404365.73
 10
305660.25
 20
6404366.0
 10
305660.0
 20
6404366.43
 10
305659.25
 20
6404366.0
 10
305660.0
 20
6404365.73
  0
LWPOLYLINE
  5
176
330
17
100
AcDbEntity
  8
HOJDKURVOR_GRUND
100
AcDbPolyline
 90
4
 70
0
 10
305586.0
 20
6404363.95
 10
305586.0
 20
6404364.22
 10
305586.75
 20
6404364.0
 10
305586.0
 20
6404363.95
  0
LWPOLYLINE
  5
177
330
17
100
AcDbEntity
  8
HOJDKURVOR_GRUND
100
AcDbPolyline
 90
7
 70
0
 10
305590.0
 20
6404363.31
 10
305588.43
 20
6404364.0
 10
305590.0
 20
6404364.41
 10
305592.0
 20
6404364.39
 10
305593.75
 20
6404364.0
 10
305592.0
 20
6404363.03
 10
305590.0
 20
6404363.31
  0
LWPOLYLINE
  5
178
330
17
100
AcDbEntity
  8
HOJDKURVOR_GRUND
100
AcDbPolyline
 90
5
 70
0
 10
305394.0
 20
6404373.7
 10
305396.0
 20
6404374.0
 10
305394.0
 20
6404374.29
 10
305393.79
 20
6404374.0
 10
305394.0
 20
6404373.7
  0
LWPOLYLINE
  5
179
330
17
100
AcDbEntity
  8
HOJDKURVOR_STOD
100
AcDbPolyline
 90
8
 70
0
 10
305648.0
 20
6404355.35
 10
305646.47
 20
6404356.0
 10
305648.0
 20
6404358.41
 10
305650.0
 20
6404358.41
 10
305650.58
 20
6404358.0
 10
305651.12
 20
6404356.0
 10
305650.0
 20
6404355.11
 10
305648.0
 20
6404355.35
  0
LWPOLYLINE
  5
17A
330
17
100
AcDbEntity
  8
HOJDKURVOR_STOD
100
AcDbPolyline
 90
3
 70
0
 10
305588.0
 20
6404359.96
 10
305587.74
 20
6404360.0
 10
305588.0
 20
6404359.96
  0
LWPOLYLINE
  5
17B
330
17
100
AcDbEntity
  8
HOJDKURVOR_STOD
100
AcDbPolyline
 90
18
 70
0
 10
305588.0
 20
6404365.64
 10
305592.0
 20
6404365.8
 10
305596.0
 20
6404368.28
 10
305598.0
 20
6404366.05
 10
305600.0
 20
6404366.66
 10
305601.34
 20
6404368.0
 10
305602.39
 20
6404370.0
 10
305602.29
 20
6404372.0
 10
305601.61
 20
6404374.0
 10
305600.0
 20
6404375.35
 10
305598.0
 20
6404375.73
 10
305592.0
 20
6404373.55
 10
305589.86
 20
6404372.0
 10
305588.0
 20
6404371.68
 10
305586.0
 20
6404371.94
 10
305584.81
 20
6404370.0
 10
305584.91
 20
6404368.0
 10
305588.0
 20
6404365.64
  0
TEXT
  5
17C
330
17
100
AcDbEntity
  8
HOJDKURVOR_TEXT
100
AcDbText
 10
305600.3959309903
 20
6404375.018008175
 30
0.0
 40
1.5
  1
20.0
 50
320.0198536495591
 72
1
 11
305600.3959309903
 21
6404375.018008175
 31
0.0
100
AcDbText
 73
2
  0
LWPOLYLINE
  5
17D
330
17
100
AcDbEntity
  8
HOJDKURVOR_GRUND
100
AcDbPolyline
 90
7
 70
0
 10
305432.0
 20
6404337.77
 10
305432.0
 20
6404338.26
 10
305434.0
 20
6404338.91
 10
305436.0
 20
6404338.57
 10
305436.35
 20
6404338.0
 10
305434.0
 20
6404337.45
 10
305432.0
 20
6404337.77
  0
LWPOLYLINE
  5
17E
330
17
100
AcDbEntity
  8
HOJDKURVOR_GRUND
100
AcDbPolyline
 90
5
 70
0
 10
305424.0
 20
6404341.44
 10
305422.1
 20
6404342.0
 10
305424.0
 20
6404342.53
 10
305424.67
 20
6404342.0
 10
305424.0
 20
6404341.44
  0
LWPOLYLINE
  5
17F
330
17
100
AcDbEntity
  8
HOJDKURVOR_GRUND
100
AcDbPolyline
 90
5
 70
0
 10
305434.0
 20
6404345.12
 10
305433.21
 20
6404346.0
 10
305434.0
 20
6404346.49
 10
305435.03
 20
6404346.0
 10
305434.0
 20
6404345.12
  0
LWPOLYLINE
  5
180
330
17
100
AcDbEntity
  8
HOJDKURVOR_GRUND
100
AcDbPolyline
 90
4
 70
0
 10
305432.0
 20
6404347.69
 10
305431.72
 20
6404348.0
 10
305432.17
 20
6404348.0
 10
305432.0
 20
6404347.69
  0
LWPOLYLINE
  5
181
330
17
100
AcDbEntity
  8
HOJDKURVOR_GRUND
100
AcDbPolyline
 90
7
 70
0
 10
305392.0
 20
6404359.64
 10
305392.69
 20
6404360.0
 10
305392.0
 20
6404362.0
 10
305390.0
 20
6404363.1
 10
305389.12
 20
6404362.0
 10
305390.0
 20
6404360.81
 10
305392.0
 20
6404359.64
  0
LWPOLYLINE
  5
182
330
17
100
AcDbEntity
  8
HOJDKURVOR_GRUND
100
AcDbPolyline
 90
5
 70
0
 10
305586.0
 20
6404361.4
 10
305586.96
 20
6404362.0
 10
305586.0
 20
6404362.22
 10
305584.27
 20
6404362.0
 10
305586.0
 20
6404361.4
  0
LWPOLYLINE
  5
183
330
17
100
AcDbEntity
  8
HOJDKURVOR_GRUND
100
AcDbPolyline
 90
9
 70
0
 10
305396.0
 20
6404363.82
 10
305396.79
 20
6404364.0
 10
305397.43
 20
6404366.0
 10
305396.81
 20
6404368.0
 10
305394.0
 20
6404369.41
 10
305392.0
 20
6404368.97
 10
305391.16
 20
6404368.0
 10
305392.76
 20
6404366.0
 10
305396.0
 20
6404363.82
  0
LWPOLYLINE
  5
184
330
17
100
AcDbEntity
  8
HOJDKURVOR_GRUND
100
AcDbPolyline
 90
7
 70
0
 10
305588.0
 20
6404367.36
 10
305589.58
 20
6404368.0
 10
305589.64
 20
6404370.0
 10
305588.0
 20
6404370.44
 10
305587.0
 20
6404370.0
 10
305587.05
 20
6404368.0
 10
305588.0
 20
6404367.36
  0
LWPOLYLINE
  5
185
330
17
100
AcDbEntity
  8
HOJDKURVOR_GRUND
100
AcDbPolyline
 90
11
 70
0
 10
305592.0
 20
6404367.87
 10
305594.0
 20
6404368.59
 10
305596.0
 20
6404369.82
 10
305598.0
 20
6404368.87
 10
305599.31
 20
6404370.0
 10
305599.9
 20
6404372.0
 10
305598.0
 20
6404374.03
 10
305592.0
 20
6404372.36
 10
305590.15
 20
6404370.0
 10
305591.25
 20
6404368.0
 10
305592.0
 20
6404367.87
  0
LWPOLYLINE
  5
186
330
17
100
AcDbEntity
  8
HOJDKURVOR_GRUND
100
AcDbPolyline
 90
3
 70
0
 10
305356.0
 20
6404341.98
 10
305356.0
 20
6404342.29
 10
305356.0
 20
6404341.98
  0
LWPOLYLINE
  5
187
330
17
100
AcDbEntity
  8
HOJDKURVOR_GRUND
100
AcDbPolyline
 90
45
 70
0
 10
305428.0
 20
6404340.57
 10
305430.0
 20
6404340.3
 10
305432.0
 20
6404341.0
 10
305433.1
 20
6404342.0
 10
305431.96
 20
6404346.0
 10
305430.18
 20
6404348.0
 10
305432.0
 20
6404348.54
 10
305436.0
 20
6404346.4
 10
305438.0
 20
6404346.8
 10
305442.48
 20
6404348.0
 10
305444.0
 20
6404349.14
 10
305446.0
 20
6404349.49
 10
305449.55
 20
6404352.0
 10
305448.09
 20
6404354.0
 10
305447.22
 20
6404356.0
 10
305444.0
 20
6404357.48
 10
305442.0
 20
6404357.57
 10
305440.0
 20
6404359.0
 10
305439.76
 20
6404360.0
 10
305440.74
 20
6404362.0
 10
305440.0
 20
6404363.7
 10
305438.0
 20
6404363.95
 10
305434.0
 20
6404362.83
 10
305432.0
 20
6404361.87
 10
305430.0
 20
6404361.79
 10
305428.0
 20
6404362.95
 10
305424.0
 20
6404361.95
 10
305422.0
 20
6404361.89
 10
305418.26
 20
6404356.0
 10
305416.52
 20
6404354.0
 10
305418.0
 20
6404352.41
 10
305420.0
 20
6404352.28
 10
305422.0
 20
6404351.35
 10
305424.88
 20
6404352.0
 10
305426.0
 20
6404352.69
 10
305426.72
 20
6404352.0
 10
305426.34
 20
6404350.0
 10
305427.62
 20
6404348.0
 10
305426.0
 20
6404346.87
 10
305424.0
 20
6404347.91
 10
305422.0
 20
6404347.14
 10
305421.1
 20
6404346.0
 10
305422.0
 20
6404344.86
 10
305426.0
 20
6404342.65
 10
305428.0
 20
6404340.57
  0
LWPOLYLINE
  5
188
330
17
100
AcDbEntity
  8
HOJDKURVOR_GRUND
100
AcDbPolyline
 90
4
 70
0
 10
305358.0
 20
6404343.76
 10
305357.33
 20
6404344.0
 10
305358.0
 20
6404344.11
 10
305358.0
 20
6404343.76
  0
LWPOLYLINE
  5
189
330
17
100
AcDbEntity
  8
HOJDKURVOR_GRUND
100
AcDbPolyline
 90
4
 70
0
 10
305394.0
 20
6404365.93
 10
305394.42
 20
6404366.0
 10
305394.0
 20
6404366.44
 10
305394.0
 20
6404365.93
  0
LWPOLYLINE
  5
18A
330
17
100
AcDbEntity
  8
HOJDKURVOR_GRUND
100
AcDbPolyline
 90
3
 70
0
 10
305592.0
 20
6404369.96
 10
305592.33
 20
6404370.0
 10
305592.0
 20
6404369.96
  0
LWPOLYLINE
  5
18B
330
17
100
AcDbEntity
  8
HOJDKURVOR_GRUND
100
AcDbPolyline
 90
4
 70
0
 10
305594.0
 20
6404371.43
 10
305594.27
 20
6404372.0
 10
305593.89
 20
6404372.0
 10
305594.0
 20
6404371.43
  0
LWPOLYLINE
  5
18C
330
17
100
AcDbEntity
  8
HOJDKURVOR_GRUND
100
AcDbPolyline
 90
5
 70
0
 10
305546.0
 20
6404337.7
 10
305545.46
 20
6404338.0
 10
305546.0
 20
6404338.4
 10
305547.75
 20
6404338.0
 10
305546.0
 20
6404337.7
  0
LWPOLYLINE
  5
18D
330
17
100
AcDbEntity
  8
HOJDKURVOR_GRUND
100
AcDbPolyline
 90
9
 70
0
 10
305352.0
 20
6404344.94
 10
305354.0
 20
6404344.7
 10
305358.09
 20
6404346.0
 10
305357.31
 20
6404348.0
 10
305354.0
 20
6404348.71
 10
305352.36
 20
6404348.0
 10
305352.0
 20
6404347.56
 10
305351.53
 20
6404346.0
 10
305352.0
 20
6404344.94
  0
LWPOLYLINE
  5
18E
330
17
100
AcDbEntity
  8
HOJDKURVOR_GRUND
100
AcDbPolyline
 90
4
 70
0
 10
305430.0
 20
6404345.47
 10
305430.0
 20
6404346.17
 10
305429.43
 20
6404346.0
 10
305430.0
 20
6404345.47
  0
LWPOLYLINE
  5
18F
330
17
100
AcDbEntity
  8
HOJDKURVOR_GRUND
100
AcDbPolyline
 90
23
 70
0
 10
305436.0
 20
6404347.39
 10
305438.38
 20
6404348.0
 10
305442.0
 20
6404350.11
 10
305443.13
 20
6404352.0
 10
305442.85
 20
6404354.0
 10
305440.76
 20
6404356.0
 10
305440.0
 20
6404356.48
 10
305436.0
 20
6404356.45
 10
305434.05
 20
6404358.0
 10
305438.0
 20
6404359.43
 10
305439.1
 20
6404362.0
 10
305438.0
 20
6404362.78
 10
305434.0
 20
6404362.13
 10
305432.0
 20
6404360.74
 10
305430.0
 20
6404360.0
 10
305429.58
 20
6404358.0
 10
305432.0
 20
6404356.85
 10
305432.74
 20
6404356.0
 10
305430.0
 20
6404353.73
 10
305428.8
 20
6404352.0
 10
305429.3
 20
6404350.0
 10
305430.0
 20
6404349.52
 10
305436.0
 20
6404347.39
  0
LWPOLYLINE
  5
190
330
17
100
AcDbEntity
  8
HOJDKURVOR_GRUND
100
AcDbPolyline
 90
4
 70
0
 10
305670.0
 20
6404358.9
 10
305670.47
 20
6404360.0
 10
305669.04
 20
6404360.0
 10
305670.0
 20
6404358.9
  0
LWPOLYLINE
  5
191
330
17
100
AcDbEntity
  8
HOJDKURVOR_GRUND
100
AcDbPolyline
 90
4
 70
0
 10
305266.0
 20
6404317.75
 10
305264.4
 20
6404318.0
 10
305266.0
 20
6404318.25
 10
305266.0
 20
6404317.75
  0
LWPOLYLINE
  5
192
330
17
100
AcDbEntity
  8
HOJDKURVOR_GRUND
100
AcDbPolyline
 90
4
 70
0
 10
305418.0
 20
6404331.87
 10
305418.0
 20
6404332.67
 10
305418.33
 20
6404332.0
 10
305418.0
 20
6404331.87
  0
LWPOLYLINE
  5
193
330
17
100
AcDbEntity
  8
HOJDKURVOR_GRUND
100
AcDbPolyline
 90
5
 70
0
 10
305354.0
 20
6404345.9
 10
305354.29
 20
6404346.0
 10
305354.0
 20
6404346.44
 10
305353.69
 20
6404346.0
 10
305354.0
 20
6404345.9
  0
LWPOLYLINE
  5
194
330
17
100
AcDbEntity
  8
HOJDKURVOR_GRUND
100
AcDbPolyline
 90
12
 70
0
 10
305432.0
 20
6404349.47
 10
305434.0
 20
6404348.73
 10
305436.0
 20
6404348.79
 10
305437.12
 20
6404350.0
 10
305436.59
 20
6404352.0
 10
305436.0
 20
6404352.97
 10
305434.0
 20
6404354.48
 10
305433.23
 20
6404354.0
 10
305432.0
 20
6404353.79
 10
305429.98
 20
6404352.0
 10
305430.77
 20
6404350.0
 10
305432.0
 20
6404349.47
  0
LWPOLYLINE
  5
195
330
17
100
AcDbEntity
  8
HOJDKURVOR_GRUND
100
AcDbPolyline
 90
3
 70
0
 10
305560.0
 20
6404355.5
 10
305560.0
 20
6404356.04
 10
305560.0
 20
6404355.5
  0
LWPOLYLINE
  5
196
330
17
100
AcDbEntity
  8
HOJDKURVOR_GRUND
100
AcDbPolyline
 90
4
 70
0
 10
305434.0
 20
6404359.92
 10
305436.21
 20
6404360.0
 10
305436.0
 20
6404360.4
 10
305434.0
 20
6404359.92
  0
LWPOLYLINE
  5
197
330
17
100
AcDbEntity
  8
HOJDKURVOR_STOD
100
AcDbPolyline
 90
6
 70
0
 10
305376.0
 20
6404318.5
 10
305374.5
 20
6404320.0
 10
305376.0
 20
6404320.08
 10
305378.0
 20
6404321.2
 10
305378.27
 20
6404320.0
 10
305376.0
 20
6404318.5
  0
LWPOLYLINE
  5
198
330
17
100
AcDbEntity
  8
HOJDKURVOR_STOD
100
AcDbPolyline
 90
5
 70
0
 10
305494.0
 20
6404323.86
 10
305493.33
 20
6404324.0
 10
305494.0
 20
6404324.5
 10
305494.21
 20
6404324.0
 10
305494.0
 20
6404323.86
  0
LWPOLYLINE
  5
199
330
17
100
AcDbEntity
  8
HOJDKURVOR_STOD
100
AcDbPolyline
 90
24
 70
0
 10
305510.0
 20
6404327.24
 10
305512.0
 20
6404327.42
 10
305514.0
 20
6404328.23
 10
305518.0
 20
6404328.35
 10
305520.0
 20
6404329.28
 10
305522.0
 20
6404329.61
 10
305526.49
 20
6404334.0
 10
305527.89
 20
6404338.0
 10
305522.77
 20
6404340.0
 10
305518.0
 20
6404342.45
 10
305514.0
 20
6404343.74
 10
305508.0
 20
6404344.53
 10
305506.42
 20
6404344.0
 10
305505.2
 20
6404342.0
 10
305503.13
 20
6404340.0
 10
305500.0
 20
6404338.38
 10
305498.0
 20
6404336.7
 10
305495.62
 20
6404336.0
 10
305496.0
 20
6404335.14
 10
305497.6
 20
6404334.0
 10
305500.0
 20
6404332.89
 10
305502.0
 20
6404330.93
 10
305506.0
 20
6404329.33
 10
305510.0
 20
6404327.24
  0
TEXT
  5
19A
330
17
100
AcDbEntity
  8
HOJDKURVOR_TEXT
100
AcDbText
 10
305513.62955199555
 20
6404343.7887756545
 30
0.0
 40
1.5
  1
22.5
 50
352.4992020038635
 72
1
 11
305513.62955199555
 21
6404343.7887756545
 31
0.0
100
AcDbText
 73
2
  0
LWPOLYLINE
  5
19B
330
17
100
AcDbEntity
  8
HOJDKURVOR_STOD
100
AcDbPolyline
 90
15
 70
0
 10
305532.0
 20
6404335.52
 10
305534.0
 20
6404335.5
 10
305535.14
 20
6404336.0
 10
305536.0
 20
6404337.2
 10
305538.47
 20
6404338.0
 10
305538.87
 20
6404340.0
 10
305538.0
 20
6404340.74
 10
305535.43
 20
6404340.0
 10
305534.0
 20
6404338.93
 10
305532.0
 20
6404340.0
 10
305530.0
 20
6404339.64
 10
305528.0
 20
6404340.28
 10
305527.49
 20
6404340.0
 10
305528.11
 20
6404338.0
 10
305532.0
 20
6404335.52
  0
TEXT
  5
19C
330
17
100
AcDbEntity
  8
HOJDKURVOR_TEXT
100
AcDbText
 10
305534.5086221819
 20
6404339.310577436
 30
0.0
 40
1.5
  1
22.5
 50
36.80573667315903
 72
1
 11
305534.5086221819
 21
6404339.310577436
 31
0.0
100
AcDbText
 73
2
  0
LWPOLYLINE
  5
19D
330
17
100
AcDbEntity
  8
HOJDKURVOR_STOD
100
AcDbPolyline
 90
17
 70
0
 10
305550.0
 20
6404343.07
 10
305552.7
 20
6404344.0
 10
305554.57
 20
6404346.0
 10
305554.59
 20
6404348.0
 10
305557.5
 20
6404350.0
 10
305556.0
 20
6404352.0
 10
305554.0
 20
6404351.52
 10
305552.0
 20
6404348.65
 10
305550.0
 20
6404347.95
 10
305548.0
 20
6404348.58
 10
305544.0
 20
6404348.33
 10
305543.5
 20
6404348.0
 10
305542.77
 20
6404346.0
 10
305544.0
 20
6404344.64
 10
305546.0
 20
6404344.27
 10
305548.0
 20
6404345.13
 10
305550.0
 20
6404343.07
  0
TEXT
  5
19E
330
17
100
AcDbEntity
  8
HOJDKURVOR_TEXT
100
AcDbText
 10
305551.6753595814
 20
6404348.536375854
 30
0.0
 40
1.5
  1
22.5
 50
19.290046223942483
 72
1
 11
305551.6753595814
 21
6404348.536375854
 31
0.0
100
AcDbText
 73
2
  0
LWPOLYLINE
  5
19F
330
17
100
AcDbEntity
  8
HOJDKURVOR_STOD
100
AcDbPolyline
 90
8
 70
0
 10
305432.0
 20
6404349.93
 10
305434.0
 20
6404349.45
 10
305435.29
 20
6404350.0
 10
305434.42
 20
6404352.0
 10
305434.0
 20
6404352.33
 10
305432.0
 20
6404352.49
 10
305431.44
 20
6404352.0
 10
305432.0
 20
6404349.93
  0
LWPOLYLINE
  5
1A0
330
17
100
AcDbEntity
  8
HOJDKURVOR_STOD
100
AcDbPolyline
 90
6
 70
0
 10
305628.0
 20
6404351.91
 10
305627.56
 20
6404352.0
 10
305628.0
 20
6404352.2
 10
305630.0
 20
6404352.3
 10
305630.3
 20
6404352.0
 10
305628.0
 20
6404351.91
  0
LWPOLYLINE
  5
1A1
330
17
100
AcDbEntity
  8
HOJDKURVOR_STOD
100
AcDbPolyline
 90
5
 70
0
 10
305624.0
 20
6404355.62
 10
305623.56
 20
6404356.0
 10
305624.0
 20
6404356.42
 10
305626.29
 20
6404356.0
 10
305624.0
 20
6404355.62
  0
LWPOLYLINE
  5
1A2
330
17
100
AcDbEntity
  8
HOJDKURVOR_GRUND
100
AcDbPolyline
 90
5
 70
0
 10
305272.0
 20
6404313.3
 10
305270.68
 20
6404314.0
 10
305272.0
 20
6404315.59
 10
305274.06
 20
6404314.0
 10
305272.0
 20
6404313.3
  0
LWPOLYLINE
  5
1A3
330
17
100
AcDbEntity
  8
HOJDKURVOR_GRUND
100
AcDbPolyline
 90
21
 70
0
 10
305400.0
 20
6404321.23
 10
305402.0
 20
6404321.37
 10
305404.0
 20
6404322.48
 10
305406.0
 20
6404322.89
 10
305408.1
 20
6404326.0
 10
305409.0
 20
6404328.0
 10
305411.63
 20
6404330.0
 10
305412.0
 20
6404331.27
 10
305413.07
 20
6404332.0
 10
305412.3
 20
6404334.0
 10
305410.38
 20
6404336.0
 10
305410.0
 20
6404336.16
 10
305408.0
 20
6404335.3
 10
305406.95
 20
6404334.0
 10
305406.98
 20
6404332.0
 10
305407.56
 20
6404330.0
 10
305406.0
 20
6404328.84
 10
305404.0
 20
6404328.49
 10
305399.33
 20
6404324.0
 10
305399.49
 20
6404322.0
 10
305400.0
 20
6404321.23
  0
LWPOLYLINE
  5
1A4
330
17
100
AcDbEntity
  8
HOJDKURVOR_GRUND
100
AcDbPolyline
 90
6
 70
0
 10
305422.0
 20
6404329.67
 10
305424.0
 20
6404329.37
 10
305424.75
 20
6404330.0
 10
305424.0
 20
6404330.27
 10
305422.0
 20
6404330.05
 10
305422.0
 20
6404329.67
  0
LWPOLYLINE
  5
1A5
330
17
100
AcDbEntity
  8
HOJDKURVOR_GRUND
100
AcDbPolyline
 90
8
 70
0
 10
305436.0
 20
6404329.26
 10
305438.0
 20
6404329.47
 10
305440.29
 20
6404332.0
 10
305440.0
 20
6404332.27
 10
305437.56
 20
6404332.0
 10
305436.0
 20
6404330.83
 10
305435.51
 20
6404330.0
 10
305436.0
 20
6404329.26
  0
LWPOLYLINE
  5
1A6
330
17
100
AcDbEntity
  8
HOJDKURVOR_GRUND
100
AcDbPolyline
 90
22
 70
0
 10
305508.0
 20
6404329.89
 10
305510.0
 20
6404329.0
 10
305512.0
 20
6404328.72
 10
305516.0
 20
6404328.85
 10
305518.0
 20
6404329.03
 10
305520.0
 20
6404330.34
 10
305522.0
 20
6404330.71
 10
305523.34
 20
6404332.0
 10
305524.64
 20
6404334.0
 10
305525.23
 20
6404336.0
 10
305525.03
 20
6404338.0
 10
305520.0
 20
6404340.34
 10
305514.0
 20
6404342.26
 10
305512.0
 20
6404342.39
 10
305508.0
 20
6404341.22
 10
305507.22
 20
6404340.0
 10
305506.0
 20
6404339.2
 10
305502.64
 20
6404338.0
 10
305501.09
 20
6404336.0
 10
305504.0
 20
6404332.79
 10
305506.0
 20
6404331.05
 10
305508.0
 20
6404329.89
  0
LWPOLYLINE
  5
1A7
330
17
100
AcDbEntity
  8
HOJDKURVOR_GRUND
100
AcDbPolyline
 90
4
 70
0
 10
305552.0
 20
6404345.87
 10
305552.0
 20
6404346.1
 10
305551.6
 20
6404346.0
 10
305552.0
 20
6404345.87
  0
LWPOLYLINE
  5
1A8
330
17
100
AcDbEntity
  8
HOJDKURVOR_GRUND
100
AcDbPolyline
 90
5
 70
0
 10
305680.0
 20
6404358.13
 10
305679.6
 20
6404358.0
 10
305678.25
 20
6404356.0
 10
305680.0
 20
6404353.8
 10
305680.0
 20
6404358.13
  0
LWPOLYLINE
  5
1A9
330
17
100
AcDbEntity
  8
HOJDKURVOR_GRUND
100
AcDbPolyline
 90
4
 70
0
 10
305398.0
 20
6404303.75
 10
305398.33
 20
6404304.0
 10
305398.0
 20
6404304.38
 10
305398.0
 20
6404303.75
  0
LWPOLYLINE
  5
1AA
330
17
100
AcDbEntity
  8
HOJDKURVOR_GRUND
100
AcDbPolyline
 90
5
 70
0
 10
305388.0
 20
6404315.82
 10
305388.21
 20
6404318.0
 10
305388.0
 20
6404318.28
 10
305387.37
 20
6404318.0
 10
305388.0
 20
6404315.82
  0
LWPOLYLINE
  5
1AB
330
17
100
AcDbEntity
  8
HOJDKURVOR_GRUND
100
AcDbPolyline
 90
5
 70
0
 10
305352.0
 20
6404321.96
 10
305352.0
 20
6404322.36
 10
305354.0
 20
6404323.17
 10
305354.88
 20
6404322.0
 10
305352.0
 20
6404321.96
  0
LWPOLYLINE
  5
1AC
330
17
100
AcDbEntity
  8
HOJDKURVOR_GRUND
100
AcDbPolyline
 90
5
 70
0
 10
305350.0
 20
6404323.79
 10
305349.56
 20
6404324.0
 10
305350.0
 20
6404324.52
 10
305351.28
 20
6404324.0
 10
305350.0
 20
6404323.79
  0
LWPOLYLINE
  5
1AD
330
17
100
AcDbEntity
  8
HOJDKURVOR_GRUND
100
AcDbPolyline
 90
9
 70
0
 10
305402.0
 20
6404322.97
 10
305404.0
 20
6404323.33
 10
305406.0
 20
6404324.63
 10
305406.93
 20
6404326.0
 10
305406.59
 20
6404328.0
 10
305406.0
 20
6404328.15
 10
305404.0
 20
6404327.68
 10
305400.57
 20
6404324.0
 10
305402.0
 20
6404322.97
  0
LWPOLYLINE
  5
1AE
330
17
100
AcDbEntity
  8
HOJDKURVOR_GRUND
100
AcDbPolyline
 90
7
 70
0
 10
305410.0
 20
6404329.72
 10
305410.32
 20
6404330.0
 10
305410.44
 20
6404332.0
 10
305410.0
 20
6404334.0
 10
305408.0
 20
6404334.18
 10
305408.0
 20
6404331.41
 10
305410.0
 20
6404329.72
  0
LWPOLYLINE
  5
1AF
330
17
100
AcDbEntity
  8
HOJDKURVOR_GRUND
100
AcDbPolyline
 90
15
 70
0
 10
305512.0
 20
6404329.69
 10
305518.0
 20
6404329.7
 10
305522.0
 20
6404331.73
 10
305523.06
 20
6404334.0
 10
305523.32
 20
6404336.0
 10
305522.9
 20
6404338.0
 10
305518.0
 20
6404339.65
 10
305514.0
 20
6404340.39
 10
305511.29
 20
6404340.0
 10
305507.62
 20
6404338.0
 10
305505.67
 20
6404336.0
 10
305506.85
 20
6404334.0
 10
305508.71
 20
6404332.0
 10
305511.14
 20
6404330.0
 10
305512.0
 20
6404329.69
  0
LWPOLYLINE
  5
1B0
330
17
100
AcDbEntity
  8
HOJDKURVOR_GRUND
100
AcDbPolyline
 90
12
 70
0
 10
305376.0
 20
6404341.97
 10
305378.0
 20
6404342.35
 10
305380.17
 20
6404342.0
 10
305379.57
 20
6404344.0
 10
305378.32
 20
6404346.0
 10
305376.0
 20
6404348.08
 10
305374.0
 20
6404347.73
 10
305372.0
 20
6404346.62
 10
305371.57
 20
6404346.0
 10
305372.04
 20
6404344.0
 10
305374.0
 20
6404342.13
 10
305376.0
 20
6404341.97
  0
LWPOLYLINE
  5
1B1
330
17
100
AcDbEntity
  8
HOJDKURVOR_GRUND
100
AcDbPolyline
 90
4
 70
0
 10
305680.0
 20
6404356.44
 10
305679.66
 20
6404356.0
 10
305680.0
 20
6404355.54
 10
305680.0
 20
6404356.44
  0
LWPOLYLINE
  5
1B2
330
17
100
AcDbEntity
  8
HOJDKURVOR_GRUND
100
AcDbPolyline
 90
6
 70
0
 10
305404.0
 20
6404307.35
 10
305404.54
 20
6404308.0
 10
305405.29
 20
6404310.0
 10
305404.0
 20
6404311.5
 10
305402.44
 20
6404308.0
 10
305404.0
 20
6404307.35
  0
LWPOLYLINE
  5
1B3
330
17
100
AcDbEntity
  8
HOJDKURVOR_GRUND
100
AcDbPolyline
 90
11
 70
0
 10
305494.0
 20
6404314.84
 10
305496.0
 20
6404314.95
 10
305498.0
 20
6404315.76
 10
305498.26
 20
6404316.0
 10
305497.91
 20
6404318.0
 10
305494.0
 20
6404320.02
 10
305492.0
 20
6404320.43
 10
305491.03
 20
6404320.0
 10
305492.6
 20
6404318.0
 10
305492.9
 20
6404316.0
 10
305494.0
 20
6404314.84
  0
LWPOLYLINE
  5
1B4
330
17
100
AcDbEntity
  8
HOJDKURVOR_GRUND
100
AcDbPolyline
 90
26
 70
0
 10
305370.0
 20
6404321.93
 10
305372.0
 20
6404322.25
 10
305374.0
 20
6404323.58
 10
305374.4
 20
6404324.0
 10
305374.84
 20
6404326.0
 10
305374.45
 20
6404328.0
 10
305374.0
 20
6404328.45
 10
305372.0
 20
6404327.67
 10
305370.0
 20
6404327.94
 10
305369.26
 20
6404330.0
 10
305368.05
 20
6404332.0
 10
305368.24
 20
6404334.0
 10
305369.28
 20
6404336.0
 10
305370.0
 20
6404336.43
 10
305371.22
 20
6404340.0
 10
305370.0
 20
6404340.82
 10
305368.0
 20
6404341.57
 10
305366.57
 20
6404340.0
 10
305367.17
 20
6404338.0
 10
305367.16
 20
6404336.0
 10
305367.94
 20
6404332.0
 10
305365.82
 20
6404328.0
 10
305366.79
 20
6404326.0
 10
305367.21
 20
6404324.0
 10
305368.0
 20
6404323.03
 10
305370.0
 20
6404321.93
  0
LWPOLYLINE
  5
1B5
330
17
100
AcDbEntity
  8
HOJDKURVOR_GRUND
100
AcDbPolyline
 90
4
 70
0
 10
305404.0
 20
6404325.22
 10
305404.88
 20
6404326.0
 10
305404.0
 20
6404326.21
 10
305404.0
 20
6404325.22
  0
LWPOLYLINE
  5
1B6
330
17
100
AcDbEntity
  8
HOJDKURVOR_GRUND
100
AcDbPolyline
 90
11
 70
0
 10
305348.0
 20
6404327.09
 10
305350.0
 20
6404326.13
 10
305352.0
 20
6404326.45
 10
305353.42
 20
6404328.0
 10
305352.0
 20
6404328.66
 10
305350.89
 20
6404330.0
 10
305350.0
 20
6404332.11
 10
305346.0
 20
6404332.68
 10
305345.21
 20
6404332.0
 10
305346.0
 20
6404329.68
 10
305348.0
 20
6404327.09
  0
LWPOLYLINE
  5
1B7
330
17
100
AcDbEntity
  8
HOJDKURVOR_GRUND
100
AcDbPolyline
 90
13
 70
0
 10
305512.0
 20
6404330.65
 10
305516.0
 20
6404330.21
 10
305518.0
 20
6404330.42
 10
305521.2
 20
6404332.0
 10
305521.72
 20
6404334.0
 10
305521.69
 20
6404336.0
 10
305520.0
 20
6404337.52
 10
305518.0
 20
6404338.3
 10
305514.0
 20
6404338.73
 10
305512.0
 20
6404338.27
 10
305509.31
 20
6404336.0
 10
305510.46
 20
6404332.0
 10
305512.0
 20
6404330.65
  0
LWPOLYLINE
  5
1B8
330
17
100
AcDbEntity
  8
HOJDKURVOR_GRUND
100
AcDbPolyline
 90
9
 70
0
 10
305354.0
 20
6404333.37
 10
305356.0
 20
6404332.18
 10
305358.0
 20
6404332.67
 10
305358.7
 20
6404334.0
 10
305358.0
 20
6404335.6
 10
305356.0
 20
6404335.44
 10
305354.0
 20
6404334.64
 10
305353.45
 20
6404334.0
 10
305354.0
 20
6404333.37
  0
LWPOLYLINE
  5
1B9
330
17
100
AcDbEntity
  8
HOJDKURVOR_GRUND
100
AcDbPolyline
 90
7
 70
0
 10
305374.0
 20
6404343.2
 10
305376.79
 20
6404344.0
 10
305374.88
 20
6404346.0
 10
305374.0
 20
6404346.4
 10
305373.33
 20
6404346.0
 10
305373.17
 20
6404344.0
 10
305374.0
 20
6404343.2
  0
LWPOLYLINE
  5
1BA
330
17
100
AcDbEntity
  8
HOJDKURVOR_GRUND
100
AcDbPolyline
 90
4
 70
0
 10
305377.26
 20
6404300.0
 10
305378.0
 20
6404300.65
 10
305379.6
 20
6404300.0
 10
305377.26
 20
6404300.0
  0
LWPOLYLINE
  5
1BB
330
17
100
AcDbEntity
  8
HOJDKURVOR_GRUND
100
AcDbPolyline
 90
5
 70
0
 10
305414.8
 20
6404300.0
 10
305412.0
 20
6404303.13
 10
305410.0
 20
6404302.61
 10
305408.31
 20
6404300.0
 10
305414.8
 20
6404300.0
  0
LWPOLYLINE
  5
1BC
330
17
100
AcDbEntity
  8
HOJDKURVOR_GRUND
100
AcDbPolyline
 90
14
 70
0
 10
305334.0
 20
6404301.64
 10
305333.22
 20
6404302.0
 10
305333.33
 20
6404304.0
 10
305336.0
 20
6404306.0
 10
305340.0
 20
6404306.69
 10
305342.0
 20
6404308.0
 10
305346.89
 20
6404308.0
 10
305348.29
 20
6404306.0
 10
305346.0
 20
6404305.08
 10
305345.07
 20
6404304.0
 10
305344.0
 20
6404303.66
 10
305340.0
 20
6404302.49
 10
305338.0
 20
6404302.46
 10
305334.0
 20
6404301.64
  0
LWPOLYLINE
  5
1BD
330
17
100
AcDbEntity
  8
HOJDKURVOR_GRUND
100
AcDbPolyline
 90
3
 70
0
 10
305412.0
 20
6404305.54
 10
305412.0
 20
6404306.1
 10
305412.0
 20
6404305.54
  0
LWPOLYLINE
  5
1BE
330
17
100
AcDbEntity
  8
HOJDKURVOR_GRUND
100
AcDbPolyline
 90
4
 70
0
 10
305352.0
 20
6404307.44
 10
305350.5
 20
6404308.0
 10
305352.0
 20
6404308.49
 10
305352.0
 20
6404307.44
  0
LWPOLYLINE
  5
1BF
330
17
100
AcDbEntity
  8
HOJDKURVOR_GRUND
100
AcDbPolyline
 90
3
 70
0
 10
305544.0
 20
6404307.91
 10
305544.0
 20
6404308.2
 10
305544.0
 20
6404307.91
  0
LWPOLYLINE
  5
1C0
330
17
100
AcDbEntity
  8
HOJDKURVOR_GRUND
100
AcDbPolyline
 90
4
 70
0
 10
305360.0
 20
6404317.85
 10
305360.0
 20
6404318.46
 10
305358.0
 20
6404318.0
 10
305360.0
 20
6404317.85
  0
LWPOLYLINE
  5
1C1
330
17
100
AcDbEntity
  8
HOJDKURVOR_GRUND
100
AcDbPolyline
 90
6
 70
0
 10
305350.0
 20
6404327.8
 10
305350.55
 20
6404328.0
 10
305350.0
 20
6404330.2
 10
305349.76
 20
6404330.0
 10
305349.71
 20
6404328.0
 10
305350.0
 20
6404327.8
  0
LWPOLYLINE
  5
1C2
330
17
100
AcDbEntity
  8
HOJDKURVOR_GRUND
100
AcDbPolyline
 90
3
 70
0
 10
305368.0
 20
6404327.88
 10
305368.0
 20
6404328.13
 10
305368.0
 20
6404327.88
  0
LWPOLYLINE
  5
1C3
330
17
100
AcDbEntity
  8
HOJDKURVOR_GRUND
100
AcDbPolyline
 90
15
 70
0
 10
305512.0
 20
6404331.6
 10
305514.0
 20
6404330.96
 10
305516.0
 20
6404330.83
 10
305518.0
 20
6404331.16
 10
305520.13
 20
6404332.0
 10
305520.65
 20
6404334.0
 10
305520.0
 20
6404336.0
 10
305518.0
 20
6404337.0
 10
305516.0
 20
6404337.3
 10
305514.0
 20
6404337.11
 10
305512.0
 20
6404336.46
 10
305511.52
 20
6404336.0
 10
305511.32
 20
6404334.0
 10
305511.54
 20
6404332.0
 10
305512.0
 20
6404331.6
  0
LWPOLYLINE
  5
1C4
330
17
100
AcDbEntity
  8
HOJDKURVOR_GRUND
100
AcDbPolyline
 90
5
 70
0
 10
305368.0
 20
6404337.84
 10
305369.08
 20
6404340.0
 10
305368.0
 20
6404340.54
 10
305367.51
 20
6404340.0
 10
305368.0
 20
6404337.84
  0
LWPOLYLINE
  5
1C5
330
17
100
AcDbEntity
  8
HOJDKURVOR_STOD
100
AcDbPolyline
 90
4
 70
0
 10
305347.67
 20
6404300.0
 10
305346.0
 20
6404301.94
 10
305337.0
 20
6404300.0
 10
305347.67
 20
6404300.0
  0
TEXT
  5
1C6
330
17
100
AcDbEntity
  8
HOJDKURVOR_TEXT
100
AcDbText
 10
305337.5359403902
 20
6404300.115524929
 30
0.0
 40
1.5
  1
25.0
 50
12.164301308151408
 72
1
 11
305337.5359403902
 21
6404300.115524929
 31
0.0
100
AcDbText
 73
2
  0
LWPOLYLINE
  5
1C7
330
17
100
AcDbEntity
  8
HOJDKURVOR_STOD
100
AcDbPolyline
 90
7
 70
0
 10
305424.0
 20
6404308.0
 10
305426.0
 20
6404308.0
 10
305426.97
 20
6404310.0
 10
305426.0
 20
6404311.43
 10
305424.0
 20
6404311.08
 10
305423.58
 20
6404310.0
 10
305424.0
 20
6404308.0
  0
LWPOLYLINE
  5
1C8
330
17
100
AcDbEntity
  8
HOJDKURVOR_STOD
100
AcDbPolyline
 90
7
 70
0
 10
305482.0
 20
6404311.24
 10
305483.05
 20
6404312.0
 10
305482.4
 20
6404314.0
 10
305482.0
 20
6404314.4
 10
305481.52
 20
6404314.0
 10
305481.53
 20
6404312.0
 10
305482.0
 20
6404311.24
  0
LWPOLYLINE
  5
1C9
330
17
100
AcDbEntity
  8
HOJDKURVOR_STOD
100
AcDbPolyline
 90
10
 70
0
 10
305514.0
 20
6404331.57
 10
305516.0
 20
6404331.45
 10
305518.24
 20
6404332.0
 10
305519.15
 20
6404334.0
 10
305518.0
 20
6404335.42
 10
305516.0
 20
6404335.9
 10
305514.0
 20
6404334.93
 10
305513.3
 20
6404334.0
 10
305512.91
 20
6404332.0
 10
305514.0
 20
6404331.57
  0
TEXT
  5
1CA
330
17
100
AcDbEntity
  8
HOJDKURVOR_TEXT
100
AcDbText
 10
305517.845225372
 20
6404335.457145911
 30
0.0
 40
1.5
  1
25.0
 50
346.5042667070951
 72
1
 11
305517.845225372
 21
6404335.457145911
 31
0.0
100
AcDbText
 73
2
  0
LWPOLYLINE
  5
1CB
330
17
100
AcDbEntity
  8
HOJDKURVOR_GRUND
100
AcDbPolyline
 90
6
 70
0
 10
305680.0
 20
6404328.22
 10
305679.49
 20
6404324.0
 10
305678.61
 20
6404322.0
 10
305678.76
 20
6404320.0
 10
305680.0
 20
6404318.7
 10
305680.0
 20
6404328.22
  0
LWPOLYLINE
  5
1CC
330
17
100
AcDbEntity
  8
HOJDKURVOR_GRUND
100
AcDbPolyline
 90
6
 70
0
 10
305680.0
 20
6404340.82
 10
305679.43
 20
6404340.0
 10
305679.95
 20
6404336.0
 10
305679.63
 20
6404334.0
 10
305680.0
 20
6404332.12
 10
305680.0
 20
6404340.82
  0
LWPOLYLINE
  5
1CD
330
17
100
AcDbEntity
  8
HOJDKURVOR_GRUND
100
AcDbPolyline
 90
3
 70
0
 10
305362.86
 20
6404300.0
 10
305361.71
 20
6404300.0
 10
305362.86
 20
6404300.0
  0
LWPOLYLINE
  5
1CE
330
17
100
AcDbEntity
  8
HOJDKURVOR_GRUND
100
AcDbPolyline
 90
3
 70
0
 10
305370.12
 20
6404300.0
 10
305367.82
 20
6404300.0
 10
305370.12
 20
6404300.0
  0
LWPOLYLINE
  5
1CF
330
17
100
AcDbEntity
  8
HOJDKURVOR_GRUND
100
AcDbPolyline
 90
3
 70
0
 10
305428.1
 20
6404300.0
 10
305426.0
 20
6404300.0
 10
305428.1
 20
6404300.0
  0
LWPOLYLINE
  5
1D0
330
17
100
AcDbEntity
  8
HOJDKURVOR_GRUND
100
AcDbPolyline
 90
7
 70
0
 10
305444.26
 20
6404300.0
 10
305444.0
 20
6404300.67
 10
305440.0
 20
6404301.37
 10
305439.0
 20
6404302.0
 10
305438.0
 20
6404303.17
 10
305436.66
 20
6404300.0
 10
305444.26
 20
6404300.0
  0
LWPOLYLINE
  5
1D1
330
17
100
AcDbEntity
  8
HOJDKURVOR_GRUND
100
AcDbPolyline
 90
6
 70
0
 10
305465.0
 20
6404300.0
 10
305466.0
 20
6404301.04
 10
305468.0
 20
6404301.78
 10
305470.0
 20
6404301.07
 10
305470.48
 20
6404300.0
 10
305465.0
 20
6404300.0
  0
LWPOLYLINE
  5
1D2
330
17
100
AcDbEntity
  8
HOJDKURVOR_GRUND
100
AcDbPolyline
 90
3
 70
0
 10
305559.79
 20
6404300.0
 10
305560.09
 20
6404300.0
 10
305559.79
 20
6404300.0
  0
LWPOLYLINE
  5
1D3
330
17
100
AcDbEntity
  8
HOJDKURVOR_GRUND
100
AcDbPolyline
 90
8
 70
0
 10
305358.0
 20
6404303.47
 10
305359.37
 20
6404304.0
 10
305359.08
 20
6404306.0
 10
305358.0
 20
6404307.18
 10
305356.0
 20
6404306.8
 10
305355.91
 20
6404306.0
 10
305356.59
 20
6404304.0
 10
305358.0
 20
6404303.47
  0
LWPOLYLINE
  5
1D4
330
17
100
AcDbEntity
  8
HOJDKURVOR_GRUND
100
AcDbPolyline
 90
6
 70
0
 10
305314.0
 20
6404319.55
 10
305313.66
 20
6404320.0
 10
305313.67
 20
6404322.0
 10
305314.0
 20
6404322.59
 10
305315.05
 20
6404322.0
 10
305314.0
 20
6404319.55
  0
LWPOLYLINE
  5
1D5
330
17
100
AcDbEntity
  8
HOJDKURVOR_GRUND
100
AcDbPolyline
 90
3
 70
0
 10
305468.0
 20
6404305.95
 10
305468.0
 20
6404306.25
 10
305468.0
 20
6404305.95
  0
LWPOLYLINE
  5
1D6
330
17
100
AcDbEntity
  8
HOJDKURVOR_GRUND
100
AcDbPolyline
 90
29
 70
0
 10
305328.0
 20
6404307.32
 10
305330.0
 20
6404306.58
 10
305332.0
 20
6404307.43
 10
305335.89
 20
6404310.0
 10
305335.47
 20
6404312.0
 10
305338.0
 20
6404317.0
 10
305340.0
 20
6404316.92
 10
305342.07
 20
6404318.0
 10
305340.0
 20
6404319.04
 10
305338.0
 20
6404318.55
 10
305336.0
 20
6404319.6
 10
305334.0
 20
6404321.48
 10
305332.0
 20
6404322.48
 10
305330.0
 20
6404322.96
 10
305328.0
 20
6404322.98
 10
305324.0
 20
6404324.72
 10
305322.0
 20
6404325.0
 10
305318.0
 20
6404323.88
 10
305316.63
 20
6404320.0
 10
305314.91
 20
6404318.0
 10
305315.07
 20
6404316.0
 10
305316.17
 20
6404314.0
 10
305318.0
 20
6404311.6
 10
305320.0
 20
6404311.38
 10
305322.0
 20
6404310.24
 10
305324.0
 20
6404309.8
 10
305326.0
 20
6404308.58
 10
305326.33
 20
6404308.0
 10
305328.0
 20
6404307.32
  0
LWPOLYLINE
  5
1D7
330
17
100
AcDbEntity
  8
HOJDKURVOR_GRUND
100
AcDbPolyline
 90
3
 70
0
 10
305660.0
 20
6404339.54
 10
305660.0
 20
6404340.11
 10
305660.0
 20
6404339.54
  0
LWPOLYLINE
  5
1D8
330
17
100
AcDbEntity
  8
HOJDKURVOR_GRUND
100
AcDbPolyline
 90
6
 70
0
 10
305600.0
 20
6404341.91
 10
305599.65
 20
6404342.0
 10
305602.0
 20
6404345.03
 10
305603.71
 20
6404344.0
 10
305602.0
 20
6404342.2
 10
305600.0
 20
6404341.91
  0
LWPOLYLINE
  5
1D9
330
17
100
AcDbEntity
  8
HOJDKURVOR_GRUND
100
AcDbPolyline
 90
7
 70
0
 10
305543.4
 20
6404300.0
 10
305540.0
 20
6404301.03
 10
305538.0
 20
6404302.0
 10
305536.0
 20
6404301.76
 10
305534.0
 20
6404300.35
 10
305533.0
 20
6404300.0
 10
305543.4
 20
6404300.0
  0
LWPOLYLINE
  5
1DA
330
17
100
AcDbEntity
  8
HOJDKURVOR_GRUND
100
AcDbPolyline
 90
24
 70
0
 10
305330.0
 20
6404307.34
 10
305331.41
 20
6404308.0
 10
305334.0
 20
6404310.0
 10
305332.73
 20
6404314.0
 10
305334.38
 20
6404316.0
 10
305334.46
 20
6404318.0
 10
305334.0
 20
6404318.82
 10
305332.87
 20
6404320.0
 10
305332.0
 20
6404320.4
 10
305328.0
 20
6404320.98
 10
305326.0
 20
6404322.24
 10
305324.0
 20
6404322.33
 10
305322.0
 20
6404321.55
 10
305320.0
 20
6404322.36
 10
305319.55
 20
6404322.0
 10
305318.15
 20
6404318.0
 10
305318.47
 20
6404316.0
 10
305321.17
 20
6404312.0
 10
305322.0
 20
6404311.36
 10
305324.0
 20
6404311.06
 10
305326.0
 20
6404311.69
 10
305327.47
 20
6404310.0
 10
305328.52
 20
6404308.0
 10
305330.0
 20
6404307.34
  0
LWPOLYLINE
  5
1DB
330
17
100
AcDbEntity
  8
HOJDKURVOR_GRUND
100
AcDbPolyline
 90
5
 70
0
 10
305666.0
 20
6404313.52
 10
305664.26
 20
6404314.0
 10
305666.0
 20
6404314.63
 10
305666.92
 20
6404314.0
 10
305666.0
 20
6404313.52
  0
LWPOLYLINE
  5
1DC
330
17
100
AcDbEntity
  8
HOJDKURVOR_STOD
100
AcDbPolyline
 90
5
 70
0
 10
305330.0
 20
6404308.56
 10
305331.12
 20
6404310.0
 10
305330.0
 20
6404311.09
 10
305329.36
 20
6404310.0
 10
305330.0
 20
6404308.56
  0
LWPOLYLINE
  5
1DD
330
17
100
AcDbEntity
  8
HOJDKURVOR_STOD
100
AcDbPolyline
 90
9
 70
0
 10
305322.0
 20
6404313.11
 10
305324.0
 20
6404312.62
 10
305325.52
 20
6404314.0
 10
305325.29
 20
6404316.0
 10
305325.55
 20
6404318.0
 10
305322.0
 20
6404319.92
 10
305320.41
 20
6404318.0
 10
305321.49
 20
6404314.0
 10
305322.0
 20
6404313.11
  0
TEXT
  5
1DE
330
17
100
AcDbEntity
  8
HOJDKURVOR_TEXT
100
AcDbText
 10
305323.9862194444
 20
6404318.845763004
 30
0.0
 40
1.5
  1
27.5
 50
331.59347936510585
 72
1
 11
305323.9862194444
 21
6404318.845763004
 31
0.0
100
AcDbText
 73
2
  0
LWPOLYLINE
  5
1DF
330
17
100
AcDbEntity
  8
HOJDKURVOR_STOD
100
AcDbPolyline
 90
10
 70
0
 10
305652.0
 20
6404313.91
 10
305651.73
 20
6404314.0
 10
305651.24
 20
6404316.0
 10
305652.0
 20
6404316.81
 10
305654.0
 20
6404317.1
 10
305660.0
 20
6404315.31
 10
305661.85
 20
6404314.0
 10
305660.0
 20
6404312.54
 10
305658.0
 20
6404313.1
 10
305652.0
 20
6404313.91
  0
TEXT
  5
1E0
330
17
100
AcDbEntity
  8
HOJDKURVOR_TEXT
100
AcDbText
 10
305660.4154828504
 20
6404315.015793225
 30
0.0
 40
1.5
  1
27.5
 50
-35.30261949435479
 72
1
 11
305660.4154828504
 21
6404315.015793225
 31
0.0
100
AcDbText
 73
2
  0
LWPOLYLINE
  5
1E1
330
17
100
AcDbEntity
  8
HOJDKURVOR_STOD
100
AcDbPolyline
 90
8
 70
0
 10
305596.0
 20
6404342.88
 10
305597.4
 20
6404344.0
 10
305598.41
 20
6404346.0
 10
305598.0
 20
6404347.82
 10
305596.0
 20
6404348.0
 10
305594.63
 20
6404346.0
 10
305594.53
 20
6404344.0
 10
305596.0
 20
6404342.88
  0
LWPOLYLINE
  5
1E2
330
17
100
AcDbEntity
  8
HOJDKURVOR_GRUND
100
AcDbPolyline
 90
4
 70
0
 10
305621.53
 20
6404300.0
 10
305622.0
 20
6404300.8
 10
305622.73
 20
6404300.0
 10
305621.53
 20
6404300.0
  0
LWPOLYLINE
  5
1E3
330
17
100
AcDbEntity
  8
HOJDKURVOR_GRUND
100
AcDbPolyline
 90
3
 70
0
 10
305647.57
 20
6404300.0
 10
305648.62
 20
6404300.0
 10
305647.57
 20
6404300.0
  0
LWPOLYLINE
  5
1E4
330
17
100
AcDbEntity
  8
HOJDKURVOR_GRUND
100
AcDbPolyline
 90
4
 70
0
 10
305622.0
 20
6404303.71
 10
305621.75
 20
6404304.0
 10
305622.4
 20
6404304.0
 10
305622.0
 20
6404303.71
  0
LWPOLYLINE
  5
1E5
330
17
100
AcDbEntity
  8
HOJDKURVOR_GRUND
100
AcDbPolyline
 90
4
 70
0
 10
305636.0
 20
6404307.92
 10
305634.86
 20
6404308.0
 10
305636.0
 20
6404308.44
 10
305636.0
 20
6404307.92
  0
LWPOLYLINE
  5
1E6
330
17
100
AcDbEntity
  8
HOJDKURVOR_GRUND
100
AcDbPolyline
 90
3
 70
0
 10
305670.0
 20
6404311.94
 10
305669.2
 20
6404312.0
 10
305670.0
 20
6404311.94
  0
LWPOLYLINE
  5
1E7
330
17
100
AcDbEntity
  8
HOJDKURVOR_GRUND
100
AcDbPolyline
 90
4
 70
0
 10
305612.0
 20
6404323.84
 10
305611.76
 20
6404324.0
 10
305612.16
 20
6404324.0
 10
305612.0
 20
6404323.84
  0
LWPOLYLINE
  5
1E8
330
17
100
AcDbEntity
  8
HOJDKURVOR_GRUND
100
AcDbPolyline
 90
7
 70
0
 10
305678.33
 20
6404300.0
 10
305676.68
 20
6404302.0
 10
305676.0
 20
6404304.07
 10
305674.0
 20
6404303.45
 10
305671.8
 20
6404302.0
 10
305670.16
 20
6404300.0
 10
305678.33
 20
6404300.0
  0
LWPOLYLINE
  5
1E9
330
17
100
AcDbEntity
  8
HOJDKURVOR_GRUND
100
AcDbPolyline
 90
4
 70
0
 10
305610.0
 20
6404311.0
 10
305609.87
 20
6404312.0
 10
305610.5
 20
6404312.0
 10
305610.0
 20
6404311.0
  0
LWPOLYLINE
  5
1EA
330
17
100
AcDbEntity
  8
HOJDKURVOR_GRUND
100
AcDbPolyline
 90
9
 70
0
 10
305614.0
 20
6404310.89
 10
305612.46
 20
6404312.0
 10
305613.63
 20
6404314.0
 10
305613.59
 20
6404316.0
 10
305614.0
 20
6404316.42
 10
305616.0
 20
6404316.77
 10
305617.2
 20
6404316.0
 10
305616.73
 20
6404314.0
 10
305614.0
 20
6404310.89
  0
LWPOLYLINE
  5
1EB
330
17
100
AcDbEntity
  8
HOJDKURVOR_GRUND
100
AcDbPolyline
 90
3
 70
0
 10
305618.0
 20
6404317.6
 10
305618.0
 20
6404318.17
 10
305618.0
 20
6404317.6
  0
LWPOLYLINE
  5
1EC
330
17
100
AcDbEntity
  8
HOJDKURVOR_GRUND
100
AcDbPolyline
 90
4
 70
0
 10
305674.0
 20
6404301.33
 10
305675.0
 20
6404302.0
 10
305673.76
 20
6404302.0
 10
305674.0
 20
6404301.33
  0
LWPOLYLINE
  5
1ED
330
17
100
AcDbEntity
  8
HOJDKURVOR_GRUND
100
AcDbPolyline
 90
5
 70
0
 10
305600.0
 20
6404306.53
 10
305601.38
 20
6404308.0
 10
305600.0
 20
6404308.5
 10
305599.08
 20
6404308.0
 10
305600.0
 20
6404306.53
  0
LWPOLYLINE
  5
1EE
330
17
100
AcDbEntity
  8
HOJDKURVOR_GRUND
100
AcDbPolyline
 90
9
 70
0
 10
305616.0
 20
6404306.68
 10
305619.89
 20
6404308.0
 10
305621.44
 20
6404310.0
 10
305621.18
 20
6404312.0
 10
305620.0
 20
6404314.96
 10
305616.0
 20
6404311.46
 10
305614.85
 20
6404310.0
 10
305614.41
 20
6404308.0
 10
305616.0
 20
6404306.68
  0
LWPOLYLINE
  5
1EF
330
17
100
AcDbEntity
  8
HOJDKURVOR_GRUND
100
AcDbPolyline
 90
5
 70
0
 10
305634.0
 20
6404311.83
 10
305634.67
 20
6404312.0
 10
305634.0
 20
6404314.12
 10
305633.12
 20
6404312.0
 10
305634.0
 20
6404311.83
  0
LWPOLYLINE
  5
1F0
330
17
100
AcDbEntity
  8
HOJDKURVOR_GRUND
100
AcDbPolyline
 90
11
 70
0
 10
305628.0
 20
6404315.25
 10
305630.0
 20
6404314.58
 10
305632.0
 20
6404314.9
 10
305634.0
 20
6404317.11
 10
305635.85
 20
6404318.0
 10
305634.0
 20
6404318.92
 10
305632.0
 20
6404321.04
 10
305630.0
 20
6404319.14
 10
305628.15
 20
6404318.0
 10
305626.67
 20
6404316.0
 10
305628.0
 20
6404315.25
  0
LWPOLYLINE
  5
1F1
330
17
100
AcDbEntity
  8
HOJDKURVOR_GRUND
100
AcDbPolyline
 90
33
 70
0
 10
305642.0
 20
6404315.24
 10
305644.27
 20
6404318.0
 10
305648.0
 20
6404319.49
 10
305650.0
 20
6404321.0
 10
305654.0
 20
6404321.26
 10
305656.0
 20
6404321.02
 10
305658.0
 20
6404319.98
 10
305660.0
 20
6404319.73
 10
305662.0
 20
6404320.0
 10
305664.0
 20
6404319.5
 10
305668.0
 20
6404319.38
 10
305668.8
 20
6404320.0
 10
305668.18
 20
6404322.0
 10
305668.95
 20
6404324.0
 10
305668.0
 20
6404325.5
 10
305666.0
 20
6404326.26
 10
305664.96
 20
6404328.0
 10
305660.86
 20
6404332.0
 10
305660.0
 20
6404333.47
 10
305654.0
 20
6404335.8
 10
305652.0
 20
6404335.33
 10
305649.43
 20
6404334.0
 10
305648.0
 20
6404332.15
 10
305640.0
 20
6404330.25
 10
305638.0
 20
6404328.49
 10
305637.15
 20
6404326.0
 10
305637.03
 20
6404322.0
 10
305637.38
 20
6404320.0
 10
305638.0
 20
6404319.75
 10
305640.0
 20
6404320.07
 10
305639.79
 20
6404318.0
 10
305640.9
 20
6404316.0
 10
305642.0
 20
6404315.24
  0
LWPOLYLINE
  5
1F2
330
17
100
AcDbEntity
  8
HOJDKURVOR_GRUND
100
AcDbPolyline
 90
5
 70
0
 10
305624.0
 20
6404319.0
 10
305624.55
 20
6404320.0
 10
305624.0
 20
6404320.55
 10
305623.14
 20
6404320.0
 10
305624.0
 20
6404319.0
  0
LWPOLYLINE
  5
1F3
330
17
100
AcDbEntity
  8
HOJDKURVOR_GRUND
100
AcDbPolyline
 90
4
 70
0
 10
305608.0
 20
6404329.33
 10
305608.0
 20
6404330.09
 10
305608.2
 20
6404330.0
 10
305608.0
 20
6404329.33
  0
LWPOLYLINE
  5
1F4
330
17
100
AcDbEntity
  8
HOJDKURVOR_GRUND
100
AcDbPolyline
 90
4
 70
0
 10
305298.86
 20
6404300.0
 10
305298.0
 20
6404300.3
 10
305296.8
 20
6404300.0
 10
305298.86
 20
6404300.0
  0
LWPOLYLINE
  5
1F5
330
17
100
AcDbEntity
  8
HOJDKURVOR_GRUND
100
AcDbPolyline
 90
4
 70
0
 10
305666.14
 20
6404300.0
 10
305664.0
 20
6404300.68
 10
305659.75
 20
6404300.0
 10
305666.14
 20
6404300.0
  0
LWPOLYLINE
  5
1F6
330
17
100
AcDbEntity
  8
HOJDKURVOR_GRUND
100
AcDbPolyline
 90
37
 70
0
 10
305576.0
 20
6404301.09
 10
305578.0
 20
6404301.63
 10
305580.0
 20
6404302.98
 10
305584.0
 20
6404304.66
 10
305586.0
 20
6404305.12
 10
305588.0
 20
6404306.74
 10
305590.0
 20
6404307.65
 10
305591.64
 20
6404308.0
 10
305591.27
 20
6404310.0
 10
305596.0
 20
6404315.14
 10
305597.55
 20
6404316.0
 10
305598.12
 20
6404320.0
 10
305596.42
 20
6404324.0
 10
305595.89
 20
6404326.0
 10
305594.3
 20
6404328.0
 10
305592.0
 20
6404329.01
 10
305588.0
 20
6404330.14
 10
305584.0
 20
6404332.88
 10
305582.0
 20
6404332.92
 10
305580.0
 20
6404331.11
 10
305577.07
 20
6404330.0
 10
305576.0
 20
6404328.57
 10
305576.22
 20
6404324.0
 10
305575.08
 20
6404320.0
 10
305575.42
 20
6404316.0
 10
305575.21
 20
6404314.0
 10
305573.78
 20
6404312.0
 10
305572.0
 20
6404310.25
 10
305566.0
 20
6404306.92
 10
305562.0
 20
6404307.65
 10
305561.7
 20
6404306.0
 10
305562.0
 20
6404305.47
 10
305564.0
 20
6404304.44
 10
305568.0
 20
6404303.54
 10
305570.0
 20
6404303.65
 10
305574.0
 20
6404302.62
 10
305576.0
 20
6404301.09
  0
LWPOLYLINE
  5
1F7
330
17
100
AcDbEntity
  8
HOJDKURVOR_GRUND
100
AcDbPolyline
 90
5
 70
0
 10
305618.0
 20
6404309.83
 10
305618.24
 20
6404310.0
 10
305618.0
 20
6404310.3
 10
305617.14
 20
6404310.0
 10
305618.0
 20
6404309.83
  0
LWPOLYLINE
  5
1F8
330
17
100
AcDbEntity
  8
HOJDKURVOR_GRUND
100
AcDbPolyline
 90
3
 70
0
 10
305632.0
 20
6404317.87
 10
305632.0
 20
6404318.11
 10
305632.0
 20
6404317.87
  0
LWPOLYLINE
  5
1F9
330
17
100
AcDbEntity
  8
HOJDKURVOR_GRUND
100
AcDbPolyline
 90
24
 70
0
 10
305642.0
 20
6404319.24
 10
305646.48
 20
6404320.0
 10
305648.0
 20
6404322.25
 10
305650.0
 20
6404323.51
 10
305652.0
 20
6404323.7
 10
305654.0
 20
6404323.45
 10
305660.0
 20
6404322.11
 10
305662.0
 20
6404322.86
 10
305664.0
 20
6404325.0
 10
305664.26
 20
6404326.0
 10
305664.07
 20
6404328.0
 10
305660.0
 20
6404332.2
 10
305654.0
 20
6404334.59
 10
305652.0
 20
6404334.14
 10
305650.41
 20
6404332.0
 10
305645.06
 20
6404330.0
 10
305642.0
 20
6404327.59
 10
305640.0
 20
6404327.46
 10
305638.0
 20
6404326.09
 10
305638.06
 20
6404324.0
 10
305639.4
 20
6404322.0
 10
305640.0
 20
6404321.89
 10
305641.73
 20
6404320.0
 10
305642.0
 20
6404319.24
  0
LWPOLYLINE
  5
1FA
330
17
100
AcDbEntity
  8
HOJDKURVOR_GRUND
100
AcDbPolyline
 90
4
 70
0
 10
305612.0
 20
6404329.95
 10
305612.0
 20
6404332.4
 10
305611.71
 20
6404332.0
 10
305612.0
 20
6404329.95
  0
LWPOLYLINE
  5
1FB
330
17
100
AcDbEntity
  8
HOJDKURVOR_STOD
100
AcDbPolyline
 90
30
 70
0
 10
305574.0
 20
6404303.97
 10
305576.0
 20
6404303.2
 10
305584.25
 20
6404306.0
 10
305588.0
 20
6404308.22
 10
305589.52
 20
6404310.0
 10
305592.0
 20
6404311.72
 10
305594.21
 20
6404314.0
 10
305595.51
 20
6404316.0
 10
305596.55
 20
6404320.0
 10
305593.23
 20
6404326.0
 10
305592.0
 20
6404327.26
 10
305590.0
 20
6404328.0
 10
305588.0
 20
6404327.83
 10
305586.0
 20
6404328.07
 10
305584.0
 20
6404327.75
 10
305582.0
 20
6404328.58
 10
305580.0
 20
6404328.12
 10
305578.0
 20
6404328.46
 10
305577.6
 20
6404328.0
 10
305577.61
 20
6404326.0
 10
305578.18
 20
6404324.0
 10
305576.87
 20
6404320.0
 10
305576.81
 20
6404318.0
 10
305577.53
 20
6404314.0
 10
305577.33
 20
6404312.0
 10
305576.0
 20
6404309.44
 10
305574.0
 20
6404308.07
 10
305572.0
 20
6404307.58
 10
305570.75
 20
6404306.0
 10
305574.0
 20
6404303.97
  0
TEXT
  5
1FC
330
17
100
AcDbEntity
  8
HOJDKURVOR_TEXT
100
AcDbText
 10
305589.2699449023
 20
6404327.937945317
 30
0.0
 40
1.5
  1
30.0
 50
4.858462916915158
 72
1
 11
305589.2699449023
 21
6404327.937945317
 31
0.0
100
AcDbText
 73
2
  0
LWPOLYLINE
  5
1FD
330
17
100
AcDbEntity
  8
HOJDKURVOR_STOD
100
AcDbPolyline
 90
13
 70
0
 10
305644.0
 20
6404303.48
 10
305650.0
 20
6404303.71
 10
305652.0
 20
6404304.71
 10
305653.52
 20
6404306.0
 10
305654.16
 20
6404308.0
 10
305653.23
 20
6404310.0
 10
305652.0
 20
6404310.54
 10
305650.0
 20
6404310.67
 10
305645.31
 20
6404310.0
 10
305643.05
 20
6404308.0
 10
305643.86
 20
6404306.0
 10
305643.1
 20
6404304.0
 10
305644.0
 20
6404303.48
  0
TEXT
  5
1FE
330
17
100
AcDbEntity
  8
HOJDKURVOR_TEXT
100
AcDbText
 10
305652.3600731091
 20
6404310.381919123
 30
0.0
 40
1.5
  1
30.0
 50
336.2973540472595
 72
1
 11
305652.3600731091
 21
6404310.381919123
 31
0.0
100
AcDbText
 73
2
  0
LWPOLYLINE
  5
1FF
330
17
100
AcDbEntity
  8
HOJDKURVOR_STOD
100
AcDbPolyline
 90
7
 70
0
 10
305640.0
 20
6404323.65
 10
305642.0
 20
6404323.32
 10
305642.74
 20
6404324.0
 10
305642.0
 20
6404325.3
 10
305640.0
 20
6404325.43
 10
305639.68
 20
6404324.0
 10
305640.0
 20
6404323.65
  0
LWPOLYLINE
  5
200
330
17
100
AcDbEntity
  8
HOJDKURVOR_STOD
100
AcDbPolyline
 90
13
 70
0
 10
305648.0
 20
6404325.5
 10
305650.0
 20
6404325.06
 10
305654.0
 20
6404327.56
 10
305658.0
 20
6404328.42
 10
305659.12
 20
6404330.0
 10
305658.38
 20
6404332.0
 10
305654.0
 20
6404332.63
 10
305653.11
 20
6404332.0
 10
305648.0
 20
6404330.34
 10
305646.0
 20
6404329.29
 10
305644.58
 20
6404328.0
 10
305646.0
 20
6404326.53
 10
305648.0
 20
6404325.5
  0
TEXT
  5
201
330
17
100
AcDbEntity
  8
HOJDKURVOR_TEXT
100
AcDbText
 10
305656.1857090825
 20
6404332.315617187
 30
0.0
 40
1.5
  1
30.0
 50
351.8149640308354
 72
1
 11
305656.1857090825
 21
6404332.315617187
 31
0.0
100
AcDbText
 73
2
  0
LWPOLYLINE
  5
202
330
17
100
AcDbEntity
  8
HOJDKURVOR_GRUND
100
AcDbPolyline
 90
5
 70
0
 10
305505.11
 20
6404300.0
 10
305504.0
 20
6404300.49
 10
305502.0
 20
6404300.66
 10
305498.44
 20
6404300.0
 10
305505.11
 20
6404300.0
  0
LWPOLYLINE
  5
203
330
17
100
AcDbEntity
  8
HOJDKURVOR_GRUND
100
AcDbPolyline
 90
4
 70
0
 10
305638.38
 20
6404300.0
 10
305638.0
 20
6404300.86
 10
305637.25
 20
6404300.0
 10
305638.38
 20
6404300.0
  0
LWPOLYLINE
  5
204
330
17
100
AcDbEntity
  8
HOJDKURVOR_GRUND
100
AcDbPolyline
 90
9
 70
0
 10
305646.0
 20
6404305.75
 10
305650.0
 20
6404304.48
 10
305652.39
 20
6404306.0
 10
305652.04
 20
6404308.0
 10
305650.0
 20
6404309.15
 10
305648.0
 20
6404309.16
 10
305646.0
 20
6404308.48
 10
305645.41
 20
6404308.0
 10
305646.0
 20
6404305.75
  0
LWPOLYLINE
  5
205
330
17
100
AcDbEntity
  8
HOJDKURVOR_GRUND
100
AcDbPolyline
 90
21
 70
0
 10
305582.0
 20
6404307.69
 10
305583.67
 20
6404310.0
 10
305586.0
 20
6404310.0
 10
305590.05
 20
6404312.0
 10
305592.5
 20
6404314.0
 10
305594.0
 20
6404316.12
 10
305594.49
 20
6404318.0
 10
305594.12
 20
6404320.0
 10
305592.3
 20
6404322.0
 10
305591.37
 20
6404324.0
 10
305589.71
 20
6404326.0
 10
305586.0
 20
6404326.85
 10
305582.0
 20
6404326.48
 10
305580.0
 20
6404325.47
 10
305579.2
 20
6404324.0
 10
305577.93
 20
6404318.0
 10
305579.14
 20
6404314.0
 10
305580.85
 20
6404312.0
 10
305581.29
 20
6404310.0
 10
305581.09
 20
6404308.0
 10
305582.0
 20
6404307.69
  0
LWPOLYLINE
  5
206
330
17
100
AcDbEntity
  8
HOJDKURVOR_GRUND
100
AcDbPolyline
 90
10
 70
0
 10
305646.0
 20
6404327.7
 10
305650.0
 20
6404326.7
 10
305652.0
 20
6404327.81
 10
305654.0
 20
6404329.69
 10
305655.14
 20
6404330.0
 10
305654.0
 20
6404330.35
 10
305650.5
 20
6404330.0
 10
305646.0
 20
6404328.27
 10
305645.71
 20
6404328.0
 10
305646.0
 20
6404327.7
  0
LWPOLYLINE
  5
207
330
17
100
AcDbEntity
  8
HOJDKURVOR_GRUND
100
AcDbPolyline
 90
5
 70
0
 10
305650.0
 20
6404305.58
 10
305650.73
 20
6404306.0
 10
305650.0
 20
6404307.09
 10
305649.25
 20
6404306.0
 10
305650.0
 20
6404305.58
  0
LWPOLYLINE
  5
208
330
17
100
AcDbEntity
  8
HOJDKURVOR_GRUND
100
AcDbPolyline
 90
16
 70
0
 10
305580.0
 20
6404315.9
 10
305582.0
 20
6404314.0
 10
305584.0
 20
6404314.5
 10
305586.0
 20
6404314.53
 10
305587.83
 20
6404316.0
 10
305588.2
 20
6404318.0
 10
305589.83
 20
6404320.0
 10
305589.91
 20
6404322.0
 10
305589.15
 20
6404324.0
 10
305588.0
 20
6404325.07
 10
305586.0
 20
6404325.58
 10
305582.0
 20
6404324.86
 10
305580.56
 20
6404324.0
 10
305579.62
 20
6404322.0
 10
305579.09
 20
6404318.0
 10
305580.0
 20
6404315.9
  0
LWPOLYLINE
  5
209
330
17
100
AcDbEntity
  8
HOJDKURVOR_GRUND
100
AcDbPolyline
 90
9
 70
0
 10
305584.0
 20
6404317.04
 10
305585.69
 20
6404318.0
 10
305587.21
 20
6404320.0
 10
305587.58
 20
6404322.0
 10
305586.0
 20
6404324.06
 10
305583.76
 20
6404324.0
 10
305582.26
 20
6404322.0
 10
305582.07
 20
6404318.0
 10
305584.0
 20
6404317.04
  0
LWPOLYLINE
  5
20A
330
17
100
AcDbEntity
  8
HOJDKURVOR_GRUND
100
AcDbPolyline
 90
3
 70
0
 10
305584.0
 20
6404319.84
 10
305584.0
 20
6404320.22
 10
305584.0
 20
6404319.84
  0
LWPOLYLINE
  5
20B
330
17
100
AcDbEntity
  8
TOMTER_1945
100
AcDbPolyline
 90
6
 70
1
 10
305250.487
 20
6404361.909
 10
305256.263
 20
6404364.14
 10
305275.514
 20
6404379.045
 10
305248.267
 20
6404416.099
 10
305224.595
 20
6404398.827
 10
305250.487
 20
6404361.909
  0
TEXT
  5
20C
330
17
100
AcDbEntity
  8
TOMTBETECKNINGAR
100
AcDbText
 10
305251.0252
 20
6404384.003999999
 30
0.0
 40
2.0
  1
1:28
100
AcDbText
  0
LWPOLYLINE
  5
20D
330
17
100
AcDbEntity
  8
TOMTER_1945
100
AcDbPolyline
 90
7
 70
1
 10
305250.487
 20
6404361.909
 10
305224.595
 20
6404398.827
 10
305216.23
 20
6404392.483
 10
305215.061
 20
6404377.487
 10
305217.868
 20
6404363.301
 10
305226.692
 20
6404349.983
 10
305250.487
 20
6404361.909
  0
TEXT
  5
20E
330
17
100
AcDbEntity
  8
TOMTBETECKNINGAR
100
AcDbText
 10
305225.1555
 20
6404373.998333334
 30
0.0
 40
2.0
  1
1:40
100
AcDbText
  0
LWPOLYLINE
  5
20F
330
17
100
AcDbEntity
  8
FASTIGHETSGRANSER
100
AcDbPolyline
 90
11
 70
1
 10
305209.124
 20
6404377.064
 10
305203.996
 20
6404377.127
 10
305200.45
 20
6404377.223
 10
305187.018
 20
6404377.675
 10
305178.987
 20
6404385.387
 10
305161.076
 20
6404365.796
 10
305175.66
 20
6404330.085
 10
305209.689
 20
6404343.452
 10
305220.205
 20
6404347.188
 10
305213.077
 20
6404362.315
 10
305209.124
 20
6404377.064
  0
TEXT
  5
210
330
17
100
AcDbEntity
  8
TOMTBETECKNINGAR
100
AcDbText
 10
305195.9282
 20
6404364.3312
 30
0.0
 40
2.0
  1
3:10
100
AcDbText
  0
LWPOLYLINE
  5
211
330
17
100
AcDbEntity
  8
FASTIGHETSGRANSER
100
AcDbPolyline
 90
435
 70
1
 10
306272.226
 20
6405424.486
 10
306264.618
 20
6405422.782
 10
306257.047
 20
6405420.917
 10
306249.517
 20
6405418.894
 10
306242.032
 20
6405416.711
 10
306234.594
 20
6405414.371
 10
306227.208
 20
6405411.875
 10
306220.002
 20
6405413.986
 10
306212.747
 20
6405415.916
 10
306205.445
 20
6405417.666
 10
306198.102
 20
6405419.234
 10
306190.722
 20
6405420.618
 10
306183.311
 20
6405421.819
 10
306175.871
 20
6405422.835
 10
306168.409
 20
6405423.666
 10
306160.928
 20
6405424.31
 10
306153.434
 20
6405424.769
 10
306145.931
 20
6405425.041
 10
306138.423
 20
6405425.126
 10
306130.915
 20
6405425.025
 10
306123.412
 20
6405424.737
 10
306115.919
 20
6405424.263
 10
306108.44
 20
6405423.602
 10
306100.979
 20
6405422.756
 10
306093.542
 20
6405421.724
 10
306086.133
 20
6405420.508
 10
306078.756
 20
6405419.107
 10
306071.416
 20
6405417.524
 10
306064.119
 20
6405415.759
 10
306056.867
 20
6405413.813
 10
306049.666
 20
6405411.687
 10
306042.52
 20
6405409.383
 10
306035.433
 20
6405406.902
 10
306028.41
 20
6405404.245
 10
306021.456
 20
6405401.414
 10
306014.574
 20
6405398.412
 10
306007.769
 20
6405395.239
 10
306001.045
 20
6405391.898
 10
305841.284
 20
6405216.641
 10
305731.912
 20
6405175.674
 10
305493.514
 20
6405098.079
 10
305486.615
 20
6405096.982
 10
305479.742
 20
6405095.733
 10
305472.898
 20
6405094.332
 10
305466.087
 20
6405092.78
 10
305459.312
 20
6405091.078
 10
305452.577
 20
6405089.226
 10
305445.884
 20
6405087.225
 10
305439.237
 20
6405085.077
 10
305432.639
 20
6405082.783
 10
305426.093
 20
6405080.343
 10
305419.271
 20
6405077.585
 10
305412.512
 20
6405074.676
 10
305405.819
 20
6405071.617
 10
305399.196
 20
6405068.41
 10
305392.647
 20
6405065.056
 10
305386.173
 20
6405061.557
 10
305379.78
 20
6405057.915
 10
305373.469
 20
6405054.131
 10
305367.243
 20
6405050.207
 10
305361.107
 20
6405046.146
 10
305354.279
 20
6405042.649
 10
305347.543
 20
6405038.98
 10
305340.902
 20
6405035.14
 10
305334.361
 20
6405031.133
 10
305327.924
 20
6405026.961
 10
305321.594
 20
6405022.627
 10
305315.377
 20
6405018.134
 10
305309.277
 20
6405013.483
 10
305303.296
 20
6405008.68
 10
305297.44
 20
6405003.725
 10
305291.711
 20
6404998.624
 10
305286.114
 20
6404993.378
 10
305280.651
 20
6404987.992
 10
305275.328
 20
6404982.469
 10
305270.147
 20
6404976.813
 10
305265.111
 20
6404971.026
 10
305260.224
 20
6404965.114
 10
305255.488
 20
6404959.079
 10
305250.908
 20
6404952.925
 10
305246.485
 20
6404946.658
 10
305242.224
 20
6404940.279
 10
305238.125
 20
6404933.795
 10
305234.193
 20
6404927.209
 10
305230.43
 20
6404920.524
 10
305226.837
 20
6404913.747
 10
305223.418
 20
6404906.88
 10
305220.175
 20
6404899.928
 10
305217.109
 20
6404892.896
 10
305214.223
 20
6404885.789
 10
305211.519
 20
6404878.61
 10
305208.998
 20
6404871.366
 10
305206.662
 20
6404864.059
 10
305204.513
 20
6404856.695
 10
305202.551
 20
6404849.279
 10
305200.778
 20
6404841.816
 10
305199.196
 20
6404834.31
 10
305197.805
 20
6404826.766
 10
305196.606
 20
6404819.19
 10
305195.6
 20
6404811.585
 10
305194.788
 20
6404803.957
 10
305194.17
 20
6404796.311
 10
305248.461
 20
6404753.573
 10
305425.875
 20
6404616.253
 10
305445.572
 20
6404610.011
 10
305510.987
 20
6404589.282
 10
305538.828
 20
6404586.862
 10
305574.392
 20
6404542.914
 10
305622.258
 20
6404525.46
 10
305693.017
 20
6404463.466
 10
305695.515
 20
6404461.196
 10
305692.317
 20
6404450.639
 10
305682.784
 20
6404419.603
 10
305707.41
 20
6404408.206
 10
305733.318
 20
6404395.966
 10
306190.189
 20
6404179.854
 10
306505.392
 20
6404030.756
 10
306718.476
 20
6403929.96
 10
306724.189
 20
6403927.259
 10
306757.801
 20
6404091.603
 10
306741.103
 20
6404088.832
 10
306709.497
 20
6404090.098
 10
306671.43
 20
6404081.868
 10
306653.412
 20
6404083.146
 10
306518.162
 20
6404121.161
 10
306506.552
 20
6404128.007
 10
306477.332
 20
6404151.431
 10
306455.615
 20
6404168.422
 10
306452.706
 20
6404173.475
 10
306448.66
 20
6404201.227
 10
306450.388
 20
6404222.918
 10
306463.027
 20
6404272.111
 10
306463.301
 20
6404273.173
 10
306462.469
 20
6404291.531
 10
306459.118
 20
6404310.708
 10
306455.896
 20
6404323.872
 10
306451.343
 20
6404342.61
 10
306447.912
 20
6404350.465
 10
306442.703
 20
6404359.239
 10
306435.337
 20
6404366.383
 10
306426.291
 20
6404370.424
 10
306422.848
 20
6404371.134
 10
306370.132
 20
6404373.034
 10
306353.846
 20
6404372.347
 10
306350.194
 20
6404372.194
 10
306343.939
 20
6404372.688
 10
306340.573
 20
6404374.259
 10
306337.843
 20
6404379.352
 10
306335.528
 20
6404399.298
 10
306334.708
 20
6404428.393
 10
306334.345
 20
6404443.815
 10
306330.088
 20
6404455.879
 10
306326.536
 20
6404462.842
 10
306308.987
 20
6404489.85
 10
306300.992
 20
6404499.472
 10
306296.136
 20
6404503.435
 10
306288.799
 20
6404509.761
 10
306282.806
 20
6404513.478
 10
306276.497
 20
6404516.479
 10
306268.467
 20
6404518.322
 10
306260.28
 20
6404519.383
 10
306242.763
 20
6404517.63
 10
306230.174
 20
6404517.222
 10
306199.471
 20
6404517.954
 10
306189.302
 20
6404517.475
 10
306173.581
 20
6404514.588
 10
306150.069
 20
6404507.752
 10
306138.983
 20
6404506.554
 10
306104.444
 20
6404505.822
 10
306078.814
 20
6404503.71
 10
306053.939
 20
6404501.001
 10
305992.253
 20
6404491.159
 10
305984.514
 20
6404490.383
 10
305974.652
 20
6404490.718
 10
305950.717
 20
6404493.523
 10
305927.993
 20
6404493.968
 10
305920.515
 20
6404493.721
 10
305902.651
 20
6404490.876
 10
305886.815
 20
6404488.981
 10
305873.141
 20
6404489.289
 10
305874.204
 20
6404494.176
 10
305886.556
 20
6404493.986
 10
305901.96
 20
6404495.829
 10
305920.036
 20
6404498.708
 10
305927.961
 20
6404498.97
 10
305951.058
 20
6404498.518
 10
305975.03
 20
6404495.708
 10
305984.349
 20
6404495.391
 10
305991.608
 20
6404496.12
 10
306053.274
 20
6404505.958
 10
306078.338
 20
6404508.688
 10
306104.184
 20
6404510.818
 10
306138.661
 20
6404511.548
 10
306149.095
 20
6404512.676
 10
306172.429
 20
6404519.46
 10
306188.731
 20
6404522.454
 10
306199.412
 20
6404522.958
 10
306230.153
 20
6404522.224
 10
306242.432
 20
6404522.623
 10
306260.352
 20
6404524.415
 10
306269.348
 20
6404523.249
 10
306278.15
 20
6404521.23
 10
306285.205
 20
6404517.874
 10
306291.767
 20
6404513.804
 10
306299.349
 20
6404507.269
 10
306304.53
 20
6404503.04
 10
306313.02
 20
6404492.821
 10
306330.871
 20
6404465.346
 10
306334.692
 20
6404457.855
 10
306339.326
 20
6404444.729
 10
306339.707
 20
6404428.51
 10
306340.622
 20
6404402.915
 10
306342.877
 20
6404380.608
 10
306344.085
 20
6404378.197
 10
306345.246
 20
6404377.621
 10
306350.203
 20
6404377.128
 10
306369.871
 20
6404378.135
 10
306423.464
 20
6404376.007
 10
306428.194
 20
6404375.145
 10
306438.418
 20
6404370.348
 10
306446.705
 20
6404362.438
 10
306452.882
 20
6404351.496
 10
306456.057
 20
6404344.062
 10
306464.15
 20
6404311.14
 10
306467.667
 20
6404291.708
 10
306468.037
 20
6404274.903
 10
306468.084
 20
6404272.765
 10
306455.183
 20
6404222.307
 10
306453.73
 20
6404200.09
 10
306457.391
 20
6404174.446
 10
306458.9
 20
6404171.967
 10
306477.845
 20
6404157.149
 10
306509.391
 20
6404132.137
 10
306520.142
 20
6404125.798
 10
306654.275
 20
6404088.098
 10
306671.071
 20
6404086.907
 10
306709.063
 20
6404095.12
 10
306740.79
 20
6404093.848
 10
306758.873
 20
6404096.849
 10
306839.152
 20
6404489.369
 10
307236.236
 20
6404530.712
 10
307299.526
 20
6404537.589
 10
307921.054
 20
6404603.545
 10
307932.48
 20
6404604.758
 10
308092.768
 20
6404541.729
 10
308092.149
 20
6404499.466
 10
308091.703
 20
6404479.68
 10
308081.786
 20
6404414.469
 10
308081.768
 20
6404414.354
 10
308056.115
 20
6404252.059
 10
308221.859
 20
6404257.681
 10
308420.036
 20
6404413.24
 10
308703.455
 20
6404343.465
 10
308826.774
 20
6404313.103
 10
308870.422
 20
6404339.868
 10
308883.598
 20
6404347.873
 10
308927.395
 20
6404373.419
 10
308935.102
 20
6404369.893
 10
308925.017
 20
6404331.597
 10
308917.156
 20
6404302.302
 10
308915.608
 20
6404296.536
 10
308914.922
 20
6404292.597
 10
308935.446
 20
6404287.709
 10
308939.995
 20
6404286.646
 10
308942.374
 20
6404286.087
 10
308939.343
 20
6404372.816
 10
308935.43
 20
6404399.603
 10
308927.618
 20
6404419.073
 10
308907.999
 20
6404450.17
 10
308897.861
 20
6404462.158
 10
308801.291
 20
6404555.855
 10
308753.074
 20
6404601.448
 10
308735.988
 20
6404613.496
 10
308702.551
 20
6404631.876
 10
308631.843
 20
6404666.33
 10
308476.067
 20
6404767.696
 10
308451.61
 20
6404781.934
 10
308430.478
 20
6404791.361
 10
308407.01
 20
6404798.219
 10
308381.692
 20
6404801.584
 10
308357.869
 20
6404801.521
 10
308337.11
 20
6404799.729
 10
307833.301
 20
6404722.159
 10
307810.377
 20
6404719.503
 10
307795.757
 20
6404718.037
 10
307755.999
 20
6404715.53
 10
307512.982
 20
6404714.72
 10
307484.031
 20
6404716.035
 10
307444.141
 20
6404718.866
 10
307310.013
 20
6404729.648
 10
307295.404
 20
6404730.736
 10
307272.727
 20
6404734.703
 10
307084.632
 20
6404783.811
 10
307039.516
 20
6404801.658
 10
306965.606
 20
6404818.14
 10
306905.34
 20
6404827.49
 10
306858.633
 20
6404831.857
 10
306841.808
 20
6404832.161
 10
306826.877
 20
6404830.255
 10
306806.611
 20
6404825.184
 10
306764.601
 20
6404811.338
 10
306739.954
 20
6404809.243
 10
306698.41
 20
6404808.84
 10
306444.737
 20
6404784.344
 10
306419.818
 20
6404779.648
 10
306362.28
 20
6404762.513
 10
306334.439
 20
6404757.05
 10
306306.782
 20
6404754.782
 10
306203.217
 20
6404750.442
 10
306189.097
 20
6404752.195
 10
306186.073
 20
6404752.488
 10
306162.493
 20
6404758.01
 10
306093.756
 20
6404778.679
 10
306065.966
 20
6404783.422
 10
306015.826
 20
6404782.691
 10
305963.528
 20
6404775.456
 10
305932.129
 20
6404770.015
 10
305904.022
 20
6404763.653
 10
305885.803
 20
6404755.064
 10
305852.551
 20
6404736.652
 10
305781.926
 20
6404692.418
 10
305747.762
 20
6404673.698
 10
305745.395
 20
6404678.101
 10
305779.395
 20
6404696.735
 10
305850.011
 20
6404740.961
 10
305883.524
 20
6404759.518
 10
305902.386
 20
6404768.409
 10
305931.149
 20
6404774.921
 10
305962.76
 20
6404780.398
 10
306015.445
 20
6404787.686
 10
306066.353
 20
6404788.429
 10
306094.902
 20
6404783.556
 10
306163.783
 20
6404762.843
 10
306186.887
 20
6404757.432
 10
306189.646
 20
6404757.166
 10
306203.422
 20
6404755.455
 10
306306.473
 20
6404759.773
 10
306333.75
 20
6404762.011
 10
306361.082
 20
6404767.374
 10
306418.638
 20
6404784.514
 10
306443.982
 20
6404789.29
 10
306459.871
 20
6404791.16
 10
306698.15
 20
6404813.838
 10
306739.717
 20
6404814.241
 10
306763.593
 20
6404816.27
 10
306805.22
 20
6404829.99
 10
306825.951
 20
6404835.177
 10
306841.535
 20
6404837.166
 10
306858.912
 20
6404836.852
 10
306905.957
 20
6404832.454
 10
306966.535
 20
6404823.056
 10
307040.988
 20
6404806.452
 10
307086.189
 20
6404788.573
 10
307273.791
 20
6404739.591
 10
307296.023
 20
6404735.705
 10
307310.285
 20
6404734.642
 10
307444.515
 20
6404723.652
 10
307484.311
 20
6404720.827
 10
307513.083
 20
6404719.521
 10
307755.841
 20
6404720.331
 10
307795.367
 20
6404722.821
 10
307809.859
 20
6404724.275
 10
307832.66
 20
6404726.918
 10
308191.647
 20
6404782.507
 10
308275.287
 20
6404795.49
 10
308282.83
 20
6404803.839
 10
308274.256
 20
6404801.442
 10
308257.528
 20
6404799.01
 10
308251.434
 20
6404797.461
 10
308245.623
 20
6404795.955
 10
308199.442
 20
6404788.802
 10
308181.385
 20
6404785.502
 10
308082.941
 20
6404770.245
 10
308011.856
 20
6404804.052
 10
307975.298
 20
6404821.442
 10
307985.802
 20
6404842.48
 10
307996.304
 20
6404863.51
 10
307999.43
 20
6404869.769
 10
307998.446
 20
6404887.87
 10
308005.147
 20
6404901.294
 10
308019.477
 20
6404908.955
 10
308030.782
 20
6404903.581
 10
308042.056
 20
6404898.218
 10
308054.825
 20
6404910.12
 10
308072.332
 20
6404934.893
 10
308090.979
 20
6404959.814
 10
308092.789
 20
6404962.231
 10
308050.068
 20
6404980.386
 10
307869.541
 20
6405056.324
 10
307826.603
 20
6405087.497
 10
307767.821
 20
6405167.468
 10
307742.67
 20
6405266.103
 10
307689.583
 20
6405072.278
 10
307689.334
 20
6405056.08
 10
307687.084
 20
6404985.493
 10
307686.173
 20
6404956.92
 10
307684.934
 20
6404927.762
 10
307653.767
 20
6404931.243
 10
307628.61
 20
6404960.063
 10
307569.131
 20
6405028.736
 10
307584.332
 20
6405071.348
 10
307569.34
 20
6405110.27
 10
307560.369
 20
6405149.812
 10
307537.274
 20
6405295.848
 10
307575.799
 20
6405435.481
 10
307589.163
 20
6405491.847
 10
307589.568
 20
6405492.981
 10
307347.602
 20
6405418.011
 10
307267.849
 20
6405391.309
 10
307145.819
 20
6405373.258
 10
307048.444
 20
6405336.623
 10
306963.492
 20
6405320.315
 10
306892.234
 20
6405332.349
 10
306826.191
 20
6405320.495
 10
306781.365
 20
6405303.089
 10
306690.295
 20
6405292.362
 10
306590.418
 20
6405258.866
 10
306519.817
 20
6405276.65
 10
306517.66
 20
6405277.812
 10
306509.895
 20
6405200.69
 10
306496.929
 20
6405128.177
 10
306469.446
 20
6405090.687
 10
306487.406
 20
6405058.444
 10
306486.508
 20
6405052.809
 10
306459.834
 20
6404885.585
 10
306326.568
 20
6404929.514
 10
306317.811
 20
6404932.4
 10
306281.863
 20
6404944.247
 10
306289.07
 20
6404984.843
 10
306295.736
 20
6405032.844
 10
306296.935
 20
6405039.881
 10
306305.126
 20
6405087.962
 10
306305.299
 20
6405088.982
 10
306352.79
 20
6405367.736
 10
306272.226
 20
6405424.486
  0
LWPOLYLINE
  5
212
330
17
100
AcDbEntity
  8
FASTIGHETSGRANSER
100
AcDbPolyline
 90
12
 70
1
 10
308107.188
 20
6404665.506
 10
308125.068
 20
6404646.852
 10
308132.964
 20
6404650.326
 10
308137.327
 20
6404643.7
 10
308125.113
 20
6404619.727
 10
308112.684
 20
6404619.723
 10
308084.401
 20
6404588.136
 10
308047.179
 20
6404617.049
 10
308073.499
 20
6404650.179
 10
308087.493
 20
6404656.341
 10
308099.563
 20
6404654.147
 10
308107.188
 20
6404665.506
  0
LWPOLYLINE
  5
213
330
17
100
AcDbEntity
  8
FASTIGHETSGRANSER
100
AcDbPolyline
 90
12
 70
1
 10
306939.686
 20
6404750.613
 10
306940.212
 20
6404757.305
 10
306928.787
 20
6404788.906
 10
306950.192
 20
6404795.929
 10
306960.804
 20
6404763.562
 10
306960.874
 20
6404763.191
 10
306960.887
 20
6404762.813
 10
306960.843
 20
6404762.437
 10
306960.743
 20
6404762.073
 10
306953.372
 20
6404755.114
 10
306946.863
 20
6404751.824
 10
306939.686
 20
6404750.613
  0
LWPOLYLINE
  5
214
330
17
100
AcDbEntity
  8
FASTIGHETSGRANSER
100
AcDbPolyline
 90
8
 70
1
 10
305683.18
 20
6404398.311
 10
305648.879
 20
6404393.293
 10
305651.66
 20
6404370.69
 10
305645.272
 20
6404368.798
 10
305651.631
 20
6404353.522
 10
305653.892
 20
6404352.557
 10
305682.973
 20
6404367.954
 10
305683.18
 20
6404398.311
  0
TEXT
  5
215
330
17
100
AcDbEntity
  8
TOMTBETECKNINGAR
100
AcDbText
 10
305659.64099999995
 20
6404372.160714285
 30
0.0
 40
2.0
  1
1:58
100
AcDbText
  0
LWPOLYLINE
  5
216
330
17
100
AcDbEntity
  8
FASTIGHETSGRANSER
100
AcDbPolyline
 90
46
 70
1
 10
305219.127
 20
6404199.916
 10
305222.116
 20
6404227.828
 10
305223.571
 20
6404242.977
 10
305222.299
 20
6404241.886
 10
305183.955
 20
6404247.107
 10
305180.69
 20
6404270.022
 10
305183.207
 20
6404292.499
 10
305184.167
 20
6404304.303
 10
305181.283
 20
6404316.622
 10
305181.095
 20
6404317.724
 10
305181.075
 20
6404318.842
 10
305181.221
 20
6404319.95
 10
305181.532
 20
6404321.024
 10
305181.999
 20
6404322.04
 10
305182.613
 20
6404322.974
 10
305183.359
 20
6404323.806
 10
305184.222
 20
6404324.518
 10
305186.092
 20
6404325.962
 10
305202.877
 20
6404332.318
 10
305226.936
 20
6404341.428
 10
305214.633
 20
6404365.163
 10
305212.247
 20
6404376.387
 10
305209.124
 20
6404377.064
 10
305213.077
 20
6404362.315
 10
305220.205
 20
6404347.188
 10
305209.689
 20
6404343.452
 10
305175.66
 20
6404330.085
 10
305161.076
 20
6404365.796
 10
305154.547
 20
6404360.642
 10
305162.939
 20
6404355.617
 10
305174.609
 20
6404326.237
 10
305177.436
 20
6404319.122
 10
305178.794
 20
6404313.34
 10
305180.193
 20
6404307.381
 10
305181.01
 20
6404303.904
 10
305179.252
 20
6404277.573
 10
305178.255
 20
6404262.648
 10
305178.046
 20
6404259.526
 10
305177.603
 20
6404259.446
 10
305180.398
 20
6404246.216
 10
305182.004
 20
6404219.634
 10
305182.318
 20
6404215.648
 10
305182.616
 20
6404211.855
 10
305184.053
 20
6404193.611
 10
305183.202
 20
6404204.626
 10
305219.127
 20
6404199.916
  0
LWPOLYLINE
  5
217
330
17
100
AcDbEntity
  8
FASTIGHETSGRANSER
100
AcDbPolyline
 90
80
 70
1
 10
305303.116
 20
6404503.47
 10
305299.108
 20
6404501.339
 10
305295.032
 20
6404501.134
 10
305289.469
 20
6404500.306
 10
305283.366
 20
6404498.119
 10
305280.369
 20
6404498.676
 10
305280.666
 20
6404499.755
 10
305275.279
 20
6404500.199
 10
305273.306
 20
6404501.146
 10
305271.331
 20
6404501.145
 10
305269.497
 20
6404501.879
 10
305270.282
 20
6404504.169
 10
305268.961
 20
6404506.029
 10
305266.963
 20
6404505.849
 10
305265.712
 20
6404506.776
 10
305264.055
 20
6404505.747
 10
305261.769
 20
6404504.444
 10
305260.287
 20
6404502.844
 10
305261.721
 20
6404501.464
 10
305258.925
 20
6404501.082
 10
305257.597
 20
6404502.81
 10
305255.648
 20
6404505.476
 10
305256.789
 20
6404507.477
 10
305257.984
 20
6404511.012
 10
305258.178
 20
6404513.452
 10
305260.825
 20
6404513.296
 10
305264.142
 20
6404512.982
 10
305263.988
 20
6404510.67
 10
305264.106
 20
6404508.778
 10
305266.215
 20
6404510.022
 10
305267.866
 20
6404510.492
 10
305269.066
 20
6404512.295
 10
305272.894
 20
6404512.904
 10
305272.456
 20
6404516.09
 10
305270.641
 20
6404517.566
 10
305268.099
 20
6404522.176
 10
305264.079
 20
6404522.049
 10
305263.827
 20
6404520.864
 10
305260.34
 20
6404518.196
 10
305262.124
 20
6404515.968
 10
305257.54
 20
6404516.092
 10
305252.654
 20
6404514.434
 10
305252.513
 20
6404512.479
 10
305251.826
 20
6404509.837
 10
305249.821
 20
6404509.686
 10
305252.592
 20
6404505.915
 10
305253.771
 20
6404501.479
 10
305256.909
 20
6404500.005
 10
305258.111
 20
6404498.803
 10
305260.209
 20
6404495.303
 10
305256.689
 20
6404493.685
 10
305253.539
 20
6404495.904
 10
305251.048
 20
6404494.288
 10
305250.619
 20
6404491.384
 10
305251.738
 20
6404490.432
 10
305250.536
 20
6404485.128
 10
305249.578
 20
6404480.558
 10
305247.195
 20
6404477.368
 10
305245.567
 20
6404473.282
 10
305245.738
 20
6404471.723
 10
305244.408
 20
6404470.417
 10
305239.16
 20
6404463.681
 10
305231.681
 20
6404453.878
 10
305226.88
 20
6404451.665
 10
305224.172
 20
6404450.146
 10
305222.511
 20
6404449.667
 10
305220.758
 20
6404448.573
 10
305218.843
 20
6404448.732
 10
305214.706
 20
6404447.767
 10
305212.774
 20
6404443.875
 10
305209.124
 20
6404377.064
 10
305212.247
 20
6404376.387
 10
305214.482
 20
6404421.786
 10
305236.02
 20
6404432.576
 10
305249.911
 20
6404435.461
 10
305267.8
 20
6404434.948
 10
305285.719
 20
6404454.7
 10
305313.732
 20
6404477.211
 10
305316.575
 20
6404485.191
 10
305303.116
 20
6404503.47
  0
TEXT
  5
218
330
17
100
AcDbEntity
  8
TOMTBETECKNINGAR
100
AcDbText
 10
305258.047772152
 20
6404489.261481013
 30
0.0
 40
2.0
  1
3:11
100
AcDbText
  0
LWPOLYLINE
  5
219
330
17
100
AcDbEntity
  8
FASTIGHETSGRANSER
100
AcDbPolyline
 90
20
 70
1
 10
305510.987
 20
6404589.282
 10
305445.572
 20
6404610.011
 10
305477.883
 20
6404521.822
 10
305482.852
 20
6404516.777
 10
305545.142
 20
6404453.551
 10
305584.749
 20
6404440.736
 10
305585.188
 20
6404442.458
 10
305592.017
 20
6404469.243
 10
305568.066
 20
6404482.343
 10
305521.396
 20
6404508.195
 10
305519.965
 20
6404509.1
 10
305518.634
 20
6404510.147
 10
305517.417
 20
6404511.324
 10
305516.326
 20
6404512.619
 10
305515.373
 20
6404514.018
 10
305514.569
 20
6404515.508
 10
305513.92
 20
6404517.072
 10
305513.434
 20
6404518.694
 10
305513.117
 20
6404520.357
 10
305510.987
 20
6404589.282
  0
TEXT
  5
21A
330
17
100
AcDbEntity
  8
TOMTBETECKNINGAR
100
AcDbText
 10
305524.0319473684
 20
6404508.592473684
 30
0.0
 40
2.0
  1
1:5
100
AcDbText
  0
LWPOLYLINE
  5
21B
330
17
100
AcDbEntity
  8
TOMTER_1945
100
AcDbPolyline
 90
6
 70
1
 10
305407.718
 20
6404396.208
 10
305437.468
 20
6404400.91
 10
305432.006
 20
6404439.923
 10
305408.338
 20
6404436.284
 10
305392.459
 20
6404430.853
 10
305407.718
 20
6404396.208
  0
TEXT
  5
21C
330
17
100
AcDbEntity
  8
TOMTBETECKNINGAR
100
AcDbText
 10
305415.5978
 20
6404420.835600001
 30
0.0
 40
2.0
  1
1:35
100
AcDbText
  0
LWPOLYLINE
  5
21D
330
17
100
AcDbEntity
  8
TOMTER_1945
100
AcDbPolyline
 90
11
 70
1
 10
305471.916
 20
6404405.777
 10
305505.059
 20
6404409.487
 10
305515.43
 20
6404409.705
 10
305564.592
 20
6404395.035
 10
305576.753
 20
6404433.536
 10
305543.009
 20
6404445.072
 10
305528.66
 20
6404449.04
 10
305521.327
 20
6404450.269
 10
305515.115
 20
6404450.693
 10
305465.817
 20
6404444.809
 10
305471.916
 20
6404405.777
  0
TEXT
  5
21E
330
17
100
AcDbEntity
  8
TOMTBETECKNINGAR
100
AcDbText
 10
305520.76780000003
 20
6404429.3423
 30
0.0
 40
2.0
  1
1:41
100
AcDbText
  0
LWPOLYLINE
  5
21F
330
17
100
AcDbEntity
  8
FASTIGHETSGRANSER
100
AcDbPolyline
 90
127
 70
1
 10
305100.353
 20
6404401.468
 10
305099.68
 20
6404403.734
 10
305096.486
 20
6404404.375
 10
305092.875
 20
6404403.365
 10
305091.67
 20
6404404.831
 10
305087.703
 20
6404406.869
 10
305085.514
 20
6404406.252
 10
305082.645
 20
6404406.597
 10
305078.587
 20
6404406.188
 10
305076.183
 20
6404407.683
 10
305073.537
 20
6404407.412
 10
305073.72
 20
6404402.4
 10
305065.254
 20
6404399.434
 10
305059.858
 20
6404401.71
 10
305055.781
 20
6404400.109
 10
305056.845
 20
6404397.321
 10
305053.116
 20
6404397.426
 10
305049.871
 20
6404397.19
 10
305048.93
 20
6404397.461
 10
305047.807
 20
6404397.369
 10
305048.045
 20
6404398.934
 10
305049.192
 20
6404400.347
 10
305050.599
 20
6404401.897
 10
305049.79
 20
6404402.908
 10
305048.604
 20
6404403.532
 10
305045.873
 20
6404402.868
 10
305042.535
 20
6404401.372
 10
305039.92
 20
6404399.125
 10
305038.245
 20
6404395.503
 10
305037.598
 20
6404392.995
 10
305036.94
 20
6404392.116
 10
305036.056
 20
6404390.841
 10
305036.587
 20
6404389.388
 10
305037.816
 20
6404387.693
 10
305038.492
 20
6404386.13
 10
305039.202
 20
6404385.176
 10
305038.399
 20
6404382.575
 10
305036.955
 20
6404381.28
 10
305035.593
 20
6404381.507
 10
305035.219
 20
6404382.087
 10
305034.05
 20
6404382.101
 10
305033.404
 20
6404383.306
 10
305032.9
 20
6404384.3
 10
305031.621
 20
6404384.167
 10
305030.798
 20
6404384.008
 10
305030.059
 20
6404385.372
 10
305029.557
 20
6404386.417
 10
305028.268
 20
6404386.081
 10
305026.474
 20
6404383.991
 10
305024.324
 20
6404382.787
 10
305022.813
 20
6404380.858
 10
305020.604
 20
6404378.964
 10
305021.303
 20
6404376.852
 10
305022.759
 20
6404375.272
 10
305021.181
 20
6404373.194
 10
305020.638
 20
6404370.612
 10
305021.04
 20
6404368.947
 10
305020.225
 20
6404367.35
 10
305020.384
 20
6404366.494
 10
305019.543
 20
6404365.927
 10
305019.06
 20
6404364.278
 10
305019.904
 20
6404363.623
 10
305019.883
 20
6404361.711
 10
305018.842
 20
6404360.261
 10
305018.339
 20
6404357.168
 10
305016.763
 20
6404351.342
 10
305016.477
 20
6404348.641
 10
305015.401
 20
6404346.614
 10
305011.116
 20
6404338.702
 10
305012.133
 20
6404333.13
 10
305013.631
 20
6404330.772
 10
305013.772
 20
6404328.229
 10
305012.268
 20
6404325.892
 10
305013.27
 20
6404319.452
 10
305012.089
 20
6404313.756
 10
305009.936
 20
6404307.968
 10
305006.429
 20
6404304.234
 10
305005.911
 20
6404301.252
 10
305005.192
 20
6404299.568
 10
305004.614
 20
6404297.374
 10
305004.417
 20
6404291.299
 10
305004.174
 20
6404285.306
 10
305003.211
 20
6404281.724
 10
305004.088
 20
6404279.194
 10
305003.845
 20
6404277.009
 10
305005.995
 20
6404273.226
 10
305007.231
 20
6404270.124
 10
305009.915
 20
6404265.765
 10
305012.343
 20
6404259.826
 10
305013.982
 20
6404255.547
 10
305015.897
 20
6404253.653
 10
305017.334
 20
6404250.342
 10
305017.573
 20
6404248.514
 10
305016.571
 20
6404247.021
 10
305018.176
 20
6404246.959
 10
305020.66
 20
6404246.167
 10
305022.549
 20
6404243.704
 10
305023.911
 20
6404242.263
 10
305026.745
 20
6404241.041
 10
305029.076
 20
6404238.653
 10
305030.761
 20
6404237.312
 10
305030.084
 20
6404235.003
 10
305030.52
 20
6404233.407
 10
305031.121
 20
6404233.399
 10
305032.291
 20
6404232.418
 10
305034.677
 20
6404232.01
 10
305035.718
 20
6404229.13
 10
305044.817
 20
6404235.626
 10
305053.821
 20
6404242.054
 10
305100.766
 20
6404240.085
 10
305120.208
 20
6404260.402
 10
305125.56
 20
6404275.97
 10
305126.116
 20
6404277.587
 10
305122.744
 20
6404295.206
 10
305121.985
 20
6404302.067
 10
305152.925
 20
6404303.042
 10
305177.833
 20
6404303.807
 10
305181.01
 20
6404303.904
 10
305180.193
 20
6404307.381
 10
305177.375
 20
6404307.288
 10
305147.528
 20
6404306.373
 10
305144.7
 20
6404308.482
 10
305143.618
 20
6404325.382
 10
305142.767
 20
6404340.165
 10
305154.547
 20
6404360.642
 10
305131.825
 20
6404383.855
 10
305100.353
 20
6404401.468
  0
LWPOLYLINE
  5
220
330
17
100
AcDbEntity
  8
FASTIGHETSGRANSER
100
AcDbPolyline
 90
5
 70
1
 10
305203.996
 20
6404377.127
 10
305204.195
 20
6404380.125
 10
305200.46
 20
6404380.221
 10
305200.45
 20
6404377.223
 10
305203.996
 20
6404377.127
  0
TEXT
  5
221
330
17
100
AcDbEntity
  8
TOMTBETECKNINGAR
100
AcDbText
 10
305202.27525
 20
6404378.674000001
 30
0.0
 40
2.0
  1
s:21
100
AcDbText
  0
LWPOLYLINE
  5
222
330
17
100
AcDbEntity
  8
TOMTER_1945
100
AcDbPolyline
 90
110
 70
1
 10
306190.189
 20
6404179.854
 10
305733.318
 20
6404395.966
 10
305720.774
 20
6404379.184
 10
305682.973
 20
6404367.954
 10
305653.892
 20
6404352.557
 10
305651.631
 20
6404353.522
 10
305645.272
 20
6404368.798
 10
305651.66
 20
6404370.69
 10
305648.879
 20
6404393.293
 10
305683.18
 20
6404398.311
 10
305707.41
 20
6404408.206
 10
305682.784
 20
6404419.603
 10
305628.885
 20
6404449.082
 10
305618.684
 20
6404433.989
 10
305617.83
 20
6404433.084
 10
305616.864
 20
6404432.3
 10
305615.804
 20
6404431.649
 10
305614.667
 20
6404431.144
 10
305613.473
 20
6404430.792
 10
305612.244
 20
6404430.601
 10
305611.0
 20
6404430.573
 10
305609.763
 20
6404430.709
 10
305608.555
 20
6404431.006
 10
305585.188
 20
6404442.458
 10
305584.749
 20
6404440.736
 10
305545.142
 20
6404453.551
 10
305482.852
 20
6404516.777
 10
305477.883
 20
6404521.822
 10
305445.572
 20
6404610.011
 10
305425.875
 20
6404616.253
 10
305248.461
 20
6404753.573
 10
305303.116
 20
6404503.47
 10
305316.575
 20
6404485.191
 10
305313.732
 20
6404477.211
 10
305285.719
 20
6404454.7
 10
305267.8
 20
6404434.948
 10
305249.911
 20
6404435.461
 10
305236.02
 20
6404432.576
 10
305214.482
 20
6404421.786
 10
305212.247
 20
6404376.387
 10
305214.633
 20
6404365.163
 10
305226.936
 20
6404341.428
 10
305229.028
 20
6404309.252
 10
305225.71
 20
6404292.682
 10
305225.199
 20
6404285.541
 10
305227.947
 20
6404267.373
 10
305225.795
 20
6404266.132
 10
305223.571
 20
6404242.977
 10
305222.116
 20
6404227.828
 10
305219.127
 20
6404199.916
 10
305218.503
 20
6404194.087
 10
305214.214
 20
6404180.463
 10
305208.438
 20
6404169.679
 10
305205.619
 20
6404166.329
 10
305202.987
 20
6404167.11
 10
305199.63
 20
6404161.927
 10
305195.26
 20
6404149.31
 10
305190.345
 20
6404150.265
 10
305195.67
 20
6404133.413
 10
305195.465
 20
6404107.658
 10
305186.895
 20
6404057.615
 10
305183.839
 20
6404059.966
 10
305192.256
 20
6404108.754
 10
305192.273
 20
6404133.044
 10
305186.487
 20
6404151.014
 10
305185.023
 20
6404151.299
 10
305187.195
 20
6404140.554
 10
305189.064
 20
6404123.586
 10
305189.066
 20
6404123.306
 10
305189.192
 20
6404109.014
 10
305187.364
 20
6404096.905
 10
305160.212
 20
6404099.345
 10
305154.246
 20
6404081.166
 10
305134.506
 20
6404047.493
 10
305128.238
 20
6404043.441
 10
305031.199
 20
6403980.717
 10
305032.692
 20
6403976.432
 10
305147.425
 20
6403953.643
 10
305152.116
 20
6403952.71
 10
305211.013
 20
6403944.0
 10
305250.765
 20
6403938.143
 10
305256.255
 20
6403955.97
 10
305292.138
 20
6403962.524
 10
305296.94
 20
6403960.609
 10
305314.616
 20
6403983.319
 10
305347.94
 20
6403990.523
 10
305355.692
 20
6403992.251
 10
305357.333
 20
6403994.604
 10
305357.362
 20
6403994.644
 10
305355.543
 20
6403996.344
 10
305333.288
 20
6403997.91
 10
305328.719
 20
6404018.95
 10
305346.512
 20
6404041.125
 10
305361.8
 20
6404029.275
 10
305377.952
 20
6404024.823
 10
305380.8
 20
6404034.093
 10
305392.905
 20
6404031.304
 10
305414.564
 20
6404028.778
 10
305414.488
 20
6404017.847
 10
305418.535
 20
6403982.97
 10
305404.534
 20
6403983.898
 10
305398.575
 20
6403981.602
 10
305373.045
 20
6403971.766
 10
305341.654
 20
6403942.533
 10
305334.991
 20
6403925.932
 10
305374.722
 20
6403920.173
 10
305458.468
 20
6403926.755
 10
305664.603
 20
6403942.96
 10
306138.785
 20
6403979.99
 10
306190.189
 20
6404179.854
  0
LWPOLYLINE
  5
223
330
17
100
AcDbEntity
  8
TOMTER_1945
100
AcDbPolyline
 90
13
 70
1
 10
305243.073
 20
6403955.446
 10
305208.345
 20
6403949.062
 10
305202.472
 20
6403968.813
 10
305204.53
 20
6403997.739
 10
305205.547
 20
6404013.359
 10
305204.345
 20
6404016.287
 10
305231.319
 20
6404027.775
 10
305267.172
 20
6404043.044
 10
305297.672
 20
6404017.314
 10
305312.5
 20
6404005.478
 10
305313.899
 20
6403993.503
 10
305291.759
 20
6403964.397
 10
305243.073
 20
6403955.446
  0
LWPOLYLINE
  5
224
330
17
100
AcDbEntity
  8
TOMTER_1945
100
AcDbPolyline
 90
27
 70
1
 10
305236.535
 20
6404035.451
 10
305218.609
 20
6404027.679
 10
305204.302
 20
6404022.786
 10
305199.625
 20
6404032.701
 10
305188.73
 20
6404054.911
 10
305190.144
 20
6404071.841
 10
305196.995
 20
6404107.676
 10
305195.464
 20
6404142.786
 10
305196.138
 20
6404149.469
 10
305233.81
 20
6404142.964
 10
305245.253
 20
6404088.772
 10
305265.9
 20
6404098.891
 10
305270.451
 20
6404097.052
 10
305277.681
 20
6404078.782
 10
305296.839
 20
6404082.273
 10
305315.546
 20
6404064.269
 10
305334.656
 20
6404077.946
 10
305347.64
 20
6404055.24
 10
305332.054
 20
6404036.646
 10
305320.934
 20
6404031.991
 10
305299.57
 20
6404051.137
 10
305281.777
 20
6404038.669
 10
305265.888
 20
6404051.767
 10
305265.693
 20
6404051.927
 10
305263.345
 20
6404046.667
 10
305257.41
 20
6404044.21
 10
305236.535
 20
6404035.451
  0
LWPOLYLINE
  5
225
330
17
100
AcDbEntity
  8
TOMTER_1945
100
AcDbPolyline
 90
11
 70
1
 10
305316.578
 20
6404348.64
 10
305311.269
 20
6404345.88
 10
305289.687
 20
6404341.561
 10
305269.691
 20
6404364.422
 10
305269.125
 20
6404365.069
 10
305283.411
 20
6404376.379
 10
305296.422
 20
6404382.961
 10
305322.739
 20
6404395.991
 10
305340.74
 20
6404363.276
 10
305339.87
 20
6404359.739
 10
305316.578
 20
6404348.64
  0
TEXT
  5
226
330
17
100
AcDbEntity
  8
TOMTBETECKNINGAR
100
AcDbText
 10
305303.95320000005
 20
6404364.391799999
 30
0.0
 40
2.0
  1
1:18>2
100
AcDbText
  0
LWPOLYLINE
  5
227
330
17
100
AcDbEntity
  8
TOMTER_1945
100
AcDbPolyline
 90
14
 70
1
 10
305250.487
 20
6404361.909
 10
305226.692
 20
6404349.983
 10
305217.868
 20
6404363.301
 10
305215.061
 20
6404377.487
 10
305216.23
 20
6404392.483
 10
305224.595
 20
6404398.827
 10
305248.267
 20
6404416.099
 10
305258.504
 20
6404423.435
 10
305301.011
 20
6404409.529
 10
305306.898
 20
6404400.862
 10
305296.539
 20
6404395.311
 10
305275.514
 20
6404379.045
 10
305256.263
 20
6404364.14
 10
305250.487
 20
6404361.909
  0
TEXT
  5
228
330
17
100
AcDbEntity
  8
TOMTBETECKNINGAR
100
AcDbText
 10
305253.3791538462
 20
6404387.108538462
 30
0.0
 40
2.0
  1
1:18>2
100
AcDbText
  0
LWPOLYLINE
  5
229
330
17
100
AcDbEntity
  8
TOMTER_1945
100
AcDbPolyline
 90
26
 70
1
 10
305376.365
 20
6404379.622
 10
305345.143
 20
6404363.268
 10
305326.357
 20
6404397.815
 10
305358.53
 20
6404414.306
 10
305380.455
 20
6404425.542
 10
305392.459
 20
6404430.853
 10
305408.338
 20
6404436.284
 10
305432.006
 20
6404439.923
 10
305465.817
 20
6404444.809
 10
305515.115
 20
6404450.693
 10
305521.327
 20
6404450.269
 10
305528.66
 20
6404449.04
 10
305543.009
 20
6404445.072
 10
305576.753
 20
6404433.536
 10
305588.71
 20
6404429.447
 10
305614.154
 20
6404417.664
 10
305606.121
 20
6404399.02
 10
305592.13
 20
6404390.591
 10
305578.331
 20
6404390.935
 10
305564.592
 20
6404395.035
 10
305515.43
 20
6404409.705
 10
305505.059
 20
6404409.487
 10
305471.916
 20
6404405.777
 10
305437.468
 20
6404400.91
 10
305407.718
 20
6404396.208
 10
305376.365
 20
6404379.622
  0
TEXT
  5
22A
330
17
100
AcDbEntity
  8
TOMTBETECKNINGAR
100
AcDbText
 10
305482.0785200001
 20
6404416.23244
 30
0.0
 40
2.0
  1
1:18>2
100
AcDbText
  0
LWPOLYLINE
  5
22B
330
17
100
AcDbEntity
  8
TOMTER_1945
100
AcDbPolyline
 90
10
 70
1
 10
305452.914
 20
6404449.944
 10
305423.494
 20
6404445.691
 10
305417.254
 20
6404481.923
 10
305424.03
 20
6404486.452
 10
305446.213
 20
6404489.359
 10
305480.363
 20
6404493.89
 10
305499.561
 20
6404496.407
 10
305532.891
 20
6404461.704
 10
305487.415
 20
6404455.015
 10
305452.914
 20
6404449.944
  0
TEXT
  5
22C
330
17
100
AcDbEntity
  8
TOMTBETECKNINGAR
100
AcDbText
 10
305462.68166666664
 20
6404473.37611111
 30
0.0
 40
2.0
  1
1:18>2
100
AcDbText
  0
LWPOLYLINE
  5
22D
330
17
100
AcDbEntity
  8
TOMTER_1945
100
AcDbPolyline
 90
6
 70
1
 10
305376.365
 20
6404379.622
 10
305407.718
 20
6404396.208
 10
305392.459
 20
6404430.853
 10
305380.455
 20
6404425.542
 10
305358.53
 20
6404414.306
 10
305376.365
 20
6404379.622
  0
TEXT
  5
22E
330
17
100
AcDbEntity
  8
TOMTBETECKNINGAR
100
AcDbText
 10
305383.1054
 20
6404409.3061999995
 30
0.0
 40
2.0
  1
1:36
100
AcDbText
  0
LWPOLYLINE
  5
22F
330
17
100
AcDbEntity
  8
TOMTER_1945
100
AcDbPolyline
 90
5
 70
1
 10
305437.468
 20
6404400.91
 10
305471.916
 20
6404405.777
 10
305465.817
 20
6404444.809
 10
305432.006
 20
6404439.923
 10
305437.468
 20
6404400.91
  0
TEXT
  5
230
330
17
100
AcDbEntity
  8
TOMTBETECKNINGAR
100
AcDbText
 10
305451.80175000004
 20
6404422.85475
 30
0.0
 40
2.0
  1
1:42
100
AcDbText
  0
LWPOLYLINE
  5
231
330
17
100
AcDbEntity
  8
TOMTER_1945
100
AcDbPolyline
 90
8
 70
1
 10
305316.578
 20
6404348.64
 10
305296.422
 20
6404382.961
 10
305283.411
 20
6404376.379
 10
305269.125
 20
6404365.069
 10
305269.691
 20
6404364.422
 10
305289.687
 20
6404341.561
 10
305311.269
 20
6404345.88
 10
305316.578
 20
6404348.64
  0
TEXT
  5
232
330
17
100
AcDbEntity
  8
TOMTBETECKNINGAR
100
AcDbText
 10
305290.88328571426
 20
6404360.701714286
 30
0.0
 40
2.0
  1
1:48
100
AcDbText
  0
LWPOLYLINE
  5
233
330
17
100
AcDbEntity
  8
FASTIGHETSGRANSER
100
AcDbPolyline
 90
493
 70
1
 10
305194.17
 20
6404796.311
 10
305186.478
 20
6404794.129
 10
305178.84
 20
6404791.77
 10
305171.257
 20
6404789.235
 10
305163.736
 20
6404786.524
 10
305156.279
 20
6404783.64
 10
305148.892
 20
6404780.583
 10
305141.577
 20
6404777.356
 10
305134.339
 20
6404773.961
 10
305127.181
 20
6404770.399
 10
305120.109
 20
6404766.671
 10
305113.124
 20
6404762.781
 10
305106.231
 20
6404758.73
 10
305099.435
 20
6404754.52
 10
305092.737
 20
6404750.154
 10
305086.143
 20
6404745.634
 10
305079.655
 20
6404740.962
 10
305073.277
 20
6404736.141
 10
305066.075
 20
6404735.372
 10
305058.895
 20
6404734.424
 10
305051.741
 20
6404733.297
 10
305044.617
 20
6404731.992
 10
305037.528
 20
6404730.509
 10
305030.478
 20
6404728.85
 10
305023.471
 20
6404727.015
 10
305016.513
 20
6404725.006
 10
305009.607
 20
6404722.825
 10
305002.757
 20
6404720.471
 10
304995.969
 20
6404717.948
 10
304989.245
 20
6404715.255
 10
304982.591
 20
6404712.396
 10
304976.01
 20
6404709.372
 10
304969.506
 20
6404706.184
 10
304963.085
 20
6404702.835
 10
304956.748
 20
6404699.327
 10
304950.502
 20
6404695.662
 10
304944.348
 20
6404691.842
 10
304938.292
 20
6404687.87
 10
304932.337
 20
6404683.747
 10
304926.487
 20
6404679.478
 10
304920.0
 20
6404676.753
 10
304913.582
 20
6404673.868
 10
304907.238
 20
6404670.824
 10
304900.972
 20
6404667.623
 10
304894.787
 20
6404664.267
 10
304888.688
 20
6404660.759
 10
304882.678
 20
6404657.1
 10
304876.76
 20
6404653.292
 10
304870.939
 20
6404649.339
 10
304865.219
 20
6404645.242
 10
304859.602
 20
6404641.004
 10
304854.092
 20
6404636.628
 10
304848.692
 20
6404632.116
 10
304843.407
 20
6404627.471
 10
304838.238
 20
6404622.696
 10
304833.19
 20
6404617.794
 10
304828.266
 20
6404612.768
 10
304823.468
 20
6404607.622
 10
304818.799
 20
6404602.357
 10
304813.402
 20
6404597.44
 10
304808.13
 20
6404592.391
 10
304802.985
 20
6404587.212
 10
304797.97
 20
6404581.906
 10
304793.089
 20
6404576.478
 10
304788.344
 20
6404570.929
 10
304783.739
 20
6404565.265
 10
304779.276
 20
6404559.487
 10
304774.959
 20
6404553.6
 10
304770.789
 20
6404547.608
 10
304766.769
 20
6404541.514
 10
304762.903
 20
6404535.321
 10
304759.192
 20
6404529.035
 10
304755.638
 20
6404522.658
 10
304752.244
 20
6404516.194
 10
304749.012
 20
6404509.648
 10
304745.944
 20
6404503.024
 10
304743.042
 20
6404496.325
 10
304740.307
 20
6404489.556
 10
304737.741
 20
6404482.721
 10
304735.347
 20
6404475.825
 10
304733.124
 20
6404468.871
 10
304731.076
 20
6404461.864
 10
304729.202
 20
6404454.808
 10
304784.727
 20
6404352.116
 10
304841.614
 20
6404220.016
 10
304846.743
 20
6404177.983
 10
304873.206
 20
6404095.06
 10
304939.083
 20
6404027.917
 10
304952.67
 20
6404020.954
 10
304977.669
 20
6404008.144
 10
305053.342
 20
6404091.294
 10
305054.354
 20
6404092.524
 10
305052.924
 20
6404091.694
 10
305051.446
 20
6404089.413
 10
305048.895
 20
6404087.886
 10
305049.323
 20
6404090.166
 10
305049.086
 20
6404091.998
 10
305050.86
 20
6404094.156
 10
305052.141
 20
6404095.974
 10
305052.24
 20
6404097.668
 10
305053.237
 20
6404100.312
 10
305054.82
 20
6404102.626
 10
305057.311
 20
6404105.492
 10
305058.432
 20
6404108.168
 10
305059.494
 20
6404109.545
 10
305058.847
 20
6404110.134
 10
305057.9
 20
6404111.867
 10
305059.327
 20
6404113.48
 10
305059.11
 20
6404115.983
 10
305057.979
 20
6404117.303
 10
305055.119
 20
6404115.891
 10
305053.756
 20
6404116.974
 10
305052.582
 20
6404116.025
 10
305048.08
 20
6404114.952
 10
305046.155
 20
6404114.284
 10
305045.944
 20
6404116.858
 10
305045.106
 20
6404117.493
 10
305044.713
 20
6404119.153
 10
305045.25
 20
6404121.11
 10
305046.889
 20
6404123.369
 10
305045.35
 20
6404122.019
 10
305043.819
 20
6404121.036
 10
305042.817
 20
6404122.061
 10
305041.463
 20
6404121.145
 10
305040.339
 20
6404124.156
 10
305038.73
 20
6404124.96
 10
305038.243
 20
6404126.586
 10
305037.156
 20
6404127.302
 10
305036.937
 20
6404128.901
 10
305036.725
 20
6404130.453
 10
305036.865
 20
6404135.487
 10
305034.861
 20
6404136.455
 10
305036.169
 20
6404139.983
 10
305036.362
 20
6404142.973
 10
305034.328
 20
6404144.285
 10
305033.614
 20
6404144.087
 10
305032.633
 20
6404144.669
 10
305030.768
 20
6404144.025
 10
305029.031
 20
6404143.119
 10
305027.045
 20
6404143.746
 10
305025.914
 20
6404143.4
 10
305025.676
 20
6404144.638
 10
305024.039
 20
6404144.193
 10
305023.96
 20
6404145.328
 10
305023.08
 20
6404146.056
 10
305022.349
 20
6404146.562
 10
305020.757
 20
6404146.033
 10
305019.227
 20
6404146.926
 10
305017.344
 20
6404145.835
 10
305016.391
 20
6404146.853
 10
305014.413
 20
6404147.132
 10
305013.283
 20
6404148.713
 10
305012.694
 20
6404150.013
 10
305013.227
 20
6404151.495
 10
305012.557
 20
6404151.518
 10
305010.458
 20
6404151.337
 10
305009.572
 20
6404152.3
 10
305008.904
 20
6404155.367
 10
305009.115
 20
6404156.9
 10
305009.298
 20
6404158.344
 10
305007.939
 20
6404159.206
 10
305006.685
 20
6404161.232
 10
305005.643
 20
6404162.459
 10
305004.548
 20
6404160.941
 10
305003.645
 20
6404162.099
 10
305004.124
 20
6404162.75
 10
305005.281
 20
6404163.632
 10
305005.402
 20
6404165.529
 10
305005.325
 20
6404167.174
 10
305005.759
 20
6404167.92
 10
305005.936
 20
6404169.395
 10
305007.534
 20
6404170.809
 10
305009.3
 20
6404173.252
 10
305011.357
 20
6404177.549
 10
305012.633
 20
6404179.035
 10
305011.93
 20
6404180.454
 10
305012.385
 20
6404182.308
 10
305013.661
 20
6404184.242
 10
305015.292
 20
6404184.27
 10
305016.993
 20
6404186.187
 10
305017.566
 20
6404188.604
 10
305018.685
 20
6404189.388
 10
305019.973
 20
6404190.129
 10
305020.767
 20
6404191.86
 10
305021.901
 20
6404193.345
 10
305022.189
 20
6404194.499
 10
305024.079
 20
6404196.504
 10
305026.395
 20
6404196.275
 10
305028.639
 20
6404196.171
 10
305030.757
 20
6404195.709
 10
305033.468
 20
6404196.207
 10
305035.611
 20
6404195.183
 10
305037.131
 20
6404193.948
 10
305041.068
 20
6404191.78
 10
305041.343
 20
6404191.63
 10
305044.577
 20
6404189.584
 10
305056.33
 20
6404184.827
 10
305060.354
 20
6404187.147
 10
305062.784
 20
6404192.074
 10
305063.176
 20
6404192.87
 10
305063.492
 20
6404193.51
 10
305064.631
 20
6404200.146
 10
305064.437
 20
6404204.861
 10
305064.352
 20
6404206.914
 10
305062.75
 20
6404209.021
 10
305062.475
 20
6404210.245
 10
305059.766
 20
6404210.371
 10
305059.982
 20
6404212.233
 10
305057.739
 20
6404212.53
 10
305058.002
 20
6404214.134
 10
305056.119
 20
6404216.325
 10
305054.04
 20
6404217.835
 10
305051.236
 20
6404218.73
 10
305047.845
 20
6404218.057
 10
305045.884
 20
6404219.519
 10
305043.601
 20
6404220.021
 10
305040.262
 20
6404216.334
 10
305040.661
 20
6404214.575
 10
305040.265
 20
6404212.184
 10
305039.368
 20
6404212.371
 10
305038.706
 20
6404215.77
 10
305037.621
 20
6404215.703
 10
305036.283
 20
6404213.895
 10
305035.514
 20
6404215.543
 10
305034.751
 20
6404215.976
 10
305033.971
 20
6404216.416
 10
305032.789
 20
6404219.882
 10
305033.624
 20
6404222.101
 10
305034.13
 20
6404223.493
 10
305035.61
 20
6404225.139
 10
305035.897
 20
6404228.633
 10
305035.718
 20
6404229.13
 10
305034.677
 20
6404232.01
 10
305032.291
 20
6404232.418
 10
305031.121
 20
6404233.399
 10
305030.52
 20
6404233.407
 10
305030.084
 20
6404235.003
 10
305030.761
 20
6404237.312
 10
305029.076
 20
6404238.653
 10
305026.745
 20
6404241.041
 10
305023.911
 20
6404242.263
 10
305022.549
 20
6404243.704
 10
305020.66
 20
6404246.167
 10
305018.176
 20
6404246.959
 10
305016.571
 20
6404247.021
 10
305017.573
 20
6404248.514
 10
305017.334
 20
6404250.342
 10
305015.897
 20
6404253.653
 10
305013.982
 20
6404255.547
 10
305012.343
 20
6404259.826
 10
305009.915
 20
6404265.765
 10
305007.231
 20
6404270.124
 10
305005.995
 20
6404273.226
 10
305003.845
 20
6404277.009
 10
305004.088
 20
6404279.194
 10
305003.211
 20
6404281.724
 10
305004.174
 20
6404285.306
 10
305004.417
 20
6404291.299
 10
305004.614
 20
6404297.374
 10
305005.192
 20
6404299.568
 10
305005.911
 20
6404301.252
 10
305006.429
 20
6404304.234
 10
305009.936
 20
6404307.968
 10
305012.089
 20
6404313.756
 10
305013.27
 20
6404319.452
 10
305012.268
 20
6404325.892
 10
305013.772
 20
6404328.229
 10
305013.631
 20
6404330.772
 10
305012.133
 20
6404333.13
 10
305011.116
 20
6404338.702
 10
305015.401
 20
6404346.614
 10
305016.477
 20
6404348.641
 10
305016.763
 20
6404351.342
 10
305018.339
 20
6404357.168
 10
305018.842
 20
6404360.261
 10
305019.883
 20
6404361.711
 10
305019.904
 20
6404363.623
 10
305019.06
 20
6404364.278
 10
305019.543
 20
6404365.927
 10
305020.384
 20
6404366.494
 10
305020.225
 20
6404367.35
 10
305021.04
 20
6404368.947
 10
305020.638
 20
6404370.612
 10
305021.181
 20
6404373.194
 10
305022.759
 20
6404375.272
 10
305021.303
 20
6404376.852
 10
305020.604
 20
6404378.964
 10
305022.813
 20
6404380.858
 10
305024.324
 20
6404382.787
 10
305026.474
 20
6404383.991
 10
305028.268
 20
6404386.081
 10
305029.557
 20
6404386.417
 10
305030.059
 20
6404385.372
 10
305030.798
 20
6404384.008
 10
305031.621
 20
6404384.167
 10
305032.9
 20
6404384.3
 10
305033.404
 20
6404383.306
 10
305034.05
 20
6404382.101
 10
305035.219
 20
6404382.087
 10
305035.593
 20
6404381.507
 10
305036.955
 20
6404381.28
 10
305038.399
 20
6404382.575
 10
305039.202
 20
6404385.176
 10
305038.492
 20
6404386.13
 10
305037.816
 20
6404387.693
 10
305036.587
 20
6404389.388
 10
305036.056
 20
6404390.841
 10
305036.94
 20
6404392.116
 10
305037.598
 20
6404392.995
 10
305038.245
 20
6404395.503
 10
305039.92
 20
6404399.125
 10
305042.535
 20
6404401.372
 10
305045.873
 20
6404402.868
 10
305048.604
 20
6404403.532
 10
305049.79
 20
6404402.908
 10
305050.599
 20
6404401.897
 10
305049.192
 20
6404400.347
 10
305048.045
 20
6404398.934
 10
305047.807
 20
6404397.369
 10
305048.93
 20
6404397.461
 10
305049.871
 20
6404397.19
 10
305053.116
 20
6404397.426
 10
305056.845
 20
6404397.321
 10
305055.781
 20
6404400.109
 10
305059.858
 20
6404401.71
 10
305065.254
 20
6404399.434
 10
305073.72
 20
6404402.4
 10
305073.537
 20
6404407.412
 10
305076.183
 20
6404407.683
 10
305078.587
 20
6404406.188
 10
305082.645
 20
6404406.597
 10
305085.514
 20
6404406.252
 10
305087.703
 20
6404406.869
 10
305091.67
 20
6404404.831
 10
305092.875
 20
6404403.365
 10
305096.486
 20
6404404.375
 10
305099.68
 20
6404403.734
 10
305100.353
 20
6404401.468
 10
305112.445
 20
6404412.663
 10
305112.783
 20
6404417.09
 10
305110.069
 20
6404420.337
 10
305109.467
 20
6404423.798
 10
305110.411
 20
6404424.529
 10
305106.939
 20
6404427.104
 10
305104.544
 20
6404434.363
 10
305104.906
 20
6404435.356
 10
305103.789
 20
6404436.927
 10
305107.032
 20
6404437.453
 10
305110.924
 20
6404437.794
 10
305113.353
 20
6404436.214
 10
305113.766
 20
6404434.466
 10
305117.836
 20
6404432.474
 10
305122.161
 20
6404432.142
 10
305125.606
 20
6404429.306
 10
305126.363
 20
6404427.085
 10
305128.192
 20
6404425.507
 10
305129.0
 20
6404423.588
 10
305131.714
 20
6404422.307
 10
305133.692
 20
6404420.381
 10
305132.773
 20
6404419.425
 10
305131.997
 20
6404418.326
 10
305130.097
 20
6404418.24
 10
305127.227
 20
6404420.53
 10
305126.365
 20
6404417.095
 10
305129.697
 20
6404415.762
 10
305132.942
 20
6404415.575
 10
305134.153
 20
6404413.742
 10
305137.004
 20
6404413.592
 10
305138.609
 20
6404410.053
 10
305143.906
 20
6404409.636
 10
305144.275
 20
6404407.544
 10
305138.692
 20
6404406.727
 10
305136.403
 20
6404403.877
 10
305135.225
 20
6404401.492
 10
305133.811
 20
6404401.526
 10
305132.995
 20
6404397.996
 10
305134.825
 20
6404395.226
 10
305136.712
 20
6404396.963
 10
305140.062
 20
6404395.73
 10
305142.57
 20
6404394.136
 10
305141.905
 20
6404392.867
 10
305146.905
 20
6404388.154
 10
305145.639
 20
6404385.366
 10
305146.906
 20
6404383.774
 10
305150.37
 20
6404382.89
 10
305149.49
 20
6404378.581
 10
305151.898
 20
6404377.281
 10
305161.279
 20
6404380.235
 10
305164.089
 20
6404389.343
 10
305162.71
 20
6404391.4
 10
305163.813
 20
6404393.72
 10
305163.464
 20
6404395.535
 10
305163.297
 20
6404398.968
 10
305157.153
 20
6404401.447
 10
305156.758
 20
6404402.563
 10
305152.278
 20
6404404.381
 10
305153.701
 20
6404405.395
 10
305152.619
 20
6404407.645
 10
305155.941
 20
6404409.816
 10
305155.321
 20
6404413.473
 10
305158.034
 20
6404415.053
 10
305161.156
 20
6404416.503
 10
305162.058
 20
6404417.99
 10
305165.527
 20
6404417.474
 10
305165.227
 20
6404420.588
 10
305169.4
 20
6404423.169
 10
305172.855
 20
6404423.726
 10
305173.507
 20
6404428.526
 10
305176.937
 20
6404430.906
 10
305181.698
 20
6404431.669
 10
305186.796
 20
6404431.413
 10
305191.607
 20
6404431.096
 10
305193.274
 20
6404430.511
 10
305195.521
 20
6404431.313
 10
305199.48
 20
6404434.325
 10
305202.002
 20
6404436.093
 10
305205.385
 20
6404436.747
 10
305207.499
 20
6404437.971
 10
305208.863
 20
6404440.834
 10
305209.847
 20
6404441.942
 10
305211.08
 20
6404443.641
 10
305212.774
 20
6404443.875
 10
305214.706
 20
6404447.767
 10
305218.843
 20
6404448.732
 10
305220.758
 20
6404448.573
 10
305222.511
 20
6404449.667
 10
305224.172
 20
6404450.146
 10
305226.88
 20
6404451.665
 10
305231.681
 20
6404453.878
 10
305239.16
 20
6404463.681
 10
305244.408
 20
6404470.417
 10
305245.738
 20
6404471.723
 10
305245.567
 20
6404473.282
 10
305247.195
 20
6404477.368
 10
305249.578
 20
6404480.558
 10
305250.536
 20
6404485.128
 10
305251.738
 20
6404490.432
 10
305250.619
 20
6404491.384
 10
305251.048
 20
6404494.288
 10
305253.539
 20
6404495.904
 10
305256.689
 20
6404493.685
 10
305260.209
 20
6404495.303
 10
305258.111
 20
6404498.803
 10
305256.909
 20
6404500.005
 10
305253.771
 20
6404501.479
 10
305252.592
 20
6404505.915
 10
305249.821
 20
6404509.686
 10
305251.826
 20
6404509.837
 10
305252.513
 20
6404512.479
 10
305252.654
 20
6404514.434
 10
305257.54
 20
6404516.092
 10
305262.124
 20
6404515.968
 10
305260.34
 20
6404518.196
 10
305263.827
 20
6404520.864
 10
305264.079
 20
6404522.049
 10
305268.099
 20
6404522.176
 10
305270.641
 20
6404517.566
 10
305272.456
 20
6404516.09
 10
305272.894
 20
6404512.904
 10
305269.066
 20
6404512.295
 10
305267.866
 20
6404510.492
 10
305266.215
 20
6404510.022
 10
305264.106
 20
6404508.778
 10
305263.988
 20
6404510.67
 10
305264.142
 20
6404512.982
 10
305260.825
 20
6404513.296
 10
305258.178
 20
6404513.452
 10
305257.984
 20
6404511.012
 10
305256.789
 20
6404507.477
 10
305255.648
 20
6404505.476
 10
305257.597
 20
6404502.81
 10
305258.925
 20
6404501.082
 10
305261.721
 20
6404501.464
 10
305260.287
 20
6404502.844
 10
305261.769
 20
6404504.444
 10
305264.055
 20
6404505.747
 10
305265.712
 20
6404506.776
 10
305266.963
 20
6404505.849
 10
305268.961
 20
6404506.029
 10
305270.282
 20
6404504.169
 10
305269.497
 20
6404501.879
 10
305271.331
 20
6404501.145
 10
305273.306
 20
6404501.146
 10
305275.279
 20
6404500.199
 10
305280.666
 20
6404499.755
 10
305280.369
 20
6404498.676
 10
305283.366
 20
6404498.119
 10
305289.469
 20
6404500.306
 10
305295.032
 20
6404501.134
 10
305299.108
 20
6404501.339
 10
305303.116
 20
6404503.47
 10
305248.461
 20
6404753.573
 10
305194.17
 20
6404796.311
  0
LWPOLYLINE
  5
234
330
17
100
AcDbEntity
  8
FASTIGHETSGRANSER
100
AcDbPolyline
 90
75
 70
1
 10
305172.855
 20
6404423.726
 10
305169.4
 20
6404423.169
 10
305165.227
 20
6404420.588
 10
305165.527
 20
6404417.474
 10
305162.058
 20
6404417.99
 10
305161.156
 20
6404416.503
 10
305158.034
 20
6404415.053
 10
305155.321
 20
6404413.473
 10
305155.941
 20
6404409.816
 10
305152.619
 20
6404407.645
 10
305153.701
 20
6404405.395
 10
305152.278
 20
6404404.381
 10
305156.758
 20
6404402.563
 10
305157.153
 20
6404401.447
 10
305163.297
 20
6404398.968
 10
305163.464
 20
6404395.535
 10
305163.813
 20
6404393.72
 10
305162.71
 20
6404391.4
 10
305164.089
 20
6404389.343
 10
305161.279
 20
6404380.235
 10
305151.898
 20
6404377.281
 10
305149.49
 20
6404378.581
 10
305150.37
 20
6404382.89
 10
305146.906
 20
6404383.774
 10
305145.639
 20
6404385.366
 10
305146.905
 20
6404388.154
 10
305141.905
 20
6404392.867
 10
305142.57
 20
6404394.136
 10
305140.062
 20
6404395.73
 10
305136.712
 20
6404396.963
 10
305134.825
 20
6404395.226
 10
305132.995
 20
6404397.996
 10
305133.811
 20
6404401.526
 10
305135.225
 20
6404401.492
 10
305136.403
 20
6404403.877
 10
305138.692
 20
6404406.727
 10
305144.275
 20
6404407.544
 10
305143.906
 20
6404409.636
 10
305138.609
 20
6404410.053
 10
305137.004
 20
6404413.592
 10
305134.153
 20
6404413.742
 10
305132.942
 20
6404415.575
 10
305129.697
 20
6404415.762
 10
305126.365
 20
6404417.095
 10
305127.227
 20
6404420.53
 10
305130.097
 20
6404418.24
 10
305131.997
 20
6404418.326
 10
305132.773
 20
6404419.425
 10
305133.692
 20
6404420.381
 10
305131.714
 20
6404422.307
 10
305129.0
 20
6404423.588
 10
305128.192
 20
6404425.507
 10
305126.363
 20
6404427.085
 10
305125.606
 20
6404429.306
 10
305122.161
 20
6404432.142
 10
305117.836
 20
6404432.474
 10
305113.766
 20
6404434.466
 10
305113.353
 20
6404436.214
 10
305110.924
 20
6404437.794
 10
305107.032
 20
6404437.453
 10
305103.789
 20
6404436.927
 10
305104.906
 20
6404435.356
 10
305104.544
 20
6404434.363
 10
305106.939
 20
6404427.104
 10
305110.411
 20
6404424.529
 10
305109.467
 20
6404423.798
 10
305110.069
 20
6404420.337
 10
305112.783
 20
6404417.09
 10
305112.445
 20
6404412.663
 10
305100.353
 20
6404401.468
 10
305131.825
 20
6404383.855
 10
305154.547
 20
6404360.642
 10
305161.076
 20
6404365.796
 10
305178.987
 20
6404385.387
 10
305172.855
 20
6404423.726
  0
LWPOLYLINE
  5
235
330
17
100
AcDbEntity
  8
LILLEBY_4_8
100
AcDbPolyline
 90
22
 70
1
 10
305682.784
 20
6404419.603
 10
305692.317
 20
6404450.639
 10
305695.515
 20
6404461.196
 10
305693.017
 20
6404463.466
 10
305622.258
 20
6404525.46
 10
305574.392
 20
6404542.914
 10
305538.828
 20
6404586.862
 10
305510.987
 20
6404589.282
 10
305513.117
 20
6404520.357
 10
305513.434
 20
6404518.694
 10
305513.92
 20
6404517.072
 10
305514.569
 20
6404515.508
 10
305515.373
 20
6404514.018
 10
305516.326
 20
6404512.619
 10
305517.417
 20
6404511.324
 10
305518.634
 20
6404510.147
 10
305519.965
 20
6404509.1
 10
305521.396
 20
6404508.195
 10
305568.066
 20
6404482.343
 10
305592.017
 20
6404469.243
 10
305628.885
 20
6404449.082
 10
305682.784
 20
6404419.603
  0
TEXT
  5
236
330
17
100
AcDbEntity
  8
TOMTBETECKNINGAR
100
AcDbText
 10
305569.67699999997
 20
6404503.672571428
 30
0.0
 40
2.0
  1
4:8
100
AcDbText
  0
LWPOLYLINE
  5
237
330
17
100
AcDbEntity
  8
TOMTER_1945
100
AcDbPolyline
 90
14
 70
1
 10
305585.188
 20
6404442.458
 10
305608.555
 20
6404431.006
 10
305609.763
 20
6404430.709
 10
305611.0
 20
6404430.573
 10
305612.244
 20
6404430.601
 10
305613.473
 20
6404430.792
 10
305614.667
 20
6404431.144
 10
305615.804
 20
6404431.649
 10
305616.864
 20
6404432.3
 10
305617.83
 20
6404433.084
 10
305618.684
 20
6404433.989
 10
305628.885
 20
6404449.082
 10
305592.017
 20
6404469.243
 10
305585.188
 20
6404442.458
  0
TEXT
  5
238
330
17
100
AcDbEntity
  8
TOMTBETECKNINGAR
100
AcDbText
 10
305611.1518461539
 20
6404436.663846154
 30
0.0
 40
2.0
  1
1:25
100
AcDbText
  0
LWPOLYLINE
  5
239
330
17
100
AcDbEntity
  8
TOMTER_1945
100
AcDbPolyline
 90
8
 70
1
 10
305564.592
 20
6404395.035
 10
305578.331
 20
6404390.935
 10
305592.13
 20
6404390.591
 10
305606.121
 20
6404399.02
 10
305614.154
 20
6404417.664
 10
305588.71
 20
6404429.447
 10
305576.753
 20
6404433.536
 10
305564.592
 20
6404395.035
  0
TEXT
  5
23A
330
17
100
AcDbEntity
  8
TOMTBETECKNINGAR
100
AcDbText
 10
305588.6844285714
 20
6404408.0325714275
 30
0.0
 40
2.0
  1
1:31
100
AcDbText
  0
LWPOLYLINE
  5
23B
330
17
100
AcDbEntity
  8
TOMTER_1945
100
AcDbPolyline
 90
5
 70
1
 10
305452.914
 20
6404449.944
 10
305487.415
 20
6404455.015
 10
305480.363
 20
6404493.89
 10
305446.213
 20
6404489.359
 10
305452.914
 20
6404449.944
  0
TEXT
  5
23C
330
17
100
AcDbEntity
  8
TOMTBETECKNINGAR
100
AcDbText
 10
305466.72624999995
 20
6404472.052
 30
0.0
 40
2.0
  1
1:43
100
AcDbText
  0
LWPOLYLINE
  5
23D
330
17
100
AcDbEntity
  8
FASTIGHETSGRANSER
100
AcDbPolyline
 90
24
 70
1
 10
305212.774
 20
6404443.875
 10
305211.08
 20
6404443.641
 10
305209.847
 20
6404441.942
 10
305208.863
 20
6404440.834
 10
305207.499
 20
6404437.971
 10
305205.385
 20
6404436.747
 10
305202.002
 20
6404436.093
 10
305199.48
 20
6404434.325
 10
305195.521
 20
6404431.313
 10
305193.274
 20
6404430.511
 10
305191.607
 20
6404431.096
 10
305186.796
 20
6404431.413
 10
305181.698
 20
6404431.669
 10
305176.937
 20
6404430.906
 10
305173.507
 20
6404428.526
 10
305172.855
 20
6404423.726
 10
305178.987
 20
6404385.387
 10
305187.018
 20
6404377.675
 10
305200.45
 20
6404377.223
 10
305200.46
 20
6404380.221
 10
305204.195
 20
6404380.125
 10
305203.996
 20
6404377.127
 10
305209.124
 20
6404377.064
 10
305212.774
 20
6404443.875
  0
TEXT
  5
23E
330
17
100
AcDbEntity
  8
TOMTBETECKNINGAR
100
AcDbText
 10
305196.232826087
 20
6404417.800434782
 30
0.0
 40
2.0
  1
3:6
100
AcDbText
  0
LWPOLYLINE
  5
23F
330
17
100
AcDbEntity
  8
TOMTER_1945
100
AcDbPolyline
 90
5
 70
1
 10
305376.365
 20
6404379.622
 10
305358.53
 20
6404414.306
 10
305326.357
 20
6404397.815
 10
305345.143
 20
6404363.268
 10
305376.365
 20
6404379.622
  0
TEXT
  5
240
330
17
100
AcDbEntity
  8
TOMTBETECKNINGAR
100
AcDbText
 10
305351.59875
 20
6404388.75275
 30
0.0
 40
2.0
  1
1:32
100
AcDbText
  0
LWPOLYLINE
  5
241
330
17
100
AcDbEntity
  8
TOMTER_1945
100
AcDbPolyline
 90
6
 70
1
 10
305452.914
 20
6404449.944
 10
305446.213
 20
6404489.359
 10
305424.03
 20
6404486.452
 10
305417.254
 20
6404481.923
 10
305423.494
 20
6404445.691
 10
305452.914
 20
6404449.944
  0
TEXT
  5
242
330
17
100
AcDbEntity
  8
TOMTBETECKNINGAR
100
AcDbText
 10
305432.781
 20
6404470.6738
 30
0.0
 40
2.0
  1
1:38
100
AcDbText
  0
LWPOLYLINE
  5
243
330
17
100
AcDbEntity
  8
TOMTER_1945
100
AcDbPolyline
 90
7
 70
1
 10
305275.514
 20
6404379.045
 10
305296.539
 20
6404395.311
 10
305306.898
 20
6404400.862
 10
305301.011
 20
6404409.529
 10
305258.504
 20
6404423.435
 10
305248.267
 20
6404416.099
 10
305275.514
 20
6404379.045
  0
TEXT
  5
244
330
17
100
AcDbEntity
  8
TOMTBETECKNINGAR
100
AcDbText
 10
305281.12216666667
 20
6404404.046833333
 30
0.0
 40
2.0
  1
1:33
100
AcDbText
  0
LWPOLYLINE
  5
245
330
17
100
AcDbEntity
  8
TOMTER_1945
100
AcDbPolyline
 90
5
 70
1
 10
305487.415
 20
6404455.015
 10
305532.891
 20
6404461.704
 10
305499.561
 20
6404496.407
 10
305480.363
 20
6404493.89
 10
305487.415
 20
6404455.015
  0
TEXT
  5
246
330
17
100
AcDbEntity
  8
TOMTBETECKNINGAR
100
AcDbText
 10
305500.0575
 20
6404476.754000001
 30
0.0
 40
2.0
  1
1:39
100
AcDbText
  0
LWPOLYLINE
  5
247
330
17
100
AcDbEntity
  8
TOMTER_1945
100
AcDbPolyline
 90
6
 70
1
 10
305316.578
 20
6404348.64
 10
305339.87
 20
6404359.739
 10
305340.74
 20
6404363.276
 10
305322.739
 20
6404395.991
 10
305296.422
 20
6404382.961
 10
305316.578
 20
6404348.64
  0
TEXT
  5
248
330
17
100
AcDbEntity
  8
TOMTBETECKNINGAR
100
AcDbText
 10
305323.2698
 20
6404370.1214000005
 30
0.0
 40
2.0
  1
1:57
100
AcDbText
  0
LWPOLYLINE
  5
249
330
17
100
AcDbEntity
  8
FASTIGHETSGRANSER
100
AcDbPolyline
 90
7
 70
1
 10
305225.71
 20
6404292.682
 10
305229.028
 20
6404309.252
 10
305226.936
 20
6404341.428
 10
305202.877
 20
6404332.318
 10
305209.269
 20
6404311.168
 10
305209.719
 20
6404292.613
 10
305225.71
 20
6404292.682
  0
TEXT
  5
24A
330
17
100
AcDbEntity
  8
TOMTBETECKNINGAR
100
AcDbText
 10
305217.25649999996
 20
6404313.243499999
 30
0.0
 40
2.0
  1
3:9
100
AcDbText
  0
LWPOLYLINE
  5
24B
330
17
100
AcDbEntity
  8
FASTIGHETSGRANSER
100
AcDbPolyline
 90
50
 70
1
 10
305302.586
 20
6404505.893
 10
305319.253
 20
6404512.433
 10
305330.439
 20
6404513.225
 10
305336.717
 20
6404519.38
 10
305350.061
 20
6404520.504
 10
305361.105
 20
6404527.734
 10
305369.98
 20
6404524.768
 10
305373.214
 20
6404520.335
 10
305380.976
 20
6404521.278
 10
305385.571
 20
6404518.501
 10
305385.438
 20
6404515.505
 10
305392.62
 20
6404513.041
 10
305402.913
 20
6404513.015
 10
305417.761
 20
6404509.355
 10
305447.782
 20
6404509.31
 10
305463.191
 20
6404508.627
 10
305472.447
 20
6404514.221
 10
305473.569
 20
6404520.177
 10
305478.575
 20
6404521.116
 10
305484.31
 20
6404522.193
 10
305478.767
 20
6404539.315
 10
305482.264
 20
6404540.633
 10
305487.947
 20
6404522.876
 10
305493.896
 20
6404523.993
 10
305494.842
 20
6404530.744
 10
305498.928
 20
6404523.195
 10
305503.867
 20
6404518.31
 10
305514.964
 20
6404508.241
 10
305518.787
 20
6404510.015
 10
305518.769
 20
6404510.03
 10
305518.171
 20
6404510.566
 10
305517.601
 20
6404511.129
 10
305517.058
 20
6404511.721
 10
305516.545
 20
6404512.337
 10
305516.062
 20
6404512.977
 10
305515.611
 20
6404513.641
 10
305515.192
 20
6404514.325
 10
305514.807
 20
6404515.029
 10
305514.456
 20
6404515.75
 10
305514.14
 20
6404516.488
 10
305513.861
 20
6404517.24
 10
305513.619
 20
6404518.004
 10
305513.414
 20
6404518.78
 10
305513.247
 20
6404519.564
 10
305513.118
 20
6404520.356
 10
305510.987
 20
6404589.283
 10
305445.574
 20
6404610.012
 10
305425.876
 20
6404616.254
 10
305248.462
 20
6404753.574
 10
305302.586
 20
6404505.893
  0
TEXT
  5
24C
330
17
100
AcDbEntity
  8
TOMTBETECKNINGAR
100
AcDbText
 10
305454.6804081633
 20
6404527.652918367
 30
0.0
 40
2.0
  1
fs:10>2
100
AcDbText
  0
LWPOLYLINE
  5
24D
330
17
100
AcDbEntity
  8
FASTIGHETSGRANSER
100
AcDbPolyline
 90
23
 70
1
 10
305388.616
 20
6404522.607
 10
305387.434
 20
6404526.24
 10
305390.368
 20
6404528.553
 10
305394.064
 20
6404529.16
 10
305398.632
 20
6404532.061
 10
305404.601
 20
6404533.761
 10
305407.765
 20
6404533.13
 10
305414.984
 20
6404536.725
 10
305419.357
 20
6404535.772
 10
305419.91
 20
6404538.073
 10
305424.409
 20
6404537.685
 10
305424.318
 20
6404540.355
 10
305426.126
 20
6404541.254
 10
305428.456
 20
6404540.071
 10
305427.335
 20
6404536.928
 10
305422.149
 20
6404532.004
 10
305421.223
 20
6404529.01
 10
305418.699
 20
6404526.34
 10
305413.841
 20
6404524.512
 10
305408.459
 20
6404521.066
 10
305403.037
 20
6404519.203
 10
305394.925
 20
6404518.789
 10
305388.616
 20
6404522.607
  0
TEXT
  5
24E
330
17
100
AcDbEntity
  8
TOMTBETECKNINGAR
100
AcDbText
 10
305410.85036363633
 20
6404531.0590454545
 30
0.0
 40
2.0
  1
fs:10>2
100
AcDbText
  0
LWPOLYLINE
  5
24F
330
17
100
AcDbEntity
  8
FASTIGHETSGRANSER
100
AcDbPolyline
 90
1072
 70
1
 10
306301.387
 20
6405066.015
 10
306300.55
 20
6405066.703
 10
306296.96
 20
6405068.128
 10
306297.206
 20
6405070.504
 10
306300.182
 20
6405071.075
 10
306302.047
 20
6405069.888
 10
306304.905
 20
6405086.67
 10
306304.58
 20
6405087.88
 10
306305.226
 20
6405088.551
 10
306305.299
 20
6405088.981
 10
306305.625
 20
6405090.896
 10
306303.728
 20
6405090.868
 10
306302.005
 20
6405093.192
 10
306306.049
 20
6405095.682
 10
306306.414
 20
6405095.521
 10
306307.421
 20
6405101.433
 10
306300.76
 20
6405106.313
 10
306300.426
 20
6405108.295
 10
306303.178
 20
6405110.139
 10
306300.712
 20
6405114.745
 10
306302.049
 20
6405116.371
 10
306305.309
 20
6405113.838
 10
306308.898
 20
6405112.415
 10
306309.315
 20
6405112.549
 10
306352.789
 20
6405367.737
 10
306272.226
 20
6405424.487
 10
306268.709
 20
6405423.72
 10
306265.201
 20
6405422.919
 10
306261.7
 20
6405422.084
 10
306258.208
 20
6405421.215
 10
306254.726
 20
6405420.311
 10
306251.25
 20
6405419.374
 10
306247.786
 20
6405418.404
 10
306244.33
 20
6405417.4
 10
306240.884
 20
6405416.361
 10
306237.449
 20
6405415.289
 10
306234.025
 20
6405414.185
 10
306230.611
 20
6405413.047
 10
306227.208
 20
6405411.874
 10
306223.881
 20
6405412.873
 10
306220.542
 20
6405413.833
 10
306217.193
 20
6405414.755
 10
306213.833
 20
6405415.639
 10
306210.463
 20
6405416.484
 10
306207.083
 20
6405417.29
 10
306203.695
 20
6405418.057
 10
306200.298
 20
6405418.785
 10
306196.893
 20
6405419.473
 10
306193.481
 20
6405420.123
 10
306190.06
 20
6405420.733
 10
306186.633
 20
6405421.303
 10
306183.2
 20
6405421.835
 10
306179.761
 20
6405422.327
 10
306176.316
 20
6405422.779
 10
306172.867
 20
6405423.191
 10
306169.413
 20
6405423.564
 10
306165.955
 20
6405423.897
 10
306162.492
 20
6405424.19
 10
306159.028
 20
6405424.444
 10
306155.561
 20
6405424.658
 10
306152.091
 20
6405424.831
 10
306148.619
 20
6405424.964
 10
306145.146
 20
6405425.058
 10
306141.673
 20
6405425.112
 10
306138.199
 20
6405425.126
 10
306134.725
 20
6405425.1
 10
306131.251
 20
6405425.034
 10
306127.779
 20
6405424.927
 10
306124.308
 20
6405424.781
 10
306120.838
 20
6405424.595
 10
306117.371
 20
6405424.368
 10
306113.908
 20
6405424.104
 10
306110.447
 20
6405423.798
 10
306106.99
 20
6405423.452
 10
306103.537
 20
6405423.067
 10
306100.09
 20
6405422.642
 10
306096.647
 20
6405422.177
 10
306093.209
 20
6405421.673
 10
306089.778
 20
6405421.129
 10
306086.353
 20
6405420.546
 10
306082.936
 20
6405419.924
 10
306079.525
 20
6405419.262
 10
306076.122
 20
6405418.561
 10
306072.728
 20
6405417.821
 10
306069.342
 20
6405417.042
 10
306065.965
 20
6405416.224
 10
306062.599
 20
6405415.367
 10
306059.242
 20
6405414.471
 10
306055.896
 20
6405413.537
 10
306052.561
 20
6405412.565
 10
306049.237
 20
6405411.554
 10
306045.925
 20
6405410.506
 10
306042.626
 20
6405409.419
 10
306039.339
 20
6405408.293
 10
306036.065
 20
6405407.131
 10
306032.804
 20
6405405.931
 10
306029.558
 20
6405404.693
 10
306026.327
 20
6405403.418
 10
306023.11
 20
6405402.106
 10
306019.909
 20
6405400.757
 10
306016.723
 20
6405399.371
 10
306013.553
 20
6405397.949
 10
306010.4
 20
6405396.49
 10
306007.263
 20
6405394.995
 10
306004.145
 20
6405393.464
 10
306001.045
 20
6405391.898
 10
306002.247
 20
6405395.162
 10
306003.411
 20
6405398.44
 10
306004.538
 20
6405401.73
 10
306005.628
 20
6405405.034
 10
306006.679
 20
6405408.349
 10
306007.694
 20
6405411.677
 10
306008.669
 20
6405415.016
 10
306009.607
 20
6405418.365
 10
306010.505
 20
6405421.726
 10
306011.367
 20
6405425.096
 10
306012.189
 20
6405428.476
 10
306012.973
 20
6405431.865
 10
306013.717
 20
6405435.263
 10
306014.424
 20
6405438.669
 10
306015.091
 20
6405442.083
 10
306015.719
 20
6405445.504
 10
306016.307
 20
6405448.932
 10
306016.857
 20
6405452.366
 10
306017.368
 20
6405455.807
 10
306017.839
 20
6405459.254
 10
306018.271
 20
6405462.705
 10
306018.663
 20
6405466.162
 10
306019.016
 20
6405469.623
 10
306019.329
 20
6405473.086
 10
306019.603
 20
6405476.554
 10
306019.837
 20
6405480.025
 10
306020.032
 20
6405483.498
 10
306020.186
 20
6405486.973
 10
306020.301
 20
6405490.449
 10
306020.377
 20
6405493.927
 10
306020.412
 20
6405497.406
 10
306020.408
 20
6405500.884
 10
306020.365
 20
6405504.362
 10
306020.281
 20
6405507.839
 10
306020.157
 20
6405511.315
 10
306019.995
 20
6405514.79
 10
306019.793
 20
6405518.263
 10
306019.55
 20
6405521.733
 10
306019.268
 20
6405525.199
 10
306018.946
 20
6405528.663
 10
306018.586
 20
6405532.123
 10
306018.186
 20
6405535.578
 10
306017.746
 20
6405539.029
 10
306017.266
 20
6405542.474
 10
306016.748
 20
6405545.913
 10
306016.19
 20
6405549.347
 10
306015.593
 20
6405552.774
 10
306014.957
 20
6405556.193
 10
306014.283
 20
6405559.606
 10
306013.569
 20
6405563.011
 10
306012.815
 20
6405566.407
 10
306012.023
 20
6405569.793
 10
306011.104
 20
6405573.365
 10
306010.145
 20
6405576.927
 10
306009.149
 20
6405580.478
 10
306008.113
 20
6405584.017
 10
306007.039
 20
6405587.547
 10
306005.928
 20
6405591.062
 10
306004.779
 20
6405594.567
 10
306003.591
 20
6405598.059
 10
306002.367
 20
6405601.538
 10
306001.105
 20
6405605.003
 10
305999.806
 20
6405608.456
 10
305998.469
 20
6405611.893
 10
305997.096
 20
6405615.316
 10
305995.685
 20
6405618.724
 10
305994.238
 20
6405622.116
 10
305992.754
 20
6405625.493
 10
305991.234
 20
6405628.852
 10
305989.677
 20
6405632.197
 10
305988.085
 20
6405635.524
 10
305986.457
 20
6405638.833
 10
305984.794
 20
6405642.124
 10
305983.095
 20
6405645.398
 10
305981.36
 20
6405648.653
 10
305979.591
 20
6405651.889
 10
305977.3
 20
6405655.578
 10
305974.976
 20
6405659.246
 10
305972.619
 20
6405662.892
 10
305970.229
 20
6405666.518
 10
305967.807
 20
6405670.122
 10
305965.352
 20
6405673.703
 10
305962.866
 20
6405677.263
 10
305960.347
 20
6405680.8
 10
305957.797
 20
6405684.315
 10
305955.215
 20
6405687.806
 10
305952.602
 20
6405691.273
 10
305949.958
 20
6405694.717
 10
305947.282
 20
6405698.138
 10
305944.576
 20
6405701.533
 10
305941.839
 20
6405704.905
 10
305939.383
 20
6405708.088
 10
305936.898
 20
6405711.25
 10
305934.385
 20
6405714.39
 10
305931.846
 20
6405717.507
 10
305929.278
 20
6405720.602
 10
305926.684
 20
6405723.674
 10
305924.062
 20
6405726.724
 10
305921.413
 20
6405729.749
 10
305918.738
 20
6405732.752
 10
305916.037
 20
6405735.73
 10
305913.309
 20
6405738.685
 10
305910.556
 20
6405741.616
 10
305907.777
 20
6405744.522
 10
305904.973
 20
6405747.404
 10
305902.142
 20
6405750.262
 10
305899.606
 20
6405752.589
 10
305897.043
 20
6405754.889
 10
305894.455
 20
6405757.16
 10
305891.841
 20
6405759.401
 10
305889.204
 20
6405761.613
 10
305886.539
 20
6405763.796
 10
305883.852
 20
6405765.948
 10
305881.141
 20
6405768.069
 10
305878.405
 20
6405770.16
 10
305875.646
 20
6405772.221
 10
305872.865
 20
6405774.25
 10
305870.061
 20
6405776.248
 10
305867.234
 20
6405778.213
 10
305864.386
 20
6405780.148
 10
305861.516
 20
6405782.05
 10
305858.625
 20
6405783.92
 10
305855.712
 20
6405785.757
 10
305852.78
 20
6405787.561
 10
305849.827
 20
6405789.332
 10
305846.855
 20
6405791.069
 10
305843.863
 20
6405792.773
 10
305840.852
 20
6405794.445
 10
305837.822
 20
6405796.081
 10
305834.775
 20
6405797.683
 10
305831.71
 20
6405799.251
 10
305828.627
 20
6405800.784
 10
305825.527
 20
6405802.283
 10
305822.411
 20
6405803.747
 10
305819.278
 20
6405805.176
 10
305816.13
 20
6405806.569
 10
305812.966
 20
6405807.927
 10
305809.786
 20
6405809.25
 10
305806.593
 20
6405810.535
 10
305803.385
 20
6405811.786
 10
305800.163
 20
6405813.001
 10
305796.927
 20
6405814.178
 10
305793.679
 20
6405815.32
 10
305790.418
 20
6405816.425
 10
305787.145
 20
6405817.493
 10
305783.86
 20
6405818.524
 10
305780.564
 20
6405819.518
 10
305777.257
 20
6405820.476
 10
305773.939
 20
6405821.396
 10
305770.611
 20
6405822.278
 10
305767.273
 20
6405823.124
 10
305763.966
 20
6405823.984
 10
305760.65
 20
6405824.807
 10
305757.324
 20
6405825.592
 10
305753.991
 20
6405826.339
 10
305750.648
 20
6405827.049
 10
305747.298
 20
6405827.72
 10
305743.941
 20
6405828.353
 10
305740.577
 20
6405828.949
 10
305737.206
 20
6405829.506
 10
305733.828
 20
6405830.024
 10
305730.446
 20
6405830.504
 10
305727.057
 20
6405830.945
 10
305723.664
 20
6405831.348
 10
305720.267
 20
6405831.713
 10
305716.867
 20
6405832.039
 10
305713.462
 20
6405832.326
 10
305710.054
 20
6405832.574
 10
305706.644
 20
6405832.784
 10
305703.231
 20
6405832.956
 10
305699.818
 20
6405833.087
 10
305696.402
 20
6405833.18
 10
305692.986
 20
6405833.236
 10
305689.569
 20
6405833.251
 10
305686.153
 20
6405833.228
 10
305682.736
 20
6405833.166
 10
305679.321
 20
6405833.066
 10
305675.907
 20
6405832.926
 10
305672.495
 20
6405832.747
 10
305669.085
 20
6405832.53
 10
305665.678
 20
6405832.275
 10
305662.274
 20
6405831.98
 10
305658.874
 20
6405831.646
 10
305655.477
 20
6405831.275
 10
305651.973
 20
6405831.879
 10
305648.464
 20
6405832.444
 10
305644.947
 20
6405832.971
 10
305641.425
 20
6405833.457
 10
305637.898
 20
6405833.904
 10
305634.367
 20
6405834.311
 10
305630.83
 20
6405834.679
 10
305627.29
 20
6405835.009
 10
305623.746
 20
6405835.298
 10
305620.2
 20
6405835.547
 10
305616.651
 20
6405835.757
 10
305613.1
 20
6405835.928
 10
305609.547
 20
6405836.059
 10
305605.992
 20
6405836.15
 10
305602.437
 20
6405836.201
 10
305598.882
 20
6405836.213
 10
305595.327
 20
6405836.185
 10
305591.772
 20
6405836.117
 10
305588.219
 20
6405836.011
 10
305584.667
 20
6405835.863
 10
305581.116
 20
6405835.677
 10
305577.568
 20
6405835.451
 10
305574.022
 20
6405835.184
 10
305570.48
 20
6405834.879
 10
305566.941
 20
6405834.534
 10
305563.407
 20
6405834.149
 10
305559.877
 20
6405833.726
 10
305556.352
 20
6405833.263
 10
305552.832
 20
6405832.76
 10
305549.318
 20
6405832.218
 10
305545.811
 20
6405831.637
 10
305542.31
 20
6405831.017
 10
305538.816
 20
6405830.358
 10
305535.331
 20
6405829.66
 10
305531.852
 20
6405828.923
 10
305528.382
 20
6405828.147
 10
305524.922
 20
6405827.333
 10
305521.47
 20
6405826.479
 10
305518.028
 20
6405825.588
 10
305514.596
 20
6405824.658
 10
305511.176
 20
6405823.69
 10
305507.766
 20
6405822.683
 10
305504.367
 20
6405821.64
 10
305500.799
 20
6405821.439
 10
305497.234
 20
6405821.199
 10
305493.671
 20
6405820.92
 10
305490.112
 20
6405820.6
 10
305486.557
 20
6405820.242
 10
305483.004
 20
6405819.844
 10
305479.458
 20
6405819.407
 10
305475.917
 20
6405818.931
 10
305472.38
 20
6405818.415
 10
305468.85
 20
6405817.861
 10
305465.326
 20
6405817.267
 10
305461.809
 20
6405816.634
 10
305458.299
 20
6405815.963
 10
305454.797
 20
6405815.252
 10
305451.303
 20
6405814.502
 10
305447.817
 20
6405813.715
 10
305444.34
 20
6405812.888
 10
305440.873
 20
6405812.023
 10
305437.416
 20
6405811.121
 10
305433.968
 20
6405810.178
 10
305430.531
 20
6405809.199
 10
305427.106
 20
6405808.182
 10
305423.691
 20
6405807.126
 10
305420.289
 20
6405806.033
 10
305416.899
 20
6405804.902
 10
305413.522
 20
6405803.734
 10
305410.158
 20
6405802.528
 10
305406.807
 20
6405801.285
 10
305403.471
 20
6405800.005
 10
305400.148
 20
6405798.689
 10
305396.841
 20
6405797.335
 10
305393.549
 20
6405795.945
 10
305390.272
 20
6405794.519
 10
305387.012
 20
6405793.056
 10
305383.767
 20
6405791.558
 10
305380.54
 20
6405790.023
 10
305377.33
 20
6405788.453
 10
305374.138
 20
6405786.847
 10
305370.963
 20
6405785.206
 10
305367.806
 20
6405783.53
 10
305364.669
 20
6405781.819
 10
305361.551
 20
6405780.075
 10
305358.452
 20
6405778.294
 10
305355.373
 20
6405776.48
 10
305352.314
 20
6405774.632
 10
305349.277
 20
6405772.75
 10
305346.26
 20
6405770.835
 10
305343.263
 20
6405768.887
 10
305340.289
 20
6405766.905
 10
305337.338
 20
6405764.891
 10
305334.409
 20
6405762.843
 10
305331.502
 20
6405760.764
 10
305328.62
 20
6405758.652
 10
305325.76
 20
6405756.51
 10
305322.925
 20
6405754.334
 10
305320.113
 20
6405752.128
 10
305317.326
 20
6405749.891
 10
305314.564
 20
6405747.623
 10
305311.827
 20
6405745.325
 10
305309.117
 20
6405742.997
 10
305306.432
 20
6405740.639
 10
305303.774
 20
6405738.251
 10
305301.141
 20
6405735.833
 10
305298.536
 20
6405733.387
 10
305295.958
 20
6405730.913
 10
305293.408
 20
6405728.409
 10
305290.885
 20
6405725.878
 10
305288.391
 20
6405723.319
 10
305285.925
 20
6405720.732
 10
305283.488
 20
6405718.119
 10
305281.08
 20
6405715.477
 10
305278.702
 20
6405712.811
 10
305276.353
 20
6405710.117
 10
305274.034
 20
6405707.398
 10
305271.745
 20
6405704.654
 10
305269.487
 20
6405701.884
 10
305267.26
 20
6405699.089
 10
305265.064
 20
6405696.27
 10
305262.9
 20
6405693.427
 10
305260.767
 20
6405690.56
 10
305258.665
 20
6405687.669
 10
305256.597
 20
6405684.756
 10
305254.559
 20
6405681.819
 10
305252.555
 20
6405678.86
 10
305250.584
 20
6405675.88
 10
305248.646
 20
6405672.877
 10
305246.741
 20
6405669.853
 10
305244.871
 20
6405666.808
 10
305243.033
 20
6405663.743
 10
305241.23
 20
6405660.658
 10
305239.461
 20
6405657.553
 10
305237.727
 20
6405654.429
 10
305236.027
 20
6405651.285
 10
305234.362
 20
6405648.123
 10
305232.733
 20
6405644.943
 10
305231.138
 20
6405641.744
 10
305229.579
 20
6405638.529
 10
305228.057
 20
6405635.296
 10
305226.569
 20
6405632.046
 10
305225.118
 20
6405628.78
 10
305223.703
 20
6405625.499
 10
305222.325
 20
6405622.202
 10
305220.984
 20
6405618.89
 10
305219.678
 20
6405615.563
 10
305218.41
 20
6405612.222
 10
305217.179
 20
6405608.867
 10
305215.986
 20
6405605.498
 10
305214.829
 20
6405602.117
 10
305213.71
 20
6405598.723
 10
305212.629
 20
6405595.317
 10
305211.586
 20
6405591.899
 10
305210.58
 20
6405588.47
 10
305209.613
 20
6405585.03
 10
305208.41
 20
6405581.682
 10
305207.245
 20
6405578.319
 10
305206.117
 20
6405574.944
 10
305205.028
 20
6405571.557
 10
305203.977
 20
6405568.158
 10
305202.964
 20
6405564.746
 10
305201.989
 20
6405561.325
 10
305201.052
 20
6405557.892
 10
305200.155
 20
6405554.449
 10
305199.296
 20
6405550.995
 10
305198.475
 20
6405547.533
 10
305197.693
 20
6405544.062
 10
305196.951
 20
6405540.582
 10
305196.248
 20
6405537.094
 10
305195.584
 20
6405533.599
 10
305194.959
 20
6405530.096
 10
305194.373
 20
6405526.586
 10
305193.827
 20
6405523.07
 10
305193.32
 20
6405519.548
 10
305192.853
 20
6405516.021
 10
305192.425
 20
6405512.488
 10
305192.037
 20
6405508.951
 10
305191.688
 20
6405505.41
 10
305191.38
 20
6405501.866
 10
305191.111
 20
6405498.318
 10
305190.882
 20
6405494.766
 10
305190.693
 20
6405491.213
 10
305190.544
 20
6405487.658
 10
305190.435
 20
6405484.102
 10
305190.365
 20
6405480.544
 10
305190.335
 20
6405476.986
 10
305190.346
 20
6405473.428
 10
305190.395
 20
6405469.87
 10
305190.486
 20
6405466.313
 10
305190.616
 20
6405462.757
 10
305190.785
 20
6405459.203
 10
305190.995
 20
6405455.651
 10
305191.245
 20
6405452.102
 10
305191.535
 20
6405448.555
 10
305191.863
 20
6405445.012
 10
305192.233
 20
6405441.473
 10
305192.641
 20
6405437.938
 10
305193.089
 20
6405434.409
 10
305193.576
 20
6405430.884
 10
305194.104
 20
6405427.365
 10
305194.67
 20
6405423.853
 10
305195.277
 20
6405420.346
 10
305195.922
 20
6405416.847
 10
305196.606
 20
6405413.355
 10
305197.33
 20
6405409.871
 10
305198.093
 20
6405406.396
 10
305198.894
 20
6405402.929
 10
305199.735
 20
6405399.472
 10
305200.614
 20
6405396.023
 10
305201.532
 20
6405392.586
 10
305202.488
 20
6405389.158
 10
305203.483
 20
6405385.742
 10
305204.515
 20
6405382.337
 10
305205.586
 20
6405378.943
 10
305206.696
 20
6405375.563
 10
305207.843
 20
6405372.194
 10
305209.027
 20
6405368.84
 10
305210.249
 20
6405365.498
 10
305211.509
 20
6405362.17
 10
305212.805
 20
6405358.857
 10
305214.139
 20
6405355.557
 10
305215.51
 20
6405352.274
 10
305216.917
 20
6405349.006
 10
305218.362
 20
6405345.754
 10
305219.842
 20
6405342.518
 10
305221.358
 20
6405339.3
 10
305222.911
 20
6405336.098
 10
305224.5
 20
6405332.914
 10
305226.124
 20
6405329.749
 10
305227.784
 20
6405326.601
 10
305229.478
 20
6405323.472
 10
305231.208
 20
6405320.363
 10
305232.972
 20
6405317.273
 10
305234.025
 20
6405313.904
 10
305235.115
 20
6405310.549
 10
305236.245
 20
6405307.206
 10
305237.41
 20
6405303.875
 10
305238.614
 20
6405300.558
 10
305239.855
 20
6405297.255
 10
305241.132
 20
6405293.966
 10
305242.447
 20
6405290.691
 10
305243.799
 20
6405287.432
 10
305245.187
 20
6405284.187
 10
305246.611
 20
6405280.959
 10
305248.071
 20
6405277.747
 10
305249.569
 20
6405274.551
 10
305251.101
 20
6405271.373
 10
305252.67
 20
6405268.212
 10
305254.274
 20
6405265.069
 10
305255.913
 20
6405261.944
 10
305257.587
 20
6405258.838
 10
305259.296
 20
6405255.751
 10
305261.039
 20
6405252.683
 10
305262.818
 20
6405249.635
 10
305264.63
 20
6405246.608
 10
305266.476
 20
6405243.6
 10
305268.356
 20
6405240.614
 10
305270.269
 20
6405237.649
 10
305272.216
 20
6405234.707
 10
305274.196
 20
6405231.785
 10
305276.208
 20
6405228.887
 10
305278.253
 20
6405226.011
 10
305280.33
 20
6405223.158
 10
305282.44
 20
6405220.33
 10
305284.58
 20
6405217.524
 10
305286.753
 20
6405214.744
 10
305288.956
 20
6405211.988
 10
305291.191
 20
6405209.257
 10
305293.455
 20
6405206.551
 10
305295.75
 20
6405203.871
 10
305298.076
 20
6405201.217
 10
305300.431
 20
6405198.589
 10
305302.815
 20
6405195.987
 10
305305.229
 20
6405193.414
 10
305307.671
 20
6405190.867
 10
305310.142
 20
6405188.347
 10
305312.641
 20
6405185.857
 10
305315.168
 20
6405183.393
 10
305317.722
 20
6405180.959
 10
305320.304
 20
6405178.554
 10
305322.912
 20
6405176.177
 10
305325.548
 20
6405173.831
 10
305328.209
 20
6405171.514
 10
305330.897
 20
6405169.227
 10
305333.61
 20
6405166.971
 10
305336.348
 20
6405164.745
 10
305339.111
 20
6405162.551
 10
305341.898
 20
6405160.387
 10
305344.709
 20
6405158.254
 10
305347.545
 20
6405156.154
 10
305350.405
 20
6405154.086
 10
305353.287
 20
6405152.05
 10
305356.191
 20
6405150.046
 10
305359.119
 20
6405148.077
 10
305362.068
 20
6405146.139
 10
305365.039
 20
6405144.234
 10
305368.03
 20
6405142.364
 10
305371.043
 20
6405140.527
 10
305374.076
 20
6405138.725
 10
305377.13
 20
6405136.955
 10
305380.203
 20
6405135.222
 10
305383.295
 20
6405133.523
 10
305386.407
 20
6405131.858
 10
305389.537
 20
6405130.229
 10
305392.685
 20
6405128.635
 10
305395.851
 20
6405127.076
 10
305399.034
 20
6405125.554
 10
305402.234
 20
6405124.067
 10
305405.451
 20
6405122.617
 10
305408.683
 20
6405121.202
 10
305411.932
 20
6405119.824
 10
305415.196
 20
6405118.483
 10
305418.474
 20
6405117.178
 10
305421.768
 20
6405115.911
 10
305425.075
 20
6405114.68
 10
305428.395
 20
6405113.487
 10
305431.73
 20
6405112.332
 10
305435.077
 20
6405111.214
 10
305438.436
 20
6405110.134
 10
305441.807
 20
6405109.091
 10
305445.19
 20
6405108.087
 10
305448.583
 20
6405107.121
 10
305451.988
 20
6405106.193
 10
305455.402
 20
6405105.303
 10
305458.827
 20
6405104.452
 10
305462.261
 20
6405103.639
 10
305465.704
 20
6405102.865
 10
305469.155
 20
6405102.13
 10
305472.614
 20
6405101.435
 10
305476.081
 20
6405100.777
 10
305479.555
 20
6405100.159
 10
305483.035
 20
6405099.58
 10
305486.523
 20
6405099.04
 10
305490.016
 20
6405098.54
 10
305493.514
 20
6405098.079
 10
305490.062
 20
6405097.55
 10
305486.615
 20
6405096.982
 10
305483.176
 20
6405096.377
 10
305479.743
 20
6405095.733
 10
305476.317
 20
6405095.051
 10
305472.898
 20
6405094.332
 10
305469.489
 20
6405093.575
 10
305466.088
 20
6405092.781
 10
305462.695
 20
6405091.948
 10
305459.313
 20
6405091.078
 10
305455.941
 20
6405090.17
 10
305452.577
 20
6405089.226
 10
305449.225
 20
6405088.244
 10
305445.885
 20
6405087.225
 10
305442.555
 20
6405086.171
 10
305439.238
 20
6405085.077
 10
305435.932
 20
6405083.949
 10
305432.639
 20
6405082.783
 10
305429.36
 20
6405081.582
 10
305426.094
 20
6405080.343
 10
305422.838
 20
6405079.049
 10
305419.595
 20
6405077.72
 10
305416.367
 20
6405076.357
 10
305413.153
 20
6405074.96
 10
305409.955
 20
6405073.529
 10
305406.772
 20
6405072.063
 10
305403.604
 20
6405070.565
 10
305400.453
 20
6405069.032
 10
305397.318
 20
6405067.466
 10
305394.2
 20
6405065.868
 10
305391.099
 20
6405064.236
 10
305388.016
 20
6405062.571
 10
305384.95
 20
6405060.874
 10
305381.903
 20
6405059.144
 10
305378.873
 20
6405057.382
 10
305375.864
 20
6405055.588
 10
305372.873
 20
6405053.762
 10
305369.902
 20
6405051.905
 10
305366.95
 20
6405050.016
 10
305364.019
 20
6405048.096
 10
305361.107
 20
6405046.145
 10
305358.02
 20
6405044.59
 10
305354.952
 20
6405043.002
 10
305351.901
 20
6405041.377
 10
305348.869
 20
6405039.718
 10
305345.856
 20
6405038.024
 10
305342.863
 20
6405036.296
 10
305339.89
 20
6405034.534
 10
305336.937
 20
6405032.738
 10
305334.004
 20
6405030.907
 10
305331.094
 20
6405029.044
 10
305328.205
 20
6405027.147
 10
305325.337
 20
6405025.217
 10
305322.493
 20
6405023.255
 10
305319.669
 20
6405021.26
 10
305316.871
 20
6405019.234
 10
305314.095
 20
6405017.175
 10
305311.342
 20
6405015.084
 10
305308.614
 20
6405012.962
 10
305305.91
 20
6405010.809
 10
305303.232
 20
6405008.625
 10
305300.578
 20
6405006.411
 10
305297.95
 20
6405004.166
 10
305295.347
 20
6405001.892
 10
305292.772
 20
6404999.587
 10
305290.222
 20
6404997.254
 10
305287.699
 20
6404994.891
 10
305285.204
 20
6404992.499
 10
305282.736
 20
6404990.08
 10
305280.296
 20
6404987.632
 10
305277.885
 20
6404985.157
 10
305275.502
 20
6404982.653
 10
305273.147
 20
6404980.123
 10
305270.822
 20
6404977.565
 10
305268.526
 20
6404974.982
 10
305266.26
 20
6404972.372
 10
305264.024
 20
6404969.737
 10
305261.819
 20
6404967.076
 10
305259.644
 20
6404964.391
 10
305257.499
 20
6404961.68
 10
305255.386
 20
6404958.944
 10
305253.305
 20
6404956.186
 10
305251.254
 20
6404953.403
 10
305249.237
 20
6404950.596
 10
305247.252
 20
6404947.768
 10
305245.299
 20
6404944.915
 10
305243.378
 20
6404942.042
 10
305241.491
 20
6404939.147
 10
305239.637
 20
6404936.23
 10
305237.817
 20
6404933.292
 10
305236.03
 20
6404930.334
 10
305234.277
 20
6404927.354
 10
305232.56
 20
6404924.355
 10
305230.875
 20
6404921.337
 10
305229.226
 20
6404918.3
 10
305227.612
 20
6404915.244
 10
305226.033
 20
6404912.169
 10
305224.489
 20
6404909.077
 10
305222.981
 20
6404905.968
 10
305221.508
 20
6404902.841
 10
305220.071
 20
6404899.697
 10
305218.671
 20
6404896.538
 10
305217.306
 20
6404893.362
 10
305215.978
 20
6404890.172
 10
305214.687
 20
6404886.965
 10
305213.432
 20
6404883.745
 10
305212.214
 20
6404880.51
 10
305211.034
 20
6404877.262
 10
305209.892
 20
6404874.0
 10
305208.786
 20
6404870.726
 10
305207.718
 20
6404867.439
 10
305206.687
 20
6404864.14
 10
305205.694
 20
6404860.829
 10
305204.74
 20
6404857.507
 10
305203.824
 20
6404854.174
 10
305202.945
 20
6404850.832
 10
305202.105
 20
6404847.479
 10
305201.304
 20
6404844.117
 10
305200.541
 20
6404840.747
 10
305199.816
 20
6404837.367
 10
305199.131
 20
6404833.979
 10
305198.484
 20
6404830.584
 10
305197.877
 20
6404827.181
 10
305197.308
 20
6404823.773
 10
305196.778
 20
6404820.357
 10
305196.288
 20
6404816.936
 10
305195.837
 20
6404813.509
 10
305195.424
 20
6404810.078
 10
305195.052
 20
6404806.642
 10
305194.718
 20
6404803.201
 10
305194.424
 20
6404799.758
 10
305194.17
 20
6404796.311
 10
305248.462
 20
6404753.574
 10
305425.876
 20
6404616.254
 10
305445.574
 20
6404610.012
 10
305510.987
 20
6404589.283
 10
305538.828
 20
6404586.862
 10
305574.391
 20
6404542.915
 10
305601.008
 20
6404533.208
 10
305603.235
 20
6404542.736
 10
305607.611
 20
6404544.687
 10
305592.847
 20
6404559.923
 10
305593.711
 20
6404569.75
 10
305598.666
 20
6404575.105
 10
305604.5
 20
6404629.316
 10
305601.363
 20
6404641.537
 10
305595.74
 20
6404646.835
 10
305585.413
 20
6404642.903
 10
305570.864
 20
6404642.725
 10
305560.128
 20
6404648.139
 10
305554.961
 20
6404649.192
 10
305546.09
 20
6404647.115
 10
305540.224
 20
6404650.942
 10
305534.442
 20
6404656.686
 10
305526.251
 20
6404657.597
 10
305518.801
 20
6404662.867
 10
305516.068
 20
6404669.297
 10
305507.859
 20
6404675.973
 10
305505.686
 20
6404682.654
 10
305502.509
 20
6404685.263
 10
305498.876
 20
6404683.779
 10
305491.391
 20
6404688.226
 10
305490.039
 20
6404694.871
 10
305492.794
 20
6404701.333
 10
305508.274
 20
6404716.288
 10
305511.139
 20
6404725.215
 10
305507.523
 20
6404742.66
 10
305503.59
 20
6404752.986
 10
305497.51
 20
6404758.195
 10
305493.749
 20
6404760.007
 10
305499.019
 20
6404767.457
 10
305497.819
 20
6404771.351
 10
305492.761
 20
6404774.867
 10
305498.67
 20
6404778.172
 10
305504.232
 20
6404779.847
 10
305521.305
 20
6404793.632
 10
305527.055
 20
6404793.377
 10
305538.945
 20
6404801.63
 10
305545.59
 20
6404802.982
 10
305558.041
 20
6404799.137
 10
305573.764
 20
6404807.221
 10
305573.934
 20
6404811.054
 10
305579.186
 20
6404811.919
 10
305578.815
 20
6404809.741
 10
305588.435
 20
6404810.137
 10
305602.121
 20
6404803.22
 10
305616.909
 20
6404802.564
 10
305622.282
 20
6404806.167
 10
305629.639
 20
6404805.018
 10
305637.049
 20
6404811.275
 10
305645.398
 20
6404813.923
 10
305668.692
 20
6404819.475
 10
305685.316
 20
6404823.129
 10
305696.879
 20
6404823.988
 10
305714.724
 20
6404836.641
 10
305724.752
 20
6404840.038
 10
305728.342
 20
6404846.738
 10
305736.739
 20
6404850.482
 10
305742.216
 20
6404850.239
 10
305745.617
 20
6404858.868
 10
305751.69
 20
6404859.696
 10
305757.891
 20
6404857.227
 10
305775.683
 20
6404862.475
 10
305787.117
 20
6404866.632
 10
305791.851
 20
6404874.379
 10
305798.513
 20
6404882.315
 10
305811.839
 20
6404885.84
 10
305827.451
 20
6404903.806
 10
305833.335
 20
6404906.563
 10
305835.853
 20
6404913.859
 10
305842.431
 20
6404919.878
 10
305838.462
 20
6404929.383
 10
305832.857
 20
6404932.923
 10
305842.166
 20
6404944.858
 10
305855.857
 20
6404956.598
 10
305861.479
 20
6404959.641
 10
305863.621
 20
6404958.449
 10
305860.213
 20
6404955.856
 10
305851.397
 20
6404948.838
 10
305851.55
 20
6404946.089
 10
305857.392
 20
6404941.713
 10
305859.187
 20
6404938.89
 10
305875.916
 20
6404938.697
 10
305881.385
 20
6404944.492
 10
305886.192
 20
6404946.045
 10
305890.172
 20
6404944.651
 10
305897.273
 20
6404950.097
 10
305907.272
 20
6404946.637
 10
305904.291
 20
6404941.281
 10
305908.958
 20
6404941.349
 10
305915.185
 20
6404927.079
 10
305919.469
 20
6404924.695
 10
305932.078
 20
6404924.41
 10
305943.543
 20
6404923.078
 10
305965.132
 20
6404927.335
 10
305978.969
 20
6404930.014
 10
305981.677
 20
6404935.382
 10
305981.287
 20
6404938.966
 10
305985.405
 20
6404939.435
 10
305992.429
 20
6404936.552
 10
305993.89
 20
6404932.371
 10
306006.475
 20
6404931.539
 10
306012.016
 20
6404928.363
 10
306017.562
 20
6404934.065
 10
306033.01
 20
6404942.161
 10
306040.264
 20
6404944.857
 10
306046.483
 20
6404948.971
 10
306056.492
 20
6404958.131
 10
306060.714
 20
6404966.724
 10
306058.984
 20
6404977.227
 10
306060.517
 20
6404987.037
 10
306063.377
 20
6404989.654
 10
306066.554
 20
6404987.043
 10
306069.19
 20
6404978.421
 10
306132.978
 20
6405000.013
 10
306130.403
 20
6405014.677
 10
306123.947
 20
6405017.695
 10
306118.23
 20
6405016.675
 10
306096.527
 20
6405008.709
 10
306094.968
 20
6405011.834
 10
306059.858
 20
6405008.953
 10
306053.222
 20
6404992.388
 10
306050.459
 20
6404990.262
 10
306047.948
 20
6404990.655
 10
306046.42
 20
6404994.235
 10
306050.529
 20
6405007.68
 10
306048.201
 20
6405009.048
 10
306049.313
 20
6405011.95
 10
306051.513
 20
6405010.868
 10
306053.49
 20
6405020.615
 10
306050.919
 20
6405029.158
 10
306052.919
 20
6405036.235
 10
306052.439
 20
6405038.082
 10
306053.189
 20
6405039.173
 10
306058.298
 20
6405037.886
 10
306060.122
 20
6405040.27
 10
306061.053
 20
6405045.633
 10
306062.423
 20
6405046.319
 10
306067.754
 20
6405053.982
 10
306071.752
 20
6405058.581
 10
306075.337
 20
6405066.571
 10
306078.774
 20
6405071.309
 10
306078.713
 20
6405073.024
 10
306083.867
 20
6405075.184
 10
306089.469
 20
6405081.117
 10
306092.946
 20
6405083.492
 10
306097.865
 20
6405089.877
 10
306103.417
 20
6405094.689
 10
306107.566
 20
6405099.562
 10
306108.519
 20
6405102.049
 10
306107.602
 20
6405104.323
 10
306108.874
 20
6405110.041
 10
306111.005
 20
6405113.74
 10
306116.072
 20
6405113.937
 10
306116.951
 20
6405110.853
 10
306121.232
 20
6405109.915
 10
306123.441
 20
6405108.596
 10
306126.572
 20
6405109.959
 10
306127.519
 20
6405112.306
 10
306128.977
 20
6405119.827
 10
306131.121
 20
6405118.549
 10
306133.04
 20
6405116.416
 10
306134.735
 20
6405116.622
 10
306134.147
 20
6405120.809
 10
306135.174
 20
6405123.347
 10
306141.258
 20
6405124.341
 10
306144.537
 20
6405122.229
 10
306142.272
 20
6405118.676
 10
306142.147
 20
6405115.872
 10
306145.205
 20
6405111.944
 10
306149.414
 20
6405114.988
 10
306152.001
 20
6405116.278
 10
306152.359
 20
6405114.858
 10
306149.283
 20
6405112.043
 10
306146.667
 20
6405103.73
 10
306147.945
 20
6405100.864
 10
306149.456
 20
6405100.094
 10
306153.183
 20
6405101.756
 10
306157.981
 20
6405102.245
 10
306165.356
 20
6405106.976
 10
306169.107
 20
6405109.198
 10
306173.862
 20
6405108.706
 10
306175.062
 20
6405107.248
 10
306179.988
 20
6405107.451
 10
306181.215
 20
6405109.785
 10
306180.187
 20
6405111.938
 10
306176.645
 20
6405111.252
 10
306175.89
 20
6405113.252
 10
306184.446
 20
6405116.104
 10
306186.767
 20
6405114.597
 10
306188.192
 20
6405111.864
 10
306183.745
 20
6405109.814
 10
306184.335
 20
6405107.258
 10
306187.414
 20
6405106.981
 10
306189.787
 20
6405109.826
 10
306195.211
 20
6405103.772
 10
306204.218
 20
6405099.712
 10
306210.358
 20
6405096.903
 10
306213.901
 20
6405097.589
 10
306218.001
 20
6405101.341
 10
306217.735
 20
6405104.865
 10
306215.255
 20
6405105.959
 10
306213.274
 20
6405105.625
 10
306211.09
 20
6405103.895
 10
306207.545
 20
6405107.476
 10
306205.643
 20
6405109.245
 10
306204.069
 20
6405110.901
 10
306202.646
 20
6405110.978
 10
306201.382
 20
6405112.236
 10
306201.868
 20
6405114.559
 10
306198.815
 20
6405115.397
 10
306194.867
 20
6405118.242
 10
306193.01
 20
6405120.712
 10
306189.651
 20
6405121.002
 10
306187.366
 20
6405123.351
 10
306191.863
 20
6405126.524
 10
306192.853
 20
6405129.851
 10
306197.956
 20
6405130.889
 10
306203.967
 20
6405130.202
 10
306206.939
 20
6405127.541
 10
306207.81
 20
6405124.974
 10
306207.04
 20
6405123.463
 10
306208.368
 20
6405121.718
 10
306208.779
 20
6405118.327
 10
306215.971
 20
6405115.761
 10
306218.231
 20
6405112.851
 10
306215.614
 20
6405110.86
 10
306215.685
 20
6405109.311
 10
306217.209
 20
6405108.822
 10
306220.253
 20
6405110.934
 10
306228.794
 20
6405110.276
 10
306237.693
 20
6405108.195
 10
306271.692
 20
6405120.878
 10
306277.042
 20
6405111.649
 10
306273.834
 20
6405108.981
 10
306240.759
 20
6405097.915
 10
306254.323
 20
6405055.476
 10
306252.755
 20
6405054.983
 10
306238.611
 20
6405097.196
 10
306222.215
 20
6405088.65
 10
306221.817
 20
6405085.998
 10
306225.915
 20
6405080.197
 10
306226.065
 20
6405077.24
 10
306224.271
 20
6405074.791
 10
306221.888
 20
6405073.912
 10
306220.482
 20
6405072.56
 10
306219.046
 20
6405072.401
 10
306216.901
 20
6405073.185
 10
306227.087
 20
6405024.23
 10
306225.08
 20
6405023.336
 10
306215.459
 20
6405073.692
 10
306214.394
 20
6405073.824
 10
306211.44
 20
6405070.583
 10
306209.464
 20
6405070.39
 10
306204.268
 20
6405060.926
 10
306201.196
 20
6405055.021
 10
306198.891
 20
6405053.718
 10
306193.526
 20
6405046.791
 10
306202.574
 20
6405003.681
 10
306200.879
 20
6405003.475
 10
306191.819
 20
6405046.304
 10
306181.505
 20
6405041.844
 10
306171.273
 20
6405039.208
 10
306169.466
 20
6405036.478
 10
306168.932
 20
6405030.742
 10
306166.193
 20
6405029.177
 10
306178.6
 20
6404965.195
 10
306190.823
 20
6404965.215
 10
306196.295
 20
6404961.883
 10
306219.844
 20
6404995.54
 10
306221.209
 20
6404994.636
 10
306199.601
 20
6404963.562
 10
306206.956
 20
6404958.319
 10
306219.77
 20
6404943.14
 10
306244.478
 20
6404977.588
 10
306231.274
 20
6404993.488
 10
306263.521
 20
6405039.545
 10
306264.88
 20
6405038.5
 10
306233.25
 20
6404993.681
 10
306246.043
 20
6404977.814
 10
306253.483
 20
6404987.687
 10
306260.467
 20
6404989.665
 10
306264.823
 20
6404986.522
 10
306274.46
 20
6404997.895
 10
306275.685
 20
6404996.998
 10
306278.258
 20
6404998.008
 10
306279.077
 20
6405000.641
 10
306284.186
 20
6405008.142
 10
306289.641
 20
6405013.941
 10
306288.887
 20
6405015.941
 10
306290.529
 20
6405018.116
 10
306289.927
 20
6405020.39
 10
306294.559
 20
6405024.371
 10
306295.736
 20
6405032.844
 10
306296.934
 20
6405039.88
 10
306297.723
 20
6405044.507
 10
306292.244
 20
6405050.494
 10
306288.518
 20
6405048.832
 10
306288.026
 20
6405050.4
 10
306292.907
 20
6405055.943
 10
306297.616
 20
6405057.562
 10
306298.386
 20
6405059.073
 10
306296.101
 20
6405061.422
 10
306296.914
 20
6405063.914
 10
306301.232
 20
6405065.106
 10
306301.387
 20
6405066.015
  0
LWPOLYLINE
  5
250
330
17
100
AcDbEntity
  8
FASTIGHETSGRANSER
100
AcDbPolyline
 90
7
 70
1
 10
305716.583
 20
6404866.191
 10
305710.57
 20
6404866.732
 10
305713.041
 20
6404872.933
 10
305718.767
 20
6404872.131
 10
305721.779
 20
6404871.997
 10
305722.716
 20
6404868.389
 10
305716.583
 20
6404866.191
  0
LWPOLYLINE
  5
251
330
17
100
AcDbEntity
  8
FASTIGHETSGRANSER
100
AcDbPolyline
 90
7
 70
1
 10
305741.403
 20
6404875.243
 10
305735.379
 20
6404875.51
 10
305735.311
 20
6404880.178
 10
305746.174
 20
6404883.812
 10
305751.054
 20
6404882.498
 10
305749.576
 20
6404880.094
 10
305741.403
 20
6404875.243
  0
LWPOLYLINE
  5
252
330
17
100
AcDbEntity
  8
FASTIGHETSGRANSER
100
AcDbPolyline
 90
27
 70
1
 10
305788.262
 20
6404911.852
 10
305791.559
 20
6404913.004
 10
305796.351
 20
6404912.742
 10
305797.286
 20
6404910.355
 10
305791.944
 20
6404901.263
 10
305779.345
 20
6404902.776
 10
305770.519
 20
6404894.531
 10
305763.825
 20
6404892.084
 10
305757.558
 20
6404893.26
 10
305741.72
 20
6404893.365
 10
305730.624
 20
6404892.305
 10
305724.544
 20
6404890.734
 10
305721.981
 20
6404890.874
 10
305713.624
 20
6404894.661
 10
305711.656
 20
6404897.414
 10
305716.772
 20
6404899.151
 10
305719.092
 20
6404900.69
 10
305727.065
 20
6404908.153
 10
305731.777
 20
6404910.798
 10
305739.227
 20
6404913.055
 10
305760.268
 20
6404923.245
 10
305766.865
 20
6404923.502
 10
305776.936
 20
6404921.684
 10
305780.635
 20
6404918.502
 10
305786.1
 20
6404917.985
 10
305788.419
 20
6404914.589
 10
305788.262
 20
6404911.852
  0
LWPOLYLINE
  5
253
330
17
100
AcDbEntity
  8
FASTIGHETSGRANSER
100
AcDbPolyline
 90
31
 70
1
 10
305812.158
 20
6404967.315
 10
305810.131
 20
6404964.935
 10
305807.01
 20
6404962.604
 10
305807.693
 20
6404953.245
 10
305801.663
 20
6404947.202
 10
305803.3
 20
6404940.818
 10
305807.36
 20
6404939.541
 10
305815.106
 20
6404934.807
 10
305819.233
 20
6404928.863
 10
305827.612
 20
6404926.023
 10
305830.503
 20
6404923.151
 10
305829.987
 20
6404917.686
 10
305829.02
 20
6404914.436
 10
305819.065
 20
6404912.682
 10
305812.401
 20
6404917.094
 10
305810.659
 20
6404927.323
 10
305808.876
 20
6404930.42
 10
305799.418
 20
6404939.893
 10
305799.351
 20
6404944.56
 10
305795.511
 20
6404950.767
 10
305792.978
 20
6404955.544
 10
305791.29
 20
6404973.178
 10
305788.959
 20
6404976.299
 10
305790.761
 20
6404979.787
 10
305796.894
 20
6404981.984
 10
305800.728
 20
6404981.814
 10
305804.835
 20
6404981.632
 10
305806.071
 20
6404978.559
 10
305803.972
 20
6404974.537
 10
305810.66
 20
6404970.674
 10
305812.158
 20
6404967.315
  0
LWPOLYLINE
  5
254
330
17
100
AcDbEntity
  8
FASTIGHETSGRANSER
100
AcDbPolyline
 90
14
 70
1
 10
305917.511
 20
6404960.998
 10
305910.239
 20
6404964.065
 10
305908.182
 20
6404967.174
 10
305926.68
 20
6404975.957
 10
305931.073
 20
6404976.037
 10
305932.948
 20
6404981.167
 10
305938.089
 20
6404979.568
 10
305943.621
 20
6404974.383
 10
305942.01
 20
6404968.967
 10
305936.472
 20
6404967.841
 10
305931.962
 20
6404971.333
 10
305930.009
 20
6404970.597
 10
305928.634
 20
6404964.347
 10
305917.511
 20
6404960.998
  0
LWPOLYLINE
  5
255
330
17
100
AcDbEntity
  8
FASTIGHETSGRANSER
100
AcDbPolyline
 90
11
 70
1
 10
305764.706
 20
6404961.461
 10
305762.38
 20
6404970.893
 10
305768.824
 20
6404973.899
 10
305775.42
 20
6404974.157
 10
305779.096
 20
6404970.426
 10
305785.455
 20
6404971.516
 10
305782.2
 20
6404966.173
 10
305778.257
 20
6404963.878
 10
305773.34
 20
6404964.37
 10
305768.564
 20
6404961.838
 10
305764.706
 20
6404961.461
  0
LWPOLYLINE
  5
256
330
17
100
AcDbEntity
  8
FASTIGHETSGRANSER
100
AcDbPolyline
 90
12
 70
1
 10
305911.779
 20
6405098.884
 10
305909.633
 20
6405102.187
 10
305911.549
 20
6405109.208
 10
305920.545
 20
6405115.685
 10
305930.223
 20
6405116.86
 10
305936.542
 20
6405109.475
 10
305945.693
 20
6405109.07
 10
305948.504
 20
6405105.277
 10
305944.545
 20
6405103.849
 10
305934.719
 20
6405104.514
 10
305925.544
 20
6405099.19
 10
305911.779
 20
6405098.884
  0
LWPOLYLINE
  5
257
330
17
100
AcDbEntity
  8
FASTIGHETSGRANSER
100
AcDbPolyline
 90
22
 70
1
 10
305579.3
 20
6405251.916
 10
305575.137
 20
6405256.772
 10
305569.296
 20
6405256.738
 10
305559.545
 20
6405260.674
 10
305561.779
 20
6405264.954
 10
305566.252
 20
6405267.091
 10
305566.206
 20
6405272.64
 10
305563.887
 20
6405286.171
 10
305577.521
 20
6405290.821
 10
305592.452
 20
6405285.197
 10
305601.502
 20
6405291.802
 10
305609.802
 20
6405294.644
 10
305615.247
 20
6405292.36
 10
305616.763
 20
6405287.038
 10
305614.517
 20
6405282.467
 10
305605.343
 20
6405279.662
 10
305603.255
 20
6405274.698
 10
305595.844
 20
6405269.679
 10
305590.279
 20
6405262.523
 10
305586.071
 20
6405259.79
 10
305583.943
 20
6405255.628
 10
305579.3
 20
6405251.916
  0
LWPOLYLINE
  5
258
330
17
100
AcDbEntity
  8
FASTIGHETSGRANSER
100
AcDbPolyline
 90
19
 70
1
 10
305684.081
 20
6405363.457
 10
305670.808
 20
6405366.964
 10
305665.221
 20
6405366.045
 10
305647.305
 20
6405376.764
 10
305653.086
 20
6405382.055
 10
305658.321
 20
6405388.303
 10
305666.007
 20
6405396.953
 10
305675.031
 20
6405402.976
 10
305685.183
 20
6405408.073
 10
305691.644
 20
6405408.953
 10
305695.607
 20
6405406.151
 10
305694.539
 20
6405401.819
 10
305710.629
 20
6405389.428
 10
305707.916
 20
6405387.506
 10
305711.789
 20
6405382.663
 10
305709.782
 20
6405377.501
 10
305706.281
 20
6405370.355
 10
305692.33
 20
6405365.134
 10
305684.081
 20
6405363.457
  0
LWPOLYLINE
  5
259
330
17
100
AcDbEntity
  8
FASTIGHETSGRANSER
100
AcDbPolyline
 90
80
 70
1
 10
305523.967
 20
6405414.592
 10
305516.777
 20
6405429.812
 10
305510.68
 20
6405432.359
 10
305499.594
 20
6405448.373
 10
305502.02
 20
6405451.746
 10
305496.038
 20
6405461.57
 10
305501.287
 20
6405461.872
 10
305496.213
 20
6405470.001
 10
305492.488
 20
6405474.105
 10
305490.206
 20
6405479.368
 10
305489.77
 20
6405483.58
 10
305499.009
 20
6405488.974
 10
305499.914
 20
6405497.617
 10
305497.765
 20
6405505.163
 10
305503.647
 20
6405516.494
 10
305518.565
 20
6405526.18
 10
305529.04
 20
6405529.027
 10
305539.919
 20
6405522.337
 10
305541.906
 20
6405516.51
 10
305551.213
 20
6405515.627
 10
305557.584
 20
6405509.964
 10
305556.87
 20
6405504.75
 10
305557.021
 20
6405494.464
 10
305556.406
 20
6405484.935
 10
305553.732
 20
6405479.088
 10
305562.206
 20
6405474.16
 10
305570.513
 20
6405481.024
 10
305572.303
 20
6405496.479
 10
305565.828
 20
6405509.184
 10
305561.705
 20
6405518.888
 10
305567.131
 20
6405519.888
 10
305576.622
 20
6405505.764
 10
305581.395
 20
6405499.937
 10
305583.655
 20
6405503.001
 10
305581.411
 20
6405507.215
 10
305574.816
 20
6405515.823
 10
305575.2
 20
6405524.498
 10
305582.466
 20
6405529.139
 10
305591.678
 20
6405532.046
 10
305594.771
 20
6405536.463
 10
305598.78
 20
6405535.146
 10
305599.517
 20
6405540.806
 10
305611.461
 20
6405539.448
 10
305628.896
 20
6405531.224
 10
305633.579
 20
6405524.808
 10
305646.137
 20
6405527.976
 10
305664.37
 20
6405528.41
 10
305682.41
 20
6405533.819
 10
305692.884
 20
6405536.667
 10
305702.129
 20
6405530.462
 10
305707.796
 20
6405518.207
 10
305712.927
 20
6405508.262
 10
305718.455
 20
6405506.558
 10
305718.833
 20
6405498.805
 10
305721.441
 20
6405489.868
 10
305714.969
 20
6405483.946
 10
305713.594
 20
6405488.243
 10
305703.896
 20
6405495.613
 10
305700.372
 20
6405490.802
 10
305706.129
 20
6405480.613
 10
305699.685
 20
6405465.996
 10
305694.234
 20
6405455.062
 10
305686.492
 20
6405444.144
 10
305677.192
 20
6405435.898
 10
305665.437
 20
6405431.088
 10
305663.061
 20
6405421.064
 10
305658.222
 20
6405412.622
 10
305651.173
 20
6405408.126
 10
305639.883
 20
6405396.207
 10
305624.933
 20
6405393.743
 10
305609.285
 20
6405387.629
 10
305588.179
 20
6405387.737
 10
305577.99
 20
6405393.168
 10
305569.145
 20
6405396.743
 10
305555.629
 20
6405394.056
 10
305544.715
 20
6405392.845
 10
305528.568
 20
6405397.002
 10
305518.873
 20
6405402.399
 10
305518.34
 20
6405409.045
 10
305523.967
 20
6405414.592
  0
LWPOLYLINE
  5
25A
330
17
100
AcDbEntity
  8
FASTIGHETSGRANSER
100
AcDbPolyline
 90
18
 70
1
 10
305483.268
 20
6405400.705
 10
305476.324
 20
6405399.178
 10
305476.893
 20
6405401.674
 10
305478.297
 20
6405402.3
 10
305478.23
 20
6405405.97
 10
305467.433
 20
6405410.574
 10
305470.431
 20
6405416.171
 10
305474.025
 20
6405419.679
 10
305480.613
 20
6405413.198
 10
305481.029
 20
6405422.577
 10
305485.248
 20
6405424.682
 10
305487.336
 20
6405425.277
 10
305494.215
 20
6405420.159
 10
305502.335
 20
6405401.692
 10
305504.918
 20
6405397.911
 10
305498.859
 20
6405395.658
 10
305493.104
 20
6405400.269
 10
305483.268
 20
6405400.705
  0
LWPOLYLINE
  5
25B
330
17
100
AcDbEntity
  8
FASTIGHETSGRANSER
100
AcDbPolyline
 90
365
 70
1
 10
305104.58
 20
6404434.461
 10
305103.801
 20
6404436.913
 10
305103.79
 20
6404436.928
 10
305107.032
 20
6404437.454
 10
305110.924
 20
6404437.793
 10
305111.112
 20
6404437.672
 10
305113.512
 20
6404437.918
 10
305130.179
 20
6404426.886
 10
305133.727
 20
6404420.393
 10
305145.648
 20
6404408.187
 10
305144.215
 20
6404407.882
 10
305144.274
 20
6404407.544
 10
305138.977
 20
6404406.769
 10
305138.687
 20
6404406.708
 10
305135.405
 20
6404399.634
 10
305140.084
 20
6404395.715
 10
305142.571
 20
6404394.136
 10
305142.388
 20
6404393.786
 10
305142.436
 20
6404393.747
 10
305144.16
 20
6404390.742
 10
305146.905
 20
6404388.153
 10
305146.348
 20
6404386.929
 10
305148.373
 20
6404383.4
 10
305150.369
 20
6404382.89
 10
305149.922
 20
6404380.7
 10
305151.875
 20
6404377.297
 10
305161.271
 20
6404380.255
 10
305162.69
 20
6404391.406
 10
305163.288
 20
6404398.938
 10
305162.567
 20
6404399.263
 10
305157.152
 20
6404401.447
 10
305157.05
 20
6404401.738
 10
305151.899
 20
6404404.05
 10
305152.952
 20
6404406.953
 10
305152.62
 20
6404407.647
 10
305153.387
 20
6404408.147
 10
305155.33
 20
6404413.499
 10
305171.603
 20
6404426.041
 10
305171.945
 20
6404426.488
 10
305173.507
 20
6404428.526
 10
305177.152
 20
6404431.723
 10
305179.762
 20
6404432.33
 10
305181.963
 20
6404434.027
 10
305193.891
 20
6404432.211
 10
305210.257
 20
6404443.571
 10
305210.679
 20
6404445.246
 10
305212.853
 20
6404446.606
 10
305214.707
 20
6404447.767
 10
305217.107
 20
6404448.326
 10
305231.062
 20
6404458.013
 10
305247.668
 20
6404484.297
 10
305250.377
 20
6404497.044
 10
305249.843
 20
6404509.655
 10
305249.821
 20
6404509.685
 10
305249.843
 20
6404509.687
 10
305252.619
 20
6404513.949
 10
305252.654
 20
6404514.434
 10
305253.015
 20
6404514.556
 10
305255.159
 20
6404517.848
 10
305263.593
 20
6404520.685
 10
305263.826
 20
6404520.863
 10
305264.079
 20
6404522.048
 10
305268.017
 20
6404522.173
 10
305268.076
 20
6404522.193
 10
305268.099
 20
6404522.176
 10
305268.107
 20
6404522.161
 10
305273.546
 20
6404516.604
 10
305272.899
 20
6404512.898
 10
305268.068
 20
6404510.797
 10
305267.865
 20
6404510.491
 10
305266.215
 20
6404510.021
 10
305264.106
 20
6404508.778
 10
305263.987
 20
6404510.67
 10
305264.004
 20
6404510.922
 10
305258.746
 20
6404511.684
 10
305257.586
 20
6404504.874
 10
305265.114
 20
6404506.405
 10
305265.712
 20
6404506.776
 10
305265.976
 20
6404506.58
 10
305267.973
 20
6404506.986
 10
305275.488
 20
6404502.364
 10
305295.683
 20
6404503.185
 10
305302.586
 20
6404505.893
 10
305248.462
 20
6404753.574
 10
305194.17
 20
6404796.311
 10
305190.63
 20
6404795.331
 10
305187.101
 20
6404794.313
 10
305183.582
 20
6404793.258
 10
305180.075
 20
6404792.165
 10
305176.579
 20
6404791.035
 10
305173.096
 20
6404789.868
 10
305169.626
 20
6404788.664
 10
305166.169
 20
6404787.423
 10
305162.725
 20
6404786.145
 10
305159.295
 20
6404784.831
 10
305155.878
 20
6404783.479
 10
305152.477
 20
6404782.091
 10
305149.091
 20
6404780.669
 10
305145.72
 20
6404779.209
 10
305142.364
 20
6404777.714
 10
305139.025
 20
6404776.183
 10
305135.703
 20
6404774.616
 10
305132.397
 20
6404773.015
 10
305129.108
 20
6404771.378
 10
305125.837
 20
6404769.707
 10
305122.584
 20
6404768.0
 10
305119.35
 20
6404766.26
 10
305116.134
 20
6404764.484
 10
305112.936
 20
6404762.675
 10
305109.759
 20
6404760.831
 10
305106.602
 20
6404758.954
 10
305103.464
 20
6404757.043
 10
305100.348
 20
6404755.099
 10
305097.251
 20
6404753.122
 10
305094.177
 20
6404751.113
 10
305091.123
 20
6404749.07
 10
305088.092
 20
6404746.995
 10
305085.084
 20
6404744.888
 10
305082.097
 20
6404742.749
 10
305079.134
 20
6404740.578
 10
305076.193
 20
6404738.375
 10
305073.277
 20
6404736.142
 10
305069.904
 20
6404735.804
 10
305066.535
 20
6404735.428
 10
305063.17
 20
6404735.012
 10
305059.811
 20
6404734.556
 10
305056.457
 20
6404734.061
 10
305053.108
 20
6404733.528
 10
305049.768
 20
6404732.954
 10
305046.433
 20
6404732.343
 10
305043.106
 20
6404731.691
 10
305039.787
 20
6404731.002
 10
305036.475
 20
6404730.274
 10
305033.173
 20
6404729.506
 10
305029.88
 20
6404728.701
 10
305026.597
 20
6404727.857
 10
305023.323
 20
6404726.974
 10
305020.06
 20
6404726.054
 10
305016.808
 20
6404725.096
 10
305013.568
 20
6404724.099
 10
305010.34
 20
6404723.065
 10
305007.123
 20
6404721.994
 10
305003.919
 20
6404720.884
 10
305000.729
 20
6404719.737
 10
304997.553
 20
6404718.554
 10
304994.389
 20
6404717.332
 10
304991.241
 20
6404716.075
 10
304988.108
 20
6404714.78
 10
304984.989
 20
6404713.45
 10
304981.888
 20
6404712.082
 10
304978.801
 20
6404710.679
 10
304975.732
 20
6404709.239
 10
304972.68
 20
6404707.764
 10
304969.645
 20
6404706.254
 10
304966.627
 20
6404704.708
 10
304963.628
 20
6404703.126
 10
304960.648
 20
6404701.51
 10
304957.687
 20
6404699.859
 10
304954.745
 20
6404698.174
 10
304951.823
 20
6404696.454
 10
304948.923
 20
6404694.701
 10
304946.042
 20
6404692.914
 10
304943.182
 20
6404691.092
 10
304940.344
 20
6404689.238
 10
304937.527
 20
6404687.351
 10
304934.733
 20
6404685.431
 10
304931.961
 20
6404683.478
 10
304929.213
 20
6404681.494
 10
304926.488
 20
6404679.477
 10
304923.398
 20
6404678.203
 10
304920.323
 20
6404676.893
 10
304917.264
 20
6404675.546
 10
304914.221
 20
6404674.163
 10
304911.195
 20
6404672.744
 10
304908.186
 20
6404671.29
 10
304905.193
 20
6404669.8
 10
304902.219
 20
6404668.275
 10
304899.264
 20
6404666.714
 10
304896.326
 20
6404665.12
 10
304893.408
 20
6404663.49
 10
304890.509
 20
6404661.827
 10
304887.63
 20
6404660.129
 10
304884.771
 20
6404658.396
 10
304881.933
 20
6404656.631
 10
304879.117
 20
6404654.832
 10
304876.321
 20
6404653.001
 10
304873.547
 20
6404651.136
 10
304870.796
 20
6404649.238
 10
304868.067
 20
6404647.307
 10
304865.361
 20
6404645.346
 10
304862.678
 20
6404643.352
 10
304860.02
 20
6404641.326
 10
304857.385
 20
6404639.27
 10
304854.775
 20
6404637.182
 10
304852.189
 20
6404635.064
 10
304849.629
 20
6404632.915
 10
304847.095
 20
6404630.736
 10
304844.586
 20
6404628.527
 10
304842.104
 20
6404626.289
 10
304839.648
 20
6404624.021
 10
304837.219
 20
6404621.726
 10
304834.818
 20
6404619.401
 10
304832.444
 20
6404617.048
 10
304830.098
 20
6404614.667
 10
304827.78
 20
6404612.26
 10
304825.492
 20
6404609.823
 10
304823.231
 20
6404607.361
 10
304821.001
 20
6404604.872
 10
304818.799
 20
6404602.357
 10
304816.293
 20
6404600.104
 10
304813.813
 20
6404597.823
 10
304811.359
 20
6404595.514
 10
304808.933
 20
6404593.176
 10
304806.533
 20
6404590.811
 10
304804.161
 20
6404588.418
 10
304801.816
 20
6404585.999
 10
304799.498
 20
6404583.552
 10
304797.211
 20
6404581.079
 10
304794.951
 20
6404578.58
 10
304792.718
 20
6404576.055
 10
304790.517
 20
6404573.505
 10
304788.344
 20
6404570.929
 10
304786.202
 20
6404568.33
 10
304784.088
 20
6404565.704
 10
304782.006
 20
6404563.056
 10
304779.953
 20
6404560.383
 10
304777.932
 20
6404557.688
 10
304775.942
 20
6404554.969
 10
304773.983
 20
6404552.227
 10
304772.055
 20
6404549.463
 10
304770.16
 20
6404546.677
 10
304768.297
 20
6404543.87
 10
304766.467
 20
6404541.041
 10
304764.669
 20
6404538.191
 10
304762.903
 20
6404535.322
 10
304761.17
 20
6404532.431
 10
304759.471
 20
6404529.522
 10
304757.806
 20
6404526.592
 10
304756.174
 20
6404523.644
 10
304754.577
 20
6404520.678
 10
304753.013
 20
6404517.693
 10
304751.483
 20
6404514.691
 10
304749.989
 20
6404511.671
 10
304748.529
 20
6404508.634
 10
304747.104
 20
6404505.58
 10
304745.715
 20
6404502.51
 10
304744.36
 20
6404499.425
 10
304743.041
 20
6404496.324
 10
304741.758
 20
6404493.209
 10
304740.511
 20
6404490.079
 10
304739.3
 20
6404486.935
 10
304738.125
 20
6404483.777
 10
304736.986
 20
6404480.605
 10
304735.884
 20
6404477.421
 10
304734.818
 20
6404474.224
 10
304733.789
 20
6404471.017
 10
304732.798
 20
6404467.796
 10
304731.843
 20
6404464.565
 10
304730.925
 20
6404461.322
 10
304730.045
 20
6404458.07
 10
304729.202
 20
6404454.808
 10
304784.727
 20
6404352.117
 10
304841.613
 20
6404220.016
 10
304846.742
 20
6404177.984
 10
304873.207
 20
6404095.06
 10
304939.082
 20
6404027.917
 10
304952.67
 20
6404020.954
 10
304977.669
 20
6404008.145
 10
305053.342
 20
6404091.293
 10
305054.332
 20
6404092.497
 10
305054.315
 20
6404092.5
 10
305052.924
 20
6404091.694
 10
305051.446
 20
6404089.412
 10
305048.894
 20
6404087.885
 10
305049.323
 20
6404090.166
 10
305049.148
 20
6404091.518
 10
305048.224
 20
6404091.342
 10
305054.048
 20
6404102.182
 10
305057.483
 20
6404114.773
 10
305044.675
 20
6404113.286
 10
305037.78
 20
6404124.69
 10
305030.651
 20
6404130.761
 10
305019.316
 20
6404144.006
 10
304985.744
 20
6404100.688
 10
304989.977
 20
6404084.88
 10
304982.875
 20
6404082.317
 10
304975.169
 20
6404103.212
 10
305005.423
 20
6404145.855
 10
305004.555
 20
6404154.115
 10
305003.631
 20
6404162.073
 10
305005.397
 20
6404165.655
 10
305005.325
 20
6404167.173
 10
305005.76
 20
6404167.92
 10
305005.936
 20
6404169.394
 10
305007.534
 20
6404170.809
 10
305008.804
 20
6404172.566
 10
305012.312
 20
6404179.683
 10
305011.93
 20
6404180.455
 10
305012.386
 20
6404182.308
 10
305013.66
 20
6404184.243
 10
305014.567
 20
6404184.258
 10
305015.874
 20
6404186.91
 10
305023.303
 20
6404196.857
 10
305033.167
 20
6404196.83
 10
305054.886
 20
6404186.003
 10
305060.333
 20
6404187.136
 10
305063.978
 20
6404196.337
 10
305064.314
 20
6404198.296
 10
305062.447
 20
6404210.239
 10
305062.432
 20
6404210.248
 10
305059.766
 20
6404210.372
 10
305059.918
 20
6404211.681
 10
305058.637
 20
6404212.411
 10
305057.739
 20
6404212.53
 10
305057.798
 20
6404212.89
 10
305052.11
 20
6404216.133
 10
305042.602
 20
6404214.911
 10
305043.595
 20
6404209.522
 10
305039.064
 20
6404209.312
 10
305037.28
 20
6404215.242
 10
305036.283
 20
6404213.895
 10
305035.513
 20
6404215.543
 10
305034.751
 20
6404215.974
 10
305033.971
 20
6404216.416
 10
305033.645
 20
6404217.371
 10
305021.696
 20
6404216.248
 10
305024.321
 20
6404219.831
 10
305031.031
 20
6404222.822
 10
305032.106
 20
6404228.53
 10
305013.714
 20
6404249.487
 10
305006.164
 20
6404264.62
 10
305000.117
 20
6404285.853
 10
305010.377
 20
6404317.252
 10
305009.651
 20
6404339.588
 10
305020.61
 20
6404378.989
 10
305028.546
 20
6404388.501
 10
305035.3
 20
6404386.057
 10
305036.297
 20
6404398.88
 10
305041.991
 20
6404400.904
 10
305042.535
 20
6404401.372
 10
305045.873
 20
6404402.868
 10
305048.604
 20
6404403.533
 10
305048.918
 20
6404403.368
 10
305050.241
 20
6404403.837
 10
305059.403
 20
6404401.531
 10
305059.858
 20
6404401.71
 10
305061.584
 20
6404400.982
 10
305066.292
 20
6404399.798
 10
305067.152
 20
6404400.099
 10
305073.498
 20
6404407.415
 10
305079.357
 20
6404412.411
 10
305093.142
 20
6404404.08
 10
305095.119
 20
6404403.993
 10
305096.486
 20
6404404.376
 10
305099.313
 20
6404403.807
 10
305102.716
 20
6404403.656
 10
305112.307
 20
6404412.535
 10
305112.42
 20
6404412.708
 10
305110.085
 20
6404420.317
 10
305110.069
 20
6404420.337
 10
305110.061
 20
6404420.38
 10
305106.922
 20
6404427.089
 10
305106.351
 20
6404428.886
 10
305104.544
 20
6404434.362
 10
305104.58
 20
6404434.461
  0
LWPOLYLINE
  5
25C
330
17
100
AcDbEntity
  8
FASTIGHETSGRANSER
100
AcDbPolyline
 90
7
 70
1
 10
305181.01
 20
6404303.904
 10
305177.833
 20
6404303.807
 10
305152.925
 20
6404303.042
 10
305153.736
 20
6404276.81
 10
305154.79
 20
6404276.843
 10
305179.252
 20
6404277.573
 10
305181.01
 20
6404303.904
  0
LWPOLYLINE
  5
25D
330
17
100
AcDbEntity
  8
FASTIGHETSGRANSER
100
AcDbPolyline
 90
7
 70
1
 10
305152.925
 20
6404303.042
 10
305121.985
 20
6404302.067
 10
305122.744
 20
6404295.206
 10
305126.116
 20
6404277.587
 10
305125.56
 20
6404275.97
 10
305153.736
 20
6404276.81
 10
305152.925
 20
6404303.042
  0
LWPOLYLINE
  5
25E
330
17
100
AcDbEntity
  8
FASTIGHETSGRANSER
100
AcDbPolyline
 90
11
 70
1
 10
305143.618
 20
6404325.382
 10
305144.7
 20
6404308.482
 10
305147.528
 20
6404306.373
 10
305177.375
 20
6404307.288
 10
305180.193
 20
6404307.381
 10
305178.794
 20
6404313.34
 10
305177.358
 20
6404313.293
 10
305176.658
 20
6404313.27
 10
305173.321
 20
6404318.712
 10
305170.348
 20
6404326.129
 10
305143.618
 20
6404325.382
  0
TEXT
  5
25F
330
17
100
AcDbEntity
  8
TOMTBETECKNINGAR
100
AcDbText
 10
305166.9892999999
 20
6404313.965
 30
0.0
 40
2.0
  1
3:20
100
AcDbText
  0
LWPOLYLINE
  5
260
330
17
100
AcDbEntity
  8
FASTIGHETSGRANSER
100
AcDbPolyline
 90
12
 70
1
 10
305154.547
 20
6404360.642
 10
305142.767
 20
6404340.165
 10
305143.618
 20
6404325.382
 10
305170.348
 20
6404326.129
 10
305173.321
 20
6404318.712
 10
305176.658
 20
6404313.27
 10
305177.358
 20
6404313.293
 10
305178.794
 20
6404313.34
 10
305177.436
 20
6404319.122
 10
305174.609
 20
6404326.237
 10
305162.939
 20
6404355.617
 10
305154.547
 20
6404360.642
  0
TEXT
  5
261
330
17
100
AcDbEntity
  8
TOMTBETECKNINGAR
100
AcDbText
 10
305166.5813636364
 20
6404328.355363636
 30
0.0
 40
2.0
  1
3:19
100
AcDbText
  0
LWPOLYLINE
  5
262
330
17
100
AcDbEntity
  8
FASTIGHETSGRANSER
100
AcDbPolyline
 90
16
 70
1
 10
305202.877
 20
6404332.318
 10
305186.092
 20
6404325.962
 10
305184.222
 20
6404324.518
 10
305183.359
 20
6404323.806
 10
305182.613
 20
6404322.974
 10
305181.999
 20
6404322.04
 10
305181.532
 20
6404321.024
 10
305181.221
 20
6404319.95
 10
305181.075
 20
6404318.842
 10
305181.095
 20
6404317.724
 10
305181.283
 20
6404316.622
 10
305184.167
 20
6404304.303
 10
305183.207
 20
6404292.499
 10
305209.719
 20
6404292.613
 10
305209.269
 20
6404311.168
 10
305202.877
 20
6404332.318
  0
TEXT
  5
263
330
17
100
AcDbEntity
  8
TOMTBETECKNINGAR
100
AcDbText
 10
305187.582
 20
6404316.4242
 30
0.0
 40
2.0
  1
3:23
100
AcDbText
  0
CIRCLE
  5
264
330
17
100
AcDbEntity
  8
GRANSPUNKTER
100
AcDbCircle
 10
305226.69
 20
6404349.98
 30
0.0
 40
0.5
  0
TEXT
  5
265
330
17
100
AcDbEntity
  8
GRANSPUNKTER
100
AcDbText
 10
305227.29
 20
6404350.58
 30
0.0
 40
0.9
  1
ingen information
100
AcDbText
  0
CIRCLE
  5
266
330
17
100
AcDbEntity
  8
GRANSPUNKTER
100
AcDbCircle
 10
305258.5
 20
6404423.43
 30
0.0
 40
0.5
  0
TEXT
  5
267
330
17
100
AcDbEntity
  8
GRANSPUNKTER
100
AcDbText
 10
305259.1
 20
6404424.029999999
 30
0.0
 40
0.9
  1
ingen information
100
AcDbText
  0
CIRCLE
  5
268
330
17
100
AcDbEntity
  8
GRANSPUNKTER
100
AcDbCircle
 10
305213.08
 20
6404362.32
 30
0.0
 40
0.5
  0
TEXT
  5
269
330
17
100
AcDbEntity
  8
GRANSPUNKTER
100
AcDbText
 10
305213.68
 20
6404362.92
 30
0.0
 40
0.9
  1
dubb i berg
100
AcDbText
  0
CIRCLE
  5
26A
330
17
100
AcDbEntity
  8
GRANSPUNKTER
100
AcDbCircle
 10
305177.38
 20
6404307.29
 30
0.0
 40
0.5
  0
TEXT
  5
26B
330
17
100
AcDbEntity
  8
GRANSPUNKTER
100
AcDbText
 10
305177.98
 20
6404307.89
 30
0.0
 40
0.9
  1
rör i mark
100
AcDbText
  0
CIRCLE
  5
26C
330
17
100
AcDbEntity
  8
GRANSPUNKTER
100
AcDbCircle
 10
305209.27
 20
6404311.17
 30
0.0
 40
0.5
  0
TEXT
  5
26D
330
17
100
AcDbEntity
  8
GRANSPUNKTER
100
AcDbText
 10
305209.87
 20
6404311.77
 30
0.0
 40
0.9
  1
dubb i berg
100
AcDbText
  0
CIRCLE
  5
26E
330
17
100
AcDbEntity
  8
GRANSPUNKTER
100
AcDbCircle
 10
305311.27
 20
6404345.88
 30
0.0
 40
0.5
  0
TEXT
  5
26F
330
17
100
AcDbEntity
  8
GRANSPUNKTER
100
AcDbText
 10
305311.87
 20
6404346.4799999995
 30
0.0
 40
0.9
  1
dubb i berg
100
AcDbText
  0
CIRCLE
  5
270
330
17
100
AcDbEntity
  8
GRANSPUNKTER
100
AcDbCircle
 10
305226.94
 20
6404341.43
 30
0.0
 40
0.5
  0
TEXT
  5
271
330
17
100
AcDbEntity
  8
GRANSPUNKTER
100
AcDbText
 10
305227.54
 20
6404342.029999999
 30
0.0
 40
0.9
  1
råsten
100
AcDbText
  0
CIRCLE
  5
272
330
17
100
AcDbEntity
  8
GRANSPUNKTER
100
AcDbCircle
 10
305432.01
 20
6404439.92
 30
0.0
 40
0.5
  0
TEXT
  5
273
330
17
100
AcDbEntity
  8
GRANSPUNKTER
100
AcDbText
 10
305432.61
 20
6404440.52
 30
0.0
 40
0.9
  1
dubb i berg
100
AcDbText
  0
CIRCLE
  5
274
330
17
100
AcDbEntity
  8
GRANSPUNKTER
100
AcDbCircle
 10
305269.12
 20
6404365.07
 30
0.0
 40
0.5
  0
TEXT
  5
275
330
17
100
AcDbEntity
  8
GRANSPUNKTER
100
AcDbText
 10
305269.72
 20
6404365.67
 30
0.0
 40
0.9
  1
dubb i berg
100
AcDbText
  0
CIRCLE
  5
276
330
17
100
AcDbEntity
  8
GRANSPUNKTER
100
AcDbCircle
 10
305154.55
 20
6404360.64
 30
0.0
 40
0.5
  0
TEXT
  5
277
330
17
100
AcDbEntity
  8
GRANSPUNKTER
100
AcDbText
 10
305155.14999999997
 20
6404361.239999999
 30
0.0
 40
0.9
  1
rör i mark
100
AcDbText
  0
CIRCLE
  5
278
330
17
100
AcDbEntity
  8
GRANSPUNKTER
100
AcDbCircle
 10
305178.99
 20
6404385.39
 30
0.0
 40
0.5
  0
TEXT
  5
279
330
17
100
AcDbEntity
  8
GRANSPUNKTER
100
AcDbText
 10
305179.58999999997
 20
6404385.989999999
 30
0.0
 40
0.9
  1
dubb i berg
100
AcDbText
  0
CIRCLE
  5
27A
330
17
100
AcDbEntity
  8
GRANSPUNKTER
100
AcDbCircle
 10
305301.01
 20
6404409.53
 30
0.0
 40
0.5
  0
TEXT
  5
27B
330
17
100
AcDbEntity
  8
GRANSPUNKTER
100
AcDbText
 10
305301.61
 20
6404410.13
 30
0.0
 40
0.9
  1
dubb i berg
100
AcDbText
  0
CIRCLE
  5
27C
330
17
100
AcDbEntity
  8
GRANSPUNKTER
100
AcDbCircle
 10
305216.23
 20
6404392.48
 30
0.0
 40
0.5
  0
TEXT
  5
27D
330
17
100
AcDbEntity
  8
GRANSPUNKTER
100
AcDbText
 10
305216.82999999996
 20
6404393.08
 30
0.0
 40
0.9
  1
ingen information
100
AcDbText
  0
CIRCLE
  5
27E
330
17
100
AcDbEntity
  8
GRANSPUNKTER
100
AcDbCircle
 10
305437.47
 20
6404400.91
 30
0.0
 40
0.5
  0
TEXT
  5
27F
330
17
100
AcDbEntity
  8
GRANSPUNKTER
100
AcDbText
 10
305438.06999999995
 20
6404401.51
 30
0.0
 40
0.9
  1
dubb i sten
100
AcDbText
  0
CIRCLE
  5
280
330
17
100
AcDbEntity
  8
GRANSPUNKTER
100
AcDbCircle
 10
305296.54
 20
6404395.31
 30
0.0
 40
0.5
  0
TEXT
  5
281
330
17
100
AcDbEntity
  8
GRANSPUNKTER
100
AcDbText
 10
305297.13999999996
 20
6404395.909999999
 30
0.0
 40
0.9
  1
ingen information
100
AcDbText
  0
CIRCLE
  5
282
330
17
100
AcDbEntity
  8
GRANSPUNKTER
100
AcDbCircle
 10
305275.51
 20
6404379.04
 30
0.0
 40
0.5
  0
TEXT
  5
283
330
17
100
AcDbEntity
  8
GRANSPUNKTER
100
AcDbText
 10
305276.11
 20
6404379.64
 30
0.0
 40
0.9
  1
ingen information
100
AcDbText
  0
CIRCLE
  5
284
330
17
100
AcDbEntity
  8
GRANSPUNKTER
100
AcDbCircle
 10
305177.36
 20
6404313.29
 30
0.0
 40
0.5
  0
TEXT
  5
285
330
17
100
AcDbEntity
  8
GRANSPUNKTER
100
AcDbText
 10
305177.95999999996
 20
6404313.89
 30
0.0
 40
0.9
  1
spik i asfalt
100
AcDbText
  0
CIRCLE
  5
286
330
17
100
AcDbEntity
  8
GRANSPUNKTER
100
AcDbCircle
 10
305250.49
 20
6404361.91
 30
0.0
 40
0.5
  0
TEXT
  5
287
330
17
100
AcDbEntity
  8
GRANSPUNKTER
100
AcDbText
 10
305251.08999999997
 20
6404362.51
 30
0.0
 40
0.9
  1
ingen information
100
AcDbText
  0
CIRCLE
  5
288
330
17
100
AcDbEntity
  8
GRANSPUNKTER
100
AcDbCircle
 10
305161.08
 20
6404365.8
 30
0.0
 40
0.5
  0
TEXT
  5
289
330
17
100
AcDbEntity
  8
GRANSPUNKTER
100
AcDbText
 10
305161.68
 20
6404366.399999999
 30
0.0
 40
0.9
  1
dubb i berg
100
AcDbText
  0
CIRCLE
  5
28A
330
17
100
AcDbEntity
  8
GRANSPUNKTER
100
AcDbCircle
 10
305209.69
 20
6404343.45
 30
0.0
 40
0.5
  0
TEXT
  5
28B
330
17
100
AcDbEntity
  8
GRANSPUNKTER
100
AcDbText
 10
305210.29
 20
6404344.05
 30
0.0
 40
0.9
  1
dubb i berg
100
AcDbText
  0
CIRCLE
  5
28C
330
17
100
AcDbEntity
  8
GRANSPUNKTER
100
AcDbCircle
 10
305306.9
 20
6404400.86
 30
0.0
 40
0.5
  0
TEXT
  5
28D
330
17
100
AcDbEntity
  8
GRANSPUNKTER
100
AcDbText
 10
305307.5
 20
6404401.46
 30
0.0
 40
0.9
  1
ingen information
100
AcDbText
  0
CIRCLE
  5
28E
330
17
100
AcDbEntity
  8
GRANSPUNKTER
100
AcDbCircle
 10
305173.32
 20
6404318.71
 30
0.0
 40
0.5
  0
TEXT
  5
28F
330
17
100
AcDbEntity
  8
GRANSPUNKTER
100
AcDbText
 10
305173.92
 20
6404319.31
 30
0.0
 40
0.9
  1
rör i mark
100
AcDbText
  0
CIRCLE
  5
290
330
17
100
AcDbEntity
  8
GRANSPUNKTER
100
AcDbCircle
 10
305645.27
 20
6404368.8
 30
0.0
 40
0.5
  0
TEXT
  5
291
330
17
100
AcDbEntity
  8
GRANSPUNKTER
100
AcDbText
 10
305645.87
 20
6404369.399999999
 30
0.0
 40
0.9
  1
rör i berg
100
AcDbText
  0
CIRCLE
  5
292
330
17
100
AcDbEntity
  8
GRANSPUNKTER
100
AcDbCircle
 10
305487.41
 20
6404455.01
 30
0.0
 40
0.5
  0
TEXT
  5
293
330
17
100
AcDbEntity
  8
GRANSPUNKTER
100
AcDbText
 10
305488.00999999995
 20
6404455.609999999
 30
0.0
 40
0.9
  1
råsten
100
AcDbText
  0
CIRCLE
  5
294
330
17
100
AcDbEntity
  8
GRANSPUNKTER
100
AcDbCircle
 10
305465.82
 20
6404444.81
 30
0.0
 40
0.5
  0
TEXT
  5
295
330
17
100
AcDbEntity
  8
GRANSPUNKTER
100
AcDbText
 10
305466.42
 20
6404445.409999999
 30
0.0
 40
0.9
  1
dubb i berg
100
AcDbText
  0
CIRCLE
  5
296
330
17
100
AcDbEntity
  8
GRANSPUNKTER
100
AcDbCircle
 10
305186.09
 20
6404325.96
 30
0.0
 40
0.5
  0
TEXT
  5
297
330
17
100
AcDbEntity
  8
GRANSPUNKTER
100
AcDbText
 10
305186.69
 20
6404326.56
 30
0.0
 40
0.9
  1
ingen information
100
AcDbText
  0
CIRCLE
  5
298
330
17
100
AcDbEntity
  8
GRANSPUNKTER
100
AcDbCircle
 10
305248.27
 20
6404416.1
 30
0.0
 40
0.5
  0
TEXT
  5
299
330
17
100
AcDbEntity
  8
GRANSPUNKTER
100
AcDbText
 10
305248.87
 20
6404416.699999999
 30
0.0
 40
0.9
  1
ingen information
100
AcDbText
  0
CIRCLE
  5
29A
330
17
100
AcDbEntity
  8
GRANSPUNKTER
100
AcDbCircle
 10
305283.41
 20
6404376.38
 30
0.0
 40
0.5
  0
TEXT
  5
29B
330
17
100
AcDbEntity
  8
GRANSPUNKTER
100
AcDbText
 10
305284.00999999995
 20
6404376.9799999995
 30
0.0
 40
0.9
  1
dubb i berg
100
AcDbText
  0
CIRCLE
  5
29C
330
17
100
AcDbEntity
  8
GRANSPUNKTER
100
AcDbCircle
 10
305452.91
 20
6404449.94
 30
0.0
 40
0.5
  0
TEXT
  5
29D
330
17
100
AcDbEntity
  8
GRANSPUNKTER
100
AcDbText
 10
305453.50999999995
 20
6404450.54
 30
0.0
 40
0.9
  1
dubb i sten
100
AcDbText
  0
CIRCLE
  5
29E
330
17
100
AcDbEntity
  8
GRANSPUNKTER
100
AcDbCircle
 10
305200.45
 20
6404377.22
 30
0.0
 40
0.5
  0
TEXT
  5
29F
330
17
100
AcDbEntity
  8
GRANSPUNKTER
100
AcDbText
 10
305201.05
 20
6404377.819999999
 30
0.0
 40
0.9
  1
dubb i berg
100
AcDbText
  0
CIRCLE
  5
2A0
330
17
100
AcDbEntity
  8
GRANSPUNKTER
100
AcDbCircle
 10
305187.02
 20
6404377.67
 30
0.0
 40
0.5
  0
TEXT
  5
2A1
330
17
100
AcDbEntity
  8
GRANSPUNKTER
100
AcDbText
 10
305187.62
 20
6404378.27
 30
0.0
 40
0.9
  1
dubb i berg
100
AcDbText
  0
CIRCLE
  5
2A2
330
17
100
AcDbEntity
  8
GRANSPUNKTER
100
AcDbCircle
 10
305224.59
 20
6404398.83
 30
0.0
 40
0.5
  0
TEXT
  5
2A3
330
17
100
AcDbEntity
  8
GRANSPUNKTER
100
AcDbText
 10
305225.19
 20
6404399.43
 30
0.0
 40
0.9
  1
ingen information
100
AcDbText
  0
CIRCLE
  5
2A4
330
17
100
AcDbEntity
  8
GRANSPUNKTER
100
AcDbCircle
 10
305212.77
 20
6404443.88
 30
0.0
 40
0.5
  0
TEXT
  5
2A5
330
17
100
AcDbEntity
  8
GRANSPUNKTER
100
AcDbText
 10
305213.37
 20
6404444.4799999995
 30
0.0
 40
0.9
  1
dubb i berg
100
AcDbText
  0
CIRCLE
  5
2A6
330
17
100
AcDbEntity
  8
GRANSPUNKTER
100
AcDbCircle
 10
305170.35
 20
6404326.13
 30
0.0
 40
0.5
  0
TEXT
  5
2A7
330
17
100
AcDbEntity
  8
GRANSPUNKTER
100
AcDbText
 10
305170.94999999995
 20
6404326.7299999995
 30
0.0
 40
0.9
  1
rör i mark
100
AcDbText
  0
CIRCLE
  5
2A8
330
17
100
AcDbEntity
  8
GRANSPUNKTER
100
AcDbCircle
 10
305651.66
 20
6404370.69
 30
0.0
 40
0.5
  0
TEXT
  5
2A9
330
17
100
AcDbEntity
  8
GRANSPUNKTER
100
AcDbText
 10
305652.25999999995
 20
6404371.29
 30
0.0
 40
0.9
  1
spik i asfalt
100
AcDbText
  0
CIRCLE
  5
2AA
330
17
100
AcDbEntity
  8
GRANSPUNKTER
100
AcDbCircle
 10
305177.44
 20
6404319.12
 30
0.0
 40
0.5
  0
TEXT
  5
2AB
330
17
100
AcDbEntity
  8
GRANSPUNKTER
100
AcDbText
 10
305178.04
 20
6404319.72
 30
0.0
 40
0.9
  1
rör i mark
100
AcDbText
  0
CIRCLE
  5
2AC
330
17
100
AcDbEntity
  8
GRANSPUNKTER
100
AcDbCircle
 10
305471.92
 20
6404405.78
 30
0.0
 40
0.5
  0
TEXT
  5
2AD
330
17
100
AcDbEntity
  8
GRANSPUNKTER
100
AcDbText
 10
305472.51999999996
 20
6404406.38
 30
0.0
 40
0.9
  1
dubb i berg
100
AcDbText
  0
CIRCLE
  5
2AE
330
17
100
AcDbEntity
  8
GRANSPUNKTER
100
AcDbCircle
 10
305220.21
 20
6404347.19
 30
0.0
 40
0.5
  0
TEXT
  5
2AF
330
17
100
AcDbEntity
  8
GRANSPUNKTER
100
AcDbText
 10
305220.81
 20
6404347.79
 30
0.0
 40
0.9
  1
dubb i berg
100
AcDbText
  0
CIRCLE
  5
2B0
330
17
100
AcDbEntity
  8
GRANSPUNKTER
100
AcDbCircle
 10
305256.26
 20
6404364.14
 30
0.0
 40
0.5
  0
TEXT
  5
2B1
330
17
100
AcDbEntity
  8
GRANSPUNKTER
100
AcDbText
 10
305256.86
 20
6404364.739999999
 30
0.0
 40
0.9
  1
ingen information
100
AcDbText
  0
CIRCLE
  5
2B2
330
17
100
AcDbEntity
  8
GRANSPUNKTER
100
AcDbCircle
 10
305152.92
 20
6404303.04
 30
0.0
 40
0.5
  0
TEXT
  5
2B3
330
17
100
AcDbEntity
  8
GRANSPUNKTER
100
AcDbText
 10
305153.51999999996
 20
6404303.64
 30
0.0
 40
0.9
  1
rör i mark
100
AcDbText
  0
CIRCLE
  5
2B4
330
17
100
AcDbEntity
  8
GRANSPUNKTER
100
AcDbCircle
 10
305653.89
 20
6404352.56
 30
0.0
 40
0.5
  0
TEXT
  5
2B5
330
17
100
AcDbEntity
  8
GRANSPUNKTER
100
AcDbText
 10
305654.49
 20
6404353.159999999
 30
0.0
 40
0.9
  1
dubb i berg
100
AcDbText
  0
CIRCLE
  5
2B6
330
17
100
AcDbEntity
  8
GRANSPUNKTER
100
AcDbCircle
 10
305648.88
 20
6404393.29
 30
0.0
 40
0.5
  0
TEXT
  5
2B7
330
17
100
AcDbEntity
  8
GRANSPUNKTER
100
AcDbText
 10
305649.48
 20
6404393.89
 30
0.0
 40
0.9
  1
ingen information
100
AcDbText
  0
CIRCLE
  5
2B8
330
17
100
AcDbEntity
  8
GRANSPUNKTER
100
AcDbCircle
 10
305177.83
 20
6404303.81
 30
0.0
 40
0.5
  0
TEXT
  5
2B9
330
17
100
AcDbEntity
  8
GRANSPUNKTER
100
AcDbText
 10
305178.43
 20
6404304.409999999
 30
0.0
 40
0.9
  1
rör i betonggjutning
100
AcDbText
  0
CIRCLE
  5
2BA
330
17
100
AcDbEntity
  8
GRANSPUNKTER
100
AcDbCircle
 10
305202.88
 20
6404332.32
 30
0.0
 40
0.5
  0
TEXT
  5
2BB
330
17
100
AcDbEntity
  8
GRANSPUNKTER
100
AcDbText
 10
305203.48
 20
6404332.92
 30
0.0
 40
0.9
  1
dubb i berg
100
AcDbText
  0
CIRCLE
  5
2BC
330
17
100
AcDbEntity
  8
GRANSPUNKTER
100
AcDbCircle
 10
305209.12
 20
6404377.06
 30
0.0
 40
0.5
  0
TEXT
  5
2BD
330
17
100
AcDbEntity
  8
GRANSPUNKTER
100
AcDbText
 10
305209.72
 20
6404377.659999999
 30
0.0
 40
0.9
  1
dubb i berg
100
AcDbText
  0
CIRCLE
  5
2BE
330
17
100
AcDbEntity
  8
GRANSPUNKTER
100
AcDbCircle
 10
305423.49
 20
6404445.69
 30
0.0
 40
0.5
  0
TEXT
  5
2BF
330
17
100
AcDbEntity
  8
GRANSPUNKTER
100
AcDbText
 10
305424.08999999997
 20
6404446.29
 30
0.0
 40
0.9
  1
dubb i sten
100
AcDbText
  0
CIRCLE
  5
2C0
330
17
100
AcDbEntity
  8
GRANSPUNKTER
100
AcDbCircle
 10
305296.42
 20
6404382.96
 30
0.0
 40
0.5
  0
TEXT
  5
2C1
330
17
100
AcDbEntity
  8
GRANSPUNKTER
100
AcDbText
 10
305297.01999999996
 20
6404383.56
 30
0.0
 40
0.9
  1
dubb i berg
100
AcDbText
  0
CIRCLE
  5
2C2
330
17
100
AcDbEntity
  8
GRANSPUNKTER
100
AcDbCircle
 10
305424.03
 20
6404486.45
 30
0.0
 40
0.5
  0
TEXT
  5
2C3
330
17
100
AcDbEntity
  8
GRANSPUNKTER
100
AcDbText
 10
305424.63
 20
6404487.05
 30
0.0
 40
0.9
  1
dubb i berg
100
AcDbText
  0
CIRCLE
  5
2C4
330
17
100
AcDbEntity
  8
GRANSPUNKTER
100
AcDbCircle
 10
305289.69
 20
6404341.56
 30
0.0
 40
0.5
  0
TEXT
  5
2C5
330
17
100
AcDbEntity
  8
GRANSPUNKTER
100
AcDbText
 10
305290.29
 20
6404342.159999999
 30
0.0
 40
0.9
  1
dubb i berg
100
AcDbText
  0
CIRCLE
  5
2C6
330
17
100
AcDbEntity
  8
GRANSPUNKTER
100
AcDbCircle
 10
305162.94
 20
6404355.62
 30
0.0
 40
0.5
  0
TEXT
  5
2C7
330
17
100
AcDbEntity
  8
GRANSPUNKTER
100
AcDbText
 10
305163.54
 20
6404356.22
 30
0.0
 40
0.9
  1
rör i mark
100
AcDbText
  0
CIRCLE
  5
2C8
330
17
100
AcDbEntity
  8
GRANSPUNKTER
100
AcDbCircle
 10
305172.85
 20
6404423.73
 30
0.0
 40
0.5
  0
TEXT
  5
2C9
330
17
100
AcDbEntity
  8
GRANSPUNKTER
100
AcDbText
 10
305173.44999999995
 20
6404424.33
 30
0.0
 40
0.9
  1
dubb i berg
100
AcDbText
  0
CIRCLE
  5
2CA
330
17
100
AcDbEntity
  8
GRANSPUNKTER
100
AcDbCircle
 10
305175.66
 20
6404330.08
 30
0.0
 40
0.5
  0
TEXT
  5
2CB
330
17
100
AcDbEntity
  8
GRANSPUNKTER
100
AcDbText
 10
305176.25999999995
 20
6404330.68
 30
0.0
 40
0.9
  1
dubb i berg
100
AcDbText
  0
CIRCLE
  5
2CC
330
17
100
AcDbEntity
  8
GRANSPUNKTER
100
AcDbCircle
 10
305446.21
 20
6404489.36
 30
0.0
 40
0.5
  0
TEXT
  5
2CD
330
17
100
AcDbEntity
  8
GRANSPUNKTER
100
AcDbText
 10
305446.81
 20
6404489.96
 30
0.0
 40
0.9
  1
dubb i berg
100
AcDbText
  0
CIRCLE
  5
2CE
330
17
100
AcDbEntity
  8
GRANSPUNKTER
100
AcDbCircle
 10
305407.72
 20
6404396.21
 30
0.0
 40
0.5
  0
TEXT
  5
2CF
330
17
100
AcDbEntity
  8
GRANSPUNKTER
100
AcDbText
 10
305408.31999999995
 20
6404396.81
 30
0.0
 40
0.9
  1
dubb i berg
100
AcDbText
  0
CIRCLE
  5
2D0
330
17
100
AcDbEntity
  8
GRANSPUNKTER
100
AcDbCircle
 10
305174.61
 20
6404326.24
 30
0.0
 40
0.5
  0
TEXT
  5
2D1
330
17
100
AcDbEntity
  8
GRANSPUNKTER
100
AcDbText
 10
305175.20999999996
 20
6404326.84
 30
0.0
 40
0.9
  1
rör i mark
100
AcDbText
  0
CIRCLE
  5
2D2
330
17
100
AcDbEntity
  8
GRANSPUNKTER
100
AcDbCircle
 10
305316.58
 20
6404348.64
 30
0.0
 40
0.5
  0
TEXT
  5
2D3
330
17
100
AcDbEntity
  8
GRANSPUNKTER
100
AcDbText
 10
305317.18
 20
6404349.239999999
 30
0.0
 40
0.9
  1
dubb i berg
100
AcDbText
  0
CIRCLE
  5
2D4
330
17
100
AcDbEntity
  8
GRANSPUNKTER
100
AcDbCircle
 10
305217.87
 20
6404363.3
 30
0.0
 40
0.5
  0
TEXT
  5
2D5
330
17
100
AcDbEntity
  8
GRANSPUNKTER
100
AcDbText
 10
305218.47
 20
6404363.899999999
 30
0.0
 40
0.9
  1
ingen information
100
AcDbText
  0
CIRCLE
  5
2D6
330
17
100
AcDbEntity
  8
GRANSPUNKTER
100
AcDbCircle
 10
305532.89
 20
6404461.7
 30
0.0
 40
0.5
  0
TEXT
  5
2D7
330
17
100
AcDbEntity
  8
GRANSPUNKTER
100
AcDbText
 10
305533.49
 20
6404462.3
 30
0.0
 40
0.9
  1
råsten
100
AcDbText
  0
CIRCLE
  5
2D8
330
17
100
AcDbEntity
  8
GRANSPUNKTER
100
AcDbCircle
 10
305480.36
 20
6404493.89
 30
0.0
 40
0.5
  0
TEXT
  5
2D9
330
17
100
AcDbEntity
  8
GRANSPUNKTER
100
AcDbText
 10
305480.95999999996
 20
6404494.489999999
 30
0.0
 40
0.9
  1
dubb i berg
100
AcDbText
  0
CIRCLE
  5
2DA
330
17
100
AcDbEntity
  8
GRANSPUNKTER
100
AcDbCircle
 10
305499.56
 20
6404496.41
 30
0.0
 40
0.5
  0
TEXT
  5
2DB
330
17
100
AcDbEntity
  8
GRANSPUNKTER
100
AcDbText
 10
305500.16
 20
6404497.01
 30
0.0
 40
0.9
  1
dubb i berg
100
AcDbText
  0
CIRCLE
  5
2DC
330
17
100
AcDbEntity
  8
GRANSPUNKTER
100
AcDbCircle
 10
305176.66
 20
6404313.27
 30
0.0
 40
0.5
  0
TEXT
  5
2DD
330
17
100
AcDbEntity
  8
GRANSPUNKTER
100
AcDbText
 10
305177.25999999995
 20
6404313.869999999
 30
0.0
 40
0.9
  1
rör i mark
100
AcDbText
  0
CIRCLE
  5
2DE
330
17
100
AcDbEntity
  8
GRANSPUNKTER
100
AcDbCircle
 10
305651.63
 20
6404353.52
 30
0.0
 40
0.5
  0
TEXT
  5
2DF
330
17
100
AcDbEntity
  8
GRANSPUNKTER
100
AcDbText
 10
305652.23
 20
6404354.119999999
 30
0.0
 40
0.9
  1
rör i berg
100
AcDbText
  0
CIRCLE
  5
2E0
330
17
100
AcDbEntity
  8
GRANSPUNKTER
100
AcDbCircle
 10
305392.46
 20
6404430.85
 30
0.0
 40
0.5
  0
TEXT
  5
2E1
330
17
100
AcDbEntity
  8
GRANSPUNKTER
100
AcDbText
 10
305393.06
 20
6404431.449999999
 30
0.0
 40
0.9
  1
dubb i berg
100
AcDbText
  0
CIRCLE
  5
2E2
330
17
100
AcDbEntity
  8
GRANSPUNKTER
100
AcDbCircle
 10
305215.06
 20
6404377.49
 30
0.0
 40
0.5
  0
TEXT
  5
2E3
330
17
100
AcDbEntity
  8
GRANSPUNKTER
100
AcDbText
 10
305215.66
 20
6404378.09
 30
0.0
 40
0.9
  1
ingen information
100
AcDbText
  0
CIRCLE
  5
2E4
330
17
100
AcDbEntity
  8
GRANSPUNKTER
100
AcDbCircle
 10
305408.34
 20
6404436.28
 30
0.0
 40
0.5
  0
TEXT
  5
2E5
330
17
100
AcDbEntity
  8
GRANSPUNKTER
100
AcDbText
 10
305408.94
 20
6404436.88
 30
0.0
 40
0.9
  1
dubb i berg
100
AcDbText
  0
CIRCLE
  5
2E6
330
17
100
AcDbEntity
  8
GRANSPUNKTER
100
AcDbCircle
 10
305417.25
 20
6404481.92
 30
0.0
 40
0.5
  0
TEXT
  5
2E7
330
17
100
AcDbEntity
  8
GRANSPUNKTER
100
AcDbText
 10
305417.85
 20
6404482.52
 30
0.0
 40
0.9
  1
dubb i sten
100
AcDbText
  0
LWPOLYLINE
  5
2E8
330
17
100
AcDbEntity
  8
HOJDKURVOR_STOD
100
AcDbPolyline
 90
250
 70
0
 10
305602.25
 20
6404580.0
 10
305601.17
 20
6404578.0
 10
305600.71
 20
6404572.0
 10
305601.11
 20
6404570.0
 10
305600.72
 20
6404568.0
 10
305599.38
 20
6404566.0
 10
305598.74
 20
6404564.0
 10
305598.65
 20
6404562.0
 10
305599.82
 20
6404560.0
 10
305602.62
 20
6404558.0
 10
305604.93
 20
6404554.0
 10
305605.72
 20
6404552.0
 10
305609.0
 20
6404548.0
 10
305609.77
 20
6404546.0
 10
305611.03
 20
6404544.0
 10
305610.82
 20
6404540.0
 10
305610.0
 20
6404538.93
 10
305608.5
 20
6404538.0
 10
305608.19
 20
6404536.0
 10
305609.32
 20
6404532.0
 10
305610.49
 20
6404530.0
 10
305610.73
 20
6404522.0
 10
305608.0
 20
6404517.05
 10
305606.0
 20
6404516.68
 10
305604.0
 20
6404514.41
 10
305602.0
 20
6404514.32
 10
305600.0
 20
6404512.28
 10
305594.0
 20
6404511.14
 10
305588.0
 20
6404509.46
 10
305586.0
 20
6404509.26
 10
305585.62
 20
6404510.0
 10
305584.0
 20
6404511.4
 10
305580.0
 20
6404513.79
 10
305578.0
 20
6404515.84
 10
305576.0
 20
6404517.13
 10
305574.0
 20
6404517.52
 10
305568.0
 20
6404517.77
 10
305564.0
 20
6404521.06
 10
305558.74
 20
6404522.0
 10
305558.0
 20
6404522.68
 10
305554.0
 20
6404522.95
 10
305551.88
 20
6404522.0
 10
305548.0
 20
6404524.68
 10
305547.1
 20
6404524.0
 10
305546.0
 20
6404523.78
 10
305545.0
 20
6404524.0
 10
305542.0
 20
6404526.55
 10
305540.0
 20
6404527.03
 10
305536.0
 20
6404527.33
 10
305534.0
 20
6404527.09
 10
305532.42
 20
6404526.0
 10
305531.42
 20
6404524.0
 10
305525.88
 20
6404520.0
 10
305526.0
 20
6404517.93
 10
305524.47
 20
6404516.0
 10
305524.0
 20
6404513.41
 10
305522.33
 20
6404512.0
 10
305522.0
 20
6404509.78
 10
305520.0
 20
6404509.73
 10
305518.0
 20
6404508.27
 10
305516.0
 20
6404508.12
 10
305514.0
 20
6404507.17
 10
305512.0
 20
6404507.05
 10
305509.32
 20
6404510.0
 10
305508.97
 20
6404512.0
 10
305506.0
 20
6404514.41
 10
305503.26
 20
6404516.0
 10
305502.0
 20
6404518.14
 10
305496.0
 20
6404524.59
 10
305494.0
 20
6404524.08
 10
305492.0
 20
6404523.0
 10
305488.0
 20
6404523.31
 10
305486.0
 20
6404521.85
 10
305484.17
 20
6404520.0
 10
305484.0
 20
6404519.31
 10
305482.0
 20
6404517.04
 10
305480.0
 20
6404516.75
 10
305478.0
 20
6404515.0
 10
305476.0
 20
6404515.05
 10
305474.75
 20
6404514.0
 10
305472.0
 20
6404512.97
 10
305467.65
 20
6404510.0
 10
305466.0
 20
6404508.25
 10
305464.0
 20
6404508.38
 10
305462.0
 20
6404509.14
 10
305460.0
 20
6404509.17
 10
305454.0
 20
6404510.73
 10
305452.62
 20
6404510.0
 10
305450.0
 20
6404509.93
 10
305448.0
 20
6404509.18
 10
305444.0
 20
6404508.97
 10
305442.0
 20
6404507.92
 10
305441.44
 20
6404508.0
 10
305440.0
 20
6404509.44
 10
305438.0
 20
6404509.17
 10
305434.0
 20
6404509.77
 10
305432.0
 20
6404509.09
 10
305430.0
 20
6404509.36
 10
305428.0
 20
6404510.81
 10
305422.0
 20
6404511.81
 10
305416.67
 20
6404510.0
 10
305414.57
 20
6404510.0
 10
305410.0
 20
6404511.67
 10
305406.0
 20
6404511.79
 10
305404.0
 20
6404513.43
 10
305398.0
 20
6404515.9
 10
305396.0
 20
6404517.32
 10
305394.0
 20
6404516.98
 10
305392.85
 20
6404516.0
 10
305391.02
 20
6404514.0
 10
305390.0
 20
6404511.73
 10
305388.0
 20
6404511.63
 10
305386.0
 20
6404509.98
 10
305384.0
 20
6404513.0
 10
305380.93
 20
6404514.0
 10
305382.0
 20
6404514.59
 10
305384.0
 20
6404514.5
 10
305385.31
 20
6404516.0
 10
305384.0
 20
6404517.83
 10
305383.35
 20
6404520.0
 10
305382.0
 20
6404521.02
 10
305378.0
 20
6404521.56
 10
305372.0
 20
6404520.79
 10
305369.95
 20
6404524.0
 10
305368.0
 20
6404526.12
 10
305366.0
 20
6404526.77
 10
305360.0
 20
6404526.83
 10
305358.38
 20
6404526.0
 10
305358.0
 20
6404525.33
 10
305354.0
 20
6404523.12
 10
305352.71
 20
6404522.0
 10
305352.77
 20
6404520.0
 10
305351.5
 20
6404520.0
 10
305350.0
 20
6404522.27
 10
305348.0
 20
6404522.25
 10
305346.0
 20
6404521.79
 10
305342.0
 20
6404521.89
 10
305334.0
 20
6404521.05
 10
305333.04
 20
6404520.0
 10
305333.52
 20
6404518.0
 10
305332.54
 20
6404514.0
 10
305332.0
 20
6404513.73
 10
305328.0
 20
6404513.77
 10
305326.0
 20
6404514.29
 10
305325.65
 20
6404514.0
 10
305322.0
 20
6404513.56
 10
305318.0
 20
6404513.73
 10
305316.0
 20
6404512.76
 10
305315.33
 20
6404512.0
 10
305314.0
 20
6404511.57
 10
305310.42
 20
6404508.0
 10
305310.0
 20
6404507.03
 10
305306.0
 20
6404505.29
 10
305302.0
 20
6404504.37
 10
305300.0
 20
6404502.88
 10
305296.0
 20
6404502.06
 10
305294.0
 20
6404501.27
 10
305290.0
 20
6404500.85
 10
305286.0
 20
6404499.3
 10
305282.0
 20
6404499.15
 10
305280.71
 20
6404500.0
 10
305278.0
 20
6404502.83
 10
305276.53
 20
6404502.0
 10
305276.0
 20
6404501.24
 10
305274.0
 20
6404501.29
 10
305272.0
 20
6404502.07
 10
305270.62
 20
6404504.0
 10
305270.35
 20
6404506.0
 10
305270.0
 20
6404506.52
 10
305268.0
 20
6404507.42
 10
305264.0
 20
6404506.61
 10
305260.0
 20
6404504.14
 10
305258.0
 20
6404505.29
 10
305256.98
 20
6404508.0
 10
305258.25
 20
6404516.0
 10
305256.0
 20
6404516.9
 10
305254.0
 20
6404517.22
 10
305252.42
 20
6404516.0
 10
305251.07
 20
6404514.0
 10
305250.92
 20
6404512.0
 10
305249.0
 20
6404510.0
 10
305249.62
 20
6404508.0
 10
305251.47
 20
6404506.0
 10
305252.0
 20
6404503.84
 10
305254.0
 20
6404501.67
 10
305256.0
 20
6404500.73
 10
305258.33
 20
6404498.0
 10
305259.17
 20
6404496.0
 10
305258.0
 20
6404494.25
 10
305256.0
 20
6404495.09
 10
305254.0
 20
6404494.57
 10
305253.05
 20
6404492.0
 10
305252.87
 20
6404490.0
 10
305251.32
 20
6404486.0
 10
305250.89
 20
6404484.0
 10
305249.32
 20
6404482.0
 10
305248.61
 20
6404480.0
 10
305247.38
 20
6404478.0
 10
305245.68
 20
6404476.0
 10
305243.38
 20
6404474.0
 10
305243.52
 20
6404472.0
 10
305240.33
 20
6404468.0
 10
305239.6
 20
6404466.0
 10
305236.5
 20
6404462.0
 10
305235.36
 20
6404460.0
 10
305232.0
 20
6404456.3
 10
305230.75
 20
6404456.0
 10
305230.0
 20
6404455.25
 10
305224.0
 20
6404452.62
 10
305220.67
 20
6404450.0
 10
305216.0
 20
6404449.36
 10
305214.0
 20
6404448.65
 10
305212.0
 20
6404447.14
 10
305209.07
 20
6404444.0
 10
305208.71
 20
6404442.0
 10
305208.0
 20
6404440.22
 10
305202.0
 20
6404436.52
 10
305198.0
 20
6404432.32
 10
305194.0
 20
6404431.9
 10
305192.0
 20
6404433.17
 10
305184.0
 20
6404433.92
 10
305180.0
 20
6404433.54
 10
305178.0
 20
6404433.0
 10
305176.0
 20
6404431.67
 10
305172.0
 20
6404427.8
 10
305170.0
 20
6404425.34
 10
305166.0
 20
6404421.8
 10
305164.4
 20
6404420.0
 10
305164.67
 20
6404418.0
 10
305164.0
 20
6404417.24
 10
305158.0
 20
6404415.5
 10
305156.23
 20
6404414.0
 10
305154.76
 20
6404412.0
 10
305154.0
 20
6404410.22
 10
305152.2
 20
6404408.0
 10
305151.05
 20
6404404.0
 10
305152.0
 20
6404403.05
 10
305156.0
 20
6404402.19
 10
305158.95
 20
6404400.0
 10
305160.23
 20
6404398.0
 10
305160.28
 20
6404392.0
 10
305161.09
 20
6404388.0
 10
305161.41
 20
6404384.0
 10
305160.65
 20
6404382.0
 10
305160.0
 20
6404381.45
 10
305158.0
 20
6404380.62
 10
305154.0
 20
6404379.7
 10
305152.0
 20
6404379.65
 10
305151.43
 20
6404380.0
 10
305150.0
 20
6404382.17
  0
TEXT
  5
2E9
330
17
100
AcDbEntity
  8
HOJDKURVOR_TEXT
100
AcDbText
 10
305608.95441930176
 20
6404533.294090968
 30
0.0
 40
1.5
  1
0.0
 50
-74.22501404452416
 72
1
 11
305608.95441930176
 21
6404533.294090968
 31
0.0
100
AcDbText
 73
2
  0
TEXT
  5
2EA
330
17
100
AcDbEntity
  8
HOJDKURVOR_TEXT
100
AcDbText
 10
305530.16419541475
 20
6404523.0932818875
 30
0.0
 40
1.5
  1
0.0
 50
35.830100122957305
 72
1
 11
305530.16419541475
 21
6404523.0932818875
 31
0.0
100
AcDbText
 73
2
  0
TEXT
  5
2EB
330
17
100
AcDbEntity
  8
HOJDKURVOR_TEXT
100
AcDbText
 10
305448.51741630904
 20
6404509.374031115
 30
0.0
 40
1.5
  1
0.0
 50
20.556045219583467
 72
1
 11
305448.51741630904
 21
6404509.374031115
 31
0.0
100
AcDbText
 73
2
  0
TEXT
  5
2EC
330
17
100
AcDbEntity
  8
HOJDKURVOR_TEXT
100
AcDbText
 10
305366.66458765673
 20
6404526.554009011
 30
0.0
 40
1.5
  1
0.0
 50
341.99583840856553
 72
1
 11
305366.66458765673
 21
6404526.554009011
 31
0.0
100
AcDbText
 73
2
  0
TEXT
  5
2ED
330
17
100
AcDbEntity
  8
HOJDKURVOR_TEXT
100
AcDbText
 10
305277.7397556985
 20
6404502.68305934
 30
0.0
 40
1.5
  1
0.0
 50
29.450195832966642
 72
1
 11
305277.7397556985
 21
6404502.68305934
 31
0.0
100
AcDbText
 73
2
  0
TEXT
  5
2EE
330
17
100
AcDbEntity
  8
HOJDKURVOR_TEXT
100
AcDbText
 10
305239.81938621507
 20
6404466.601058124
 30
0.0
 40
1.5
  1
0.0
 50
69.94791785290084
 72
1
 11
305239.81938621507
 21
6404466.601058124
 31
0.0
100
AcDbText
 73
2
  0
TEXT
  5
2EF
330
17
100
AcDbEntity
  8
HOJDKURVOR_TEXT
100
AcDbText
 10
305157.3699106306
 20
6404414.966025958
 30
0.0
 40
1.5
  1
0.0
 50
40.27986306865904
 72
1
 11
305157.3699106306
 21
6404414.966025958
 31
0.0
100
AcDbText
 73
2
  0
LWPOLYLINE
  5
2F0
330
17
100
AcDbEntity
  8
HOJDKURVOR_GRUND
100
AcDbPolyline
 90
240
 70
0
 10
305604.11
 20
6404580.0
 10
305603.7
 20
6404578.0
 10
305603.75
 20
6404576.0
 10
305602.26
 20
6404574.0
 10
305601.97
 20
6404572.0
 10
305604.0
 20
6404570.0
 10
305602.49
 20
6404564.0
 10
305602.0
 20
6404563.25
 10
305600.0
 20
6404564.15
 10
305599.69
 20
6404562.0
 10
305600.0
 20
6404561.52
 10
305602.0
 20
6404561.09
 10
305608.27
 20
6404556.0
 10
305609.53
 20
6404554.0
 10
305609.6
 20
6404552.0
 10
305611.53
 20
6404550.0
 10
305612.35
 20
6404548.0
 10
305614.84
 20
6404544.0
 10
305615.4
 20
6404542.0
 10
305614.0
 20
6404539.2
 10
305612.0
 20
6404538.89
 10
305611.7
 20
6404538.0
 10
305610.0
 20
6404536.88
 10
305609.52
 20
6404536.0
 10
305609.6
 20
6404534.0
 10
305611.08
 20
6404532.0
 10
305611.73
 20
6404530.0
 10
305611.91
 20
6404524.0
 10
305611.81
 20
6404520.0
 10
305610.5
 20
6404514.0
 10
305609.6
 20
6404512.0
 10
305608.0
 20
6404511.3
 10
305602.0
 20
6404510.87
 10
305594.0
 20
6404509.62
 10
305590.0
 20
6404508.57
 10
305588.0
 20
6404507.56
 10
305586.0
 20
6404507.28
 10
305583.64
 20
6404508.0
 10
305583.27
 20
6404510.0
 10
305582.0
 20
6404510.89
 10
305581.21
 20
6404512.0
 10
305578.0
 20
6404514.95
 10
305576.0
 20
6404515.89
 10
305574.0
 20
6404516.69
 10
305568.0
 20
6404516.93
 10
305565.65
 20
6404518.0
 10
305563.41
 20
6404520.0
 10
305558.0
 20
6404521.73
 10
305554.0
 20
6404521.59
 10
305552.0
 20
6404520.79
 10
305550.0
 20
6404521.5
 10
305548.0
 20
6404523.45
 10
305546.0
 20
6404523.28
 10
305544.0
 20
6404523.7
 10
305540.0
 20
6404525.84
 10
305534.0
 20
6404525.66
 10
305530.45
 20
6404522.0
 10
305527.2
 20
6404520.0
 10
305526.0
 20
6404516.3
 10
305523.58
 20
6404512.0
 10
305522.0
 20
6404507.66
 10
305520.0
 20
6404506.76
 10
305518.0
 20
6404505.0
 10
305514.0
 20
6404504.19
 10
305512.0
 20
6404504.29
 10
305509.72
 20
6404506.0
 10
305506.0
 20
6404511.52
 10
305500.0
 20
6404516.0
 10
305498.0
 20
6404518.75
 10
305497.52
 20
6404520.0
 10
305496.0
 20
6404521.16
 10
305494.0
 20
6404521.59
 10
305492.0
 20
6404521.41
 10
305488.0
 20
6404521.98
 10
305486.0
 20
6404521.08
 10
305484.93
 20
6404520.0
 10
305484.0
 20
6404516.95
 10
305483.19
 20
6404516.0
 10
305482.0
 20
6404513.28
 10
305478.0
 20
6404511.03
 10
305476.0
 20
6404512.43
 10
305474.0
 20
6404512.13
 10
305470.77
 20
6404510.0
 10
305470.0
 20
6404508.0
 10
305467.12
 20
6404506.0
 10
305464.0
 20
6404505.33
 10
305460.0
 20
6404507.06
 10
305458.77
 20
6404508.0
 10
305454.0
 20
6404509.4
 10
305450.0
 20
6404509.28
 10
305448.0
 20
6404507.67
 10
305444.0
 20
6404507.51
 10
305440.0
 20
6404506.39
 10
305436.0
 20
6404507.95
 10
305434.0
 20
6404507.94
 10
305430.0
 20
6404507.3
 10
305426.0
 20
6404509.42
 10
305422.0
 20
6404510.44
 10
305416.0
 20
6404508.91
 10
305414.0
 20
6404509.02
 10
305412.0
 20
6404509.49
 10
305408.0
 20
6404511.26
 10
305406.0
 20
6404511.28
 10
305402.0
 20
6404513.19
 10
305398.43
 20
6404514.0
 10
305396.0
 20
6404515.7
 10
305394.0
 20
6404515.54
 10
305390.0
 20
6404511.22
 10
305388.0
 20
6404510.92
 10
305386.9
 20
6404510.0
 10
305384.0
 20
6404508.56
 10
305382.0
 20
6404511.22
 10
305380.0
 20
6404511.75
 10
305378.0
 20
6404511.48
 10
305377.1
 20
6404512.0
 10
305378.0
 20
6404514.12
 10
305380.68
 20
6404516.0
 10
305382.11
 20
6404518.0
 10
305380.69
 20
6404520.0
 10
305378.0
 20
6404520.68
 10
305374.0
 20
6404519.07
 10
305372.0
 20
6404519.34
 10
305370.92
 20
6404520.0
 10
305368.0
 20
6404523.56
 10
305366.0
 20
6404524.58
 10
305364.0
 20
6404524.9
 10
305362.0
 20
6404524.21
 10
305359.78
 20
6404522.0
 10
305358.0
 20
6404521.39
 10
305356.0
 20
6404520.0
 10
305354.0
 20
6404519.08
 10
305352.0
 20
6404519.08
 10
305350.0
 20
6404519.53
 10
305348.0
 20
6404520.83
 10
305344.0
 20
6404521.21
 10
305342.0
 20
6404521.22
 10
305340.0
 20
6404520.26
 10
305336.0
 20
6404519.31
 10
305334.93
 20
6404518.0
 10
305333.94
 20
6404514.0
 10
305332.0
 20
6404513.03
 10
305326.0
 20
6404512.35
 10
305324.0
 20
6404512.91
 10
305320.0
 20
6404513.14
 10
305318.0
 20
6404512.84
 10
305316.0
 20
6404511.55
 10
305314.0
 20
6404510.81
 10
305311.65
 20
6404508.0
 10
305310.77
 20
6404506.0
 10
305308.0
 20
6404504.66
 10
305306.0
 20
6404502.95
 10
305304.07
 20
6404502.0
 10
305300.0
 20
6404501.2
 10
305298.0
 20
6404499.88
 10
305294.0
 20
6404499.03
 10
305292.0
 20
6404497.84
 10
305290.0
 20
6404498.41
 10
305286.0
 20
6404497.48
 10
305282.0
 20
6404497.36
 10
305280.0
 20
6404498.17
 10
305278.0
 20
6404498.53
 10
305277.6
 20
6404498.0
 10
305274.0
 20
6404495.85
 10
305272.67
 20
6404498.0
 10
305272.56
 20
6404500.0
 10
305272.0
 20
6404500.37
 10
305270.0
 20
6404499.28
 10
305268.0
 20
6404499.39
 10
305266.0
 20
6404499.03
 10
305264.0
 20
6404496.72
 10
305263.0
 20
6404496.0
 10
305262.88
 20
6404494.0
 10
305262.0
 20
6404492.84
 10
305258.0
 20
6404491.93
 10
305256.0
 20
6404491.88
 10
305254.8
 20
6404490.0
 10
305254.13
 20
6404488.0
 10
305252.73
 20
6404480.0
 10
305249.33
 20
6404476.0
 10
305248.15
 20
6404474.0
 10
305248.27
 20
6404472.0
 10
305247.25
 20
6404470.0
 10
305244.0
 20
6404466.35
 10
305243.33
 20
6404464.0
 10
305240.0
 20
6404459.08
 10
305237.33
 20
6404456.0
 10
305236.0
 20
6404455.31
 10
305234.0
 20
6404453.56
 10
305232.0
 20
6404451.1
 10
305230.0
 20
6404450.0
 10
305224.0
 20
6404449.83
 10
305222.0
 20
6404448.88
 10
305220.0
 20
6404448.39
 10
305216.0
 20
6404447.96
 10
305214.0
 20
6404446.94
 10
305212.69
 20
6404446.0
 10
305210.92
 20
6404444.0
 10
305210.47
 20
6404438.0
 10
305208.22
 20
6404436.0
 10
305204.67
 20
6404432.0
 10
305202.0
 20
6404429.73
 10
305200.0
 20
6404428.74
 10
305198.0
 20
6404428.47
 10
305196.0
 20
6404428.76
 10
305193.05
 20
6404430.0
 10
305192.0
 20
6404431.21
 10
305188.0
 20
6404432.43
 10
305184.0
 20
6404432.91
 10
305180.0
 20
6404432.53
 10
305178.0
 20
6404431.86
 10
305176.0
 20
6404430.76
 10
305172.0
 20
6404426.98
 10
305170.0
 20
6404424.03
 10
305168.0
 20
6404422.0
 10
305166.0
 20
6404420.9
 10
305165.2
 20
6404420.0
 10
305165.88
 20
6404418.0
 10
305164.47
 20
6404416.0
 10
305162.0
 20
6404415.16
 10
305160.0
 20
6404415.18
 10
305158.0
 20
6404414.7
 10
305157.17
 20
6404414.0
 10
305156.3
 20
6404412.0
 10
305156.17
 20
6404410.0
 10
305154.0
 20
6404408.83
 10
305153.28
 20
6404408.0
 10
305154.0
 20
6404406.0
 10
305153.63
 20
6404404.0
 10
305156.0
 20
6404403.78
 10
305162.0
 20
6404400.8
 10
305162.94
 20
6404400.0
 10
305163.58
 20
6404398.0
 10
305163.75
 20
6404394.0
 10
305163.24
 20
6404392.0
 10
305164.18
 20
6404388.0
 10
305163.92
 20
6404382.0
 10
305159.57
 20
6404378.0
 10
305156.0
 20
6404376.5
 10
305152.0
 20
6404376.52
 10
305150.0
 20
6404377.12
  0
LWPOLYLINE
  5
2F1
330
17
100
AcDbEntity
  8
HOJDKURVOR_GRUND
100
AcDbPolyline
 90
256
 70
0
 10
305608.92
 20
6404580.0
 10
305608.0
 20
6404575.12
 10
305606.36
 20
6404574.0
 10
305606.72
 20
6404570.0
 10
305605.38
 20
6404564.0
 10
305604.47
 20
6404562.0
 10
305604.78
 20
6404560.0
 10
305608.0
 20
6404557.28
 10
305610.0
 20
6404556.42
 10
305612.2
 20
6404556.0
 10
305614.0
 20
6404554.22
 10
305615.57
 20
6404554.0
 10
305617.11
 20
6404552.0
 10
305617.23
 20
6404550.0
 10
305620.42
 20
6404546.0
 10
305620.13
 20
6404542.0
 10
305619.12
 20
6404538.0
 10
305618.22
 20
6404536.0
 10
305616.07
 20
6404534.0
 10
305614.0
 20
6404533.96
 10
305612.63
 20
6404532.0
 10
305613.2
 20
6404530.0
 10
305616.38
 20
6404526.0
 10
305617.49
 20
6404524.0
 10
305620.0
 20
6404520.69
 10
305622.0
 20
6404520.36
 10
305622.48
 20
6404520.0
 10
305622.0
 20
6404519.24
 10
305620.0
 20
6404519.42
 10
305618.0
 20
6404520.75
 10
305616.0
 20
6404520.71
 10
305614.95
 20
6404518.0
 10
305615.65
 20
6404516.0
 10
305615.17
 20
6404514.0
 10
305613.29
 20
6404510.0
 10
305612.0
 20
6404508.71
 10
305610.0
 20
6404507.38
 10
305608.0
 20
6404507.78
 10
305598.0
 20
6404507.71
 10
305596.0
 20
6404508.39
 10
305592.0
 20
6404508.07
 10
305588.0
 20
6404506.61
 10
305584.0
 20
6404506.43
 10
305582.0
 20
6404505.72
 10
305581.74
 20
6404506.0
 10
305581.84
 20
6404510.0
 10
305580.31
 20
6404512.0
 10
305578.0
 20
6404514.05
 10
305576.0
 20
6404515.1
 10
305574.0
 20
6404515.88
 10
305570.0
 20
6404516.33
 10
305568.0
 20
6404516.1
 10
305564.2
 20
6404518.0
 10
305561.61
 20
6404520.0
 10
305558.0
 20
6404521.33
 10
305554.0
 20
6404520.67
 10
305552.0
 20
6404519.85
 10
305550.0
 20
6404520.78
 10
305548.0
 20
6404522.59
 10
305544.0
 20
6404523.17
 10
305542.0
 20
6404523.78
 10
305540.0
 20
6404524.93
 10
305534.0
 20
6404524.82
 10
305531.2
 20
6404522.0
 10
305528.21
 20
6404520.0
 10
305526.88
 20
6404518.0
 10
305526.31
 20
6404516.0
 10
305524.2
 20
6404512.0
 10
305524.0
 20
6404510.6
 10
305522.55
 20
6404508.0
 10
305522.0
 20
6404505.96
 10
305520.0
 20
6404505.05
 10
305516.0
 20
6404501.88
 10
305512.0
 20
6404502.04
 10
305508.0
 20
6404504.0
 10
305506.0
 20
6404504.21
 10
305502.12
 20
6404506.0
 10
305502.09
 20
6404508.0
 10
305502.85
 20
6404510.0
 10
305502.0
 20
6404511.83
 10
305500.0
 20
6404511.89
 10
305497.6
 20
6404514.0
 10
305496.7
 20
6404516.0
 10
305495.29
 20
6404518.0
 10
305494.62
 20
6404520.0
 10
305494.0
 20
6404520.22
 10
305488.0
 20
6404520.74
 10
305486.0
 20
6404520.31
 10
305484.29
 20
6404516.0
 10
305482.0
 20
6404512.76
 10
305480.83
 20
6404512.0
 10
305480.0
 20
6404509.33
 10
305478.7
 20
6404508.0
 10
305478.4
 20
6404506.0
 10
305476.25
 20
6404504.0
 10
305474.0
 20
6404504.28
 10
305472.0
 20
6404506.35
 10
305470.0
 20
6404507.08
 10
305468.0
 20
6404505.4
 10
305466.0
 20
6404504.93
 10
305464.0
 20
6404503.82
 10
305460.0
 20
6404502.8
 10
305458.32
 20
6404504.0
 10
305457.62
 20
6404506.0
 10
305455.3
 20
6404508.0
 10
305454.0
 20
6404508.45
 10
305450.0
 20
6404508.63
 10
305448.0
 20
6404506.87
 10
305444.0
 20
6404506.75
 10
305438.0
 20
6404504.81
 10
305437.1
 20
6404506.0
 10
305436.0
 20
6404506.61
 10
305434.0
 20
6404506.96
 10
305428.0
 20
6404506.05
 10
305426.0
 20
6404508.03
 10
305422.0
 20
6404509.28
 10
305416.0
 20
6404507.92
 10
305414.0
 20
6404508.0
 10
305410.0
 20
6404509.4
 10
305408.0
 20
6404510.6
 10
305406.0
 20
6404510.78
 10
305402.0
 20
6404512.34
 10
305400.0
 20
6404512.69
 10
305396.0
 20
6404514.07
 10
305394.0
 20
6404514.32
 10
305390.0
 20
6404510.72
 10
305386.0
 20
6404509.3
 10
305384.0
 20
6404507.75
 10
305382.44
 20
6404508.0
 10
305382.0
 20
6404509.0
 10
305381.04
 20
6404510.0
 10
305380.0
 20
6404510.34
 10
305378.0
 20
6404509.32
 10
305376.0
 20
6404509.03
 10
305370.0
 20
6404509.73
 10
305368.0
 20
6404511.26
 10
305367.58
 20
6404512.0
 10
305370.0
 20
6404514.17
 10
305374.0
 20
6404513.43
 10
305376.0
 20
6404513.51
 10
305377.84
 20
6404516.0
 10
305377.23
 20
6404518.0
 10
305376.0
 20
6404518.28
 10
305374.0
 20
6404517.62
 10
305370.0
 20
6404519.38
 10
305366.0
 20
6404522.05
 10
305364.0
 20
6404522.67
 10
305362.0
 20
6404522.3
 10
305360.0
 20
6404520.0
 10
305358.0
 20
6404520.13
 10
305354.0
 20
6404517.98
 10
305352.0
 20
6404518.25
 10
305346.0
 20
6404520.29
 10
305342.0
 20
6404520.54
 10
305341.0
 20
6404520.0
 10
305340.0
 20
6404518.49
 10
305336.14
 20
6404518.0
 10
305335.55
 20
6404514.0
 10
305334.0
 20
6404513.01
 10
305332.0
 20
6404512.32
 10
305328.0
 20
6404511.78
 10
305326.0
 20
6404511.74
 10
305320.0
 20
6404512.48
 10
305318.0
 20
6404511.96
 10
305314.0
 20
6404510.05
 10
305312.64
 20
6404508.0
 10
305311.98
 20
6404506.0
 10
305308.0
 20
6404503.65
 10
305306.0
 20
6404501.76
 10
305304.0
 20
6404501.27
 10
305302.0
 20
6404500.18
 10
305300.0
 20
6404499.97
 10
305296.0
 20
6404498.87
 10
305294.0
 20
6404497.8
 10
305288.0
 20
6404495.6
 10
305284.0
 20
6404495.38
 10
305278.0
 20
6404494.47
 10
305272.0
 20
6404492.15
 10
305270.0
 20
6404492.57
 10
305268.0
 20
6404493.57
 10
305266.78
 20
6404492.0
 10
305266.0
 20
6404489.8
 10
305264.0
 20
6404489.12
 10
305262.0
 20
6404487.78
 10
305259.59
 20
6404484.0
 10
305259.54
 20
6404482.0
 10
305258.51
 20
6404480.0
 10
305258.0
 20
6404478.0
 10
305256.0
 20
6404476.0
 10
305254.0
 20
6404471.69
 10
305251.16
 20
6404468.0
 10
305250.07
 20
6404466.0
 10
305248.0
 20
6404463.65
 10
305246.0
 20
6404462.1
 10
305245.48
 20
6404460.0
 10
305242.69
 20
6404456.0
 10
305240.0
 20
6404453.71
 10
305238.0
 20
6404451.42
 10
305236.0
 20
6404450.84
 10
305232.0
 20
6404448.52
 10
305230.0
 20
6404448.18
 10
305228.0
 20
6404448.88
 10
305226.0
 20
6404448.92
 10
305224.0
 20
6404448.58
 10
305222.85
 20
6404448.0
 10
305222.0
 20
6404447.13
 10
305220.0
 20
6404446.32
 10
305216.0
 20
6404445.87
 10
305214.0
 20
6404445.16
 10
305212.96
 20
6404444.0
 10
305211.94
 20
6404438.0
 10
305209.16
 20
6404434.0
 10
305208.0
 20
6404430.77
 10
305206.0
 20
6404429.33
 10
305204.0
 20
6404426.42
 10
305202.0
 20
6404425.54
 10
305200.0
 20
6404426.83
 10
305195.04
 20
6404428.0
 10
305188.0
 20
6404431.52
 10
305184.0
 20
6404431.9
 10
305182.0
 20
6404431.68
 10
305178.0
 20
6404431.01
 10
305176.0
 20
6404429.85
 10
305172.0
 20
6404426.15
 10
305170.66
 20
6404424.0
 10
305168.0
 20
6404421.06
 10
305166.0
 20
6404420.0
 10
305166.92
 20
6404418.0
 10
305167.32
 20
6404416.0
 10
305166.0
 20
6404414.58
 10
305164.0
 20
6404414.65
 10
305162.0
 20
6404413.94
 10
305160.0
 20
6404414.36
 10
305158.43
 20
6404414.0
 10
305157.67
 20
6404412.0
 10
305157.62
 20
6404410.0
 10
305154.59
 20
6404408.0
 10
305155.33
 20
6404406.0
 10
305156.0
 20
6404405.26
 10
305160.0
 20
6404405.2
 10
305162.0
 20
6404405.72
 10
305166.31
 20
6404404.0
 10
305168.5
 20
6404400.0
 10
305169.67
 20
6404394.0
 10
305169.56
 20
6404392.0
 10
305170.06
 20
6404390.0
 10
305170.61
 20
6404384.0
 10
305170.0
 20
6404383.85
 10
305167.68
 20
6404382.0
 10
305166.0
 20
6404381.54
 10
305163.03
 20
6404378.0
 10
305162.0
 20
6404375.45
 10
305160.0
 20
6404373.47
 10
305156.0
 20
6404372.74
 10
305154.0
 20
6404374.13
 10
305150.0
 20
6404374.18
  0
LWPOLYLINE
  5
2F2
330
17
100
AcDbEntity
  8
HOJDKURVOR_GRUND
100
AcDbPolyline
 90
211
 70
0
 10
305611.57
 20
6404580.0
 10
305611.06
 20
6404576.0
 10
305610.0
 20
6404573.2
 10
305609.27
 20
6404568.0
 10
305608.53
 20
6404566.0
 10
305606.14
 20
6404562.0
 10
305605.83
 20
6404560.0
 10
305610.0
 20
6404556.98
 10
305613.21
 20
6404556.0
 10
305614.0
 20
6404555.22
 10
305616.0
 20
6404554.52
 10
305619.65
 20
6404554.0
 10
305620.79
 20
6404552.0
 10
305620.0
 20
6404550.0
 10
305622.0
 20
6404547.66
 10
305624.0
 20
6404545.9
 10
305626.36
 20
6404542.0
 10
305626.41
 20
6404540.0
 10
305625.25
 20
6404536.0
 10
305623.8
 20
6404534.0
 10
305625.17
 20
6404532.0
 10
305624.0
 20
6404529.75
 10
305622.0
 20
6404530.4
 10
305620.0
 20
6404531.87
 10
305618.0
 20
6404532.58
 10
305614.44
 20
6404532.0
 10
305616.0
 20
6404529.47
 10
305618.0
 20
6404530.0
 10
305617.69
 20
6404528.0
 10
305618.0
 20
6404527.56
 10
305620.0
 20
6404527.17
 10
305622.0
 20
6404524.44
 10
305625.2
 20
6404522.0
 10
305625.47
 20
6404520.0
 10
305624.67
 20
6404518.0
 10
305628.0
 20
6404517.43
 10
305630.0
 20
6404515.67
 10
305634.0
 20
6404514.79
 10
305636.0
 20
6404513.81
 10
305636.79
 20
6404512.0
 10
305636.63
 20
6404510.0
 10
305636.0
 20
6404509.23
 10
305633.77
 20
6404512.0
 10
305632.0
 20
6404512.82
 10
305630.0
 20
6404512.99
 10
305628.0
 20
6404514.5
 10
305626.0
 20
6404514.38
 10
305625.14
 20
6404514.0
 10
305624.32
 20
6404512.0
 10
305621.0
 20
6404508.0
 10
305618.87
 20
6404506.0
 10
305618.0
 20
6404503.77
 10
305614.0
 20
6404505.35
 10
305610.0
 20
6404505.32
 10
305608.0
 20
6404506.58
 10
305606.0
 20
6404506.38
 10
305604.0
 20
6404506.93
 10
305602.0
 20
6404506.51
 10
305600.0
 20
6404505.59
 10
305594.0
 20
6404505.4
 10
305592.0
 20
6404503.88
 10
305590.53
 20
6404504.0
 10
305590.0
 20
6404506.0
 10
305588.0
 20
6404505.36
 10
305584.0
 20
6404505.23
 10
305582.0
 20
6404504.66
 10
305580.74
 20
6404506.0
 10
305581.29
 20
6404508.0
 10
305581.29
 20
6404510.0
 10
305580.0
 20
6404511.56
 10
305576.0
 20
6404514.31
 10
305574.0
 20
6404515.09
 10
305570.0
 20
6404515.64
 10
305568.0
 20
6404515.41
 10
305566.09
 20
6404516.0
 10
305560.2
 20
6404520.0
 10
305558.0
 20
6404520.93
 10
305552.0
 20
6404519.42
 10
305550.0
 20
6404520.06
 10
305548.0
 20
6404521.74
 10
305542.0
 20
6404523.05
 10
305540.0
 20
6404524.02
 10
305538.0
 20
6404524.27
 10
305534.2
 20
6404524.0
 10
305531.95
 20
6404522.0
 10
305528.78
 20
6404520.0
 10
305528.0
 20
6404519.09
 10
305527.3
 20
6404518.0
 10
305526.7
 20
6404516.0
 10
305524.5
 20
6404512.0
 10
305524.23
 20
6404510.0
 10
305523.01
 20
6404508.0
 10
305522.6
 20
6404506.0
 10
305522.0
 20
6404505.0
 10
305516.0
 20
6404500.34
 10
305514.0
 20
6404499.24
 10
305512.0
 20
6404499.23
 10
305510.0
 20
6404498.56
 10
305504.0
 20
6404502.23
 10
305502.0
 20
6404504.25
 10
305500.0
 20
6404505.23
 10
305499.4
 20
6404506.0
 10
305498.61
 20
6404510.0
 10
305497.74
 20
6404512.0
 10
305496.0
 20
6404513.4
 10
305492.0
 20
6404515.11
 10
305491.17
 20
6404516.0
 10
305491.27
 20
6404518.0
 10
305490.0
 20
6404518.81
 10
305488.0
 20
6404519.39
 10
305486.0
 20
6404519.19
 10
305484.9
 20
6404516.0
 10
305484.0
 20
6404515.24
 10
305481.64
 20
6404512.0
 10
305480.7
 20
6404510.0
 10
305480.07
 20
6404508.0
 10
305480.91
 20
6404506.0
 10
305482.75
 20
6404504.0
 10
305482.0
 20
6404502.7
 10
305480.0
 20
6404502.18
 10
305474.0
 20
6404503.23
 10
305472.33
 20
6404504.0
 10
305470.0
 20
6404506.17
 10
305468.0
 20
6404504.57
 10
305466.0
 20
6404504.14
 10
305464.0
 20
6404503.05
 10
305462.4
 20
6404502.0
 10
305462.0
 20
6404501.4
 10
305460.0
 20
6404501.27
 10
305458.0
 20
6404502.16
 10
305456.3
 20
6404504.0
 10
305455.2
 20
6404506.0
 10
305452.0
 20
6404508.08
 10
305450.44
 20
6404508.0
 10
305450.0
 20
6404507.2
 10
305446.0
 20
6404504.92
 10
305444.0
 20
6404505.96
 10
305442.0
 20
6404505.43
 10
305438.0
 20
6404502.99
 10
305436.24
 20
6404504.0
 10
305434.0
 20
6404505.94
 10
305430.0
 20
6404505.38
 10
305428.0
 20
6404505.44
 10
305426.0
 20
6404505.86
 10
305422.0
 20
6404508.23
 10
305418.0
 20
6404507.63
 10
305416.0
 20
6404506.93
 10
305414.0
 20
6404507.07
 10
305410.0
 20
6404508.4
 10
305407.69
 20
6404510.0
 10
305400.0
 20
6404511.88
 10
305396.0
 20
6404513.29
 10
305394.0
 20
6404513.4
 10
305390.0
 20
6404510.21
 10
305386.0
 20
6404508.96
 10
305384.0
 20
6404507.44
 10
305382.0
 20
6404507.48
 10
305380.0
 20
6404505.96
 10
305378.0
 20
6404507.32
 10
305376.0
 20
6404507.67
 10
305372.0
 20
6404507.45
 10
305368.0
 20
6404507.91
 10
305364.0
 20
6404509.54
 10
305362.35
 20
6404512.0
 10
305370.0
 20
6404515.86
 10
305370.89
 20
6404516.0
 10
305370.0
 20
6404516.89
 10
305369.73
 20
6404518.0
 10
305368.0
 20
6404519.02
 10
305364.0
 20
6404520.56
 10
305362.0
 20
6404520.38
 10
305360.0
 20
6404518.75
 10
305358.0
 20
6404518.88
 10
305354.0
 20
6404517.02
 10
305352.0
 20
6404517.26
 10
305346.0
 20
6404519.54
 10
305342.0
 20
6404519.71
 10
305340.76
 20
6404518.0
 10
305339.67
 20
6404514.0
 10
305336.0
 20
6404512.91
 10
305334.06
 20
6404512.0
 10
305330.0
 20
6404511.35
 10
305320.0
 20
6404511.81
 10
305318.0
 20
6404511.21
 10
305315.34
 20
6404510.0
 10
305314.0
 20
6404508.73
 10
305313.52
 20
6404508.0
 10
305314.0
 20
6404505.92
 10
305312.0
 20
6404504.58
 10
305310.0
 20
6404504.09
 10
305308.0
 20
6404502.99
 10
305306.0
 20
6404501.18
 10
305304.0
 20
6404500.55
 10
305302.0
 20
6404499.4
 10
305300.0
 20
6404499.25
 10
305296.0
 20
6404498.12
 10
305288.0
 20
6404494.83
 10
305284.0
 20
6404494.32
 10
305282.0
 20
6404493.45
 10
305278.0
 20
6404492.54
 10
305274.0
 20
6404490.28
 10
305271.6
 20
6404490.0
 10
305268.0
 20
6404488.94
 10
305265.18
 20
6404486.0
 10
305262.79
 20
6404482.0
 10
305260.81
 20
6404480.0
 10
305260.24
 20
6404478.0
 10
305257.72
 20
6404476.0
 10
305256.0
 20
6404470.64
 10
305252.86
 20
6404466.0
 10
305252.0
 20
6404463.89
  0
LWPOLYLINE
  5
2F3
330
17
100
AcDbEntity
  8
HOJDKURVOR_GRUND
100
AcDbPolyline
 90
69
 70
0
 10
305244.0
 20
6404454.39
 10
305242.0
 20
6404453.34
 10
305238.95
 20
6404450.0
 10
305236.0
 20
6404447.89
 10
305230.0
 20
6404447.33
 10
305228.0
 20
6404447.91
 10
305226.0
 20
6404447.84
 10
305224.0
 20
6404446.92
 10
305222.0
 20
6404445.32
 10
305218.0
 20
6404444.77
 10
305215.47
 20
6404444.0
 10
305214.17
 20
6404442.0
 10
305214.02
 20
6404440.0
 10
305213.45
 20
6404438.0
 10
305211.97
 20
6404436.0
 10
305211.17
 20
6404434.0
 10
305208.9
 20
6404430.0
 10
305206.94
 20
6404428.0
 10
305206.17
 20
6404424.0
 10
305204.0
 20
6404423.24
 10
305202.0
 20
6404422.98
 10
305201.59
 20
6404424.0
 10
305199.24
 20
6404426.0
 10
305198.0
 20
6404426.6
 10
305196.0
 20
6404426.8
 10
305194.0
 20
6404427.49
 10
305188.0
 20
6404430.67
 10
305184.0
 20
6404430.94
 10
305180.0
 20
6404430.05
 10
305178.0
 20
6404430.15
 10
305176.0
 20
6404428.91
 10
305172.0
 20
6404425.09
 10
305170.0
 20
6404422.35
 10
305167.79
 20
6404420.0
 10
305167.94
 20
6404418.0
 10
305169.05
 20
6404416.0
 10
305169.35
 20
6404414.0
 10
305168.08
 20
6404412.0
 10
305164.0
 20
6404413.02
 10
305162.0
 20
6404412.54
 10
305160.0
 20
6404412.92
 10
305159.23
 20
6404412.0
 10
305159.76
 20
6404410.0
 10
305156.69
 20
6404408.0
 10
305158.0
 20
6404407.29
 10
305160.0
 20
6404406.97
 10
305162.0
 20
6404407.42
 10
305164.0
 20
6404406.76
 10
305166.0
 20
6404406.69
 10
305169.54
 20
6404406.0
 10
305170.91
 20
6404404.0
 10
305170.8
 20
6404402.0
 10
305172.0
 20
6404399.41
 10
305173.2
 20
6404398.0
 10
305174.0
 20
6404394.0
 10
305175.67
 20
6404392.0
 10
305175.23
 20
6404390.0
 10
305174.36
 20
6404388.0
 10
305174.53
 20
6404386.0
 10
305174.0
 20
6404385.83
 10
305172.0
 20
6404383.82
 10
305170.0
 20
6404383.34
 10
305168.0
 20
6404381.56
 10
305166.0
 20
6404380.79
 10
305165.23
 20
6404380.0
 10
305163.3
 20
6404376.0
 10
305160.0
 20
6404371.29
 10
305156.0
 20
6404370.64
 10
305150.0
 20
6404371.71
  0
LWPOLYLINE
  5
2F4
330
17
100
AcDbEntity
  8
HOJDKURVOR_GRUND
100
AcDbPolyline
 90
315
 70
0
 10
305617.14
 20
6404580.0
 10
305616.33
 20
6404578.0
 10
305616.8
 20
6404576.0
 10
305616.0
 20
6404574.0
 10
305613.4
 20
6404570.0
 10
305612.0
 20
6404569.07
 10
305607.83
 20
6404562.0
 10
305607.0
 20
6404560.0
 10
305610.0
 20
6404557.54
 10
305616.0
 20
6404555.07
 10
305620.0
 20
6404555.05
 10
305621.47
 20
6404554.0
 10
305622.0
 20
6404553.06
 10
305624.0
 20
6404552.13
 10
305628.0
 20
6404548.7
 10
305632.0
 20
6404546.1
 10
305634.0
 20
6404543.09
 10
305634.44
 20
6404542.0
 10
305634.67
 20
6404540.0
 10
305633.54
 20
6404538.0
 10
305634.18
 20
6404534.0
 10
305634.8
 20
6404532.0
 10
305636.0
 20
6404531.54
 10
305638.0
 20
6404532.43
 10
305638.3
 20
6404532.0
 10
305638.5
 20
6404526.0
 10
305638.9
 20
6404524.0
 10
305638.0
 20
6404523.22
 10
305636.2
 20
6404524.0
 10
305636.0
 20
6404524.67
 10
305634.0
 20
6404524.0
 10
305634.0
 20
6404522.0
 10
305631.53
 20
6404524.0
 10
305632.0
 20
6404524.89
 10
305633.43
 20
6404526.0
 10
305632.0
 20
6404526.67
 10
305630.0
 20
6404525.04
 10
305629.4
 20
6404524.0
 10
305629.24
 20
6404522.0
 10
305630.27
 20
6404520.0
 10
305632.0
 20
6404518.75
 10
305634.0
 20
6404519.25
 10
305636.0
 20
6404517.13
 10
305638.0
 20
6404515.82
 10
305639.0
 20
6404514.0
 10
305642.15
 20
6404510.0
 10
305643.25
 20
6404506.0
 10
305645.42
 20
6404502.0
 10
305646.0
 20
6404501.23
 10
305648.0
 20
6404500.66
 10
305648.52
 20
6404500.0
 10
305649.07
 20
6404498.0
 10
305648.0
 20
6404496.84
 10
305643.21
 20
6404500.0
 10
305640.89
 20
6404502.0
 10
305638.72
 20
6404504.0
 10
305638.0
 20
6404505.8
 10
305636.0
 20
6404505.56
 10
305634.0
 20
6404507.88
 10
305626.0
 20
6404507.14
 10
305622.0
 20
6404506.43
 10
305620.0
 20
6404505.0
 10
305618.0
 20
6404502.47
 10
305616.0
 20
6404502.78
 10
305614.0
 20
6404504.31
 10
305612.0
 20
6404504.64
 10
305610.0
 20
6404504.48
 10
305608.0
 20
6404505.56
 10
305606.0
 20
6404505.49
 10
305604.0
 20
6404506.02
 10
305600.0
 20
6404504.94
 10
305594.0
 20
6404504.35
 10
305592.0
 20
6404503.35
 10
305590.0
 20
6404502.92
 10
305588.0
 20
6404501.99
 10
305587.75
 20
6404502.0
 10
305587.31
 20
6404504.0
 10
305586.0
 20
6404504.44
 10
305583.65
 20
6404504.0
 10
305582.0
 20
6404503.07
 10
305580.0
 20
6404503.59
 10
305579.89
 20
6404504.0
 10
305579.87
 20
6404506.0
 10
305580.69
 20
6404508.0
 10
305580.74
 20
6404510.0
 10
305580.0
 20
6404510.9
 10
305578.0
 20
6404512.15
 10
305576.0
 20
6404512.91
 10
305574.8
 20
6404514.0
 10
305572.0
 20
6404514.85
 10
305568.0
 20
6404514.75
 10
305566.0
 20
6404515.36
 10
305559.21
 20
6404520.0
 10
305558.0
 20
6404520.53
 10
305552.0
 20
6404518.99
 10
305549.09
 20
6404520.0
 10
305548.0
 20
6404520.91
 10
305544.65
 20
6404522.0
 10
305538.0
 20
6404523.0
 10
305534.0
 20
6404522.96
 10
305532.0
 20
6404521.24
 10
305529.36
 20
6404520.0
 10
305528.0
 20
6404518.42
 10
305527.08
 20
6404516.0
 10
305524.79
 20
6404512.0
 10
305524.55
 20
6404510.0
 10
305523.47
 20
6404508.0
 10
305523.19
 20
6404506.0
 10
305522.0
 20
6404504.04
 10
305519.79
 20
6404502.0
 10
305518.71
 20
6404500.0
 10
305518.82
 20
6404498.0
 10
305520.34
 20
6404496.0
 10
305521.2
 20
6404494.0
 10
305520.0
 20
6404493.25
 10
305519.17
 20
6404492.0
 10
305519.2
 20
6404490.0
 10
305520.0
 20
6404488.4
 10
305522.0
 20
6404487.2
 10
305524.0
 20
6404489.0
 10
305526.0
 20
6404489.4
 10
305528.0
 20
6404490.59
 10
305530.0
 20
6404490.53
 10
305532.0
 20
6404489.75
 10
305533.08
 20
6404488.0
 10
305532.91
 20
6404486.0
 10
305534.0
 20
6404484.0
 10
305534.4
 20
6404482.0
 10
305533.8
 20
6404480.0
 10
305534.17
 20
6404478.0
 10
305534.0
 20
6404476.0
 10
305532.0
 20
6404474.4
 10
305528.0
 20
6404472.67
 10
305526.0
 20
6404473.64
 10
305524.0
 20
6404473.6
 10
305522.0
 20
6404474.86
 10
305520.0
 20
6404475.11
 10
305518.0
 20
6404473.0
 10
305516.0
 20
6404473.71
 10
305514.83
 20
6404476.0
 10
305516.84
 20
6404478.0
 10
305516.83
 20
6404480.0
 10
305518.2
 20
6404482.0
 10
305518.0
 20
6404482.44
 10
305514.0
 20
6404485.38
 10
305511.78
 20
6404488.0
 10
305511.0
 20
6404490.0
 10
305510.87
 20
6404492.0
 10
305510.25
 20
6404494.0
 10
305508.0
 20
6404497.57
 10
305502.0
 20
6404500.67
 10
305496.75
 20
6404502.0
 10
305495.83
 20
6404506.0
 10
305496.0
 20
6404510.21
 10
305494.87
 20
6404512.0
 10
305490.0
 20
6404514.0
 10
305489.14
 20
6404516.0
 10
305488.0
 20
6404517.6
 10
305486.0
 20
6404517.74
 10
305485.5
 20
6404516.0
 10
305484.0
 20
6404514.73
 10
305481.18
 20
6404510.0
 10
305480.97
 20
6404508.0
 10
305482.0
 20
6404506.27
 10
305484.0
 20
6404504.98
 10
305484.81
 20
6404504.0
 10
305486.07
 20
6404500.0
 10
305485.5
 20
6404498.0
 10
305484.0
 20
6404497.71
 10
305481.6
 20
6404498.0
 10
305480.0
 20
6404499.66
 10
305478.0
 20
6404500.87
 10
305472.0
 20
6404503.22
 10
305470.0
 20
6404503.52
 10
305468.0
 20
6404503.65
 10
305466.0
 20
6404503.27
 10
305463.58
 20
6404502.0
 10
305462.0
 20
6404499.75
 10
305458.0
 20
6404501.01
 10
305456.12
 20
6404502.0
 10
305454.0
 20
6404504.84
 10
305452.0
 20
6404505.16
 10
305450.0
 20
6404504.19
 10
305448.0
 20
6404504.8
 10
305446.0
 20
6404503.13
 10
305442.0
 20
6404504.56
 10
305438.47
 20
6404502.0
 10
305438.0
 20
6404501.24
 10
305436.0
 20
6404500.9
 10
305432.91
 20
6404504.0
 10
305432.0
 20
6404504.43
 10
305426.0
 20
6404505.07
 10
305422.0
 20
6404507.09
 10
305420.0
 20
6404507.09
 10
305416.0
 20
6404505.95
 10
305414.0
 20
6404506.13
 10
305410.0
 20
6404507.5
 10
305408.0
 20
6404508.64
 10
305404.41
 20
6404510.0
 10
305402.0
 20
6404510.38
 10
305396.0
 20
6404512.55
 10
305394.0
 20
6404512.6
 10
305390.72
 20
6404510.0
 10
305386.0
 20
6404508.62
 10
305384.0
 20
6404507.13
 10
305382.0
 20
6404506.81
 10
305380.0
 20
6404505.53
 10
305376.0
 20
6404506.64
 10
305374.0
 20
6404505.73
 10
305372.0
 20
6404505.83
 10
305370.0
 20
6404506.86
 10
305366.0
 20
6404507.51
 10
305364.0
 20
6404507.31
 10
305363.39
 20
6404508.0
 10
305362.74
 20
6404510.0
 10
305362.0
 20
6404510.84
 10
305360.41
 20
6404512.0
 10
305358.0
 20
6404514.68
 10
305356.0
 20
6404515.92
 10
305350.0
 20
6404516.55
 10
305348.49
 20
6404518.0
 10
305346.0
 20
6404518.79
 10
305342.0
 20
6404518.29
 10
305341.4
 20
6404514.0
 10
305336.82
 20
6404512.0
 10
305336.0
 20
6404511.35
 10
305332.0
 20
6404511.17
 10
305330.0
 20
6404510.72
 10
305328.0
 20
6404511.05
 10
305322.0
 20
6404511.18
 10
305320.0
 20
6404511.08
 10
305318.0
 20
6404510.46
 10
305316.93
 20
6404510.0
 10
305314.64
 20
6404508.0
 10
305316.17
 20
6404506.0
 10
305318.25
 20
6404504.0
 10
305318.0
 20
6404503.85
 10
305310.0
 20
6404503.42
 10
305308.0
 20
6404502.34
 10
305306.0
 20
6404500.61
 10
305304.0
 20
6404499.9
 10
305302.0
 20
6404498.71
 10
305296.0
 20
6404497.57
 10
305288.0
 20
6404494.06
 10
305284.0
 20
6404493.24
 10
305278.0
 20
6404490.73
 10
305274.0
 20
6404487.62
 10
305270.0
 20
6404487.1
 10
305268.0
 20
6404486.5
 10
305266.31
 20
6404484.0
 10
305262.1
 20
6404476.0
 10
305258.0
 20
6404472.8
 10
305257.04
 20
6404470.0
 10
305255.47
 20
6404468.0
 10
305252.0
 20
6404462.0
 10
305244.82
 20
6404454.0
 10
305241.77
 20
6404452.0
 10
305240.43
 20
6404450.0
 10
305238.0
 20
6404447.79
 10
305234.0
 20
6404446.12
 10
305228.0
 20
6404447.01
 10
305225.5
 20
6404446.0
 10
305224.0
 20
6404443.97
 10
305220.0
 20
6404444.06
 10
305216.0
 20
6404442.22
 10
305215.15
 20
6404440.0
 10
305215.05
 20
6404438.0
 10
305213.81
 20
6404436.0
 10
305213.11
 20
6404434.0
 10
305208.96
 20
6404428.0
 10
305208.4
 20
6404426.0
 10
305210.2
 20
6404424.0
 10
305204.0
 20
6404420.26
 10
305202.0
 20
6404420.56
 10
305200.68
 20
6404424.0
 10
305200.0
 20
6404424.68
 10
305198.0
 20
6404425.68
 10
305194.0
 20
6404426.4
 10
305192.0
 20
6404427.24
 10
305188.0
 20
6404429.66
 10
305184.0
 20
6404429.97
 10
305178.0
 20
6404427.84
 10
305176.0
 20
6404427.81
 10
305174.77
 20
6404426.0
 10
305172.06
 20
6404424.0
 10
305171.29
 20
6404422.0
 10
305172.72
 20
6404420.0
 10
305172.0
 20
6404418.84
 10
305170.92
 20
6404418.0
 10
305170.94
 20
6404414.0
 10
305170.15
 20
6404412.0
 10
305173.23
 20
6404410.0
 10
305178.0
 20
6404402.27
 10
305179.5
 20
6404402.0
 10
305184.0
 20
6404400.0
 10
305186.0
 20
6404397.43
 10
305186.71
 20
6404396.0
 10
305186.0
 20
6404395.33
 10
305184.0
 20
6404392.11
 10
305180.38
 20
6404390.0
 10
305179.2
 20
6404388.0
 10
305178.0
 20
6404387.57
 10
305176.0
 20
6404385.63
 10
305174.0
 20
6404384.96
 10
305172.0
 20
6404383.25
 10
305170.0
 20
6404382.84
 10
305168.0
 20
6404381.06
 10
305166.0
 20
6404380.04
 10
305164.18
 20
6404376.0
 10
305162.71
 20
6404374.0
 10
305162.0
 20
6404371.86
 10
305160.0
 20
6404369.55
 10
305158.0
 20
6404368.73
 10
305152.0
 20
6404369.08
 10
305150.0
 20
6404370.1
  0
LWPOLYLINE
  5
2F5
330
17
100
AcDbEntity
  8
HOJDKURVOR_STOD
100
AcDbPolyline
 90
377
 70
0
 10
305626.41
 20
6404580.0
 10
305624.0
 20
6404575.08
 10
305621.67
 20
6404572.0
 10
305618.0
 20
6404570.76
 10
305616.0
 20
6404568.0
 10
305614.0
 20
6404567.8
 10
305612.0
 20
6404566.11
 10
305608.27
 20
6404560.0
 10
305610.13
 20
6404558.0
 10
305616.0
 20
6404555.62
 10
305620.0
 20
6404556.36
 10
305622.0
 20
6404555.45
 10
305624.0
 20
6404555.24
 10
305626.0
 20
6404553.49
 10
305628.0
 20
6404552.26
 10
305629.17
 20
6404550.0
 10
305630.0
 20
6404549.27
 10
305633.48
 20
6404548.0
 10
305634.0
 20
6404547.48
 10
305636.0
 20
6404546.64
 10
305637.24
 20
6404544.0
 10
305638.0
 20
6404540.5
 10
305640.0
 20
6404540.7
 10
305641.17
 20
6404540.0
 10
305641.68
 20
6404538.0
 10
305643.27
 20
6404536.0
 10
305646.52
 20
6404530.0
 10
305646.0
 20
6404528.86
 10
305644.0
 20
6404528.38
 10
305642.0
 20
6404525.7
 10
305641.39
 20
6404524.0
 10
305643.26
 20
6404522.0
 10
305642.75
 20
6404520.0
 10
305643.05
 20
6404518.0
 10
305642.79
 20
6404516.0
 10
305644.57
 20
6404514.0
 10
305645.93
 20
6404510.0
 10
305647.32
 20
6404508.0
 10
305649.52
 20
6404506.0
 10
305650.15
 20
6404504.0
 10
305650.21
 20
6404502.0
 10
305649.75
 20
6404500.0
 10
305651.03
 20
6404498.0
 10
305651.07
 20
6404496.0
 10
305650.0
 20
6404494.58
 10
305648.0
 20
6404494.42
 10
305646.72
 20
6404496.0
 10
305644.37
 20
6404498.0
 10
305640.0
 20
6404500.85
 10
305638.0
 20
6404501.77
 10
305632.5
 20
6404502.0
 10
305630.0
 20
6404503.75
 10
305628.0
 20
6404503.0
 10
305626.0
 20
6404504.35
 10
305624.0
 20
6404503.4
 10
305622.0
 20
6404504.3
 10
305621.58
 20
6404504.0
 10
305622.35
 20
6404502.0
 10
305622.0
 20
6404501.14
 10
305620.0
 20
6404501.79
 10
305618.0
 20
6404500.92
 10
305616.0
 20
6404501.02
 10
305612.0
 20
6404503.57
 10
305610.0
 20
6404503.45
 10
305608.0
 20
6404504.72
 10
305604.0
 20
6404505.12
 10
305600.0
 20
6404504.3
 10
305594.0
 20
6404503.63
 10
305590.0
 20
6404501.9
 10
305588.0
 20
6404501.49
 10
305585.55
 20
6404500.0
 10
305582.0
 20
6404499.69
 10
305580.0
 20
6404499.92
 10
305578.73
 20
6404502.0
 10
305579.39
 20
6404506.0
 10
305580.1
 20
6404508.0
 10
305580.0
 20
6404510.24
 10
305578.0
 20
6404511.26
 10
305575.0
 20
6404512.0
 10
305572.89
 20
6404514.0
 10
305572.0
 20
6404514.27
 10
305568.0
 20
6404514.08
 10
305566.0
 20
6404514.69
 10
305564.0
 20
6404515.68
 10
305558.0
 20
6404520.13
 10
305552.0
 20
6404518.55
 10
305546.0
 20
6404520.65
 10
305540.0
 20
6404521.38
 10
305536.0
 20
6404521.28
 10
305534.0
 20
6404521.76
 10
305532.0
 20
6404520.42
 10
305530.0
 20
6404520.05
 10
305528.68
 20
6404518.0
 10
305528.0
 20
6404517.57
 10
305526.52
 20
6404514.0
 10
305525.09
 20
6404512.0
 10
305524.87
 20
6404510.0
 10
305523.93
 20
6404508.0
 10
305523.77
 20
6404506.0
 10
305524.0
 20
6404505.18
 10
305524.52
 20
6404504.0
 10
305526.0
 20
6404502.52
 10
305528.0
 20
6404501.8
 10
305529.91
 20
6404500.0
 10
305532.0
 20
6404497.11
 10
305536.1
 20
6404494.0
 10
305537.35
 20
6404492.0
 10
305537.56
 20
6404490.0
 10
305538.0
 20
6404489.3
 10
305540.0
 20
6404488.0
 10
305542.0
 20
6404486.0
 10
305542.42
 20
6404484.0
 10
305544.0
 20
6404482.0
 10
305543.2
 20
6404478.0
 10
305541.71
 20
6404476.0
 10
305540.0
 20
6404474.91
 10
305537.12
 20
6404472.0
 10
305536.28
 20
6404470.0
 10
305536.0
 20
6404462.0
 10
305534.0
 20
6404461.0
 10
305530.0
 20
6404460.0
 10
305528.0
 20
6404458.89
 10
305526.0
 20
6404459.0
 10
305520.0
 20
6404457.64
 10
305518.0
 20
6404458.15
 10
305517.0
 20
6404458.0
 10
305512.31
 20
6404456.0
 10
305514.4
 20
6404454.0
 10
305516.0
 20
6404453.14
 10
305520.0
 20
6404452.22
 10
305524.0
 20
6404450.67
 10
305526.0
 20
6404450.67
 10
305528.0
 20
6404449.33
 10
305530.0
 20
6404450.86
 10
305532.0
 20
6404451.5
 10
305534.0
 20
6404451.5
 10
305535.2
 20
6404450.0
 10
305534.67
 20
6404448.0
 10
305532.0
 20
6404446.57
 10
305531.56
 20
6404446.0
 10
305533.2
 20
6404444.0
 10
305529.2
 20
6404442.0
 10
305530.0
 20
6404440.0
 10
305528.0
 20
6404440.5
 10
305526.5
 20
6404438.0
 10
305524.0
 20
6404437.97
 10
305522.0
 20
6404440.0
 10
305520.0
 20
6404439.09
 10
305518.0
 20
6404439.88
 10
305516.86
 20
6404442.0
 10
305513.55
 20
6404444.0
 10
305514.23
 20
6404448.0
 10
305514.0
 20
6404448.27
 10
305511.54
 20
6404448.0
 10
305510.0
 20
6404446.18
 10
305506.89
 20
6404448.0
 10
305506.0
 20
6404449.2
 10
305501.92
 20
6404450.0
 10
305504.5
 20
6404454.0
 10
305500.0
 20
6404455.5
 10
305498.0
 20
6404455.38
 10
305497.27
 20
6404456.0
 10
305497.83
 20
6404458.0
 10
305497.4
 20
6404460.0
 10
305498.75
 20
6404462.0
 10
305498.0
 20
6404463.33
 10
305497.0
 20
6404464.0
 10
305497.67
 20
6404466.0
 10
305499.76
 20
6404468.0
 10
305500.0
 20
6404468.73
 10
305502.0
 20
6404469.85
 10
305504.62
 20
6404472.0
 10
305504.71
 20
6404474.0
 10
305509.14
 20
6404478.0
 10
305510.0
 20
6404478.48
 10
305512.0
 20
6404477.81
 10
305512.27
 20
6404478.0
 10
305513.15
 20
6404480.0
 10
305513.39
 20
6404482.0
 10
305510.0
 20
6404486.0
 10
305508.0
 20
6404486.69
 10
305506.0
 20
6404486.33
 10
305505.09
 20
6404488.0
 10
305505.7
 20
6404492.0
 10
305507.26
 20
6404494.0
 10
305506.0
 20
6404495.14
 10
305504.0
 20
6404496.0
 10
305500.0
 20
6404498.67
 10
305498.0
 20
6404498.87
 10
305494.0
 20
6404500.32
 10
305492.0
 20
6404500.69
 10
305490.45
 20
6404502.0
 10
305490.7
 20
6404504.0
 10
305493.1
 20
6404508.0
 10
305492.7
 20
6404510.0
 10
305492.0
 20
6404510.64
 10
305490.0
 20
6404511.57
 10
305488.0
 20
6404512.0
 10
305486.0
 20
6404514.71
 10
305484.0
 20
6404514.22
 10
305483.49
 20
6404512.0
 10
305481.66
 20
6404510.0
 10
305482.0
 20
6404507.79
 10
305484.0
 20
6404507.66
 10
305486.0
 20
6404506.5
 10
305486.24
 20
6404506.0
 10
305487.86
 20
6404500.0
 10
305488.83
 20
6404498.0
 10
305488.59
 20
6404496.0
 10
305488.0
 20
6404495.67
 10
305486.0
 20
6404495.4
 10
305484.0
 20
6404496.75
 10
305480.0
 20
6404497.72
 10
305476.97
 20
6404500.0
 10
305472.68
 20
6404502.0
 10
305470.0
 20
6404502.53
 10
305466.0
 20
6404502.38
 10
305465.21
 20
6404502.0
 10
305464.0
 20
6404499.92
 10
305462.0
 20
6404498.52
 10
305456.0
 20
6404500.43
 10
305454.0
 20
6404501.63
 10
305452.41
 20
6404504.0
 10
305452.0
 20
6404504.16
 10
305450.0
 20
6404503.17
 10
305448.0
 20
6404503.23
 10
305446.0
 20
6404501.56
 10
305444.0
 20
6404500.5
 10
305443.63
 20
6404500.0
 10
305443.39
 20
6404498.0
 10
305440.0
 20
6404497.17
 10
305438.83
 20
6404496.0
 10
305438.0
 20
6404493.92
 10
305437.2
 20
6404494.0
 10
305436.0
 20
6404495.2
 10
305432.97
 20
6404502.0
 10
305432.0
 20
6404502.94
 10
305429.58
 20
6404504.0
 10
305426.0
 20
6404504.28
 10
305424.0
 20
6404504.82
 10
305422.0
 20
6404505.89
 10
305420.0
 20
6404506.21
 10
305416.0
 20
6404505.04
 10
305414.0
 20
6404505.16
 10
305408.0
 20
6404507.21
 10
305398.0
 20
6404511.3
 10
305396.0
 20
6404511.81
 10
305394.0
 20
6404511.82
 10
305391.95
 20
6404510.0
 10
305386.0
 20
6404508.28
 10
305384.0
 20
6404506.81
 10
305378.0
 20
6404504.35
 10
305374.0
 20
6404504.38
 10
305372.0
 20
6404504.79
 10
305370.0
 20
6404506.09
 10
305368.0
 20
6404506.47
 10
305366.0
 20
6404506.76
 10
305364.0
 20
6404506.16
 10
305362.38
 20
6404508.0
 10
305361.32
 20
6404510.0
 10
305357.75
 20
6404512.0
 10
305356.74
 20
6404514.0
 10
305356.0
 20
6404514.55
 10
305354.0
 20
6404514.46
 10
305353.33
 20
6404514.0
 10
305352.0
 20
6404512.07
 10
305350.67
 20
6404514.0
 10
305348.0
 20
6404516.77
 10
305346.15
 20
6404518.0
 10
305345.7
 20
6404518.0
 10
305342.75
 20
6404514.0
 10
305345.0
 20
6404512.0
 10
305344.0
 20
6404510.44
 10
305340.0
 20
6404512.42
 10
305338.0
 20
6404511.57
 10
305336.0
 20
6404509.88
 10
305332.0
 20
6404510.63
 10
305330.0
 20
6404510.09
 10
305328.0
 20
6404510.69
 10
305324.0
 20
6404510.87
 10
305318.88
 20
6404510.0
 10
305316.05
 20
6404508.0
 10
305317.39
 20
6404506.0
 10
305319.62
 20
6404504.0
 10
305318.0
 20
6404503.04
 10
305314.0
 20
6404503.27
 10
305310.0
 20
6404502.76
 10
305308.59
 20
6404502.0
 10
305308.38
 20
6404500.0
 10
305308.0
 20
6404499.74
 10
305306.0
 20
6404500.03
 10
305304.0
 20
6404499.47
 10
305302.0
 20
6404498.01
 10
305296.0
 20
6404497.07
 10
305288.0
 20
6404493.08
 10
305284.0
 20
6404492.15
 10
305280.0
 20
6404489.72
 10
305278.0
 20
6404488.97
 10
305276.0
 20
6404487.28
 10
305274.0
 20
6404486.17
 10
305270.0
 20
6404484.82
 10
305269.53
 20
6404484.0
 10
305270.0
 20
6404482.0
 10
305265.61
 20
6404478.0
 10
305265.25
 20
6404476.0
 10
305264.0
 20
6404474.18
 10
305263.5
 20
6404474.0
 10
305263.1
 20
6404472.0
 10
305260.0
 20
6404471.31
 10
305258.4
 20
6404470.0
 10
305256.0
 20
6404467.13
 10
305253.09
 20
6404462.0
 10
305247.26
 20
6404456.0
 10
305245.8
 20
6404454.0
 10
305243.24
 20
6404452.0
 10
305241.57
 20
6404450.0
 10
305238.0
 20
6404446.64
 10
305236.67
 20
6404446.0
 10
305234.0
 20
6404445.48
 10
305232.0
 20
6404445.78
 10
305230.0
 20
6404445.66
 10
305228.0
 20
6404446.11
 10
305224.0
 20
6404443.1
 10
305222.0
 20
6404443.16
 10
305220.0
 20
6404442.6
 10
305216.6
 20
6404440.0
 10
305216.71
 20
6404438.0
 10
305215.84
 20
6404436.0
 10
305215.1
 20
6404432.0
 10
305214.0
 20
6404430.72
 10
305212.0
 20
6404430.04
 10
305211.61
 20
6404428.0
 10
305214.0
 20
6404426.62
 10
305214.31
 20
6404426.0
 10
305213.43
 20
6404422.0
 10
305214.0
 20
6404421.33
 10
305214.27
 20
6404420.0
 10
305214.0
 20
6404417.92
 10
305212.0
 20
6404419.2
 10
305208.0
 20
6404416.0
 10
305206.0
 20
6404415.2
 10
305202.0
 20
6404414.52
 10
305200.0
 20
6404414.67
 10
305194.0
 20
6404414.0
 10
305193.33
 20
6404412.0
 10
305196.46
 20
6404410.0
 10
305196.33
 20
6404406.0
 10
305195.06
 20
6404404.0
 10
305194.54
 20
6404398.0
 10
305194.0
 20
6404395.94
 10
305190.0
 20
6404393.19
 10
305188.0
 20
6404394.0
 10
305186.0
 20
6404392.62
 10
305185.46
 20
6404392.0
 10
305186.0
 20
6404391.0
 10
305187.64
 20
6404390.0
 10
305186.0
 20
6404389.0
 10
305184.0
 20
6404388.75
 10
305178.0
 20
6404386.38
 10
305176.0
 20
6404384.8
 10
305174.0
 20
6404384.09
 10
305172.0
 20
6404382.69
 10
305170.0
 20
6404382.33
 10
305168.0
 20
6404380.55
 10
305166.92
 20
6404380.0
 10
305165.72
 20
6404378.0
 10
305165.01
 20
6404376.0
 10
305163.55
 20
6404374.0
 10
305162.98
 20
6404372.0
 10
305162.0
 20
6404370.17
 10
305160.0
 20
6404367.35
 10
305158.0
 20
6404366.95
 10
305156.0
 20
6404365.41
 10
305154.0
 20
6404366.45
 10
305152.73
 20
6404366.0
 10
305152.0
 20
6404364.86
 10
305150.0
 20
6404366.0
  0
TEXT
  5
2F6
330
17
100
AcDbEntity
  8
HOJDKURVOR_TEXT
100
AcDbText
 10
305628.86477778613
 20
6404550.589574533
 30
0.0
 40
1.5
  1
2.5
 50
-62.629437332508545
 72
1
 11
305628.86477778613
 21
6404550.589574533
 31
0.0
100
AcDbText
 73
2
  0
TEXT
  5
2F7
330
17
100
AcDbEntity
  8
HOJDKURVOR_TEXT
100
AcDbText
 10
305621.9732526826
 20
6404502.978564461
 30
0.0
 40
1.5
  1
2.5
 50
-68.94329441028277
 72
1
 11
305621.9732526826
 21
6404502.978564461
 31
0.0
100
AcDbText
 73
2
  0
TEXT
  5
2F8
330
17
100
AcDbEntity
  8
HOJDKURVOR_TEXT
100
AcDbText
 10
305535.5339678318
 20
6404521.39184772
 30
0.0
 40
1.5
  1
2.5
 50
346.50426673232244
 72
1
 11
305535.5339678318
 21
6404521.39184772
 31
0.0
100
AcDbText
 73
2
  0
TEXT
  5
2F9
330
17
100
AcDbEntity
  8
HOJDKURVOR_TEXT
100
AcDbText
 10
305514.4221616891
 20
6404453.988088092
 30
0.0
 40
1.5
  1
2.5
 50
-28.25802962436961
 72
1
 11
305514.4221616891
 21
6404453.988088092
 31
0.0
100
AcDbText
 73
2
  0
TEXT
  5
2FA
330
17
100
AcDbEntity
  8
HOJDKURVOR_TEXT
100
AcDbText
 10
305500.11938923615
 20
6404468.796857973
 30
0.0
 40
1.5
  1
2.5
 50
29.248826318673363
 72
1
 11
305500.11938923615
 21
6404468.796857973
 31
0.0
100
AcDbText
 73
2
  0
TEXT
  5
2FB
330
17
100
AcDbEntity
  8
HOJDKURVOR_TEXT
100
AcDbText
 10
305483.7612154265
 20
6404496.807905259
 30
0.0
 40
1.5
  1
2.5
 50
346.36890556010627
 72
1
 11
305483.7612154265
 21
6404496.807905259
 31
0.0
100
AcDbText
 73
2
  0
TEXT
  5
2FC
330
17
100
AcDbEntity
  8
HOJDKURVOR_TEXT
100
AcDbText
 10
305395.8985161135
 20
6404511.8105074195
 30
0.0
 40
1.5
  1
2.5
 50
359.7135234694463
 72
1
 11
305395.8985161135
 21
6404511.8105074195
 31
0.0
100
AcDbText
 73
2
  0
TEXT
  5
2FD
330
17
100
AcDbEntity
  8
HOJDKURVOR_TEXT
100
AcDbText
 10
305319.2693682099
 20
6404504.314467973
 30
0.0
 40
1.5
  1
2.5
 50
-41.887691391032405
 72
1
 11
305319.2693682099
 21
6404504.314467973
 31
0.0
100
AcDbText
 73
2
  0
TEXT
  5
2FE
330
17
100
AcDbEntity
  8
HOJDKURVOR_TEXT
100
AcDbText
 10
305240.2279128901
 20
6404448.73685919
 30
0.0
 40
1.5
  1
2.5
 50
43.264295413869036
 72
1
 11
305240.2279128901
 21
6404448.73685919
 31
0.0
100
AcDbText
 73
2
  0
TEXT
  5
2FF
330
17
100
AcDbEntity
  8
HOJDKURVOR_TEXT
100
AcDbText
 10
305185.5577542402
 20
6404391.81897363
 30
0.0
 40
1.5
  1
2.5
 50
-61.63095370765099
 72
1
 11
305185.5577542402
 21
6404391.81897363
 31
0.0
100
AcDbText
 73
2
  0
LWPOLYLINE
  5
300
330
17
100
AcDbEntity
  8
HOJDKURVOR_GRUND
100
AcDbPolyline
 90
295
 70
0
 10
305680.0
 20
6404468.78
 10
305677.78
 20
6404470.0
 10
305670.0
 20
6404471.53
 10
305666.0
 20
6404473.25
 10
305664.0
 20
6404472.99
 10
305662.0
 20
6404471.28
 10
305656.0
 20
6404469.59
 10
305654.0
 20
6404469.44
 10
305650.0
 20
6404471.46
 10
305646.77
 20
6404476.0
 10
305645.88
 20
6404478.0
 10
305646.02
 20
6404480.0
 10
305645.52
 20
6404482.0
 10
305646.38
 20
6404486.0
 10
305646.44
 20
6404488.0
 10
305646.0
 20
6404490.14
 10
305644.0
 20
6404490.88
 10
305642.5
 20
6404492.0
 10
305641.21
 20
6404498.0
 10
305638.0
 20
6404500.49
 10
305632.0
 20
6404500.98
 10
305630.0
 20
6404500.74
 10
305626.0
 20
6404499.44
 10
305618.0
 20
6404499.57
 10
305616.0
 20
6404499.36
 10
305614.0
 20
6404497.98
 10
305610.97
 20
6404500.0
 10
305610.52
 20
6404502.0
 10
305608.0
 20
6404503.66
 10
305604.0
 20
6404504.22
 10
305600.0
 20
6404503.51
 10
305594.0
 20
6404503.07
 10
305590.0
 20
6404501.43
 10
305588.0
 20
6404500.99
 10
305586.0
 20
6404499.65
 10
305582.0
 20
6404498.77
 10
305580.0
 20
6404499.23
 10
305578.0
 20
6404501.32
 10
305574.55
 20
6404502.0
 10
305576.0
 20
6404502.7
 10
305578.0
 20
6404503.04
 10
305578.5
 20
6404504.0
 10
305579.24
 20
6404508.0
 10
305578.79
 20
6404510.0
 10
305574.0
 20
6404511.54
 10
305572.0
 20
6404513.43
 10
305568.0
 20
6404513.07
 10
305564.0
 20
6404514.82
 10
305558.0
 20
6404519.38
 10
305552.0
 20
6404518.12
 10
305548.0
 20
6404519.39
 10
305546.0
 20
6404519.63
 10
305544.0
 20
6404518.38
 10
305542.0
 20
6404518.67
 10
305540.0
 20
6404519.56
 10
305536.0
 20
6404519.27
 10
305534.0
 20
6404518.7
 10
305532.0
 20
6404517.35
 10
305530.0
 20
6404517.33
 10
305528.0
 20
6404516.45
 10
305527.14
 20
6404514.0
 10
305526.0
 20
6404513.05
 10
305525.39
 20
6404512.0
 10
305525.19
 20
6404510.0
 10
305524.54
 20
6404508.0
 10
305524.48
 20
6404506.0
 10
305525.41
 20
6404504.0
 10
305526.0
 20
6404503.41
 10
305528.0
 20
6404502.67
 10
305531.14
 20
6404500.0
 10
305532.61
 20
6404498.0
 10
305536.0
 20
6404495.0
 10
305540.0
 20
6404492.32
 10
305542.0
 20
6404492.42
 10
305543.14
 20
6404492.0
 10
305548.0
 20
6404487.82
 10
305549.07
 20
6404482.0
 10
305547.05
 20
6404480.0
 10
305545.75
 20
6404476.0
 10
305544.0
 20
6404474.98
 10
305542.0
 20
6404474.37
 10
305538.78
 20
6404472.0
 10
305537.54
 20
6404470.0
 10
305537.48
 20
6404466.0
 10
305538.59
 20
6404464.0
 10
305540.0
 20
6404462.42
 10
305544.0
 20
6404460.44
 10
305546.11
 20
6404460.0
 10
305548.0
 20
6404458.0
 10
305548.92
 20
6404456.0
 10
305551.4
 20
6404454.0
 10
305549.82
 20
6404452.0
 10
305549.09
 20
6404450.0
 10
305550.0
 20
6404449.29
 10
305550.62
 20
6404448.0
 10
305548.91
 20
6404446.0
 10
305548.97
 20
6404444.0
 10
305548.0
 20
6404442.92
 10
305544.0
 20
6404443.11
 10
305540.0
 20
6404444.55
 10
305538.97
 20
6404444.0
 10
305536.0
 20
6404443.24
 10
305534.65
 20
6404442.0
 10
305534.12
 20
6404440.0
 10
305532.0
 20
6404438.44
 10
305530.14
 20
6404436.0
 10
305528.0
 20
6404434.74
 10
305522.0
 20
6404437.75
 10
305518.0
 20
6404437.29
 10
305516.85
 20
6404438.0
 10
305512.0
 20
6404443.04
 10
305509.96
 20
6404444.0
 10
305506.0
 20
6404446.73
 10
305502.0
 20
6404448.58
 10
305496.36
 20
6404450.0
 10
305494.0
 20
6404451.5
 10
305491.43
 20
6404452.0
 10
305491.12
 20
6404456.0
 10
305490.4
 20
6404460.0
 10
305489.17
 20
6404462.0
 10
305489.79
 20
6404464.0
 10
305492.0
 20
6404466.0
 10
305496.0
 20
6404467.56
 10
305498.0
 20
6404469.14
 10
305498.54
 20
6404470.0
 10
305497.21
 20
6404472.0
 10
305497.68
 20
6404474.0
 10
305498.77
 20
6404476.0
 10
305500.82
 20
6404478.0
 10
305498.7
 20
6404480.0
 10
305497.94
 20
6404482.0
 10
305497.15
 20
6404486.0
 10
305496.0
 20
6404488.67
 10
305494.0
 20
6404490.0
 10
305490.0
 20
6404488.6
 10
305488.83
 20
6404490.0
 10
305489.05
 20
6404492.0
 10
305488.71
 20
6404494.0
 10
305486.0
 20
6404494.51
 10
305483.58
 20
6404496.0
 10
305482.0
 20
6404496.54
 10
305480.48
 20
6404496.0
 10
305480.0
 20
6404495.42
 10
305478.14
 20
6404496.0
 10
305477.18
 20
6404498.0
 10
305474.3
 20
6404500.0
 10
305472.0
 20
6404500.94
 10
305468.0
 20
6404501.49
 10
305466.0
 20
6404501.36
 10
305464.0
 20
6404498.96
 10
305462.0
 20
6404497.59
 10
305460.0
 20
6404497.51
 10
305458.0
 20
6404498.32
 10
305456.0
 20
6404498.6
 10
305454.0
 20
6404498.27
 10
305452.0
 20
6404499.75
 10
305450.0
 20
6404498.5
 10
305448.0
 20
6404499.55
 10
305446.0
 20
6404499.24
 10
305444.0
 20
6404496.99
 10
305442.0
 20
6404496.94
 10
305440.57
 20
6404496.0
 10
305439.11
 20
6404494.0
 10
305436.09
 20
6404492.0
 10
305435.56
 20
6404492.0
 10
305434.0
 20
6404494.38
 10
305432.0
 20
6404500.0
 10
305430.94
 20
6404502.0
 10
305428.0
 20
6404503.44
 10
305422.0
 20
6404504.0
 10
305420.0
 20
6404504.97
 10
305416.0
 20
6404504.13
 10
305412.0
 20
6404504.37
 10
305410.0
 20
6404505.72
 10
305408.0
 20
6404505.76
 10
305404.0
 20
6404507.95
 10
305398.0
 20
6404510.65
 10
305394.0
 20
6404511.15
 10
305392.0
 20
6404509.56
 10
305386.0
 20
6404507.92
 10
305384.0
 20
6404506.5
 10
305378.0
 20
6404503.62
 10
305376.0
 20
6404503.19
 10
305372.0
 20
6404503.52
 10
305366.0
 20
6404506.01
 10
305364.0
 20
6404504.9
 10
305362.0
 20
6404504.97
 10
305360.89
 20
6404506.0
 10
305361.02
 20
6404508.0
 10
305359.38
 20
6404510.0
 10
305356.0
 20
6404511.92
 10
305351.82
 20
6404510.0
 10
305350.0
 20
6404511.48
 10
305348.0
 20
6404514.82
 10
305346.0
 20
6404516.29
 10
305343.95
 20
6404514.0
 10
305348.86
 20
6404510.0
 10
305349.27
 20
6404508.0
 10
305348.0
 20
6404506.69
 10
305346.0
 20
6404507.12
 10
305344.0
 20
6404508.48
 10
305343.16
 20
6404510.0
 10
305340.0
 20
6404511.44
 10
305338.0
 20
6404510.54
 10
305336.0
 20
6404509.13
 10
305332.0
 20
6404510.09
 10
305330.0
 20
6404509.47
 10
305328.0
 20
6404510.33
 10
305324.0
 20
6404510.48
 10
305321.04
 20
6404510.0
 10
305320.0
 20
6404509.55
 10
305318.15
 20
6404508.0
 10
305318.54
 20
6404506.0
 10
305320.69
 20
6404504.0
 10
305320.0
 20
6404502.15
 10
305318.0
 20
6404502.23
 10
305316.0
 20
6404502.83
 10
305310.0
 20
6404502.11
 10
305309.08
 20
6404500.0
 10
305308.0
 20
6404499.26
 10
305306.0
 20
6404499.61
 10
305304.0
 20
6404499.04
 10
305302.0
 20
6404497.54
 10
305296.0
 20
6404496.56
 10
305288.0
 20
6404492.08
 10
305282.0
 20
6404489.69
 10
305280.0
 20
6404488.16
 10
305278.0
 20
6404487.29
 10
305272.81
 20
6404484.0
 10
305271.64
 20
6404482.0
 10
305270.0
 20
6404480.78
 10
305267.65
 20
6404478.0
 10
305266.82
 20
6404476.0
 10
305264.99
 20
6404474.0
 10
305264.53
 20
6404472.0
 10
305264.0
 20
6404471.48
 10
305260.36
 20
6404470.0
 10
305256.0
 20
6404465.73
 10
305254.83
 20
6404464.0
 10
305254.0
 20
6404461.81
 10
305250.0
 20
6404458.19
 10
305246.0
 20
6404453.1
 10
305238.0
 20
6404445.58
 10
305232.0
 20
6404444.86
 10
305230.0
 20
6404443.94
 10
305228.0
 20
6404443.89
 10
305226.0
 20
6404442.62
 10
305224.0
 20
6404442.23
 10
305222.0
 20
6404442.25
 10
305220.0
 20
6404441.15
 10
305218.7
 20
6404440.0
 10
305218.33
 20
6404438.0
 10
305217.24
 20
6404436.0
 10
305216.63
 20
6404432.0
 10
305215.95
 20
6404430.0
 10
305219.0
 20
6404424.0
 10
305218.0
 20
6404419.9
 10
305216.42
 20
6404418.0
 10
305216.22
 20
6404416.0
 10
305212.0
 20
6404411.33
 10
305210.0
 20
6404412.0
 10
305209.33
 20
6404410.0
 10
305209.33
 20
6404408.0
 10
305208.0
 20
6404407.2
 10
305206.0
 20
6404407.28
 10
305204.0
 20
6404406.93
 10
305202.0
 20
6404407.43
 10
305198.44
 20
6404404.0
 10
305196.92
 20
6404400.0
 10
305196.0
 20
6404398.5
 10
305196.0
 20
6404396.67
 10
305196.33
 20
6404396.0
 10
305196.0
 20
6404395.9
 10
305194.95
 20
6404394.0
 10
305194.29
 20
6404392.0
 10
305192.13
 20
6404388.0
 10
305186.0
 20
6404386.97
 10
305184.0
 20
6404387.03
 10
305180.2
 20
6404386.0
 10
305174.0
 20
6404382.68
 10
305171.21
 20
6404382.0
 10
305167.9
 20
6404380.0
 10
305167.6
 20
6404378.0
 10
305166.0
 20
6404376.48
 10
305162.91
 20
6404370.0
 10
305161.35
 20
6404368.0
 10
305160.32
 20
6404366.0
 10
305160.0
 20
6404364.64
 10
305158.67
 20
6404364.0
 10
305158.91
 20
6404360.0
 10
305158.0
 20
6404359.68
 10
305156.0
 20
6404360.36
 10
305154.0
 20
6404360.14
 10
305152.0
 20
6404358.82
 10
305150.0
 20
6404359.43
  0
LWPOLYLINE
  5
301
330
17
100
AcDbEntity
  8
HOJDKURVOR_GRUND
100
AcDbPolyline
 90
67
 70
0
 10
305627.78
 20
6404580.0
 10
305626.54
 20
6404578.0
 10
305626.61
 20
6404574.0
 10
305626.0
 20
6404573.69
 10
305624.0
 20
6404571.39
 10
305622.14
 20
6404570.0
 10
305620.0
 20
6404569.8
 10
305618.8
 20
6404568.0
 10
305618.0
 20
6404566.06
 10
305614.0
 20
6404565.28
 10
305612.0
 20
6404563.35
 10
305609.97
 20
6404560.0
 10
305610.84
 20
6404558.0
 10
305616.0
 20
6404556.3
 10
305618.0
 20
6404556.72
 10
305620.0
 20
6404558.14
 10
305622.0
 20
6404557.95
 10
305624.0
 20
6404556.97
 10
305628.0
 20
6404553.2
 10
305630.0
 20
6404550.48
 10
305634.0
 20
6404548.59
 10
305638.14
 20
6404548.0
 10
305640.5
 20
6404546.0
 10
305641.62
 20
6404544.0
 10
305645.5
 20
6404542.0
 10
305646.09
 20
6404538.0
 10
305648.24
 20
6404536.0
 10
305648.48
 20
6404534.0
 10
305650.0
 20
6404531.58
 10
305650.55
 20
6404530.0
 10
305650.29
 20
6404526.0
 10
305650.0
 20
6404525.28
 10
305648.0
 20
6404524.21
 10
305646.0
 20
6404524.48
 10
305645.33
 20
6404524.0
 10
305646.52
 20
6404522.0
 10
305648.78
 20
6404520.0
 10
305649.61
 20
6404518.0
 10
305651.5
 20
6404516.0
 10
305650.57
 20
6404514.0
 10
305649.14
 20
6404512.0
 10
305648.96
 20
6404510.0
 10
305650.0
 20
6404508.32
 10
305652.0
 20
6404507.38
 10
305652.8
 20
6404506.0
 10
305654.4
 20
6404500.0
 10
305654.52
 20
6404496.0
 10
305653.76
 20
6404494.0
 10
305651.9
 20
6404492.0
 10
305652.42
 20
6404488.0
 10
305652.16
 20
6404486.0
 10
305651.45
 20
6404484.0
 10
305651.37
 20
6404480.0
 10
305651.6
 20
6404478.0
 10
305652.0
 20
6404477.38
 10
305654.0
 20
6404475.67
 10
305656.0
 20
6404475.56
 10
305658.0
 20
6404476.27
 10
305660.0
 20
6404476.18
 10
305662.0
 20
6404476.93
 10
305664.0
 20
6404477.27
 10
305668.0
 20
6404477.24
 10
305674.0
 20
6404476.67
 10
305675.2
 20
6404476.0
 10
305676.0
 20
6404473.86
 10
305678.0
 20
6404473.41
 10
305680.0
 20
6404471.33
  0
LWPOLYLINE
  5
302
330
17
100
AcDbEntity
  8
HOJDKURVOR_GRUND
100
AcDbPolyline
 90
339
 70
0
 10
305680.0
 20
6404459.56
 10
305678.0
 20
6404462.5
 10
305675.6
 20
6404468.0
 10
305670.0
 20
6404468.36
 10
305668.0
 20
6404469.04
 10
305666.0
 20
6404471.33
 10
305664.0
 20
6404471.64
 10
305662.94
 20
6404470.0
 10
305662.0
 20
6404469.26
 10
305658.0
 20
6404468.41
 10
305654.0
 20
6404468.4
 10
305652.0
 20
6404469.12
 10
305650.0
 20
6404470.34
 10
305646.85
 20
6404474.0
 10
305644.66
 20
6404478.0
 10
305644.31
 20
6404482.0
 10
305644.48
 20
6404484.0
 10
305644.0
 20
6404486.14
 10
305640.0
 20
6404488.47
 10
305639.07
 20
6404490.0
 10
305638.81
 20
6404492.0
 10
305640.16
 20
6404496.0
 10
305638.0
 20
6404497.29
 10
305636.0
 20
6404497.92
 10
305634.0
 20
6404499.34
 10
305632.0
 20
6404499.92
 10
305624.0
 20
6404498.52
 10
305620.0
 20
6404498.89
 10
305618.0
 20
6404498.65
 10
305614.0
 20
6404497.45
 10
305611.54
 20
6404498.0
 10
305608.36
 20
6404500.0
 10
305608.0
 20
6404500.61
 10
305606.0
 20
6404502.0
 10
305604.0
 20
6404501.91
 10
305600.0
 20
6404502.6
 10
305596.0
 20
6404502.61
 10
305594.0
 20
6404502.51
 10
305588.0
 20
6404500.49
 10
305586.0
 20
6404499.22
 10
305584.0
 20
6404499.01
 10
305582.0
 20
6404497.91
 10
305580.0
 20
6404498.54
 10
305578.0
 20
6404500.44
 10
305576.0
 20
6404501.3
 10
305574.0
 20
6404501.17
 10
305573.04
 20
6404502.0
 10
305576.0
 20
6404504.14
 10
305578.0
 20
6404504.48
 10
305578.43
 20
6404506.0
 10
305578.34
 20
6404508.0
 10
305578.0
 20
6404508.79
 10
305576.62
 20
6404510.0
 10
305574.0
 20
6404510.61
 10
305572.0
 20
6404512.35
 10
305570.0
 20
6404512.67
 10
305566.0
 20
6404511.66
 10
305563.93
 20
6404514.0
 10
305558.0
 20
6404518.47
 10
305556.0
 20
6404518.65
 10
305552.0
 20
6404517.63
 10
305548.0
 20
6404518.71
 10
305546.0
 20
6404518.47
 10
305544.0
 20
6404517.34
 10
305540.0
 20
6404517.13
 10
305536.0
 20
6404515.75
 10
305528.0
 20
6404514.8
 10
305527.75
 20
6404514.0
 10
305525.69
 20
6404512.0
 10
305525.19
 20
6404508.0
 10
305525.29
 20
6404506.0
 10
305526.0
 20
6404504.56
 10
305528.0
 20
6404503.41
 10
305532.0
 20
6404500.26
 10
305533.51
 20
6404498.0
 10
305536.0
 20
6404495.94
 10
305538.0
 20
6404496.15
 10
305540.0
 20
6404495.73
 10
305542.0
 20
6404496.19
 10
305544.0
 20
6404494.42
 10
305546.0
 20
6404494.25
 10
305548.0
 20
6404493.03
 10
305550.62
 20
6404490.0
 10
305550.93
 20
6404488.0
 10
305550.32
 20
6404486.0
 10
305550.14
 20
6404484.0
 10
305550.53
 20
6404482.0
 10
305550.0
 20
6404480.71
 10
305549.28
 20
6404480.0
 10
305550.1
 20
6404476.0
 10
305550.0
 20
6404473.0
 10
305542.0
 20
6404472.82
 10
305540.07
 20
6404472.0
 10
305539.19
 20
6404470.0
 10
305538.77
 20
6404468.0
 10
305539.12
 20
6404466.0
 10
305540.0
 20
6404463.91
 10
305544.0
 20
6404462.0
 10
305546.0
 20
6404462.9
 10
305552.0
 20
6404462.0
 10
305556.7
 20
6404458.0
 10
305559.73
 20
6404456.0
 10
305561.08
 20
6404454.0
 10
305560.75
 20
6404452.0
 10
305558.55
 20
6404450.0
 10
305556.91
 20
6404448.0
 10
305557.54
 20
6404446.0
 10
305555.73
 20
6404444.0
 10
305554.0
 20
6404443.43
 10
305552.0
 20
6404444.98
 10
305550.0
 20
6404442.0
 10
305548.0
 20
6404440.97
 10
305544.0
 20
6404440.68
 10
305542.51
 20
6404442.0
 10
305540.0
 20
6404443.01
 10
305538.0
 20
6404442.65
 10
305536.76
 20
6404442.0
 10
305536.69
 20
6404440.0
 10
305536.0
 20
6404438.64
 10
305534.94
 20
6404438.0
 10
305534.5
 20
6404436.0
 10
305534.0
 20
6404435.44
 10
305532.0
 20
6404434.63
 10
305529.6
 20
6404432.0
 10
305526.0
 20
6404431.73
 10
305525.52
 20
6404432.0
 10
305525.17
 20
6404434.0
 10
305523.16
 20
6404436.0
 10
305522.0
 20
6404436.69
 10
305520.0
 20
6404436.7
 10
305515.33
 20
6404436.0
 10
305514.0
 20
6404439.26
 10
305512.0
 20
6404440.88
 10
305511.33
 20
6404442.0
 10
305506.0
 20
6404444.86
 10
305504.0
 20
6404446.51
 10
305502.0
 20
6404447.31
 10
305498.0
 20
6404447.8
 10
305494.0
 20
6404449.17
 10
305492.0
 20
6404450.65
 10
305490.0
 20
6404450.94
 10
305488.0
 20
6404450.4
 10
305484.0
 20
6404450.62
 10
305480.0
 20
6404451.69
 10
305478.0
 20
6404452.83
 10
305476.0
 20
6404452.92
 10
305474.14
 20
6404454.0
 10
305473.39
 20
6404456.0
 10
305474.27
 20
6404458.0
 10
305476.0
 20
6404458.84
 10
305479.67
 20
6404462.0
 10
305482.0
 20
6404462.41
 10
305484.0
 20
6404463.87
 10
305486.0
 20
6404464.75
 10
305488.0
 20
6404466.92
 10
305490.64
 20
6404468.0
 10
305489.78
 20
6404470.0
 10
305489.53
 20
6404472.0
 10
305490.0
 20
6404472.67
 10
305492.0
 20
6404470.8
 10
305494.0
 20
6404471.27
 10
305494.32
 20
6404472.0
 10
305494.0
 20
6404474.0
 10
305495.0
 20
6404476.0
 10
305495.45
 20
6404478.0
 10
305494.56
 20
6404480.0
 10
305494.81
 20
6404482.0
 10
305494.0
 20
6404485.0
 10
305492.92
 20
6404484.0
 10
305492.0
 20
6404482.0
 10
305493.63
 20
6404480.0
 10
305492.0
 20
6404479.14
 10
305490.0
 20
6404479.17
 10
305487.64
 20
6404480.0
 10
305486.57
 20
6404484.0
 10
305486.84
 20
6404488.0
 10
305485.95
 20
6404490.0
 10
305487.0
 20
6404492.0
 10
305485.22
 20
6404494.0
 10
305482.0
 20
6404495.67
 10
305478.0
 20
6404490.69
 10
305475.66
 20
6404494.0
 10
305475.48
 20
6404496.0
 10
305474.0
 20
6404497.74
 10
305472.0
 20
6404499.08
 10
305469.9
 20
6404500.0
 10
305468.0
 20
6404500.43
 10
305466.0
 20
6404500.24
 10
305464.0
 20
6404498.0
 10
305460.0
 20
6404495.75
 10
305458.0
 20
6404495.25
 10
305456.0
 20
6404495.37
 10
305454.0
 20
6404496.48
 10
305452.0
 20
6404496.97
 10
305450.0
 20
6404496.68
 10
305448.0
 20
6404497.38
 10
305446.0
 20
6404497.66
 10
305444.0
 20
6404495.71
 10
305442.0
 20
6404496.22
 10
305440.0
 20
6404493.89
 10
305434.0
 20
6404489.99
 10
305432.96
 20
6404492.0
 10
305432.77
 20
6404494.0
 10
305432.0
 20
6404495.71
 10
305428.53
 20
6404502.0
 10
305426.0
 20
6404502.62
 10
305422.0
 20
6404502.89
 10
305420.0
 20
6404503.53
 10
305418.0
 20
6404503.12
 10
305414.0
 20
6404502.94
 10
305412.0
 20
6404502.38
 10
305410.0
 20
6404504.18
 10
305406.0
 20
6404505.77
 10
305404.0
 20
6404507.08
 10
305400.0
 20
6404508.74
 10
305398.0
 20
6404510.0
 10
305394.0
 20
6404510.47
 10
305392.0
 20
6404509.11
 10
305390.0
 20
6404508.87
 10
305386.0
 20
6404507.45
 10
305382.0
 20
6404505.08
 10
305376.0
 20
6404502.33
 10
305372.0
 20
6404501.83
 10
305370.86
 20
6404502.0
 10
305366.0
 20
6404504.37
 10
305360.0
 20
6404502.64
 10
305356.26
 20
6404504.0
 10
305358.0
 20
6404505.29
 10
305359.2
 20
6404508.0
 10
305358.0
 20
6404509.38
 10
305356.0
 20
6404509.97
 10
305354.0
 20
6404509.47
 10
305352.05
 20
6404508.0
 10
305352.86
 20
6404506.0
 10
305352.0
 20
6404504.2
 10
305350.0
 20
6404504.38
 10
305344.0
 20
6404506.38
 10
305342.85
 20
6404508.0
 10
305342.0
 20
6404510.04
 10
305340.0
 20
6404510.31
 10
305336.0
 20
6404508.39
 10
305332.0
 20
6404509.24
 10
305330.0
 20
6404508.86
 10
305327.64
 20
6404510.0
 10
305323.33
 20
6404510.0
 10
305322.0
 20
6404509.64
 10
305319.19
 20
6404508.0
 10
305319.63
 20
6404506.0
 10
305321.64
 20
6404504.0
 10
305321.09
 20
6404502.0
 10
305320.0
 20
6404501.56
 10
305318.0
 20
6404501.6
 10
305316.0
 20
6404502.35
 10
305312.12
 20
6404502.0
 10
305308.0
 20
6404498.78
 10
305306.0
 20
6404499.19
 10
305304.0
 20
6404498.61
 10
305302.0
 20
6404497.06
 10
305298.0
 20
6404496.16
 10
305296.0
 20
6404496.05
 10
305294.0
 20
6404494.43
 10
305289.39
 20
6404492.0
 10
305288.0
 20
6404490.56
 10
305285.78
 20
6404490.0
 10
305284.0
 20
6404488.53
 10
305282.0
 20
6404488.31
 10
305280.0
 20
6404486.33
 10
305278.0
 20
6404485.38
 10
305276.0
 20
6404483.73
 10
305274.44
 20
6404482.0
 10
305272.0
 20
6404481.0
 10
305270.63
 20
6404480.0
 10
305268.15
 20
6404476.0
 10
305266.0
 20
6404473.92
 10
305265.26
 20
6404472.0
 10
305264.0
 20
6404470.75
 10
305262.14
 20
6404470.0
 10
305260.4
 20
6404468.0
 10
305256.0
 20
6404464.51
 10
305254.99
 20
6404462.0
 10
305254.0
 20
6404460.64
 10
305250.0
 20
6404456.81
 10
305246.0
 20
6404451.97
 10
305244.0
 20
6404450.42
 10
305242.0
 20
6404448.09
 10
305238.0
 20
6404444.63
 10
305232.18
 20
6404444.0
 10
305230.94
 20
6404442.0
 10
305230.0
 20
6404441.56
 10
305228.0
 20
6404441.53
 10
305226.0
 20
6404440.9
 10
305222.0
 20
6404441.01
 10
305220.39
 20
6404440.0
 10
305218.61
 20
6404436.0
 10
305217.65
 20
6404432.0
 10
305217.63
 20
6404430.0
 10
305218.57
 20
6404428.0
 10
305220.0
 20
6404426.69
 10
305221.56
 20
6404426.0
 10
305221.67
 20
6404424.0
 10
305220.15
 20
6404420.0
 10
305220.37
 20
6404418.0
 10
305219.33
 20
6404416.0
 10
305219.22
 20
6404414.0
 10
305216.41
 20
6404412.0
 10
305214.0
 20
6404405.65
 10
305212.0
 20
6404404.0
 10
305208.0
 20
6404403.11
 10
305206.0
 20
6404401.43
 10
305203.0
 20
6404398.0
 10
305202.17
 20
6404396.0
 10
305202.24
 20
6404394.0
 10
305201.78
 20
6404392.0
 10
305200.76
 20
6404390.0
 10
305200.0
 20
6404389.3
 10
305196.0
 20
6404389.24
 10
305192.0
 20
6404386.97
 10
305186.0
 20
6404385.61
 10
305184.0
 20
6404385.58
 10
305179.94
 20
6404384.0
 10
305179.0
 20
6404382.0
 10
305176.0
 20
6404381.52
 10
305174.0
 20
6404380.0
 10
305172.0
 20
6404379.89
 10
305168.44
 20
6404376.0
 10
305167.06
 20
6404374.0
 10
305166.0
 20
6404373.33
 10
305161.25
 20
6404366.0
 10
305160.88
 20
6404364.0
 10
305161.0
 20
6404362.0
 10
305163.21
 20
6404356.0
 10
305164.27
 20
6404354.0
 10
305164.0
 20
6404352.8
 10
305163.33
 20
6404354.0
 10
305162.0
 20
6404354.83
 10
305160.0
 20
6404355.14
 10
305158.0
 20
6404354.53
 10
305153.05
 20
6404356.0
 10
305150.0
 20
6404357.52
  0
LWPOLYLINE
  5
303
330
17
100
AcDbEntity
  8
HOJDKURVOR_GRUND
100
AcDbPolyline
 90
72
 70
0
 10
305629.15
 20
6404580.0
 10
305628.0
 20
6404579.1
 10
305627.26
 20
6404578.0
 10
305627.47
 20
6404576.0
 10
305628.49
 20
6404574.0
 10
305628.0
 20
6404573.37
 10
305626.0
 20
6404572.78
 10
305624.0
 20
6404570.13
 10
305620.0
 20
6404568.1
 10
305620.0
 20
6404563.5
 10
305619.5
 20
6404564.0
 10
305618.0
 20
6404564.31
 10
305616.0
 20
6404563.07
 10
305614.0
 20
6404562.65
 10
305611.63
 20
6404560.0
 10
305611.56
 20
6404558.0
 10
305616.0
 20
6404557.23
 10
305618.0
 20
6404557.54
 10
305620.0
 20
6404559.57
 10
305622.0
 20
6404560.99
 10
305624.12
 20
6404558.0
 10
305628.0
 20
6404554.09
 10
305630.0
 20
6404551.48
 10
305634.0
 20
6404549.35
 10
305639.33
 20
6404548.0
 10
305644.0
 20
6404544.1
 10
305649.82
 20
6404542.0
 10
305648.0
 20
6404541.13
 10
305647.55
 20
6404540.0
 10
305648.0
 20
6404538.76
 10
305648.73
 20
6404538.0
 10
305650.0
 20
6404537.33
 10
305651.4
 20
6404536.0
 10
305651.7
 20
6404534.0
 10
305652.8
 20
6404532.0
 10
305651.9
 20
6404526.0
 10
305652.44
 20
6404524.0
 10
305654.0
 20
6404522.0
 10
305658.17
 20
6404520.0
 10
305659.07
 20
6404518.0
 10
305659.29
 20
6404510.0
 10
305660.0
 20
6404508.18
 10
305662.0
 20
6404505.0
 10
305662.95
 20
6404504.0
 10
305662.33
 20
6404502.0
 10
305660.0
 20
6404502.55
 10
305659.25
 20
6404502.0
 10
305658.0
 20
6404500.18
 10
305655.94
 20
6404500.0
 10
305656.0
 20
6404499.79
 10
305658.0
 20
6404499.86
 10
305658.96
 20
6404498.0
 10
305657.32
 20
6404496.0
 10
305657.23
 20
6404494.0
 10
305658.11
 20
6404492.0
 10
305658.4
 20
6404488.0
 10
305656.0
 20
6404487.11
 10
305654.4
 20
6404488.0
 10
305654.8
 20
6404490.0
 10
305654.0
 20
6404490.53
 10
305653.66
 20
6404490.0
 10
305654.0
 20
6404487.25
 10
305655.41
 20
6404484.0
 10
305656.0
 20
6404483.17
 10
305660.0
 20
6404485.56
 10
305662.0
 20
6404485.5
 10
305664.0
 20
6404483.25
 10
305666.0
 20
6404482.67
 10
305670.0
 20
6404479.78
 10
305673.27
 20
6404478.0
 10
305676.0
 20
6404478.0
 10
305680.0
 20
6404476.07
  0
LWPOLYLINE
  5
304
330
17
100
AcDbEntity
  8
HOJDKURVOR_GRUND
100
AcDbPolyline
 90
6
 70
0
 10
305162.67
 20
6404300.0
 10
305162.0
 20
6404300.5
 10
305156.0
 20
6404301.33
 10
305155.33
 20
6404302.0
 10
305152.0
 20
6404302.5
 10
305150.0
 20
6404303.2
  0
LWPOLYLINE
  5
305
330
17
100
AcDbEntity
  8
HOJDKURVOR_GRUND
100
AcDbPolyline
 90
29
 70
0
 10
305150.0
 20
6404314.36
 10
305152.21
 20
6404316.0
 10
305153.29
 20
6404318.0
 10
305153.1
 20
6404320.0
 10
305154.0
 20
6404320.58
 10
305156.11
 20
6404324.0
 10
305156.94
 20
6404326.0
 10
305158.62
 20
6404328.0
 10
305159.57
 20
6404332.0
 10
305162.0
 20
6404335.3
 10
305163.3
 20
6404334.0
 10
305163.68
 20
6404330.0
 10
305162.0
 20
6404328.72
 10
305161.55
 20
6404328.0
 10
305161.5
 20
6404326.0
 10
305160.0
 20
6404324.5
 10
305159.7
 20
6404322.0
 10
305163.44
 20
6404318.0
 10
305162.33
 20
6404316.0
 10
305162.4
 20
6404314.0
 10
305163.33
 20
6404312.0
 10
305165.75
 20
6404310.0
 10
305166.0
 20
6404308.0
 10
305168.0
 20
6404308.0
 10
305168.0
 20
6404306.0
 10
305170.29
 20
6404304.0
 10
305170.0
 20
6404302.0
 10
305168.0
 20
6404300.67
 10
305167.5
 20
6404300.0
  0
LWPOLYLINE
  5
306
330
17
100
AcDbEntity
  8
HOJDKURVOR_GRUND
100
AcDbPolyline
 90
216
 70
0
 10
305680.0
 20
6404453.92
 10
305676.0
 20
6404453.56
 10
305674.0
 20
6404454.0
 10
305672.0
 20
6404455.69
 10
305668.0
 20
6404458.0
 10
305664.0
 20
6404461.6
 10
305662.0
 20
6404461.4
 10
305660.0
 20
6404462.62
 10
305658.0
 20
6404462.0
 10
305656.0
 20
6404461.86
 10
305655.33
 20
6404464.0
 10
305654.0
 20
6404466.0
 10
305652.0
 20
6404466.83
 10
305650.6
 20
6404468.0
 10
305648.0
 20
6404469.27
 10
305646.0
 20
6404472.37
 10
305644.0
 20
6404473.82
 10
305642.0
 20
6404474.57
 10
305640.57
 20
6404476.0
 10
305638.44
 20
6404480.0
 10
305637.28
 20
6404486.0
 10
305636.0
 20
6404488.0
 10
305635.56
 20
6404494.0
 10
305635.0
 20
6404496.0
 10
305633.93
 20
6404498.0
 10
305632.0
 20
6404498.66
 10
305630.0
 20
6404498.73
 10
305628.0
 20
6404498.74
 10
305624.0
 20
6404497.77
 10
305620.0
 20
6404498.14
 10
305616.0
 20
6404496.27
 10
305610.0
 20
6404497.85
 10
305606.0
 20
6404499.61
 10
305600.8
 20
6404500.0
 10
305598.0
 20
6404501.45
 10
305596.0
 20
6404501.92
 10
305594.0
 20
6404501.88
 10
305592.0
 20
6404500.88
 10
305588.04
 20
6404500.0
 10
305586.0
 20
6404498.79
 10
305584.0
 20
6404498.63
 10
305582.0
 20
6404497.36
 10
305579.72
 20
6404498.0
 10
305577.56
 20
6404500.0
 10
305576.0
 20
6404500.83
 10
305572.0
 20
6404499.64
 10
305570.56
 20
6404500.0
 10
305571.87
 20
6404502.0
 10
305576.0
 20
6404505.53
 10
305577.48
 20
6404506.0
 10
305574.0
 20
6404508.52
 10
305572.69
 20
6404510.0
 10
305570.0
 20
6404511.65
 10
305568.0
 20
6404510.85
 10
305566.0
 20
6404510.54
 10
305564.03
 20
6404512.0
 10
305562.24
 20
6404514.0
 10
305556.96
 20
6404518.0
 10
305556.0
 20
6404518.2
 10
305554.0
 20
6404517.43
 10
305552.0
 20
6404517.11
 10
305550.0
 20
6404517.91
 10
305548.0
 20
6404518.03
 10
305544.0
 20
6404516.6
 10
305540.75
 20
6404516.0
 10
305538.0
 20
6404514.91
 10
305536.0
 20
6404513.7
 10
305526.0
 20
6404512.02
 10
305526.0
 20
6404506.63
 10
305528.4
 20
6404504.0
 10
305533.27
 20
6404500.0
 10
305534.0
 20
6404498.77
 10
305536.0
 20
6404497.36
 10
305538.93
 20
6404498.0
 10
305540.0
 20
6404499.2
 10
305542.0
 20
6404498.39
 10
305544.0
 20
6404496.53
 10
305546.0
 20
6404496.05
 10
305549.04
 20
6404494.0
 10
305553.3
 20
6404490.0
 10
305553.62
 20
6404488.0
 10
305552.0
 20
6404486.63
 10
305551.18
 20
6404484.0
 10
305551.29
 20
6404476.0
 10
305551.71
 20
6404474.0
 10
305554.0
 20
6404472.0
 10
305556.0
 20
6404470.87
 10
305563.08
 20
6404468.0
 10
305565.12
 20
6404466.0
 10
305564.8
 20
6404462.0
 10
305568.0
 20
6404458.64
 10
305570.0
 20
6404458.48
 10
305570.67
 20
6404458.0
 10
305570.9
 20
6404454.0
 10
305572.0
 20
6404452.43
 10
305574.0
 20
6404454.0
 10
305576.0
 20
6404452.29
 10
305578.0
 20
6404451.78
 10
305580.0
 20
6404450.67
 10
305582.0
 20
6404452.0
 10
305582.5
 20
6404454.0
 10
305581.69
 20
6404456.0
 10
305581.62
 20
6404458.0
 10
305582.0
 20
6404458.32
 10
305582.67
 20
6404456.0
 10
305584.0
 20
6404455.38
 10
305586.0
 20
6404456.56
 10
305588.0
 20
6404456.0
 10
305586.94
 20
6404454.0
 10
305587.0
 20
6404450.0
 10
305585.04
 20
6404448.0
 10
305585.78
 20
6404446.0
 10
305584.0
 20
6404442.2
 10
305582.0
 20
6404442.74
 10
305576.0
 20
6404442.38
 10
305572.0
 20
6404443.5
 10
305570.0
 20
6404446.77
 10
305564.0
 20
6404446.0
 10
305561.55
 20
6404444.0
 10
305560.0
 20
6404443.44
 10
305554.0
 20
6404441.91
 10
305552.0
 20
6404441.8
 10
305550.0
 20
6404439.51
 10
305546.0
 20
6404438.8
 10
305544.0
 20
6404438.91
 10
305542.0
 20
6404440.0
 10
305540.0
 20
6404438.55
 10
305539.82
 20
6404438.0
 10
305540.33
 20
6404436.0
 10
305540.0
 20
6404434.71
 10
305537.26
 20
6404432.0
 10
305534.0
 20
6404430.09
 10
305532.0
 20
6404429.96
 10
305530.0
 20
6404430.4
 10
305528.0
 20
6404430.22
 10
305524.0
 20
6404430.96
 10
305523.31
 20
6404432.0
 10
305523.35
 20
6404434.0
 10
305522.0
 20
6404435.19
 10
305520.11
 20
6404436.0
 10
305518.0
 20
6404435.25
 10
305514.0
 20
6404435.44
 10
305512.0
 20
6404435.19
 10
305510.0
 20
6404435.46
 10
305507.79
 20
6404438.0
 10
305509.31
 20
6404440.0
 10
305508.0
 20
6404441.75
 10
305506.0
 20
6404442.39
 10
305504.0
 20
6404444.95
 10
305502.0
 20
6404446.12
 10
305498.0
 20
6404446.16
 10
305492.87
 20
6404448.0
 10
305490.0
 20
6404449.66
 10
305488.0
 20
6404449.25
 10
305480.0
 20
6404449.4
 10
305476.0
 20
6404447.7
 10
305471.67
 20
6404448.0
 10
305468.0
 20
6404449.65
 10
305466.5
 20
6404450.0
 10
305470.3
 20
6404456.0
 10
305474.12
 20
6404460.0
 10
305475.62
 20
6404462.0
 10
305480.0
 20
6404462.79
 10
305482.0
 20
6404463.56
 10
305482.58
 20
6404464.0
 10
305482.97
 20
6404466.0
 10
305484.0
 20
6404467.61
 10
305487.11
 20
6404470.0
 10
305486.12
 20
6404474.0
 10
305487.26
 20
6404476.0
 10
305487.45
 20
6404478.0
 10
305485.2
 20
6404480.0
 10
305484.79
 20
6404482.0
 10
305483.19
 20
6404486.0
 10
305483.14
 20
6404488.0
 10
305484.33
 20
6404492.0
 10
305484.0
 20
6404492.52
 10
305482.0
 20
6404493.52
 10
305481.03
 20
6404492.0
 10
305480.0
 20
6404491.28
 10
305478.0
 20
6404488.62
 10
305476.0
 20
6404488.59
 10
305474.59
 20
6404490.0
 10
305474.0
 20
6404492.53
 10
305471.11
 20
6404496.0
 10
305466.0
 20
6404497.76
 10
305464.0
 20
6404496.63
 10
305462.0
 20
6404496.16
 10
305460.0
 20
6404494.97
 10
305456.91
 20
6404494.0
 10
305456.0
 20
6404492.57
 10
305454.0
 20
6404491.85
 10
305450.55
 20
6404492.0
 10
305451.31
 20
6404494.0
 10
305450.0
 20
6404494.86
 10
305448.0
 20
6404492.86
 10
305446.0
 20
6404494.0
 10
305442.0
 20
6404495.04
 10
305440.0
 20
6404492.84
 10
305436.0
 20
6404490.79
 10
305434.0
 20
6404489.34
 10
305432.0
 20
6404489.49
 10
305431.42
 20
6404494.0
 10
305427.61
 20
6404500.0
 10
305426.0
 20
6404501.48
 10
305416.0
 20
6404501.9
 10
305414.0
 20
6404501.62
 10
305412.0
 20
6404500.56
 10
305408.0
 20
6404503.9
 10
305406.0
 20
6404504.49
 10
305404.0
 20
6404506.21
 10
305396.0
 20
6404509.22
 10
305394.0
 20
6404509.57
 10
305392.0
 20
6404508.65
 10
305390.0
 20
6404508.55
 10
305388.46
 20
6404508.0
  0
LWPOLYLINE
  5
307
330
17
100
AcDbEntity
  8
HOJDKURVOR_GRUND
100
AcDbPolyline
 90
41
 70
0
 10
305376.0
 20
6404501.77
 10
305370.0
 20
6404500.96
 10
305368.0
 20
6404501.51
 10
305366.0
 20
6404503.1
 10
305362.8
 20
6404502.0
 10
305360.0
 20
6404499.96
 10
305358.0
 20
6404501.78
 10
305356.0
 20
6404502.58
 10
305350.0
 20
6404502.81
 10
305346.0
 20
6404504.72
 10
305344.0
 20
6404505.1
 10
305342.39
 20
6404506.0
 10
305342.0
 20
6404506.62
 10
305338.0
 20
6404507.77
 10
305336.0
 20
6404507.63
 10
305334.0
 20
6404508.19
 10
305330.0
 20
6404508.25
 10
305328.0
 20
6404509.22
 10
305324.0
 20
6404509.56
 10
305322.0
 20
6404508.96
 10
305320.27
 20
6404508.0
 10
305320.55
 20
6404506.0
 10
305322.23
 20
6404504.0
 10
305322.0
 20
6404501.88
 10
305320.0
 20
6404501.08
 10
305318.0
 20
6404501.04
 10
305316.0
 20
6404501.71
 10
305312.0
 20
6404501.18
 10
305310.62
 20
6404500.0
 10
305310.0
 20
6404498.94
 10
305308.0
 20
6404498.31
 10
305306.0
 20
6404498.77
 10
305304.0
 20
6404498.18
 10
305302.0
 20
6404496.59
 10
305299.49
 20
6404496.0
 10
305298.0
 20
6404495.17
 10
305296.0
 20
6404494.86
 10
305290.97
 20
6404492.0
 10
305287.09
 20
6404488.0
 10
305286.0
 20
6404486.29
 10
305284.0
 20
6404484.9
  0
LWPOLYLINE
  5
308
330
17
100
AcDbEntity
  8
HOJDKURVOR_GRUND
100
AcDbPolyline
 90
5
 70
0
 10
305272.0
 20
6404479.48
 10
305269.96
 20
6404476.0
 10
305261.83
 20
6404468.0
 10
305256.94
 20
6404464.0
 10
305254.0
 20
6404459.0
  0
LWPOLYLINE
  5
309
330
17
100
AcDbEntity
  8
HOJDKURVOR_GRUND
100
AcDbPolyline
 90
70
 70
0
 10
305243.56
 20
6404448.0
 10
305238.87
 20
6404444.0
 10
305238.0
 20
6404443.52
 10
305236.0
 20
6404443.61
 10
305232.0
 20
6404440.17
 10
305228.0
 20
6404440.06
 10
305226.0
 20
6404439.58
 10
305224.0
 20
6404440.0
 10
305222.0
 20
6404439.46
 10
305219.0
 20
6404434.0
 10
305218.77
 20
6404432.0
 10
305219.1
 20
6404430.0
 10
305220.0
 20
6404428.48
 10
305224.82
 20
6404428.0
 10
305224.82
 20
6404426.0
 10
305223.83
 20
6404424.0
 10
305224.59
 20
6404422.0
 10
305224.0
 20
6404418.75
 10
305223.08
 20
6404416.0
 10
305221.6
 20
6404414.0
 10
305222.03
 20
6404412.0
 10
305219.67
 20
6404410.0
 10
305219.28
 20
6404408.0
 10
305216.0
 20
6404400.26
 10
305215.14
 20
6404400.0
 10
305214.11
 20
6404398.0
 10
305212.2
 20
6404396.0
 10
305212.0
 20
6404395.4
 10
305210.0
 20
6404395.64
 10
305208.64
 20
6404392.0
 10
305206.0
 20
6404388.3
 10
305204.0
 20
6404386.77
 10
305200.0
 20
6404386.48
 10
305198.0
 20
6404387.32
 10
305196.0
 20
6404387.5
 10
305190.0
 20
6404385.36
 10
305188.0
 20
6404385.13
 10
305184.06
 20
6404384.0
 10
305182.0
 20
6404380.57
 10
305180.0
 20
6404380.47
 10
305179.07
 20
6404380.0
 10
305178.78
 20
6404378.0
 10
305178.0
 20
6404376.74
 10
305176.0
 20
6404378.21
 10
305174.67
 20
6404378.0
 10
305173.5
 20
6404376.0
 10
305172.0
 20
6404374.8
 10
305171.73
 20
6404374.0
 10
305168.0
 20
6404372.96
 10
305166.0
 20
6404371.48
 10
305163.27
 20
6404368.0
 10
305162.21
 20
6404366.0
 10
305161.92
 20
6404364.0
 10
305162.13
 20
6404362.0
 10
305163.52
 20
6404358.0
 10
305166.0
 20
6404354.28
 10
305168.03
 20
6404352.0
 10
305167.48
 20
6404348.0
 10
305165.79
 20
6404346.0
 10
305165.19
 20
6404342.0
 10
305164.0
 20
6404340.59
 10
305162.35
 20
6404342.0
 10
305162.0
 20
6404342.8
 10
305161.71
 20
6404346.0
 10
305160.0
 20
6404348.0
 10
305158.96
 20
6404350.0
 10
305157.2
 20
6404352.0
 10
305154.0
 20
6404354.82
 10
305152.0
 20
6404355.07
 10
305150.0
 20
6404356.11
  0
LWPOLYLINE
  5
30A
330
17
100
AcDbEntity
  8
HOJDKURVOR_GRUND
100
AcDbPolyline
 90
49
 70
0
 10
305630.33
 20
6404580.0
 10
305630.0
 20
6404579.1
 10
305627.99
 20
6404578.0
 10
305630.0
 20
6404574.94
 10
305630.36
 20
6404574.0
 10
305630.0
 20
6404572.86
 10
305629.37
 20
6404572.0
 10
305628.0
 20
6404571.6
 10
305626.0
 20
6404571.81
 10
305624.0
 20
6404568.57
 10
305621.81
 20
6404568.0
 10
305621.07
 20
6404566.0
 10
305621.06
 20
6404564.0
 10
305623.13
 20
6404560.0
 10
305630.0
 20
6404552.33
 10
305634.19
 20
6404550.0
 10
305640.0
 20
6404548.21
 10
305642.0
 20
6404546.54
 10
305644.0
 20
6404545.38
 10
305648.0
 20
6404544.79
 10
305652.0
 20
6404542.34
 10
305654.33
 20
6404542.0
 10
305654.0
 20
6404540.0
 10
305654.93
 20
6404534.0
 10
305654.52
 20
6404530.0
 10
305653.89
 20
6404528.0
 10
305653.96
 20
6404526.0
 10
305656.0
 20
6404524.76
 10
305660.29
 20
6404524.0
 10
305662.0
 20
6404522.96
 10
305663.38
 20
6404522.0
 10
305665.23
 20
6404520.0
 10
305665.5
 20
6404518.0
 10
305666.0
 20
6404517.0
 10
305668.5
 20
6404516.0
 10
305667.85
 20
6404514.0
 10
305668.5
 20
6404512.0
 10
305668.13
 20
6404510.0
 10
305666.62
 20
6404508.0
 10
305667.68
 20
6404506.0
 10
305666.75
 20
6404504.0
 10
305667.71
 20
6404500.0
 10
305667.75
 20
6404494.0
 10
305670.0
 20
6404492.5
 10
305672.57
 20
6404490.0
 10
305674.0
 20
6404487.75
 10
305675.75
 20
6404486.0
 10
305678.0
 20
6404484.89
 10
305680.0
 20
6404482.0
  0
LWPOLYLINE
  5
30B
330
17
100
AcDbEntity
  8
HOJDKURVOR_GRUND
100
AcDbPolyline
 90
21
 70
0
 10
305150.0
 20
6404332.71
 10
305152.0
 20
6404332.4
 10
305154.0
 20
6404332.63
 10
305154.52
 20
6404332.0
 10
305154.93
 20
6404330.0
 10
305152.99
 20
6404326.0
 10
305153.46
 20
6404324.0
 10
305154.0
 20
6404323.6
 10
305156.74
 20
6404328.0
 10
305157.2
 20
6404330.0
 10
305158.0
 20
6404331.14
 10
305159.13
 20
6404334.0
 10
305159.51
 20
6404336.0
 10
305161.1
 20
6404338.0
 10
305160.51
 20
6404340.0
 10
305160.36
 20
6404342.0
 10
305160.81
 20
6404346.0
 10
305156.0
 20
6404352.46
 10
305154.0
 20
6404353.86
 10
305152.0
 20
6404353.82
 10
305150.0
 20
6404354.88
  0
LWPOLYLINE
  5
30C
330
17
100
AcDbEntity
  8
HOJDKURVOR_GRUND
100
AcDbPolyline
 90
6
 70
0
 10
305680.0
 20
6404452.91
 10
305670.0
 20
6404449.97
 10
305668.0
 20
6404452.12
 10
305665.94
 20
6404452.0
 10
305664.0
 20
6404453.74
 10
305662.0
 20
6404453.92
  0
LWPOLYLINE
  5
30D
330
17
100
AcDbEntity
  8
HOJDKURVOR_GRUND
100
AcDbPolyline
 90
270
 70
0
 10
305658.0
 20
6404457.78
 10
305655.33
 20
6404458.0
 10
305654.0
 20
6404458.79
 10
305650.47
 20
6404456.0
 10
305650.0
 20
6404454.48
 10
305649.45
 20
6404454.0
 10
305648.55
 20
6404452.0
 10
305648.0
 20
6404450.14
 10
305646.0
 20
6404451.08
 10
305644.0
 20
6404451.5
 10
305640.0
 20
6404451.33
 10
305638.0
 20
6404452.59
 10
305636.0
 20
6404453.2
 10
305634.77
 20
6404454.0
 10
305634.0
 20
6404455.43
 10
305630.67
 20
6404454.0
 10
305630.0
 20
6404452.0
 10
305631.62
 20
6404450.0
 10
305631.5
 20
6404448.0
 10
305630.1
 20
6404444.0
 10
305629.85
 20
6404442.0
 10
305626.69
 20
6404436.0
 10
305627.29
 20
6404434.0
 10
305626.67
 20
6404428.0
 10
305626.0
 20
6404427.65
 10
305622.0
 20
6404427.1
 10
305620.0
 20
6404424.6
 10
305616.0
 20
6404425.44
 10
305614.0
 20
6404426.48
 10
305609.46
 20
6404428.0
 10
305608.0
 20
6404429.36
 10
305606.0
 20
6404429.44
 10
305604.0
 20
6404429.0
 10
305602.0
 20
6404429.36
 10
305600.0
 20
6404430.58
 10
305598.0
 20
6404431.25
 10
305592.0
 20
6404433.09
 10
305590.0
 20
6404433.36
 10
305588.77
 20
6404434.0
 10
305588.0
 20
6404434.81
 10
305584.0
 20
6404435.16
 10
305582.0
 20
6404433.88
 10
305580.0
 20
6404434.82
 10
305578.0
 20
6404435.18
 10
305576.0
 20
6404433.59
 10
305574.2
 20
6404434.0
 10
305565.26
 20
6404442.0
 10
305564.0
 20
6404442.66
 10
305558.0
 20
6404441.58
 10
305548.0
 20
6404436.93
 10
305546.0
 20
6404436.58
 10
305544.0
 20
6404437.22
 10
305542.22
 20
6404436.0
 10
305543.05
 20
6404434.0
 10
305542.4
 20
6404432.0
 10
305540.75
 20
6404430.0
 10
305540.0
 20
6404429.52
 10
305538.0
 20
6404428.83
 10
305536.0
 20
6404429.11
 10
305532.0
 20
6404427.94
 10
305528.0
 20
6404428.0
 10
305524.0
 20
6404428.78
 10
305522.0
 20
6404429.63
 10
305518.8
 20
6404434.0
 10
305514.0
 20
6404434.8
 10
305511.7
 20
6404434.0
 10
305510.0
 20
6404432.95
 10
305506.0
 20
6404435.14
 10
305504.94
 20
6404436.0
 10
305505.98
 20
6404440.0
 10
305504.0
 20
6404443.1
 10
305502.0
 20
6404444.42
 10
305498.0
 20
6404444.16
 10
305496.0
 20
6404445.11
 10
305494.0
 20
6404446.55
 10
305492.0
 20
6404446.9
 10
305490.0
 20
6404447.97
 10
305488.0
 20
6404448.33
 10
305480.0
 20
6404448.62
 10
305478.0
 20
6404447.09
 10
305476.0
 20
6404446.33
 10
305470.0
 20
6404445.96
 10
305468.0
 20
6404446.2
 10
305466.0
 20
6404445.91
 10
305464.0
 20
6404447.04
 10
305460.0
 20
6404447.48
 10
305458.0
 20
6404448.75
 10
305457.13
 20
6404450.0
 10
305460.0
 20
6404450.93
 10
305462.0
 20
6404452.15
 10
305464.0
 20
6404454.2
 10
305466.0
 20
6404454.88
 10
305468.0
 20
6404457.25
 10
305472.0
 20
6404459.79
 10
305474.17
 20
6404462.0
 10
305476.0
 20
6404462.99
 10
305480.0
 20
6404463.55
 10
305480.98
 20
6404464.0
 10
305482.0
 20
6404467.36
 10
305484.57
 20
6404472.0
 10
305485.2
 20
6404476.0
 10
305485.05
 20
6404478.0
 10
305484.0
 20
6404479.12
 10
305482.0
 20
6404479.46
 10
305480.0
 20
6404481.84
 10
305478.0
 20
6404482.48
 10
305476.0
 20
6404482.67
 10
305474.0
 20
6404483.53
 10
305472.0
 20
6404485.02
 10
305468.3
 20
6404492.0
 10
305466.0
 20
6404494.16
 10
305464.0
 20
6404494.71
 10
305462.0
 20
6404494.68
 10
305459.45
 20
6404494.0
 10
305459.7
 20
6404492.0
 10
305458.0
 20
6404490.87
 10
305456.0
 20
6404491.05
 10
305454.0
 20
6404489.37
 10
305452.0
 20
6404490.39
 10
305450.0
 20
6404489.38
 10
305448.73
 20
6404490.0
 10
305446.0
 20
6404492.41
 10
305444.0
 20
6404492.41
 10
305442.0
 20
6404493.43
 10
305440.5
 20
6404492.0
 10
305436.0
 20
6404490.21
 10
305432.0
 20
6404487.6
 10
305431.19
 20
6404488.0
 10
305430.34
 20
6404490.0
 10
305430.05
 20
6404494.0
 10
305426.38
 20
6404498.0
 10
305425.24
 20
6404500.0
 10
305422.0
 20
6404500.71
 10
305420.0
 20
6404500.04
 10
305418.0
 20
6404499.87
 10
305416.0
 20
6404500.6
 10
305414.0
 20
6404500.27
 10
305412.0
 20
6404499.21
 10
305410.0
 20
6404500.0
 10
305408.0
 20
6404502.17
 10
305402.0
 20
6404504.0
 10
305402.51
 20
6404506.0
 10
305402.0
 20
6404506.23
 10
305400.0
 20
6404506.14
 10
305398.0
 20
6404506.64
 10
305396.0
 20
6404507.84
 10
305390.0
 20
6404508.23
 10
305388.0
 20
6404507.03
 10
305386.0
 20
6404506.51
 10
305382.0
 20
6404504.04
 10
305376.0
 20
6404501.4
 10
305370.0
 20
6404499.87
 10
305368.0
 20
6404500.45
 10
305366.0
 20
6404501.71
 10
305364.86
 20
6404500.0
 10
305362.0
 20
6404499.17
 10
305360.28
 20
6404498.0
 10
305358.0
 20
6404497.97
 10
305358.21
 20
6404500.0
 10
305356.0
 20
6404500.93
 10
305348.0
 20
6404501.88
 10
305346.0
 20
6404503.4
 10
305340.0
 20
6404505.41
 10
305338.0
 20
6404506.7
 10
305330.0
 20
6404507.61
 10
305328.0
 20
6404508.49
 10
305326.0
 20
6404508.94
 10
305324.0
 20
6404508.97
 10
305321.51
 20
6404508.0
 10
305321.39
 20
6404506.0
 10
305322.61
 20
6404504.0
 10
305322.42
 20
6404502.0
 10
305322.0
 20
6404501.34
 10
305320.0
 20
6404500.61
 10
305314.0
 20
6404500.69
 10
305312.0
 20
6404500.39
 10
305310.0
 20
6404497.58
 10
305306.0
 20
6404498.36
 10
305304.81
 20
6404498.0
 10
305302.0
 20
6404496.11
 10
305300.0
 20
6404495.57
 10
305298.0
 20
6404494.09
 10
305296.0
 20
6404493.59
 10
305292.77
 20
6404492.0
 10
305292.0
 20
6404491.58
 10
305290.54
 20
6404490.0
 10
305288.98
 20
6404488.0
 10
305288.0
 20
6404486.0
 10
305285.95
 20
6404484.0
 10
305282.0
 20
6404481.52
 10
305280.0
 20
6404481.15
 10
305272.21
 20
6404476.0
 10
305268.0
 20
6404472.16
 10
305266.0
 20
6404469.68
 10
305264.0
 20
6404468.37
 10
305258.0
 20
6404463.13
 10
305255.5
 20
6404458.0
 10
305252.0
 20
6404454.63
 10
305249.75
 20
6404452.0
 10
305247.14
 20
6404448.0
 10
305244.0
 20
6404444.67
 10
305242.0
 20
6404444.0
 10
305240.0
 20
6404442.3
 10
305237.53
 20
6404442.0
 10
305232.0
 20
6404438.19
 10
305226.0
 20
6404438.53
 10
305224.0
 20
6404438.31
 10
305222.0
 20
6404437.35
 10
305220.03
 20
6404434.0
 10
305219.93
 20
6404432.0
 10
305220.56
 20
6404430.0
 10
305222.0
 20
6404429.08
 10
305224.0
 20
6404429.46
 10
305228.0
 20
6404431.26
 10
305229.26
 20
6404430.0
 10
305227.37
 20
6404426.0
 10
305226.77
 20
6404424.0
 10
305226.86
 20
6404422.0
 10
305225.83
 20
6404420.0
 10
305224.97
 20
6404416.0
 10
305223.82
 20
6404414.0
 10
305223.65
 20
6404412.0
 10
305222.0
 20
6404408.38
 10
305217.0
 20
6404400.0
 10
305216.4
 20
6404398.0
 10
305214.82
 20
6404396.0
 10
305214.48
 20
6404394.0
 10
305210.0
 20
6404388.38
 10
305208.0
 20
6404386.59
 10
305204.0
 20
6404382.0
 10
305200.0
 20
6404384.3
 10
305196.0
 20
6404385.46
 10
305194.0
 20
6404385.45
 10
305192.0
 20
6404384.58
 10
305187.2
 20
6404384.0
 10
305182.35
 20
6404378.0
 10
305187.27
 20
6404376.0
 10
305184.76
 20
6404374.0
 10
305182.0
 20
6404373.51
 10
305180.0
 20
6404372.16
 10
305178.0
 20
6404372.96
 10
305176.0
 20
6404372.42
 10
305172.0
 20
6404372.95
 10
305170.0
 20
6404372.53
 10
305168.0
 20
6404371.57
 10
305164.22
 20
6404368.0
 10
305163.26
 20
6404366.0
 10
305162.94
 20
6404364.0
 10
305163.18
 20
6404362.0
 10
305163.98
 20
6404360.0
 10
305164.34
 20
6404358.0
 10
305166.0
 20
6404355.56
 10
305168.0
 20
6404353.46
 10
305170.0
 20
6404351.66
 10
305172.0
 20
6404350.63
 10
305174.69
 20
6404348.0
 10
305176.11
 20
6404346.0
 10
305174.94
 20
6404344.0
 10
305174.88
 20
6404340.0
 10
305173.33
 20
6404338.0
 10
305172.74
 20
6404336.0
 10
305172.95
 20
6404334.0
 10
305174.32
 20
6404332.0
 10
305173.78
 20
6404326.0
 10
305173.0
 20
6404324.0
 10
305173.1
 20
6404322.0
 10
305174.14
 20
6404320.0
 10
305174.41
 20
6404316.0
 10
305176.47
 20
6404308.0
 10
305177.56
 20
6404300.0
  0
LWPOLYLINE
  5
30E
330
17
100
AcDbEntity
  8
HOJDKURVOR_GRUND
100
AcDbPolyline
 90
8
 70
0
 10
305680.0
 20
6404502.8
 10
305679.56
 20
6404502.0
 10
305678.0
 20
6404501.6
 10
305676.0
 20
6404499.74
 10
305674.66
 20
6404498.0
 10
305674.86
 20
6404496.0
 10
305678.29
 20
6404492.0
 10
305680.0
 20
6404490.8
  0
LWPOLYLINE
  5
30F
330
17
100
AcDbEntity
  8
HOJDKURVOR_GRUND
100
AcDbPolyline
 90
39
 70
0
 10
305631.2
 20
6404580.0
 10
305630.56
 20
6404578.0
 10
305630.78
 20
6404576.0
 10
305632.12
 20
6404572.0
 10
305626.0
 20
6404570.48
 10
305625.33
 20
6404568.0
 10
305624.34
 20
6404566.0
 10
305622.18
 20
6404564.0
 10
305623.8
 20
6404560.0
 10
305625.22
 20
6404558.0
 10
305630.0
 20
6404553.01
 10
305632.0
 20
6404552.17
 10
305634.0
 20
6404550.7
 10
305640.0
 20
6404548.7
 10
305642.0
 20
6404547.27
 10
305644.0
 20
6404546.8
 10
305648.0
 20
6404546.73
 10
305650.0
 20
6404545.95
 10
305652.0
 20
6404543.77
 10
305656.0
 20
6404544.21
 10
305656.59
 20
6404544.0
 10
305658.0
 20
6404542.4
 10
305659.44
 20
6404540.0
 10
305659.17
 20
6404538.0
 10
305658.0
 20
6404535.11
 10
305657.55
 20
6404532.0
 10
305656.7
 20
6404530.0
 10
305656.61
 20
6404528.0
 10
305657.36
 20
6404526.0
 10
305660.0
 20
6404525.51
 10
305666.0
 20
6404525.15
 10
305669.5
 20
6404526.0
 10
305672.0
 20
6404526.09
 10
305674.0
 20
6404524.75
 10
305676.43
 20
6404524.0
 10
305678.29
 20
6404522.0
 10
305677.2
 20
6404520.0
 10
305678.0
 20
6404518.57
 10
305680.0
 20
6404517.0
  0
LWPOLYLINE
  5
310
330
17
100
AcDbEntity
  8
HOJDKURVOR_STOD
100
AcDbPolyline
 90
13
 70
0
 10
305150.0
 20
6404334.22
 10
305152.0
 20
6404334.08
 10
305154.0
 20
6404334.59
 10
305156.0
 20
6404336.24
 10
305157.35
 20
6404338.0
 10
305158.3
 20
6404340.0
 10
305158.37
 20
6404342.0
 10
305159.35
 20
6404344.0
 10
305159.81
 20
6404346.0
 10
305156.0
 20
6404351.59
 10
305154.0
 20
6404352.95
 10
305152.0
 20
6404352.04
 10
305150.0
 20
6404352.92
  0
TEXT
  5
311
330
17
100
AcDbEntity
  8
HOJDKURVOR_TEXT
100
AcDbText
 10
305159.38313896017
 20
6404344.144082435
 30
0.0
 40
1.5
  1
5.0
 50
77.04723548605433
 72
1
 11
305159.38313896017
 21
6404344.144082435
 31
0.0
100
AcDbText
 73
2
  0
LWPOLYLINE
  5
312
330
17
100
AcDbEntity
  8
HOJDKURVOR_STOD
100
AcDbPolyline
 90
370
 70
0
 10
305680.0
 20
6404451.86
 10
305672.0
 20
6404449.26
 10
305670.0
 20
6404449.32
 10
305668.0
 20
6404451.29
 10
305663.73
 20
6404452.0
 10
305658.0
 20
6404457.1
 10
305654.0
 20
6404457.81
 10
305651.73
 20
6404456.0
 10
305650.43
 20
6404454.0
 10
305650.16
 20
6404452.0
 10
305648.4
 20
6404450.0
 10
305648.0
 20
6404448.93
 10
305644.77
 20
6404448.0
 10
305644.0
 20
6404446.57
 10
305640.0
 20
6404445.79
 10
305638.0
 20
6404446.0
 10
305636.0
 20
6404445.48
 10
305634.0
 20
6404444.48
 10
305633.63
 20
6404444.0
 10
305632.61
 20
6404440.0
 10
305630.0
 20
6404435.0
 10
305630.0
 20
6404432.4
 10
305631.31
 20
6404430.0
 10
305630.06
 20
6404426.0
 10
305626.81
 20
6404424.0
 10
305627.2
 20
6404422.0
 10
305624.89
 20
6404420.0
 10
305624.0
 20
6404418.77
 10
305622.0
 20
6404418.4
 10
305620.1
 20
6404422.0
 10
305616.88
 20
6404424.0
 10
305614.0
 20
6404424.99
 10
305612.0
 20
6404426.24
 10
305608.0
 20
6404426.45
 10
305604.0
 20
6404425.52
 10
305600.0
 20
6404429.35
 10
305598.0
 20
6404430.35
 10
305590.0
 20
6404432.51
 10
305588.0
 20
6404433.49
 10
305586.0
 20
6404433.98
 10
305584.0
 20
6404433.94
 10
305582.0
 20
6404433.14
 10
305578.0
 20
6404433.83
 10
305576.44
 20
6404432.0
 10
305573.38
 20
6404430.0
 10
305572.0
 20
6404428.2
 10
305570.0
 20
6404427.43
 10
305568.22
 20
6404430.0
 10
305568.0
 20
6404430.8
 10
305564.0
 20
6404431.43
 10
305564.0
 20
6404432.5
 10
305565.33
 20
6404434.0
 10
305564.0
 20
6404436.0
 10
305566.0
 20
6404437.43
 10
305566.24
 20
6404438.0
 10
305564.0
 20
6404440.0
 10
305562.0
 20
6404440.51
 10
305560.0
 20
6404440.6
 10
305558.0
 20
6404440.09
 10
305552.0
 20
6404437.27
 10
305550.03
 20
6404436.0
 10
305550.16
 20
6404434.0
 10
305552.0
 20
6404432.95
 10
305554.0
 20
6404430.76
 10
305558.52
 20
6404430.0
 10
305554.0
 20
6404429.71
 10
305552.0
 20
6404429.16
 10
305551.28
 20
6404428.0
 10
305552.0
 20
6404425.88
 10
305548.91
 20
6404424.0
 10
305548.0
 20
6404423.11
 10
305544.0
 20
6404423.82
 10
305542.0
 20
6404425.29
 10
305536.0
 20
6404425.78
 10
305534.0
 20
6404427.02
 10
305532.0
 20
6404426.38
 10
305530.0
 20
6404424.86
 10
305528.0
 20
6404424.29
 10
305526.0
 20
6404424.48
 10
305524.0
 20
6404426.28
 10
305522.0
 20
6404427.31
 10
305520.0
 20
6404425.06
 10
305518.0
 20
6404424.45
 10
305516.0
 20
6404425.06
 10
305514.55
 20
6404426.0
 10
305517.29
 20
6404432.0
 10
305514.67
 20
6404434.0
 10
305514.0
 20
6404434.17
 10
305511.04
 20
6404432.0
 10
305510.0
 20
6404430.34
 10
305508.0
 20
6404429.33
 10
305506.0
 20
6404429.08
 10
305502.0
 20
6404430.06
 10
305498.0
 20
6404428.13
 10
305494.0
 20
6404429.46
 10
305488.0
 20
6404429.61
 10
305486.17
 20
6404430.0
 10
305486.52
 20
6404432.0
 10
305488.0
 20
6404433.28
 10
305490.0
 20
6404433.92
 10
305492.0
 20
6404432.77
 10
305496.0
 20
6404434.7
 10
305497.17
 20
6404436.0
 10
305500.0
 20
6404437.5
 10
305502.0
 20
6404438.16
 10
305504.0
 20
6404438.19
 10
305504.87
 20
6404440.0
 10
305504.0
 20
6404441.26
 10
305502.0
 20
6404442.71
 10
305498.0
 20
6404442.39
 10
305496.0
 20
6404441.47
 10
305495.27
 20
6404442.0
 10
305494.97
 20
6404444.0
 10
305494.0
 20
6404444.82
 10
305492.0
 20
6404445.35
 10
305490.0
 20
6404446.52
 10
305487.0
 20
6404446.0
 10
305490.0
 20
6404442.85
 10
305492.0
 20
6404442.0
 10
305494.17
 20
6404440.0
 10
305492.0
 20
6404439.63
 10
305488.0
 20
6404437.6
 10
305486.0
 20
6404439.22
 10
305483.62
 20
6404442.0
 10
305482.0
 20
6404443.36
 10
305480.31
 20
6404444.0
 10
305481.55
 20
6404446.0
 10
305480.0
 20
6404447.26
 10
305478.0
 20
6404445.45
 10
305476.0
 20
6404444.77
 10
305474.0
 20
6404445.06
 10
305470.0
 20
6404444.87
 10
305468.0
 20
6404444.0
 10
305466.0
 20
6404443.84
 10
305462.0
 20
6404445.73
 10
305460.0
 20
6404445.19
 10
305458.0
 20
6404444.11
 10
305456.0
 20
6404443.79
 10
305454.0
 20
6404444.87
 10
305449.56
 20
6404446.0
 10
305448.33
 20
6404448.0
 10
305448.0
 20
6404450.4
 10
305450.0
 20
6404453.0
 10
305450.36
 20
6404452.0
 10
305452.0
 20
6404451.36
 10
305452.56
 20
6404452.0
 10
305452.57
 20
6404454.0
 10
305454.91
 20
6404456.0
 10
305456.0
 20
6404456.43
 10
305458.0
 20
6404459.68
 10
305462.0
 20
6404460.61
 10
305464.0
 20
6404460.05
 10
305466.0
 20
6404460.29
 10
305468.0
 20
6404460.98
 10
305470.0
 20
6404460.96
 10
305474.0
 20
6404463.06
 10
305478.0
 20
6404464.15
 10
305480.0
 20
6404466.0
 10
305481.76
 20
6404470.0
 10
305482.11
 20
6404472.0
 10
305483.33
 20
6404474.0
 10
305484.0
 20
6404476.0
 10
305482.0
 20
6404477.16
 10
305479.52
 20
6404478.0
 10
305478.0
 20
6404479.07
 10
305476.0
 20
6404478.0
 10
305474.0
 20
6404477.68
 10
305473.06
 20
6404480.0
 10
305472.71
 20
6404482.0
 10
305472.0
 20
6404482.4
 10
305470.88
 20
6404484.0
 10
305470.0
 20
6404486.09
 10
305468.0
 20
6404488.42
 10
305466.0
 20
6404489.0
 10
305464.0
 20
6404491.54
 10
305463.2
 20
6404490.0
 10
305463.06
 20
6404488.0
 10
305466.0
 20
6404485.93
 10
305467.02
 20
6404484.0
 10
305466.0
 20
6404482.62
 10
305464.0
 20
6404484.13
 10
305462.0
 20
6404485.0
 10
305460.0
 20
6404485.26
 10
305458.0
 20
6404484.0
 10
305457.24
 20
6404486.0
 10
305459.94
 20
6404488.0
 10
305458.0
 20
6404489.2
 10
305456.0
 20
6404489.95
 10
305454.0
 20
6404488.1
 10
305452.0
 20
6404487.79
 10
305450.0
 20
6404488.19
 10
305446.0
 20
6404490.36
 10
305442.0
 20
6404491.5
 10
305438.0
 20
6404490.58
 10
305436.0
 20
6404489.57
 10
305432.0
 20
6404486.77
 10
305430.0
 20
6404487.59
 10
305428.0
 20
6404487.62
 10
305426.76
 20
6404488.0
 10
305425.87
 20
6404490.0
 10
305428.0
 20
6404490.88
 10
305428.39
 20
6404492.0
 10
305426.0
 20
6404494.74
 10
305423.48
 20
6404496.0
 10
305423.2
 20
6404498.0
 10
305422.0
 20
6404498.83
 10
305419.63
 20
6404498.0
 10
305419.33
 20
6404496.0
 10
305418.35
 20
6404494.0
 10
305418.9
 20
6404492.0
 10
305420.29
 20
6404490.0
 10
305420.0
 20
6404489.2
 10
305418.0
 20
6404489.54
 10
305415.68
 20
6404492.0
 10
305412.33
 20
6404494.0
 10
305412.0
 20
6404495.56
 10
305408.8
 20
6404496.0
 10
305412.0
 20
6404497.0
 10
305412.33
 20
6404498.0
 10
305408.0
 20
6404498.83
 10
305406.0
 20
6404500.75
 10
305402.0
 20
6404502.57
 10
305400.0
 20
6404503.09
 10
305398.59
 20
6404504.0
 10
305396.0
 20
6404506.47
 10
305394.0
 20
6404506.98
 10
305390.0
 20
6404507.57
 10
305388.0
 20
6404506.38
 10
305386.0
 20
6404506.04
 10
305382.0
 20
6404503.45
 10
305380.0
 20
6404502.87
 10
305378.0
 20
6404501.67
 10
305374.0
 20
6404500.59
 10
305372.0
 20
6404499.71
 10
305370.0
 20
6404499.31
 10
305366.0
 20
6404499.52
 10
305364.0
 20
6404499.1
 10
305362.0
 20
6404497.9
 10
305358.0
 20
6404497.25
 10
305356.0
 20
6404497.62
 10
305354.0
 20
6404499.59
 10
305352.0
 20
6404500.35
 10
305350.0
 20
6404500.58
 10
305348.0
 20
6404500.36
 10
305346.0
 20
6404501.12
 10
305344.0
 20
6404501.0
 10
305340.86
 20
6404504.0
 10
305338.0
 20
6404505.58
 10
305330.0
 20
6404506.96
 10
305326.0
 20
6404508.3
 10
305324.0
 20
6404508.38
 10
305322.97
 20
6404508.0
 10
305322.3
 20
6404506.0
 10
305322.99
 20
6404504.0
 10
305322.77
 20
6404502.0
 10
305322.0
 20
6404500.8
 10
305318.0
 20
6404499.82
 10
305316.0
 20
6404497.85
 10
305314.0
 20
6404498.76
 10
305312.0
 20
6404498.86
 10
305311.57
 20
6404498.0
 10
305310.0
 20
6404496.54
 10
305306.0
 20
6404497.92
 10
305304.0
 20
6404497.14
 10
305302.0
 20
6404495.64
 10
305300.0
 20
6404494.99
 10
305298.0
 20
6404493.3
 10
305292.0
 20
6404490.42
 10
305288.0
 20
6404484.59
 10
305286.0
 20
6404482.58
 10
305284.0
 20
6404481.38
 10
305280.0
 20
6404480.02
 10
305277.67
 20
6404478.0
 10
305276.63
 20
6404476.0
 10
305278.11
 20
6404474.0
 10
305278.0
 20
6404471.64
 10
305276.0
 20
6404472.29
 10
305273.33
 20
6404470.0
 10
305270.0
 20
6404468.29
 10
305267.38
 20
6404466.0
 10
305265.8
 20
6404464.0
 10
305263.0
 20
6404462.0
 10
305259.86
 20
6404458.0
 10
305259.58
 20
6404456.0
 10
305258.46
 20
6404454.0
 10
305256.0
 20
6404451.79
 10
305254.0
 20
6404451.21
 10
305251.24
 20
6404448.0
 10
305250.0
 20
6404446.0
 10
305248.0
 20
6404444.96
 10
305245.4
 20
6404442.0
 10
305242.75
 20
6404438.0
 10
305240.0
 20
6404436.21
 10
305238.06
 20
6404434.0
 10
305237.5
 20
6404432.0
 10
305233.72
 20
6404426.0
 10
305233.6
 20
6404424.0
 10
305232.0
 20
6404420.62
 10
305230.0
 20
6404418.84
 10
305228.0
 20
6404419.1
 10
305227.44
 20
6404418.0
 10
305227.28
 20
6404416.0
 10
305226.15
 20
6404414.0
 10
305225.53
 20
6404412.0
 10
305224.0
 20
6404410.14
 10
305223.19
 20
6404408.0
 10
305218.07
 20
6404400.0
 10
305217.56
 20
6404398.0
 10
305216.36
 20
6404396.0
 10
305216.0
 20
6404392.76
 10
305214.0
 20
6404390.0
 10
305211.65
 20
6404388.0
 10
305211.53
 20
6404386.0
 10
305210.0
 20
6404383.64
 10
305208.0
 20
6404382.36
 10
305204.16
 20
6404378.0
 10
305202.0
 20
6404376.88
 10
305200.0
 20
6404376.74
 10
305199.21
 20
6404378.0
 10
305200.34
 20
6404380.0
 10
305200.0
 20
6404380.91
 10
305197.5
 20
6404382.0
 10
305196.0
 20
6404383.2
 10
305194.0
 20
6404383.85
 10
305192.0
 20
6404383.28
 10
305188.0
 20
6404382.85
 10
305185.61
 20
6404380.0
 10
305186.0
 20
6404379.19
 10
305187.0
 20
6404378.0
 10
305188.0
 20
6404377.45
 10
305193.64
 20
6404376.0
 10
305188.0
 20
6404374.71
 10
305186.0
 20
6404373.02
 10
305182.0
 20
6404372.72
 10
305180.0
 20
6404371.45
 10
305178.0
 20
6404371.79
 10
305176.0
 20
6404371.32
 10
305172.0
 20
6404371.78
 10
305168.0
 20
6404370.38
 10
305165.2
 20
6404368.0
 10
305163.96
 20
6404364.0
 10
305164.2
 20
6404362.0
 10
305165.03
 20
6404358.0
 10
305166.0
 20
6404356.65
 10
305170.0
 20
6404352.84
 10
305172.0
 20
6404351.61
 10
305177.89
 20
6404346.0
 10
305177.74
 20
6404344.0
 10
305178.0
 20
6404343.29
 10
305180.0
 20
6404341.81
 10
305182.0
 20
6404343.33
 10
305184.0
 20
6404344.27
 10
305184.59
 20
6404344.0
 10
305185.44
 20
6404342.0
 10
305184.61
 20
6404340.0
 10
305182.24
 20
6404338.0
 10
305180.0
 20
6404336.78
 10
305178.0
 20
6404337.88
 10
305176.22
 20
6404336.0
 10
305176.8
 20
6404334.0
 10
305176.44
 20
6404332.0
 10
305177.36
 20
6404324.0
 10
305178.0
 20
6404322.0
 10
305180.0
 20
6404320.5
 10
305180.24
 20
6404320.0
 10
305180.52
 20
6404312.0
 10
305182.24
 20
6404306.0
 10
305181.19
 20
6404304.0
 10
305181.24
 20
6404302.0
 10
305181.93
 20
6404300.0
  0
TEXT
  5
313
330
17
100
AcDbEntity
  8
HOJDKURVOR_TEXT
100
AcDbText
 10
305637.4149528128
 20
6404445.847887731
 30
0.0
 40
1.5
  1
5.0
 50
14.57421618604306
 72
1
 11
305637.4149528128
 21
6404445.847887731
 31
0.0
100
AcDbText
 73
2
  0
TEXT
  5
314
330
17
100
AcDbEntity
  8
HOJDKURVOR_TEXT
100
AcDbText
 10
305564.3260366214
 20
6404431.378649232
 30
0.0
 40
1.5
  1
5.0
 50
351.0494413453304
 72
1
 11
305564.3260366214
 21
6404431.378649232
 31
0.0
100
AcDbText
 73
2
  0
TEXT
  5
315
330
17
100
AcDbEntity
  8
HOJDKURVOR_TEXT
100
AcDbText
 10
305512.12829262624
 20
6404432.797836148
 30
0.0
 40
1.5
  1
5.0
 50
36.245445209712585
 72
1
 11
305512.12829262624
 21
6404432.797836148
 31
0.0
100
AcDbText
 73
2
  0
TEXT
  5
316
330
17
100
AcDbEntity
  8
HOJDKURVOR_TEXT
100
AcDbText
 10
305480.3722972804
 20
6404446.95735834
 30
0.0
 40
1.5
  1
5.0
 50
320.8922276220834
 72
1
 11
305480.3722972804
 21
6404446.95735834
 31
0.0
100
AcDbText
 73
2
  0
TEXT
  5
317
330
17
100
AcDbEntity
  8
HOJDKURVOR_TEXT
100
AcDbText
 10
305472.8770830305
 20
6404481.045239826
 30
0.0
 40
1.5
  1
5.0
 50
279.92624550600453
 72
1
 11
305472.8770830305
 21
6404481.045239826
 31
0.0
100
AcDbText
 73
2
  0
TEXT
  5
318
330
17
100
AcDbEntity
  8
HOJDKURVOR_TEXT
100
AcDbText
 10
305420.13099357695
 20
6404489.561361591
 30
0.0
 40
1.5
  1
5.0
 50
70.07441933886795
 72
1
 11
305420.13099357695
 21
6404489.561361591
 31
0.0
100
AcDbText
 73
2
  0
TEXT
  5
319
330
17
100
AcDbEntity
  8
HOJDKURVOR_TEXT
100
AcDbText
 10
305334.93248003855
 20
6404506.109147194
 30
0.0
 40
1.5
  1
5.0
 50
350.2127963361212
 72
1
 11
305334.93248003855
 21
6404506.109147194
 31
0.0
100
AcDbText
 73
2
  0
TEXT
  5
31A
330
17
100
AcDbEntity
  8
HOJDKURVOR_TEXT
100
AcDbText
 10
305260.41499592614
 20
6404458.707001179
 30
0.0
 40
1.5
  1
5.0
 50
51.86808632427446
 72
1
 11
305260.41499592614
 21
6404458.707001179
 31
0.0
100
AcDbText
 73
2
  0
TEXT
  5
31B
330
17
100
AcDbEntity
  8
HOJDKURVOR_TEXT
100
AcDbText
 10
305203.1310299807
 20
6404377.46645999
 30
0.0
 40
1.5
  1
5.0
 50
27.40757544043234
 72
1
 11
305203.1310299807
 21
6404377.46645999
 31
0.0
100
AcDbText
 73
2
  0
TEXT
  5
31C
330
17
100
AcDbEntity
  8
HOJDKURVOR_TEXT
100
AcDbText
 10
305184.8770148775
 20
6404343.324670876
 30
0.0
 40
1.5
  1
5.0
 50
-66.97450799203693
 72
1
 11
305184.8770148775
 21
6404343.324670876
 31
0.0
100
AcDbText
 73
2
  0
LWPOLYLINE
  5
31D
330
17
100
AcDbEntity
  8
HOJDKURVOR_STOD
100
AcDbPolyline
 90
40
 70
0
 10
305632.04
 20
6404580.0
 10
305631.6
 20
6404578.0
 10
305632.0
 20
6404576.0
 10
305634.22
 20
6404574.0
 10
305633.57
 20
6404572.0
 10
305634.0
 20
6404570.0
 10
305630.0
 20
6404570.4
 10
305627.78
 20
6404570.0
 10
305627.26
 20
6404568.0
 10
305627.44
 20
6404566.0
 10
305624.86
 20
6404564.0
 10
305624.0
 20
6404562.0
 10
305624.53
 20
6404560.0
 10
305625.77
 20
6404558.0
 10
305630.0
 20
6404553.69
 10
305632.0
 20
6404552.85
 10
305634.0
 20
6404551.3
 10
305636.82
 20
6404550.0
 10
305640.0
 20
6404549.18
 10
305642.0
 20
6404548.0
 10
305650.0
 20
6404548.94
 10
305652.0
 20
6404548.22
 10
305654.0
 20
6404546.53
 10
305656.0
 20
6404546.48
 10
305658.0
 20
6404545.49
 10
305660.0
 20
6404542.76
 10
305661.03
 20
6404542.0
 10
305662.64
 20
6404540.0
 10
305663.17
 20
6404538.0
 10
305662.0
 20
6404534.91
 10
305660.0
 20
6404531.25
 10
305659.44
 20
6404528.0
 10
305660.0
 20
6404527.65
 10
305664.0
 20
6404526.76
 10
305666.0
 20
6404526.81
 10
305668.0
 20
6404527.52
 10
305672.0
 20
6404527.51
 10
305674.0
 20
6404526.74
 10
305676.0
 20
6404527.45
 10
305680.0
 20
6404527.81
  0
TEXT
  5
31E
330
17
100
AcDbEntity
  8
HOJDKURVOR_TEXT
100
AcDbText
 10
305645.6645584521
 20
6404548.430585618
 30
0.0
 40
1.5
  1
5.0
 50
6.701525847624364
 72
1
 11
305645.6645584521
 21
6404548.430585618
 31
0.0
100
AcDbText
 73
2
  0
LWPOLYLINE
  5
31F
330
17
100
AcDbEntity
  8
HOJDKURVOR_GRUND
100
AcDbPolyline
 90
13
 70
0
 10
305150.0
 20
6404336.24
 10
305152.0
 20
6404336.29
 10
305154.55
 20
6404338.0
 10
305156.09
 20
6404340.0
 10
305154.6
 20
6404342.0
 10
305155.77
 20
6404344.0
 10
305157.88
 20
6404346.0
 10
305157.42
 20
6404348.0
 10
305156.51
 20
6404350.0
 10
305156.0
 20
6404350.68
 10
305154.0
 20
6404352.05
 10
305152.0
 20
6404351.06
 10
305150.0
 20
6404351.05
  0
LWPOLYLINE
  5
320
330
17
100
AcDbEntity
  8
HOJDKURVOR_GRUND
100
AcDbPolyline
 90
319
 70
0
 10
305680.0
 20
6404450.45
 10
305678.0
 20
6404450.42
 10
305676.0
 20
6404449.89
 10
305672.0
 20
6404448.23
 10
305670.0
 20
6404448.68
 10
305668.0
 20
6404450.57
 10
305664.0
 20
6404451.36
 10
305662.94
 20
6404452.0
 10
305662.0
 20
6404452.72
 10
305660.0
 20
6404455.15
 10
305658.0
 20
6404456.41
 10
305656.0
 20
6404457.15
 10
305654.0
 20
6404457.36
 10
305652.4
 20
6404456.0
 10
305650.91
 20
6404454.0
 10
305650.64
 20
6404452.0
 10
305648.8
 20
6404450.0
 10
305648.11
 20
6404448.0
 10
305646.09
 20
6404446.0
 10
305646.08
 20
6404444.0
 10
305644.0
 20
6404441.71
 10
305641.75
 20
6404442.0
 10
305640.0
 20
6404440.0
 10
305638.0
 20
6404435.58
 10
305634.0
 20
6404430.71
 10
305633.08
 20
6404426.0
 10
305632.0
 20
6404424.26
 10
305630.0
 20
6404423.0
 10
305628.1
 20
6404420.0
 10
305626.18
 20
6404418.0
 10
305624.0
 20
6404417.49
 10
305621.49
 20
6404416.0
 10
305618.0
 20
6404414.69
 10
305616.0
 20
6404414.67
 10
305615.33
 20
6404416.0
 10
305616.25
 20
6404418.0
 10
305616.0
 20
6404420.0
 10
305614.0
 20
6404420.0
 10
305612.0
 20
6404418.8
 10
305610.0
 20
6404419.38
 10
305608.0
 20
6404416.93
 10
305606.0
 20
6404418.25
 10
305604.0
 20
6404417.2
 10
305602.67
 20
6404418.0
 10
305602.0
 20
6404419.0
 10
305601.83
 20
6404420.0
 10
305603.72
 20
6404422.0
 10
305603.48
 20
6404424.0
 10
305602.4
 20
6404426.0
 10
305600.49
 20
6404428.0
 10
305598.0
 20
6404429.43
 10
305596.0
 20
6404430.24
 10
305592.0
 20
6404431.08
 10
305586.0
 20
6404433.03
 10
305584.0
 20
6404433.0
 10
305582.0
 20
6404432.4
 10
305578.0
 20
6404432.1
 10
305574.0
 20
6404429.06
 10
305571.75
 20
6404426.0
 10
305570.67
 20
6404422.0
 10
305570.94
 20
6404420.0
 10
305570.54
 20
6404416.0
 10
305570.0
 20
6404414.53
 10
305566.0
 20
6404410.71
 10
305562.5
 20
6404408.0
 10
305561.62
 20
6404406.0
 10
305561.56
 20
6404404.0
 10
305560.0
 20
6404403.39
 10
305558.0
 20
6404404.0
 10
305556.0
 20
6404403.67
 10
305554.0
 20
6404404.42
 10
305550.0
 20
6404404.64
 10
305548.0
 20
6404405.22
 10
305546.0
 20
6404405.09
 10
305543.73
 20
6404408.0
 10
305548.0
 20
6404408.56
 10
305549.84
 20
6404410.0
 10
305554.0
 20
6404412.26
 10
305556.0
 20
6404414.15
 10
305560.0
 20
6404415.65
 10
305562.0
 20
6404418.0
 10
305563.2
 20
6404420.0
 10
305566.0
 20
6404421.07
 10
305568.11
 20
6404424.0
 10
305568.29
 20
6404426.0
 10
305567.4
 20
6404428.0
 10
305566.0
 20
6404428.91
 10
305562.0
 20
6404428.91
 10
305560.0
 20
6404429.29
 10
305554.0
 20
6404428.58
 10
305552.98
 20
6404428.0
 10
305553.31
 20
6404424.0
 10
305552.0
 20
6404422.45
 10
305548.0
 20
6404421.59
 10
305540.0
 20
6404424.44
 10
305538.0
 20
6404424.87
 10
305536.0
 20
6404424.71
 10
305534.0
 20
6404425.53
 10
305532.0
 20
6404424.96
 10
305530.79
 20
6404424.0
 10
305528.0
 20
6404423.06
 10
305524.0
 20
6404421.0
 10
305523.31
 20
6404420.0
 10
305522.0
 20
6404419.65
 10
305514.0
 20
6404424.26
 10
305512.0
 20
6404424.81
 10
305510.0
 20
6404425.95
 10
305506.0
 20
6404427.44
 10
305504.0
 20
6404427.95
 10
305502.0
 20
6404428.04
 10
305498.0
 20
6404426.63
 10
305494.0
 20
6404425.96
 10
305492.0
 20
6404426.83
 10
305490.0
 20
6404428.19
 10
305488.0
 20
6404428.69
 10
305486.0
 20
6404427.53
 10
305484.38
 20
6404428.0
 10
305484.0
 20
6404428.67
 10
305482.35
 20
6404430.0
 10
305483.73
 20
6404432.0
 10
305485.82
 20
6404434.0
 10
305486.0
 20
6404435.1
 10
305486.78
 20
6404436.0
 10
305486.0
 20
6404436.53
 10
305485.18
 20
6404438.0
 10
305483.09
 20
6404440.0
 10
305482.0
 20
6404441.82
 10
305480.0
 20
6404442.74
 10
305474.0
 20
6404443.93
 10
305472.0
 20
6404444.02
 10
305468.0
 20
6404443.07
 10
305464.0
 20
6404442.8
 10
305462.0
 20
6404444.38
 10
305460.6
 20
6404444.0
 10
305458.0
 20
6404442.5
 10
305454.0
 20
6404441.6
 10
305452.0
 20
6404439.92
 10
305448.0
 20
6404443.54
 10
305443.5
 20
6404444.0
 10
305442.0
 20
6404445.2
 10
305440.0
 20
6404448.0
 10
305435.43
 20
6404450.0
 10
305434.86
 20
6404452.0
 10
305436.5
 20
6404454.0
 10
305438.0
 20
6404454.44
 10
305442.0
 20
6404460.03
 10
305444.0
 20
6404460.15
 10
305446.0
 20
6404458.94
 10
305450.0
 20
6404458.29
 10
305452.0
 20
6404457.45
 10
305453.8
 20
6404458.0
 10
305454.0
 20
6404460.0
 10
305458.0
 20
6404462.03
 10
305460.0
 20
6404461.8
 10
305464.0
 20
6404462.17
 10
305466.0
 20
6404462.55
 10
305469.09
 20
6404464.0
 10
305468.0
 20
6404464.48
 10
305467.46
 20
6404466.0
 10
305464.58
 20
6404470.0
 10
305466.0
 20
6404472.62
 10
305468.0
 20
6404473.67
 10
305470.0
 20
6404474.18
 10
305470.71
 20
6404476.0
 10
305470.9
 20
6404478.0
 10
305470.0
 20
6404479.29
 10
305468.0
 20
6404480.67
 10
305466.0
 20
6404478.64
 10
305464.05
 20
6404482.0
 10
305462.0
 20
6404482.94
 10
305460.0
 20
6404482.86
 10
305456.0
 20
6404480.5
 10
305453.32
 20
6404482.0
 10
305453.29
 20
6404484.0
 10
305452.0
 20
6404484.75
 10
305450.0
 20
6404487.07
 10
305446.0
 20
6404489.24
 10
305444.0
 20
6404490.0
 10
305442.0
 20
6404490.25
 10
305438.0
 20
6404489.87
 10
305436.0
 20
6404488.9
 10
305434.0
 20
6404487.11
 10
305432.0
 20
6404485.94
 10
305428.0
 20
6404486.17
 10
305424.0
 20
6404487.56
 10
305420.0
 20
6404486.48
 10
305418.0
 20
6404487.33
 10
305414.0
 20
6404492.05
 10
305412.0
 20
6404493.22
 10
305408.0
 20
6404494.83
 10
305406.95
 20
6404496.0
 10
305406.63
 20
6404498.0
 10
305404.94
 20
6404500.0
 10
305404.0
 20
6404500.58
 10
305399.23
 20
6404502.0
 10
305398.0
 20
6404502.77
 10
305396.0
 20
6404505.11
 10
305394.0
 20
6404505.86
 10
305392.0
 20
6404506.12
 10
305386.0
 20
6404505.37
 10
305382.0
 20
6404502.86
 10
305380.0
 20
6404502.4
 10
305378.0
 20
6404501.13
 10
305373.7
 20
6404500.0
 10
305372.0
 20
6404498.84
 10
305366.0
 20
6404498.89
 10
305358.0
 20
6404496.53
 10
305356.0
 20
6404495.63
 10
305351.91
 20
6404496.0
 10
305352.44
 20
6404498.0
 10
305344.0
 20
6404499.31
 10
305342.0
 20
6404499.28
 10
305340.12
 20
6404500.0
 10
305341.09
 20
6404502.0
 10
305338.62
 20
6404504.0
 10
305336.0
 20
6404505.15
 10
305332.0
 20
6404505.63
 10
305326.0
 20
6404507.19
 10
305324.0
 20
6404507.22
 10
305323.39
 20
6404506.0
 10
305323.11
 20
6404502.0
 10
305322.0
 20
6404500.26
 10
305317.66
 20
6404498.0
 10
305314.98
 20
6404494.0
 10
305314.7
 20
6404492.0
 10
305313.28
 20
6404492.0
 10
305312.0
 20
6404493.22
 10
305311.85
 20
6404494.0
 10
305309.67
 20
6404496.0
 10
305308.0
 20
6404497.02
 10
305306.0
 20
6404497.37
 10
305300.0
 20
6404494.41
 10
305298.0
 20
6404492.55
 10
305292.0
 20
6404488.44
 10
305289.12
 20
6404484.0
 10
305286.0
 20
6404480.46
 10
305284.0
 20
6404479.86
 10
305282.96
 20
6404478.0
 10
305282.6
 20
6404476.0
 10
305282.0
 20
6404475.56
 10
305278.0
 20
6404468.31
 10
305274.0
 20
6404465.87
 10
305272.0
 20
6404463.76
 10
305268.0
 20
6404460.97
 10
305264.87
 20
6404458.0
 10
305264.0
 20
6404455.27
 10
305263.07
 20
6404454.0
 10
305260.12
 20
6404452.0
 10
305258.0
 20
6404451.31
 10
305256.0
 20
6404450.0
 10
305252.5
 20
6404444.0
 10
305248.0
 20
6404441.42
 10
305247.08
 20
6404440.0
 10
305246.67
 20
6404438.0
 10
305243.31
 20
6404436.0
 10
305241.42
 20
6404434.0
 10
305240.78
 20
6404432.0
 10
305238.0
 20
6404428.0
 10
305237.27
 20
6404424.0
 10
305236.03
 20
6404422.0
 10
305236.0
 20
6404419.5
 10
305234.0
 20
6404419.56
 10
305232.0
 20
6404418.26
 10
305228.0
 20
6404414.45
 10
305226.69
 20
6404412.0
 10
305225.12
 20
6404410.0
 10
305224.0
 20
6404406.0
 10
305222.0
 20
6404404.76
 10
305221.47
 20
6404404.0
 10
305219.26
 20
6404400.0
 10
305218.81
 20
6404398.0
 10
305217.41
 20
6404396.0
 10
305216.0
 20
6404391.19
 10
305214.93
 20
6404390.0
 10
305214.02
 20
6404388.0
 10
305213.76
 20
6404386.0
 10
305212.68
 20
6404384.0
 10
305212.0
 20
6404381.58
 10
305210.0
 20
6404378.86
 10
305208.0
 20
6404377.91
 10
305206.0
 20
6404375.78
 10
305202.0
 20
6404373.83
 10
305200.0
 20
6404373.21
 10
305192.0
 20
6404374.38
 10
305188.0
 20
6404372.96
 10
305186.0
 20
6404371.0
 10
305182.0
 20
6404371.88
 10
305180.0
 20
6404370.86
 10
305172.0
 20
6404370.22
 10
305168.0
 20
6404368.99
 10
305166.43
 20
6404368.0
 10
305166.05
 20
6404366.0
 10
305165.0
 20
6404364.0
 10
305165.32
 20
6404360.0
 10
305165.73
 20
6404358.0
 10
305167.42
 20
6404356.0
 10
305170.0
 20
6404353.84
 10
305172.0
 20
6404352.81
 10
305174.0
 20
6404350.42
 10
305178.0
 20
6404346.95
 10
305180.0
 20
6404346.36
 10
305182.0
 20
6404346.23
 10
305184.0
 20
6404346.55
 10
305186.0
 20
6404346.04
 10
305188.0
 20
6404344.0
 10
305188.54
 20
6404340.0
 10
305187.86
 20
6404338.0
 10
305186.0
 20
6404335.92
 10
305184.0
 20
6404336.33
 10
305182.27
 20
6404334.0
 10
305178.62
 20
6404332.0
 10
305180.0
 20
6404328.35
 10
305184.04
 20
6404324.0
 10
305184.12
 20
6404318.0
 10
305182.0
 20
6404314.0
 10
305183.18
 20
6404310.0
 10
305183.45
 20
6404306.0
 10
305182.97
 20
6404302.0
 10
305183.48
 20
6404300.0
  0
LWPOLYLINE
  5
321
330
17
100
AcDbEntity
  8
HOJDKURVOR_GRUND
100
AcDbPolyline
 90
52
 70
0
 10
305632.54
 20
6404580.0
 10
305632.75
 20
6404578.0
 10
305634.0
 20
6404576.49
 10
305635.48
 20
6404576.0
 10
305639.0
 20
6404574.0
 10
305638.47
 20
6404572.0
 10
305639.75
 20
6404570.0
 10
305638.0
 20
6404568.6
 10
305636.0
 20
6404569.2
 10
305632.0
 20
6404569.03
 10
305630.23
 20
6404568.0
 10
305630.44
 20
6404566.0
 10
305630.0
 20
6404565.41
 10
305627.28
 20
6404564.0
 10
305626.0
 20
6404563.06
 10
305625.28
 20
6404562.0
 10
305625.29
 20
6404560.0
 10
305626.47
 20
6404558.0
 10
305630.0
 20
6404554.35
 10
305632.0
 20
6404553.52
 10
305634.0
 20
6404551.91
 10
305638.0
 20
6404550.02
 10
305642.0
 20
6404549.04
 10
305644.0
 20
6404549.1
 10
305648.0
 20
6404550.27
 10
305650.55
 20
6404552.0
 10
305654.0
 20
6404554.94
 10
305656.0
 20
6404554.0
 10
305656.0
 20
6404551.67
 10
305653.86
 20
6404550.0
 10
305656.0
 20
6404549.67
 10
305658.0
 20
6404547.61
 10
305659.0
 20
6404548.0
 10
305660.0
 20
6404548.9
 10
305662.0
 20
6404548.25
 10
305664.0
 20
6404547.14
 10
305664.86
 20
6404544.0
 10
305666.0
 20
6404542.4
 10
305668.44
 20
6404542.0
 10
305670.47
 20
6404540.0
 10
305670.0
 20
6404538.0
 10
305667.6
 20
6404536.0
 10
305664.5
 20
6404532.0
 10
305665.43
 20
6404530.0
 10
305666.0
 20
6404529.53
 10
305668.0
 20
6404529.95
 10
305670.0
 20
6404529.12
 10
305672.0
 20
6404529.57
 10
305674.0
 20
6404528.82
 10
305676.0
 20
6404529.58
 10
305678.0
 20
6404529.14
 10
305680.0
 20
6404529.17
  0
LWPOLYLINE
  5
322
330
17
100
AcDbEntity
  8
HOJDKURVOR_GRUND
100
AcDbPolyline
 90
7
 70
0
 10
305150.0
 20
6404344.26
 10
305152.0
 20
6404344.24
 10
305155.65
 20
6404346.0
 10
305156.34
 20
6404348.0
 10
305155.49
 20
6404350.0
 10
305154.0
 20
6404350.85
 10
305150.0
 20
6404349.73
  0
LWPOLYLINE
  5
323
330
17
100
AcDbEntity
  8
HOJDKURVOR_GRUND
100
AcDbPolyline
 90
62
 70
0
 10
305680.0
 20
6404449.51
 10
305678.0
 20
6404449.56
 10
305676.0
 20
6404449.1
 10
305674.0
 20
6404448.56
 10
305672.0
 20
6404447.54
 10
305670.0
 20
6404448.03
 10
305668.0
 20
6404449.27
 10
305667.71
 20
6404450.0
 10
305664.0
 20
6404450.88
 10
305662.16
 20
6404452.0
 10
305660.0
 20
6404454.78
 10
305656.0
 20
6404456.78
 10
305654.0
 20
6404456.92
 10
305651.4
 20
6404454.0
 10
305651.13
 20
6404452.0
 10
305649.21
 20
6404450.0
 10
305648.9
 20
6404448.0
 10
305647.02
 20
6404446.0
 10
305647.96
 20
6404444.0
 10
305645.5
 20
6404442.0
 10
305645.73
 20
6404440.0
 10
305642.0
 20
6404437.3
 10
305640.79
 20
6404436.0
 10
305639.94
 20
6404434.0
 10
305638.39
 20
6404432.0
 10
305637.43
 20
6404430.0
 10
305637.27
 20
6404428.0
 10
305636.44
 20
6404426.0
 10
305636.0
 20
6404423.89
 10
305634.0
 20
6404422.19
 10
305632.0
 20
6404421.59
 10
305630.0
 20
6404420.29
 10
305627.44
 20
6404418.0
 10
305626.0
 20
6404417.32
 10
305624.0
 20
6404416.91
 10
305619.45
 20
6404414.0
 10
305617.78
 20
6404412.0
 10
305615.62
 20
6404408.0
 10
305614.0
 20
6404406.14
 10
305610.0
 20
6404403.44
 10
305608.76
 20
6404402.0
 10
305608.0
 20
6404401.59
 10
305606.0
 20
6404401.59
 10
305602.0
 20
6404399.68
 10
305600.0
 20
6404399.91
 10
305598.0
 20
6404399.44
 10
305596.0
 20
6404397.49
 10
305592.0
 20
6404395.83
 10
305590.0
 20
6404395.47
 10
305584.5
 20
6404396.0
 10
305586.4
 20
6404398.0
 10
305589.48
 20
6404404.0
 10
305590.9
 20
6404406.0
 10
305592.35
 20
6404410.0
 10
305592.7
 20
6404414.0
 10
305594.0
 20
6404416.91
 10
305596.8
 20
6404420.0
 10
305600.0
 20
6404420.56
 10
305601.48
 20
6404422.0
 10
305601.16
 20
6404426.0
 10
305600.0
 20
6404427.25
 10
305598.0
 20
6404428.5
  0
LWPOLYLINE
  5
324
330
17
100
AcDbEntity
  8
HOJDKURVOR_GRUND
100
AcDbPolyline
 90
289
 70
0
 10
305586.0
 20
6404432.08
 10
305583.77
 20
6404432.0
 10
305582.0
 20
6404430.85
 10
305580.0
 20
6404430.67
 10
305576.0
 20
6404429.42
 10
305574.21
 20
6404428.0
 10
305573.03
 20
6404426.0
 10
305571.78
 20
6404416.0
 10
305570.79
 20
6404414.0
 10
305568.76
 20
6404412.0
 10
305568.08
 20
6404410.0
 10
305566.46
 20
6404408.0
 10
305566.22
 20
6404406.0
 10
305566.49
 20
6404404.0
 10
305566.0
 20
6404403.13
 10
305564.72
 20
6404402.0
 10
305564.42
 20
6404400.0
 10
305564.2
 20
6404398.0
 10
305565.0
 20
6404396.0
 10
305562.0
 20
6404393.47
 10
305561.52
 20
6404394.0
 10
305561.92
 20
6404396.0
 10
305561.45
 20
6404398.0
 10
305556.0
 20
6404400.52
 10
305550.0
 20
6404400.86
 10
305548.0
 20
6404400.58
 10
305546.0
 20
6404401.71
 10
305542.73
 20
6404402.0
 10
305539.3
 20
6404404.0
 10
305538.31
 20
6404406.0
 10
305540.0
 20
6404408.22
 10
305544.0
 20
6404410.08
 10
305548.0
 20
6404410.9
 10
305552.0
 20
6404412.5
 10
305554.0
 20
6404413.45
 10
305556.0
 20
6404416.0
 10
305558.0
 20
6404416.18
 10
305559.51
 20
6404418.0
 10
305560.0
 20
6404420.0
 10
305558.0
 20
6404420.96
 10
305556.0
 20
6404420.47
 10
305554.0
 20
6404419.33
 10
305550.0
 20
6404421.18
 10
305548.0
 20
6404420.9
 10
305546.0
 20
6404421.29
 10
305542.0
 20
6404422.92
 10
305538.0
 20
6404424.0
 10
305536.0
 20
6404423.6
 10
305534.0
 20
6404424.14
 10
305530.0
 20
6404422.9
 10
305528.0
 20
6404421.94
 10
305525.63
 20
6404420.0
 10
305524.0
 20
6404419.09
 10
305522.0
 20
6404418.75
 10
305520.0
 20
6404419.55
 10
305516.0
 20
6404422.1
 10
305508.0
 20
6404424.05
 10
305506.24
 20
6404426.0
 10
305504.0
 20
6404426.68
 10
305502.0
 20
6404426.12
 10
305500.0
 20
6404426.2
 10
305496.0
 20
6404425.16
 10
305492.0
 20
6404425.52
 10
305488.0
 20
6404427.63
 10
305486.0
 20
6404426.74
 10
305478.0
 20
6404426.18
 10
305476.0
 20
6404425.2
 10
305474.0
 20
6404424.83
 10
305470.79
 20
6404426.0
 10
305470.0
 20
6404426.79
 10
305466.56
 20
6404428.0
 10
305471.0
 20
6404430.0
 10
305474.0
 20
6404430.78
 10
305482.0
 20
6404431.74
 10
305484.0
 20
6404433.0
 10
305484.98
 20
6404434.0
 10
305484.48
 20
6404436.0
 10
305483.38
 20
6404438.0
 10
305480.0
 20
6404441.06
 10
305474.0
 20
6404442.69
 10
305470.0
 20
6404442.06
 10
305468.0
 20
6404442.15
 10
305466.77
 20
6404442.0
 10
305465.65
 20
6404440.0
 10
305464.0
 20
6404438.73
 10
305462.0
 20
6404438.78
 10
305460.0
 20
6404439.7
 10
305458.0
 20
6404439.38
 10
305456.0
 20
6404437.69
 10
305455.22
 20
6404438.0
 10
305454.0
 20
6404439.24
 10
305452.0
 20
6404437.96
 10
305450.73
 20
6404440.0
 10
305448.0
 20
6404442.68
 10
305436.92
 20
6404444.0
 10
305435.29
 20
6404446.0
 10
305430.0
 20
6404447.21
 10
305428.87
 20
6404448.0
 10
305428.0
 20
6404451.07
 10
305425.79
 20
6404454.0
 10
305432.0
 20
6404454.36
 10
305436.0
 20
6404455.16
 10
305437.31
 20
6404456.0
 10
305439.75
 20
6404460.0
 10
305440.0
 20
6404460.88
 10
305442.0
 20
6404461.59
 10
305446.0
 20
6404460.88
 10
305446.9
 20
6404460.0
 10
305448.0
 20
6404459.66
 10
305450.0
 20
6404459.71
 10
305452.0
 20
6404461.85
 10
305456.0
 20
6404462.8
 10
305458.0
 20
6404463.65
 10
305462.0
 20
6404462.95
 10
305464.0
 20
6404463.15
 10
305466.24
 20
6404464.0
 10
305466.06
 20
6404466.0
 10
305463.71
 20
6404468.0
 10
305462.05
 20
6404470.0
 10
305462.5
 20
6404472.0
 10
305464.42
 20
6404474.0
 10
305464.37
 20
6404476.0
 10
305463.73
 20
6404478.0
 10
305462.0
 20
6404480.0
 10
305460.0
 20
6404480.94
 10
305458.0
 20
6404480.66
 10
305457.11
 20
6404480.0
 10
305456.0
 20
6404478.5
 10
305451.83
 20
6404482.0
 10
305451.17
 20
6404484.0
 10
305449.93
 20
6404486.0
 10
305446.0
 20
6404488.34
 10
305440.0
 20
6404489.09
 10
305436.0
 20
6404488.23
 10
305434.0
 20
6404486.14
 10
305432.0
 20
6404485.21
 10
305424.0
 20
6404485.95
 10
305418.0
 20
6404485.06
 10
305416.0
 20
6404486.0
 10
305415.91
 20
6404488.0
 10
305412.52
 20
6404492.0
 10
305408.0
 20
6404493.0
 10
305407.56
 20
6404494.0
 10
305404.0
 20
6404498.33
 10
305400.0
 20
6404500.66
 10
305398.0
 20
6404501.27
 10
305395.64
 20
6404504.0
 10
305394.0
 20
6404504.84
 10
305392.0
 20
6404505.0
 10
305386.0
 20
6404504.68
 10
305384.0
 20
6404503.79
 10
305382.0
 20
6404502.26
 10
305380.0
 20
6404501.9
 10
305378.0
 20
6404500.59
 10
305375.0
 20
6404500.0
 10
305372.0
 20
6404497.99
 10
305366.0
 20
6404498.26
 10
305356.0
 20
6404495.13
 10
305352.0
 20
6404495.48
 10
305350.0
 20
6404493.97
 10
305348.0
 20
6404493.73
 10
305347.32
 20
6404494.0
 10
305348.0
 20
6404495.08
 10
305349.44
 20
6404496.0
 10
305348.0
 20
6404496.75
 10
305346.0
 20
6404496.89
 10
305344.0
 20
6404498.3
 10
305340.0
 20
6404498.96
 10
305338.29
 20
6404500.0
 10
305339.17
 20
6404502.0
 10
305336.39
 20
6404504.0
 10
305332.0
 20
6404504.65
 10
305328.0
 20
6404505.88
 10
305326.0
 20
6404505.77
 10
305324.0
 20
6404505.2
 10
305323.46
 20
6404502.0
 10
305322.0
 20
6404498.21
 10
305320.0
 20
6404497.92
 10
305318.0
 20
6404496.66
 10
305317.54
 20
6404496.0
 10
305316.75
 20
6404494.0
 10
305318.0
 20
6404492.0
 10
305314.0
 20
6404491.26
 10
305312.0
 20
6404491.63
 10
305311.57
 20
6404492.0
 10
305311.4
 20
6404494.0
 10
305310.0
 20
6404495.35
 10
305308.0
 20
6404496.6
 10
305306.0
 20
6404496.82
 10
305304.0
 20
6404496.05
 10
305300.0
 20
6404493.81
 10
305293.41
 20
6404488.0
 10
305293.38
 20
6404486.0
 10
305292.0
 20
6404485.51
 10
305286.35
 20
6404478.0
 10
305286.84
 20
6404476.0
 10
305286.0
 20
6404473.75
 10
305284.0
 20
6404472.43
 10
305282.0
 20
6404472.19
 10
305280.75
 20
6404470.0
 10
305280.7
 20
6404468.0
 10
305280.0
 20
6404465.6
 10
305275.47
 20
6404464.0
 10
305274.57
 20
6404462.0
 10
305270.0
 20
6404458.73
 10
305268.0
 20
6404457.65
 10
305266.6
 20
6404454.0
 10
305264.0
 20
6404451.13
 10
305260.0
 20
6404449.22
 10
305258.25
 20
6404448.0
 10
305254.0
 20
6404440.32
 10
305252.0
 20
6404438.0
 10
305248.0
 20
6404434.15
 10
305246.0
 20
6404433.81
 10
305244.0
 20
6404431.54
 10
305242.0
 20
6404428.0
 10
305241.39
 20
6404426.0
 10
305241.5
 20
6404424.0
 10
305240.0
 20
6404423.48
 10
305237.67
 20
6404422.0
 10
305237.28
 20
6404420.0
 10
305237.56
 20
6404416.0
 10
305236.0
 20
6404413.29
 10
305235.52
 20
6404414.0
 10
305235.15
 20
6404416.0
 10
305234.0
 20
6404417.9
 10
305232.0
 20
6404416.68
 10
305230.0
 20
6404414.38
 10
305228.0
 20
6404412.73
 10
305225.27
 20
6404408.0
 10
305224.94
 20
6404406.0
 10
305224.0
 20
6404404.72
 10
305222.0
 20
6404403.3
 10
305220.32
 20
6404400.0
 10
305220.12
 20
6404398.0
 10
305218.0
 20
6404395.55
 10
305217.22
 20
6404394.0
 10
305214.99
 20
6404388.0
 10
305214.75
 20
6404386.0
 10
305212.58
 20
6404380.0
 10
305212.0
 20
6404376.0
 10
305210.46
 20
6404374.0
 10
305208.0
 20
6404372.67
 10
305206.0
 20
6404373.05
 10
305204.0
 20
6404372.39
 10
305203.6
 20
6404372.0
 10
305203.09
 20
6404370.0
 10
305202.0
 20
6404369.33
 10
305201.52
 20
6404370.0
 10
305198.0
 20
6404372.03
 10
305194.0
 20
6404372.96
 10
305192.0
 20
6404373.1
 10
305190.13
 20
6404372.0
 10
305188.72
 20
6404370.0
 10
305188.0
 20
6404369.57
 10
305186.0
 20
6404369.32
 10
305182.0
 20
6404370.36
 10
305180.0
 20
6404370.26
 10
305178.0
 20
6404369.5
 10
305174.0
 20
6404369.09
 10
305170.0
 20
6404368.18
 10
305168.0
 20
6404367.36
 10
305166.06
 20
6404364.0
 10
305165.99
 20
6404360.0
 10
305166.78
 20
6404358.0
 10
305168.0
 20
6404356.5
 10
305170.0
 20
6404354.97
 10
305172.0
 20
6404354.14
 10
305174.0
 20
6404351.26
 10
305178.0
 20
6404347.96
 10
305180.0
 20
6404347.41
 10
305184.0
 20
6404348.09
 10
305188.0
 20
6404346.51
 10
305188.73
 20
6404346.0
 10
305189.85
 20
6404344.0
 10
305190.15
 20
6404342.0
 10
305189.96
 20
6404338.0
 10
305188.73
 20
6404336.0
 10
305183.12
 20
6404332.0
 10
305183.4
 20
6404330.0
 10
305184.0
 20
6404329.14
 10
305186.11
 20
6404328.0
 10
305185.89
 20
6404324.0
 10
305187.36
 20
6404318.0
 10
305186.0
 20
6404311.33
 10
305185.29
 20
6404310.0
 10
305184.76
 20
6404308.0
 10
305184.29
 20
6404302.0
 10
305184.52
 20
6404300.0
  0
LWPOLYLINE
  5
325
330
17
100
AcDbEntity
  8
HOJDKURVOR_GRUND
100
AcDbPolyline
 90
12
 70
0
 10
305680.0
 20
6404539.7
 10
305678.0
 20
6404539.46
 10
305676.69
 20
6404538.0
 10
305674.0
 20
6404536.0
 10
305672.0
 20
6404535.3
 10
305670.07
 20
6404534.0
 10
305668.7
 20
6404532.0
 10
305670.0
 20
6404530.94
 10
305672.0
 20
6404531.19
 10
305674.0
 20
6404530.9
 10
305676.0
 20
6404531.07
 10
305680.0
 20
6404530.34
  0
LWPOLYLINE
  5
326
330
17
100
AcDbEntity
  8
HOJDKURVOR_GRUND
100
AcDbPolyline
 90
45
 70
0
 10
305633.05
 20
6404580.0
 10
305634.0
 20
6404577.94
 10
305638.0
 20
6404576.79
 10
305640.0
 20
6404575.5
 10
305642.39
 20
6404572.0
 10
305643.06
 20
6404570.0
 10
305640.0
 20
6404566.83
 10
305637.53
 20
6404566.0
 10
305636.0
 20
6404564.63
 10
305635.73
 20
6404564.0
 10
305634.0
 20
6404563.36
 10
305630.0
 20
6404563.47
 10
305628.0
 20
6404562.84
 10
305626.92
 20
6404562.0
 10
305626.06
 20
6404560.0
 10
305627.28
 20
6404558.0
 10
305630.0
 20
6404554.99
 10
305632.36
 20
6404554.0
 10
305636.0
 20
6404551.39
 10
305640.0
 20
6404550.22
 10
305644.0
 20
6404550.0
 10
305646.0
 20
6404550.77
 10
305650.35
 20
6404554.0
 10
305650.72
 20
6404556.0
 10
305649.93
 20
6404558.0
 10
305652.0
 20
6404560.42
 10
305654.0
 20
6404560.69
 10
305656.29
 20
6404560.0
 10
305658.0
 20
6404559.08
 10
305660.0
 20
6404558.91
 10
305661.67
 20
6404558.0
 10
305663.14
 20
6404556.0
 10
305663.51
 20
6404554.0
 10
305664.0
 20
6404553.53
 10
305666.0
 20
6404552.53
 10
305670.57
 20
6404552.0
 10
305669.82
 20
6404550.0
 10
305669.56
 20
6404548.0
 10
305670.75
 20
6404546.0
 10
305672.0
 20
6404545.29
 10
305672.55
 20
6404544.0
 10
305674.0
 20
6404543.02
 10
305676.0
 20
6404543.02
 10
305678.0
 20
6404542.31
 10
305680.0
 20
6404542.13
  0
LWPOLYLINE
  5
327
330
17
100
AcDbEntity
  8
HOJDKURVOR_GRUND
100
AcDbPolyline
 90
366
 70
0
 10
305680.0
 20
6404448.8
 10
305674.0
 20
6404447.85
 10
305672.0
 20
6404446.95
 10
305668.0
 20
6404447.24
 10
305667.28
 20
6404448.0
 10
305666.42
 20
6404450.0
 10
305664.0
 20
6404450.4
 10
305662.0
 20
6404451.18
 10
305661.15
 20
6404452.0
 10
305660.0
 20
6404454.4
 10
305658.0
 20
6404454.86
 10
305656.87
 20
6404456.0
 10
305656.0
 20
6404456.4
 10
305654.0
 20
6404456.48
 10
305651.88
 20
6404454.0
 10
305651.62
 20
6404452.0
 10
305649.61
 20
6404450.0
 10
305649.7
 20
6404448.0
 10
305647.94
 20
6404446.0
 10
305650.0
 20
6404442.65
 10
305651.17
 20
6404442.0
 10
305652.0
 20
6404440.95
 10
305654.0
 20
6404440.2
 10
305658.0
 20
6404440.8
 10
305659.41
 20
6404438.0
 10
305656.0
 20
6404437.15
 10
305653.78
 20
6404438.0
 10
305650.0
 20
6404440.13
 10
305649.67
 20
6404440.0
 10
305649.29
 20
6404438.0
 10
305648.0
 20
6404436.62
 10
305646.0
 20
6404436.9
 10
305644.5
 20
6404436.0
 10
305642.69
 20
6404434.0
 10
305640.52
 20
6404430.0
 10
305640.41
 20
6404428.0
 10
305638.62
 20
6404426.0
 10
305636.0
 20
6404421.6
 10
305634.0
 20
6404419.97
 10
305629.56
 20
6404418.0
 10
305626.0
 20
6404416.72
 10
305624.0
 20
6404416.34
 10
305620.83
 20
6404414.0
 10
305620.0
 20
6404412.21
 10
305616.0
 20
6404406.61
 10
305614.0
 20
6404404.62
 10
305612.0
 20
6404403.18
 10
305608.0
 20
6404401.06
 10
305606.0
 20
6404400.99
 10
305604.0
 20
6404399.54
 10
305602.0
 20
6404398.81
 10
305600.0
 20
6404399.16
 10
305598.0
 20
6404397.98
 10
305595.9
 20
6404396.0
 10
305590.0
 20
6404393.56
 10
305588.0
 20
6404394.33
 10
305584.0
 20
6404393.28
 10
305582.0
 20
6404393.46
 10
305578.0
 20
6404393.1
 10
305576.46
 20
6404392.0
 10
305572.0
 20
6404391.9
 10
305570.0
 20
6404391.57
 10
305568.0
 20
6404389.96
 10
305566.0
 20
6404389.64
 10
305564.0
 20
6404388.65
 10
305560.0
 20
6404389.55
 10
305558.0
 20
6404389.23
 10
305556.0
 20
6404389.36
 10
305554.11
 20
6404388.0
 10
305552.0
 20
6404387.77
 10
305550.89
 20
6404388.0
 10
305551.97
 20
6404390.0
 10
305553.6
 20
6404392.0
 10
305558.0
 20
6404394.59
 10
305558.94
 20
6404396.0
 10
305557.91
 20
6404398.0
 10
305556.0
 20
6404398.99
 10
305554.0
 20
6404399.25
 10
305550.0
 20
6404399.25
 10
305548.0
 20
6404398.85
 10
305542.0
 20
6404399.76
 10
305538.0
 20
6404403.27
 10
305536.56
 20
6404404.0
 10
305537.02
 20
6404406.0
 10
305540.0
 20
6404409.12
 10
305544.0
 20
6404411.11
 10
305546.87
 20
6404412.0
 10
305550.0
 20
6404412.51
 10
305553.17
 20
6404414.0
 10
305554.65
 20
6404416.0
 10
305553.29
 20
6404418.0
 10
305550.0
 20
6404420.31
 10
305546.0
 20
6404420.41
 10
305542.0
 20
6404422.05
 10
305540.0
 20
6404422.28
 10
305530.0
 20
6404422.15
 10
305524.0
 20
6404417.97
 10
305522.0
 20
6404417.83
 10
305520.0
 20
6404418.68
 10
305516.0
 20
6404421.11
 10
305512.0
 20
6404421.52
 10
305510.0
 20
6404420.83
 10
305509.08
 20
6404422.0
 10
305506.0
 20
6404424.17
 10
305502.0
 20
6404423.79
 10
305500.0
 20
6404425.0
 10
305496.0
 20
6404424.11
 10
305494.0
 20
6404424.93
 10
305492.0
 20
6404424.75
 10
305490.19
 20
6404424.0
 10
305489.47
 20
6404424.0
 10
305488.4
 20
6404426.0
 10
305488.0
 20
6404426.23
 10
305482.0
 20
6404425.0
 10
305480.0
 20
6404424.24
 10
305478.0
 20
6404424.79
 10
305476.0
 20
6404423.92
 10
305474.0
 20
6404423.67
 10
305472.0
 20
6404424.99
 10
305466.0
 20
6404426.41
 10
305464.74
 20
6404428.0
 10
305466.0
 20
6404429.43
 10
305468.0
 20
6404430.66
 10
305472.0
 20
6404431.37
 10
305476.0
 20
6404432.69
 10
305480.0
 20
6404432.95
 10
305484.0
 20
6404433.85
 10
305484.0
 20
6404434.39
 10
305482.0
 20
6404436.27
 10
305480.0
 20
6404437.54
 10
305478.45
 20
6404440.0
 10
305474.0
 20
6404441.06
 10
305472.0
 20
6404439.91
 10
305470.0
 20
6404439.75
 10
305468.0
 20
6404440.32
 10
305467.71
 20
6404440.0
 10
305468.31
 20
6404436.0
 10
305468.0
 20
6404435.57
 10
305464.0
 20
6404436.29
 10
305462.0
 20
6404437.24
 10
305460.0
 20
6404438.97
 10
305456.0
 20
6404437.12
 10
305454.0
 20
6404437.85
 10
305452.0
 20
6404437.32
 10
305450.07
 20
6404438.0
 10
305449.41
 20
6404440.0
 10
305448.0
 20
6404441.66
 10
305446.0
 20
6404441.76
 10
305444.0
 20
6404442.35
 10
305440.0
 20
6404442.43
 10
305436.0
 20
6404441.41
 10
305432.0
 20
6404441.2
 10
305430.55
 20
6404442.0
 10
305429.4
 20
6404444.0
 10
305427.43
 20
6404446.0
 10
305426.0
 20
6404446.97
 10
305423.16
 20
6404448.0
 10
305422.11
 20
6404450.0
 10
305422.71
 20
6404452.0
 10
305422.62
 20
6404454.0
 10
305424.0
 20
6404455.18
 10
305432.0
 20
6404455.01
 10
305435.2
 20
6404456.0
 10
305437.96
 20
6404460.0
 10
305438.61
 20
6404462.0
 10
305440.0
 20
6404463.05
 10
305444.0
 20
6404463.3
 10
305444.42
 20
6404464.0
 10
305446.0
 20
6404464.93
 10
305448.0
 20
6404464.4
 10
305450.0
 20
6404463.1
 10
305452.0
 20
6404463.32
 10
305453.92
 20
6404464.0
 10
305456.0
 20
6404465.23
 10
305460.0
 20
6404465.37
 10
305461.56
 20
6404464.0
 10
305463.14
 20
6404464.0
 10
305462.43
 20
6404466.0
 10
305460.06
 20
6404468.0
 10
305460.14
 20
6404472.0
 10
305455.7
 20
6404476.0
 10
305454.31
 20
6404478.0
 10
305452.0
 20
6404479.71
 10
305450.17
 20
6404482.0
 10
305449.73
 20
6404484.0
 10
305448.07
 20
6404486.0
 10
305446.0
 20
6404487.1
 10
305442.0
 20
6404487.27
 10
305440.0
 20
6404487.75
 10
305436.0
 20
6404486.82
 10
305434.0
 20
6404485.03
 10
305432.0
 20
6404484.48
 10
305424.0
 20
6404485.36
 10
305418.0
 20
6404483.66
 10
305412.0
 20
6404483.62
 10
305411.63
 20
6404484.0
 10
305413.83
 20
6404486.0
 10
305413.64
 20
6404488.0
 10
305412.0
 20
6404489.91
 10
305410.0
 20
6404491.13
 10
305408.0
 20
6404491.39
 10
305406.34
 20
6404492.0
 10
305406.0
 20
6404494.22
 10
305403.09
 20
6404496.0
 10
305400.0
 20
6404498.94
 10
305398.0
 20
6404499.6
 10
305396.0
 20
6404501.22
 10
305394.0
 20
6404503.73
 10
305386.0
 20
6404504.0
 10
305384.0
 20
6404503.08
 10
305382.0
 20
6404501.69
 10
305380.0
 20
6404501.28
 10
305378.0
 20
6404500.05
 10
305376.0
 20
6404499.74
 10
305374.0
 20
6404498.83
 10
305372.0
 20
6404497.3
 10
305366.0
 20
6404497.57
 10
305362.0
 20
6404496.78
 10
305358.0
 20
6404495.04
 10
305356.0
 20
6404494.63
 10
305352.0
 20
6404494.98
 10
305350.0
 20
6404493.58
 10
305348.0
 20
6404493.1
 10
305345.45
 20
6404494.0
 10
305344.5
 20
6404496.0
 10
305342.0
 20
6404497.59
 10
305339.59
 20
6404498.0
 10
305338.0
 20
6404498.78
 10
305336.92
 20
6404498.0
 10
305336.0
 20
6404497.78
 10
305334.0
 20
6404497.57
 10
305333.25
 20
6404498.0
 10
305334.0
 20
6404499.08
 10
305336.0
 20
6404499.02
 10
305336.69
 20
6404500.0
 10
305337.0
 20
6404502.0
 10
305336.0
 20
6404502.72
 10
305334.0
 20
6404502.76
 10
305328.0
 20
6404504.64
 10
305326.0
 20
6404504.6
 10
305324.0
 20
6404503.24
 10
305322.94
 20
6404498.0
 10
305322.0
 20
6404496.78
 10
305320.0
 20
6404496.68
 10
305319.07
 20
6404496.0
 10
305319.79
 20
6404494.0
 10
305318.0
 20
6404489.82
 10
305316.0
 20
6404490.94
 10
305314.0
 20
6404490.68
 10
305312.0
 20
6404490.9
 10
305310.71
 20
6404492.0
 10
305310.95
 20
6404494.0
 10
305308.0
 20
6404496.18
 10
305306.0
 20
6404496.27
 10
305300.0
 20
6404493.17
 10
305296.73
 20
6404490.0
 10
305296.27
 20
6404488.0
 10
305296.43
 20
6404486.0
 10
305293.02
 20
6404484.0
 10
305292.17
 20
6404482.0
 10
305291.91
 20
6404480.0
 10
305290.46
 20
6404478.0
 10
305290.71
 20
6404474.0
 10
305290.21
 20
6404472.0
 10
305288.0
 20
6404471.14
 10
305286.52
 20
6404470.0
 10
305286.0
 20
6404467.89
 10
305284.0
 20
6404469.08
 10
305282.27
 20
6404468.0
 10
305284.0
 20
6404466.56
 10
305284.26
 20
6404466.0
 10
305282.0
 20
6404463.62
 10
305280.0
 20
6404462.64
 10
305278.0
 20
6404460.9
 10
305274.0
 20
6404458.52
 10
305272.0
 20
6404456.13
 10
305268.0
 20
6404453.49
 10
305266.0
 20
6404451.48
 10
305265.1
 20
6404450.0
 10
305262.87
 20
6404448.0
 10
305262.0
 20
6404446.0
 10
305260.0
 20
6404446.36
 10
305259.69
 20
6404446.0
 10
305259.45
 20
6404444.0
 10
305258.0
 20
6404442.0
 10
305257.4
 20
6404440.0
 10
305253.4
 20
6404436.0
 10
305252.0
 20
6404433.61
 10
305248.43
 20
6404432.0
 10
305246.0
 20
6404429.55
 10
305244.0
 20
6404428.69
 10
305243.08
 20
6404426.0
 10
305243.39
 20
6404422.0
 10
305242.0
 20
6404420.98
 10
305240.0
 20
6404421.65
 10
305238.75
 20
6404420.0
 10
305239.82
 20
6404418.0
 10
305239.46
 20
6404416.0
 10
305238.0
 20
6404412.62
 10
305236.39
 20
6404410.0
 10
305236.0
 20
6404409.61
 10
305234.0
 20
6404411.92
 10
305232.0
 20
6404413.55
 10
305228.0
 20
6404410.96
 10
305226.25
 20
6404408.0
 10
305225.89
 20
6404406.0
 10
305224.55
 20
6404404.0
 10
305222.27
 20
6404402.0
 10
305221.18
 20
6404400.0
 10
305221.64
 20
6404398.0
 10
305218.0
 20
6404394.52
 10
305217.05
 20
6404392.0
 10
305215.61
 20
6404386.0
 10
305212.99
 20
6404378.0
 10
305212.67
 20
6404370.0
 10
305213.0
 20
6404368.0
 10
305214.0
 20
6404366.87
 10
305214.2
 20
6404366.0
 10
305214.0
 20
6404364.57
 10
305208.0
 20
6404360.67
 10
305207.2
 20
6404362.0
 10
305206.0
 20
6404362.55
 10
305205.36
 20
6404364.0
 10
305204.0
 20
6404364.97
 10
305200.0
 20
6404366.48
 10
305198.71
 20
6404370.0
 10
305198.0
 20
6404370.52
 10
305194.0
 20
6404371.76
 10
305192.0
 20
6404371.71
 10
305190.68
 20
6404370.0
 10
305188.0
 20
6404368.36
 10
305186.0
 20
6404368.1
 10
305184.0
 20
6404368.96
 10
305182.0
 20
6404368.73
 10
305180.0
 20
6404369.03
 10
305178.0
 20
6404367.96
 10
305174.0
 20
6404367.96
 10
305169.47
 20
6404366.0
 10
305168.0
 20
6404364.83
 10
305167.28
 20
6404362.0
 10
305167.96
 20
6404360.0
 10
305168.11
 20
6404358.0
 10
305170.29
 20
6404356.0
 10
305172.0
 20
6404355.32
 10
305173.17
 20
6404354.0
 10
305174.21
 20
6404352.0
 10
305176.0
 20
6404350.74
 10
305180.0
 20
6404348.71
 10
305184.0
 20
6404349.54
 10
305186.0
 20
6404348.55
 10
305188.0
 20
6404348.62
 10
305190.0
 20
6404348.09
 10
305192.25
 20
6404346.0
 10
305192.77
 20
6404344.0
 10
305192.07
 20
6404340.0
 10
305192.24
 20
6404338.0
 10
305190.0
 20
6404335.08
 10
305188.14
 20
6404334.0
 10
305187.33
 20
6404332.0
 10
305188.3
 20
6404330.0
 10
305188.64
 20
6404322.0
 10
305189.86
 20
6404320.0
 10
305189.71
 20
6404318.0
 10
305187.23
 20
6404312.0
 10
305185.51
 20
6404306.0
 10
305185.3
 20
6404300.0
  0
LWPOLYLINE
  5
328
330
17
100
AcDbEntity
  8
HOJDKURVOR_GRUND
100
AcDbPolyline
 90
5
 70
0
 10
305680.0
 20
6404537.75
 10
305678.0
 20
6404537.07
 10
305676.43
 20
6404536.0
 10
305676.19
 20
6404534.0
 10
305680.0
 20
6404531.35
  0
LWPOLYLINE
  5
329
330
17
100
AcDbEntity
  8
HOJDKURVOR_GRUND
100
AcDbPolyline
 90
28
 70
0
 10
305633.55
 20
6404580.0
 10
305634.0
 20
6404579.03
 10
305636.0
 20
6404578.55
 10
305638.0
 20
6404578.65
 10
305640.0
 20
6404578.29
 10
305640.52
 20
6404576.0
 10
305642.0
 20
6404574.08
 10
305644.0
 20
6404571.56
 10
305646.58
 20
6404570.0
 10
305647.92
 20
6404568.0
 10
305650.0
 20
6404566.16
 10
305650.97
 20
6404564.0
 10
305652.0
 20
6404563.01
 10
305654.0
 20
6404564.27
 10
305654.59
 20
6404564.0
 10
305655.71
 20
6404562.0
 10
305658.0
 20
6404560.79
 10
305662.0
 20
6404560.29
 10
305666.0
 20
6404561.6
 10
305666.57
 20
6404560.0
 10
305667.27
 20
6404556.0
 10
305670.0
 20
6404555.05
 10
305672.0
 20
6404555.21
 10
305674.0
 20
6404552.36
 10
305676.0
 20
6404552.08
 10
305677.33
 20
6404554.0
 10
305678.0
 20
6404558.0
 10
305680.0
 20
6404556.2
  0
LWPOLYLINE
  5
32A
330
17
100
AcDbEntity
  8
HOJDKURVOR_GRUND
100
AcDbPolyline
 90
404
 70
0
 10
305680.0
 20
6404448.09
 10
305676.0
 20
6404447.54
 10
305672.0
 20
6404446.36
 10
305668.0
 20
6404446.02
 10
305666.0
 20
6404448.26
 10
305664.0
 20
6404449.11
 10
305663.0
 20
6404450.0
 10
305662.0
 20
6404450.16
 10
305660.09
 20
6404452.0
 10
305660.0
 20
6404454.02
 10
305658.0
 20
6404454.05
 10
305656.0
 20
6404456.03
 10
305654.0
 20
6404456.04
 10
305654.0
 20
6404455.33
 10
305655.23
 20
6404454.0
 10
305654.0
 20
6404453.33
 10
305652.81
 20
6404452.0
 10
305650.17
 20
6404450.0
 10
305652.0
 20
6404446.44
 10
305652.75
 20
6404446.0
 10
305651.68
 20
6404444.0
 10
305654.0
 20
6404443.33
 10
305656.0
 20
6404443.56
 10
305656.53
 20
6404444.0
 10
305657.2
 20
6404446.0
 10
305659.43
 20
6404448.0
 10
305660.0
 20
6404449.14
 10
305661.6
 20
6404448.0
 10
305660.17
 20
6404444.0
 10
305660.76
 20
6404442.0
 10
305662.0
 20
6404441.33
 10
305664.0
 20
6404441.65
 10
305665.74
 20
6404440.0
 10
305666.43
 20
6404438.0
 10
305662.0
 20
6404437.22
 10
305654.55
 20
6404434.0
 10
305652.0
 20
6404433.38
 10
305650.0
 20
6404432.05
 10
305646.0
 20
6404431.58
 10
305644.0
 20
6404431.0
 10
305642.41
 20
6404430.0
 10
305641.61
 20
6404428.0
 10
305640.02
 20
6404426.0
 10
305638.91
 20
6404424.0
 10
305637.47
 20
6404422.0
 10
305634.0
 20
6404418.24
 10
305632.0
 20
6404416.53
 10
305630.86
 20
6404416.0
 10
305626.0
 20
6404416.12
 10
305624.0
 20
6404415.49
 10
305622.03
 20
6404414.0
 10
305620.0
 20
6404410.0
 10
305618.0
 20
6404408.22
 10
305616.0
 20
6404404.69
 10
305612.0
 20
6404401.9
 10
305608.0
 20
6404400.54
 10
305606.0
 20
6404400.4
 10
305604.0
 20
6404398.67
 10
305602.0
 20
6404397.89
 10
305600.0
 20
6404398.41
 10
305598.0
 20
6404397.23
 10
305596.0
 20
6404395.21
 10
305592.0
 20
6404393.24
 10
305590.0
 20
6404392.68
 10
305588.0
 20
6404392.89
 10
305584.0
 20
6404392.49
 10
305582.0
 20
6404392.67
 10
305579.3
 20
6404392.0
 10
305570.0
 20
6404390.91
 10
305568.89
 20
6404390.0
 10
305566.0
 20
6404388.81
 10
305564.0
 20
6404387.48
 10
305560.14
 20
6404386.0
 10
305552.0
 20
6404385.47
 10
305550.0
 20
6404386.16
 10
305548.76
 20
6404388.0
 10
305551.84
 20
6404392.0
 10
305557.07
 20
6404396.0
 10
305556.0
 20
6404397.58
 10
305554.0
 20
6404398.07
 10
305552.0
 20
6404398.0
 10
305550.0
 20
6404397.42
 10
305546.0
 20
6404397.47
 10
305544.0
 20
6404397.08
 10
305542.0
 20
6404397.25
 10
305540.0
 20
6404397.8
 10
305539.94
 20
6404400.0
 10
305538.0
 20
6404401.9
 10
305536.0
 20
6404402.75
 10
305534.0
 20
6404401.1
 10
305532.0
 20
6404400.62
 10
305530.0
 20
6404400.78
 10
305528.89
 20
6404402.0
 10
305532.0
 20
6404403.46
 10
305534.0
 20
6404405.03
 10
305535.87
 20
6404406.0
 10
305540.0
 20
6404410.02
 10
305542.0
 20
6404411.4
 10
305544.0
 20
6404412.11
 10
305550.0
 20
6404413.16
 10
305551.68
 20
6404414.0
 10
305553.17
 20
6404416.0
 10
305551.77
 20
6404418.0
 10
305550.0
 20
6404419.19
 10
305546.0
 20
6404419.6
 10
305542.0
 20
6404421.06
 10
305540.0
 20
6404419.86
 10
305538.0
 20
6404420.81
 10
305536.0
 20
6404420.4
 10
305530.0
 20
6404421.15
 10
305524.0
 20
6404417.1
 10
305522.0
 20
6404416.88
 10
305520.0
 20
6404417.67
 10
305516.0
 20
6404420.12
 10
305514.0
 20
6404420.17
 10
305510.0
 20
6404419.17
 10
305506.0
 20
6404422.0
 10
305504.0
 20
6404422.17
 10
305500.0
 20
6404423.76
 10
305498.0
 20
6404423.85
 10
305496.0
 20
6404423.46
 10
305494.0
 20
6404424.41
 10
305488.0
 20
6404423.1
 10
305486.0
 20
6404424.17
 10
305484.0
 20
6404424.31
 10
305480.0
 20
6404423.43
 10
305478.0
 20
6404423.64
 10
305474.0
 20
6404422.79
 10
305472.0
 20
6404424.33
 10
305470.0
 20
6404424.39
 10
305468.0
 20
6404424.0
 10
305466.0
 20
6404425.04
 10
305464.0
 20
6404425.63
 10
305462.0
 20
6404425.6
 10
305461.02
 20
6404426.0
 10
305459.5
 20
6404428.0
 10
305459.48
 20
6404430.0
 10
305460.0
 20
6404431.5
 10
305462.0
 20
6404431.52
 10
305464.0
 20
6404430.91
 10
305467.33
 20
6404432.0
 10
305464.0
 20
6404433.71
 10
305462.57
 20
6404436.0
 10
305460.0
 20
6404438.25
 10
305458.0
 20
6404437.03
 10
305456.0
 20
6404436.56
 10
305454.0
 20
6404436.93
 10
305452.0
 20
6404436.68
 10
305450.0
 20
6404437.02
 10
305448.0
 20
6404437.85
 10
305446.0
 20
6404437.2
 10
305440.0
 20
6404438.52
 10
305438.0
 20
6404438.56
 10
305434.0
 20
6404437.85
 10
305432.0
 20
6404438.45
 10
305424.93
 20
6404442.0
 10
305424.0
 20
6404443.75
 10
305423.5
 20
6404444.0
 10
305422.0
 20
6404444.4
 10
305420.0
 20
6404443.36
 10
305418.0
 20
6404443.33
 10
305416.0
 20
6404443.77
 10
305414.0
 20
6404445.49
 10
305410.82
 20
6404446.0
 10
305408.0
 20
6404452.29
 10
305406.0
 20
6404453.4
 10
305405.8
 20
6404454.0
 10
305410.0
 20
6404456.0
 10
305412.0
 20
6404455.5
 10
305414.0
 20
6404456.23
 10
305420.0
 20
6404456.16
 10
305422.0
 20
6404457.25
 10
305424.0
 20
6404456.96
 10
305426.0
 20
6404455.85
 10
305428.0
 20
6404456.22
 10
305432.0
 20
6404455.67
 10
305432.98
 20
6404456.0
 10
305436.04
 20
6404460.0
 10
305435.75
 20
6404462.0
 10
305436.0
 20
6404462.5
 10
305440.0
 20
6404466.35
 10
305442.0
 20
6404467.48
 10
305444.0
 20
6404467.66
 10
305446.93
 20
6404466.0
 10
305450.0
 20
6404464.82
 10
305452.0
 20
6404466.42
 10
305454.0
 20
6404466.6
 10
305456.4
 20
6404468.0
 10
305457.62
 20
6404472.0
 10
305455.85
 20
6404474.0
 10
305454.0
 20
6404475.06
 10
305452.0
 20
6404476.82
 10
305450.0
 20
6404476.0
 10
305448.46
 20
6404478.0
 10
305449.03
 20
6404480.0
 10
305448.0
 20
6404482.0
 10
305448.03
 20
6404484.0
 10
305446.0
 20
6404485.4
 10
305444.0
 20
6404485.6
 10
305442.0
 20
6404485.27
 10
305440.0
 20
6404485.86
 10
305436.0
 20
6404485.0
 10
305434.0
 20
6404483.86
 10
305432.0
 20
6404483.48
 10
305428.0
 20
6404484.39
 10
305424.0
 20
6404484.78
 10
305420.0
 20
6404483.43
 10
305416.0
 20
6404482.68
 10
305414.0
 20
6404481.7
 10
305410.0
 20
6404481.04
 10
305408.0
 20
6404481.08
 10
305406.0
 20
6404481.65
 10
305405.61
 20
6404482.0
 10
305405.05
 20
6404484.0
 10
305406.0
 20
6404484.18
 10
305408.0
 20
6404483.05
 10
305410.77
 20
6404486.0
 10
305411.51
 20
6404488.0
 10
305408.98
 20
6404490.0
 10
305406.0
 20
6404491.04
 10
305404.61
 20
6404492.0
 10
305403.41
 20
6404494.0
 10
305400.0
 20
6404496.42
 10
305396.0
 20
6404498.33
 10
305395.33
 20
6404498.0
 10
305393.63
 20
6404498.0
 10
305394.86
 20
6404500.0
 10
305394.0
 20
6404502.21
 10
305392.0
 20
6404502.75
 10
305390.0
 20
6404502.62
 10
305388.0
 20
6404503.1
 10
305386.0
 20
6404503.15
 10
305384.0
 20
6404502.37
 10
305382.0
 20
6404501.13
 10
305380.0
 20
6404500.65
 10
305378.0
 20
6404499.42
 10
305374.0
 20
6404498.17
 10
305372.0
 20
6404496.62
 10
305370.0
 20
6404496.34
 10
305366.0
 20
6404496.83
 10
305362.0
 20
6404496.4
 10
305358.0
 20
6404494.27
 10
305356.0
 20
6404494.13
 10
305352.0
 20
6404494.48
 10
305350.0
 20
6404493.2
 10
305348.0
 20
6404492.46
 10
305342.67
 20
6404494.0
 10
305342.0
 20
6404496.0
 10
305340.0
 20
6404497.1
 10
305338.0
 20
6404497.63
 10
305336.0
 20
6404497.3
 10
305334.0
 20
6404496.75
 10
305332.0
 20
6404495.25
 10
305328.0
 20
6404494.88
 10
305326.97
 20
6404494.0
 10
305324.0
 20
6404493.1
 10
305321.69
 20
6404492.0
 10
305320.0
 20
6404491.69
 10
305319.05
 20
6404490.0
 10
305318.0
 20
6404489.21
 10
305316.0
 20
6404490.23
 10
305312.0
 20
6404490.16
 10
305306.0
 20
6404489.33
 10
305304.65
 20
6404490.0
 10
305306.0
 20
6404491.04
 10
305308.0
 20
6404490.85
 10
305310.0
 20
6404492.29
 10
305310.49
 20
6404494.0
 10
305308.0
 20
6404495.33
 10
305306.0
 20
6404495.35
 10
305304.0
 20
6404493.91
 10
305300.0
 20
6404492.54
 10
305297.66
 20
6404490.0
 10
305298.0
 20
6404489.27
 10
305300.0
 20
6404488.75
 10
305302.0
 20
6404488.81
 10
305303.68
 20
6404488.0
 10
305302.0
 20
6404487.31
 10
305300.0
 20
6404487.12
 10
305298.0
 20
6404486.23
 10
305294.74
 20
6404484.0
 10
305294.0
 20
6404483.12
 10
305293.22
 20
6404482.0
 10
305293.15
 20
6404480.0
 10
305295.13
 20
6404476.0
 10
305293.15
 20
6404474.0
 10
305292.0
 20
6404472.0
 10
305288.0
 20
6404469.17
 10
305287.11
 20
6404468.0
 10
305286.28
 20
6404466.0
 10
305282.0
 20
6404461.19
 10
305278.0
 20
6404458.62
 10
305276.0
 20
6404456.2
 10
305272.0
 20
6404454.15
 10
305270.77
 20
6404452.0
 10
305268.0
 20
6404450.09
 10
305267.77
 20
6404448.0
 10
305265.72
 20
6404446.0
 10
305264.0
 20
6404442.75
 10
305260.0
 20
6404437.73
 10
305256.0
 20
6404434.0
 10
305255.88
 20
6404432.0
 10
305254.0
 20
6404431.25
 10
305252.0
 20
6404430.98
 10
305250.55
 20
6404430.0
 10
305250.0
 20
6404428.88
 10
305248.0
 20
6404428.25
 10
305244.97
 20
6404426.0
 10
305244.51
 20
6404424.0
 10
305245.7
 20
6404420.0
 10
305245.94
 20
6404418.0
 10
305245.19
 20
6404416.0
 10
305244.0
 20
6404415.51
 10
305242.0
 20
6404415.67
 10
305240.0
 20
6404414.5
 10
305238.27
 20
6404410.0
 10
305236.0
 20
6404407.48
 10
305233.87
 20
6404410.0
 10
305232.0
 20
6404411.38
 10
305229.2
 20
6404410.0
 10
305228.0
 20
6404408.91
 10
305227.5
 20
6404408.0
 10
305227.42
 20
6404406.0
 10
305225.8
 20
6404404.0
 10
305223.31
 20
6404402.0
 10
305222.05
 20
6404400.0
 10
305223.95
 20
6404398.0
 10
305222.0
 20
6404397.36
 10
305218.25
 20
6404394.0
 10
305217.43
 20
6404392.0
 10
305216.0
 20
6404384.2
 10
305213.73
 20
6404378.0
 10
305213.56
 20
6404376.0
 10
305213.95
 20
6404370.0
 10
305215.22
 20
6404366.0
 10
305216.44
 20
6404364.0
 10
305216.88
 20
6404362.0
 10
305219.55
 20
6404356.0
 10
305219.38
 20
6404354.0
 10
305218.08
 20
6404352.0
 10
305217.52
 20
6404350.0
 10
305216.21
 20
6404348.0
 10
305212.0
 20
6404346.38
 10
305210.38
 20
6404348.0
 10
305210.67
 20
6404350.0
 10
305210.0
 20
6404350.33
 10
305208.0
 20
6404349.8
 10
305207.55
 20
6404352.0
 10
305208.0
 20
6404352.77
 10
305209.78
 20
6404354.0
 10
305210.0
 20
6404354.5
 10
305212.0
 20
6404355.33
 10
305212.29
 20
6404356.0
 10
305210.0
 20
6404357.5
 10
305208.0
 20
6404357.33
 10
305206.0
 20
6404356.0
 10
305204.0
 20
6404356.4
 10
305201.89
 20
6404358.0
 10
305201.47
 20
6404360.0
 10
305202.28
 20
6404362.0
 10
305202.0
 20
6404362.43
 10
305200.0
 20
6404362.93
 10
305198.79
 20
6404364.0
 10
305198.0
 20
6404365.67
 10
305196.0
 20
6404367.0
 10
305194.0
 20
6404366.53
 10
305193.46
 20
6404368.0
 10
305192.0
 20
6404369.43
 10
305190.0
 20
6404368.8
 10
305188.0
 20
6404367.42
 10
305186.0
 20
6404367.4
 10
305184.0
 20
6404367.96
 10
305182.0
 20
6404367.51
 10
305180.0
 20
6404367.58
 10
305176.0
 20
6404366.26
 10
305174.0
 20
6404366.08
 10
305170.87
 20
6404364.0
 10
305169.31
 20
6404362.0
 10
305170.11
 20
6404360.0
 10
305172.0
 20
6404358.64
 10
305172.55
 20
6404356.0
 10
305174.0
 20
6404354.31
 10
305174.65
 20
6404354.0
 10
305176.0
 20
6404351.98
 10
305180.0
 20
6404350.54
 10
305184.0
 20
6404351.51
 10
305188.0
 20
6404350.87
 10
305192.0
 20
6404349.82
 10
305194.0
 20
6404349.71
 10
305196.0
 20
6404348.18
 10
305196.4
 20
6404346.0
 10
305196.21
 20
6404344.0
 10
305194.71
 20
6404342.0
 10
305193.86
 20
6404340.0
 10
305193.8
 20
6404334.0
 10
305190.87
 20
6404330.0
 10
305190.4
 20
6404328.0
 10
305191.17
 20
6404326.0
 10
305192.07
 20
6404322.0
 10
305191.66
 20
6404320.0
 10
305188.25
 20
6404312.0
 10
305186.36
 20
6404306.0
 10
305186.52
 20
6404302.0
 10
305186.1
 20
6404300.0
  0
LWPOLYLINE
  5
32B
330
17
100
AcDbEntity
  8
HOJDKURVOR_GRUND
100
AcDbPolyline
 90
23
 70
0
 10
305642.5
 20
6404580.0
 10
305642.0
 20
6404579.92
 10
305641.41
 20
6404578.0
 10
305641.25
 20
6404576.0
 10
305642.0
 20
6404575.02
 10
305643.8
 20
6404574.0
 10
305648.33
 20
6404570.0
 10
305650.0
 20
6404568.22
 10
305652.0
 20
6404564.54
 10
305654.0
 20
6404565.31
 10
305656.0
 20
6404564.73
 10
305658.06
 20
6404562.0
 10
305660.0
 20
6404561.45
 10
305661.88
 20
6404562.0
 10
305664.67
 20
6404564.0
 10
305665.48
 20
6404566.0
 10
305668.0
 20
6404567.43
 10
305670.0
 20
6404566.26
 10
305672.0
 20
6404566.0
 10
305674.0
 20
6404568.0
 10
305676.0
 20
6404567.8
 10
305678.0
 20
6404565.69
 10
305680.0
 20
6404565.43
  0
LWPOLYLINE
  5
32C
330
17
100
AcDbEntity
  8
HOJDKURVOR_STOD
100
AcDbPolyline
 90
353
 70
0
 10
305680.0
 20
6404447.35
 10
305672.93
 20
6404446.0
 10
305670.0
 20
6404443.5
 10
305668.8
 20
6404442.0
 10
305668.0
 20
6404437.88
 10
305666.0
 20
6404436.97
 10
305662.0
 20
6404436.07
 10
305660.0
 20
6404435.27
 10
305658.0
 20
6404433.87
 10
305652.0
 20
6404432.33
 10
305650.0
 20
6404431.17
 10
305646.0
 20
6404430.48
 10
305644.0
 20
6404429.4
 10
305640.98
 20
6404426.0
 10
305640.14
 20
6404424.0
 10
305638.0
 20
6404421.16
 10
305633.62
 20
6404416.0
 10
305630.0
 20
6404414.38
 10
305628.0
 20
6404414.18
 10
305626.0
 20
6404414.67
 10
305624.0
 20
6404414.23
 10
305621.08
 20
6404410.0
 10
305618.92
 20
6404408.0
 10
305618.0
 20
6404406.65
 10
305617.22
 20
6404404.0
 10
305612.0
 20
6404400.94
 10
305607.89
 20
6404400.0
 10
305606.0
 20
6404399.15
 10
305604.0
 20
6404397.35
 10
305602.0
 20
6404396.46
 10
305600.0
 20
6404397.32
 10
305598.0
 20
6404396.48
 10
305596.0
 20
6404394.38
 10
305592.0
 20
6404392.22
 10
305588.0
 20
6404391.72
 10
305582.0
 20
6404391.87
 10
305578.0
 20
6404391.13
 10
305574.0
 20
6404391.01
 10
305572.0
 20
6404390.25
 10
305570.0
 20
6404390.25
 10
305562.0
 20
6404385.5
 10
305557.73
 20
6404384.0
 10
305556.0
 20
6404382.85
 10
305554.0
 20
6404383.21
 10
305548.0
 20
6404383.24
 10
305546.0
 20
6404383.1
 10
305544.0
 20
6404382.18
 10
305542.33
 20
6404384.0
 10
305544.0
 20
6404384.68
 10
305546.0
 20
6404386.31
 10
305549.43
 20
6404390.0
 10
305550.51
 20
6404392.0
 10
305553.0
 20
6404394.0
 10
305552.0
 20
6404395.02
 10
305548.0
 20
6404395.64
 10
305546.0
 20
6404395.79
 10
305542.0
 20
6404395.29
 10
305540.0
 20
6404395.7
 10
305539.69
 20
6404396.0
 10
305538.95
 20
6404400.0
 10
305538.0
 20
6404400.93
 10
305536.0
 20
6404401.1
 10
305534.55
 20
6404400.0
 10
305534.0
 20
6404399.91
 10
305530.0
 20
6404399.85
 10
305528.67
 20
6404400.0
 10
305527.55
 20
6404402.0
 10
305531.34
 20
6404404.0
 10
305534.26
 20
6404406.0
 10
305540.0
 20
6404411.02
 10
305542.0
 20
6404412.37
 10
305550.37
 20
6404414.0
 10
305551.4
 20
6404416.0
 10
305549.82
 20
6404418.0
 10
305542.0
 20
6404420.06
 10
305540.0
 20
6404419.14
 10
305538.0
 20
6404419.65
 10
305534.0
 20
6404418.64
 10
305530.0
 20
6404420.09
 10
305528.0
 20
6404419.08
 10
305526.0
 20
6404417.22
 10
305524.0
 20
6404416.23
 10
305522.0
 20
6404415.93
 10
305520.0
 20
6404416.15
 10
305518.0
 20
6404418.0
 10
305516.0
 20
6404419.23
 10
305512.0
 20
6404418.69
 10
305508.0
 20
6404417.66
 10
305506.0
 20
6404417.64
 10
305505.22
 20
6404418.0
 10
305502.0
 20
6404421.79
 10
305500.0
 20
6404422.45
 10
305496.0
 20
6404422.86
 10
305494.0
 20
6404423.85
 10
305490.0
 20
6404423.09
 10
305488.0
 20
6404421.93
 10
305486.0
 20
6404421.68
 10
305484.0
 20
6404423.33
 10
305478.0
 20
6404422.7
 10
305474.0
 20
6404421.89
 10
305470.0
 20
6404423.14
 10
305468.0
 20
6404422.77
 10
305464.0
 20
6404424.56
 10
305460.0
 20
6404425.1
 10
305458.47
 20
6404426.0
 10
305458.0
 20
6404427.23
 10
305456.0
 20
6404428.0
 10
305454.0
 20
6404428.0
 10
305455.79
 20
6404430.0
 10
305456.0
 20
6404431.33
 10
305458.0
 20
6404432.0
 10
305456.0
 20
6404433.0
 10
305455.95
 20
6404434.0
 10
305454.0
 20
6404436.0
 10
305452.0
 20
6404436.04
 10
305450.0
 20
6404436.0
 10
305450.31
 20
6404434.0
 10
305452.0
 20
6404433.08
 10
305452.52
 20
6404432.0
 10
305452.0
 20
6404428.5
 10
305451.0
 20
6404428.0
 10
305450.0
 20
6404426.0
 10
305448.0
 20
6404425.8
 10
305446.0
 20
6404423.28
 10
305444.0
 20
6404421.83
 10
305442.0
 20
6404421.0
 10
305438.0
 20
6404421.0
 10
305436.6
 20
6404420.0
 10
305436.0
 20
6404419.14
 10
305434.0
 20
6404418.46
 10
305434.0
 20
6404421.54
 10
305437.17
 20
6404424.0
 10
305438.0
 20
6404427.14
 10
305439.2
 20
6404428.0
 10
305440.0
 20
6404429.6
 10
305440.5
 20
6404430.0
 10
305438.0
 20
6404430.86
 10
305437.88
 20
6404432.0
 10
305434.0
 20
6404435.38
 10
305430.0
 20
6404437.58
 10
305428.0
 20
6404438.31
 10
305426.0
 20
6404437.94
 10
305424.0
 20
6404439.69
 10
305421.85
 20
6404440.0
 10
305420.0
 20
6404440.84
 10
305418.0
 20
6404440.86
 10
305417.0
 20
6404442.0
 10
305414.0
 20
6404443.8
 10
305412.0
 20
6404443.85
 10
305410.0
 20
6404444.85
 10
305408.0
 20
6404445.23
 10
305406.0
 20
6404446.77
 10
305402.12
 20
6404448.0
 10
305402.11
 20
6404450.0
 10
305400.86
 20
6404452.0
 10
305402.0
 20
6404452.64
 10
305402.85
 20
6404454.0
 10
305406.0
 20
6404455.45
 10
305408.0
 20
6404458.02
 10
305416.0
 20
6404458.04
 10
305422.0
 20
6404459.36
 10
305430.0
 20
6404457.19
 10
305432.0
 20
6404457.56
 10
305432.36
 20
6404458.0
 10
305433.09
 20
6404462.0
 10
305434.0
 20
6404463.0
 10
305436.97
 20
6404468.0
 10
305438.69
 20
6404470.0
 10
305438.27
 20
6404472.0
 10
305442.0
 20
6404473.89
 10
305443.05
 20
6404476.0
 10
305441.46
 20
6404480.0
 10
305440.15
 20
6404482.0
 10
305438.0
 20
6404483.29
 10
305436.0
 20
6404482.93
 10
305434.0
 20
6404482.11
 10
305432.0
 20
6404481.94
 10
305428.0
 20
6404483.62
 10
305424.0
 20
6404484.19
 10
305418.0
 20
6404482.16
 10
305416.0
 20
6404481.85
 10
305412.0
 20
6404480.28
 10
305408.0
 20
6404479.42
 10
305406.0
 20
6404480.42
 10
305402.0
 20
6404483.83
 10
305400.12
 20
6404486.0
 10
305401.43
 20
6404488.0
 10
305401.58
 20
6404490.0
 10
305402.45
 20
6404492.0
 10
305400.83
 20
6404494.0
 10
305398.05
 20
6404496.0
 10
305396.0
 20
6404496.95
 10
305394.0
 20
6404497.08
 10
305392.0
 20
6404497.85
 10
305391.82
 20
6404498.0
 10
305392.97
 20
6404500.0
 10
305392.0
 20
6404501.26
 10
305390.0
 20
6404501.45
 10
305388.0
 20
6404502.24
 10
305386.0
 20
6404502.31
 10
305384.0
 20
6404501.64
 10
305382.0
 20
6404500.58
 10
305380.0
 20
6404500.03
 10
305376.0
 20
6404497.7
 10
305374.0
 20
6404497.48
 10
305372.0
 20
6404495.9
 10
305370.0
 20
6404495.55
 10
305368.0
 20
6404496.11
 10
305362.0
 20
6404496.03
 10
305358.0
 20
6404493.39
 10
305354.0
 20
6404493.99
 10
305352.0
 20
6404493.97
 10
305348.0
 20
6404491.75
 10
305344.0
 20
6404492.31
 10
305342.0
 20
6404490.9
 10
305338.0
 20
6404489.87
 10
305335.88
 20
6404490.0
 10
305338.0
 20
6404490.85
 10
305338.42
 20
6404492.0
 10
305340.55
 20
6404494.0
 10
305340.57
 20
6404496.0
 10
305338.0
 20
6404496.81
 10
305336.0
 20
6404496.82
 10
305332.0
 20
6404494.76
 10
305330.0
 20
6404494.32
 10
305326.0
 20
6404492.8
 10
305324.0
 20
6404491.56
 10
305320.0
 20
6404490.26
 10
305318.0
 20
6404488.61
 10
305316.0
 20
6404489.24
 10
305314.0
 20
6404488.86
 10
305310.0
 20
6404488.96
 10
305306.0
 20
6404488.08
 10
305300.0
 20
6404485.14
 10
305296.0
 20
6404483.95
 10
305294.46
 20
6404482.0
 10
305294.33
 20
6404480.0
 10
305296.0
 20
6404477.4
 10
305298.0
 20
6404476.53
 10
305298.41
 20
6404476.0
 10
305298.0
 20
6404475.35
 10
305296.0
 20
6404474.83
 10
305293.92
 20
6404472.0
 10
305288.21
 20
6404468.0
 10
305287.17
 20
6404466.0
 10
305285.25
 20
6404464.0
 10
305284.0
 20
6404461.69
 10
305282.0
 20
6404459.61
 10
305275.33
 20
6404454.0
 10
305274.23
 20
6404452.0
 10
305272.32
 20
6404450.0
 10
305268.0
 20
6404443.2
 10
305266.0
 20
6404441.68
 10
305264.0
 20
6404438.49
 10
305261.48
 20
6404436.0
 10
305261.32
 20
6404434.0
 10
305259.17
 20
6404432.0
 10
305258.43
 20
6404428.0
 10
305258.0
 20
6404427.21
 10
305254.0
 20
6404428.68
 10
305252.0
 20
6404427.1
 10
305250.0
 20
6404426.46
 10
305248.0
 20
6404424.98
 10
305246.0
 20
6404424.11
 10
305247.85
 20
6404418.0
 10
305249.47
 20
6404416.0
 10
305249.54
 20
6404414.0
 10
305248.0
 20
6404413.31
 10
305246.0
 20
6404414.86
 10
305244.0
 20
6404414.86
 10
305242.0
 20
6404414.38
 10
305241.44
 20
6404414.0
 10
305240.81
 20
6404412.0
 10
305240.0
 20
6404411.4
 10
305239.29
 20
6404410.0
 10
305237.42
 20
6404408.0
 10
305236.63
 20
6404406.0
 10
305236.56
 20
6404404.0
 10
305236.0
 20
6404403.24
 10
305230.0
 20
6404405.73
 10
305228.73
 20
6404404.0
 10
305226.0
 20
6404403.23
 10
305224.4
 20
6404402.0
 10
305223.37
 20
6404400.0
 10
305225.66
 20
6404398.0
 10
305224.0
 20
6404396.92
 10
305222.0
 20
6404396.52
 10
305218.76
 20
6404394.0
 10
305217.8
 20
6404392.0
 10
305217.03
 20
6404384.0
 10
305216.51
 20
6404382.0
 10
305216.0
 20
6404381.35
 10
305214.82
 20
6404378.0
 10
305215.23
 20
6404370.0
 10
305216.0
 20
6404366.6
 10
305217.74
 20
6404364.0
 10
305218.11
 20
6404362.0
 10
305219.85
 20
6404360.0
 10
305220.0
 20
6404359.2
 10
305222.08
 20
6404358.0
 10
305221.56
 20
6404356.0
 10
305222.21
 20
6404352.0
 10
305220.0
 20
6404349.55
 10
305219.17
 20
6404348.0
 10
305218.0
 20
6404346.91
 10
305214.0
 20
6404344.83
 10
305212.0
 20
6404344.39
 10
305208.0
 20
6404344.25
 10
305206.0
 20
6404345.5
 10
305204.0
 20
6404347.4
 10
305202.0
 20
6404345.73
 10
305201.0
 20
6404346.0
 10
305200.86
 20
6404348.0
 10
305200.0
 20
6404348.6
 10
305199.45
 20
6404348.0
 10
305199.8
 20
6404346.0
 10
305199.4
 20
6404344.0
 10
305200.4
 20
6404342.0
 10
305202.0
 20
6404341.2
 10
305204.0
 20
6404342.0
 10
305207.33
 20
6404336.0
 10
305210.0
 20
6404334.78
 10
305212.0
 20
6404334.91
 10
305212.92
 20
6404336.0
 10
305211.85
 20
6404338.0
 10
305214.0
 20
6404340.32
 10
305218.0
 20
6404341.42
 10
305220.0
 20
6404342.84
 10
305222.0
 20
6404343.37
 10
305224.0
 20
6404344.44
 10
305226.0
 20
6404344.86
 10
305226.87
 20
6404344.0
 10
305226.7
 20
6404342.0
 10
305226.0
 20
6404340.0
 10
305226.34
 20
6404338.0
 10
305226.0
 20
6404335.0
 10
305225.33
 20
6404334.0
 10
305224.0
 20
6404333.33
 10
305222.93
 20
6404332.0
 10
305222.0
 20
6404331.42
 10
305220.0
 20
6404331.0
 10
305218.0
 20
6404329.67
 10
305214.0
 20
6404328.67
 10
305208.0
 20
6404325.92
 10
305204.0
 20
6404327.29
 10
305202.0
 20
6404326.68
 10
305194.86
 20
6404322.0
 10
305192.0
 20
6404318.3
 10
305191.26
 20
6404316.0
 10
305189.16
 20
6404312.0
 10
305187.09
 20
6404306.0
 10
305187.46
 20
6404302.0
 10
305187.09
 20
6404300.0
  0
TEXT
  5
32D
330
17
100
AcDbEntity
  8
HOJDKURVOR_TEXT
100
AcDbText
 10
305638.7252002965
 20
6404422.122415347
 30
0.0
 40
1.5
  1
7.5
 50
53.00120317851352
 72
1
 11
305638.7252002965
 21
6404422.122415347
 31
0.0
100
AcDbText
 73
2
  0
TEXT
  5
32E
330
17
100
AcDbEntity
  8
HOJDKURVOR_TEXT
100
AcDbText
 10
305549.7963266749
 20
6404383.231018367
 30
0.0
 40
1.5
  1
7.5
 50
359.7135234872328
 72
1
 11
305549.7963266749
 21
6404383.231018367
 31
0.0
100
AcDbText
 73
2
  0
TEXT
  5
32F
330
17
100
AcDbEntity
  8
HOJDKURVOR_TEXT
100
AcDbText
 10
305532.5838177868
 20
6404419.153366052
 30
0.0
 40
1.5
  1
7.5
 50
340.0744193394575
 72
1
 11
305532.5838177868
 21
6404419.153366052
 31
0.0
100
AcDbText
 73
2
  0
TEXT
  5
330
330
17
100
AcDbEntity
  8
HOJDKURVOR_TEXT
100
AcDbText
 10
305450.20842044463
 20
6404434.65535197
 30
0.0
 40
1.5
  1
7.5
 50
-81.18926701408023
 72
1
 11
305450.20842044463
 21
6404434.65535197
 31
0.0
100
AcDbText
 73
2
  0
TEXT
  5
331
330
17
100
AcDbEntity
  8
HOJDKURVOR_TEXT
100
AcDbText
 10
305409.86220076156
 20
6404458.024655501
 30
0.0
 40
1.5
  1
7.5
 50
0.14323915383674032
 72
1
 11
305409.86220076156
 21
6404458.024655501
 31
0.0
100
AcDbText
 73
2
  0
TEXT
  5
332
330
17
100
AcDbEntity
  8
HOJDKURVOR_TEXT
100
AcDbText
 10
305401.9235769992
 20
6404492.649904939
 30
0.0
 40
1.5
  1
7.5
 50
309.0074725520405
 72
1
 11
305401.9235769992
 21
6404492.649904939
 31
0.0
100
AcDbText
 73
2
  0
TEXT
  5
333
330
17
100
AcDbEntity
  8
HOJDKURVOR_TEXT
100
AcDbText
 10
305322.2219537524
 20
6404490.982134969
 30
0.0
 40
1.5
  1
7.5
 50
18.004161603500222
 72
1
 11
305322.2219537524
 21
6404490.982134969
 31
0.0
100
AcDbText
 73
2
  0
TEXT
  5
334
330
17
100
AcDbEntity
  8
HOJDKURVOR_TEXT
100
AcDbText
 10
305257.9236152903
 20
6404427.238071381
 30
0.0
 40
1.5
  1
7.5
 50
339.82161992878207
 72
1
 11
305257.9236152903
 21
6404427.238071381
 31
0.0
100
AcDbText
 73
2
  0
TEXT
  5
335
330
17
100
AcDbEntity
  8
HOJDKURVOR_TEXT
100
AcDbText
 10
305217.6172357709
 20
6404364.183440802
 30
0.0
 40
1.5
  1
7.5
 50
-56.20834431527374
 72
1
 11
305217.6172357709
 21
6404364.183440802
 31
0.0
100
AcDbText
 73
2
  0
TEXT
  5
336
330
17
100
AcDbEntity
  8
HOJDKURVOR_TEXT
100
AcDbText
 10
305219.9804675715
 20
6404330.987010935
 30
0.0
 40
1.5
  1
7.5
 50
33.62390614865279
 72
1
 11
305219.9804675715
 21
6404330.987010935
 31
0.0
100
AcDbText
 73
2
  0
LWPOLYLINE
  5
337
330
17
100
AcDbEntity
  8
HOJDKURVOR_STOD
100
AcDbPolyline
 90
21
 70
0
 10
305645.21
 20
6404580.0
 10
305641.97
 20
6404576.0
 10
305644.0
 20
6404575.24
 10
305644.85
 20
6404574.0
 10
305648.0
 20
6404571.26
 10
305650.0
 20
6404570.39
 10
305651.62
 20
6404568.0
 10
305652.0
 20
6404566.7
 10
305654.0
 20
6404566.68
 10
305660.0
 20
6404568.53
 10
305662.0
 20
6404567.57
 10
305664.0
 20
6404567.18
 10
305664.95
 20
6404568.0
 10
305663.41
 20
6404570.0
 10
305662.99
 20
6404572.0
 10
305663.33
 20
6404574.0
 10
305664.0
 20
6404574.68
 10
305666.0
 20
6404574.19
 10
305667.81
 20
6404576.0
 10
305666.23
 20
6404578.0
 10
305668.23
 20
6404580.0
  0
TEXT
  5
338
330
17
100
AcDbEntity
  8
HOJDKURVOR_TEXT
100
AcDbText
 10
305657.78456327826
 20
6404567.846907011
 30
0.0
 40
1.5
  1
7.5
 50
17.136274508448817
 72
1
 11
305657.78456327826
 21
6404567.846907011
 31
0.0
100
AcDbText
 73
2
  0
LWPOLYLINE
  5
339
330
17
100
AcDbEntity
  8
HOJDKURVOR_STOD
100
AcDbPolyline
 90
6
 70
0
 10
305674.9
 20
6404580.0
 10
305675.49
 20
6404578.0
 10
305675.37
 20
6404576.0
 10
305676.94
 20
6404572.0
 10
305678.0
 20
6404570.15
 10
305680.0
 20
6404569.29
  0
LWPOLYLINE
  5
33A
330
17
100
AcDbEntity
  8
HOJDKURVOR_GRUND
100
AcDbPolyline
 90
383
 70
0
 10
305680.0
 20
6404446.62
 10
305675.8
 20
6404446.0
 10
305673.63
 20
6404444.0
 10
305670.0
 20
6404442.03
 10
305669.75
 20
6404440.0
 10
305668.48
 20
6404436.0
 10
305668.0
 20
6404435.75
 10
305666.0
 20
6404436.15
 10
305662.0
 20
6404435.31
 10
305660.0
 20
6404434.4
 10
305658.0
 20
6404432.92
 10
305648.0
 20
6404429.65
 10
305646.0
 20
6404429.27
 10
305644.0
 20
6404428.1
 10
305641.94
 20
6404426.0
 10
305641.13
 20
6404424.0
 10
305639.37
 20
6404422.0
 10
305638.0
 20
6404419.44
 10
305634.99
 20
6404416.0
 10
305632.0
 20
6404414.66
 10
305630.0
 20
6404413.24
 10
305628.0
 20
6404412.63
 10
305626.0
 20
6404412.5
 10
305624.0
 20
6404412.79
 10
305622.15
 20
6404410.0
 10
305620.03
 20
6404408.0
 10
305619.07
 20
6404404.0
 10
305614.0
 20
6404400.56
 10
305612.0
 20
6404399.96
 10
305605.79
 20
6404396.0
 10
305602.0
 20
6404395.03
 10
305600.0
 20
6404395.38
 10
305599.29
 20
6404394.0
 10
305598.0
 20
6404393.3
 10
305596.0
 20
6404393.0
 10
305592.0
 20
6404391.18
 10
305590.0
 20
6404390.91
 10
305582.0
 20
6404391.07
 10
305578.0
 20
6404390.44
 10
305576.0
 20
6404390.78
 10
305574.0
 20
6404390.52
 10
305572.0
 20
6404389.64
 10
305570.0
 20
6404389.5
 10
305566.84
 20
6404388.0
 10
305560.35
 20
6404384.0
 10
305558.0
 20
6404381.77
 10
305556.0
 20
6404380.74
 10
305552.0
 20
6404380.84
 10
305550.0
 20
6404380.5
 10
305546.0
 20
6404378.72
 10
305542.0
 20
6404376.34
 10
305540.0
 20
6404375.88
 10
305538.0
 20
6404377.0
 10
305534.0
 20
6404377.88
 10
305532.0
 20
6404379.47
 10
305530.0
 20
6404379.53
 10
305529.67
 20
6404380.0
 10
305530.0
 20
6404380.8
 10
305532.0
 20
6404380.49
 10
305536.0
 20
6404380.94
 10
305537.12
 20
6404382.0
 10
305540.0
 20
6404383.73
 10
305542.0
 20
6404385.53
 10
305546.0
 20
6404387.52
 10
305548.0
 20
6404389.17
 10
305548.72
 20
6404390.0
 10
305550.0
 20
6404393.72
 10
305550.36
 20
6404394.0
 10
305546.0
 20
6404394.47
 10
305544.0
 20
6404394.2
 10
305543.36
 20
6404394.0
 10
305542.0
 20
6404392.48
 10
305541.62
 20
6404394.0
 10
305539.01
 20
6404396.0
 10
305538.0
 20
6404399.9
 10
305534.0
 20
6404399.53
 10
305528.0
 20
6404399.64
 10
305526.0
 20
6404399.29
 10
305521.84
 20
6404400.0
 10
305524.0
 20
6404400.78
 10
305528.0
 20
6404403.31
 10
305530.16
 20
6404404.0
 10
305533.02
 20
6404406.0
 10
305534.0
 20
6404407.83
 10
305536.0
 20
6404409.88
 10
305538.0
 20
6404410.24
 10
305539.96
 20
6404412.0
 10
305542.0
 20
6404413.12
 10
305544.0
 20
6404413.73
 10
305546.0
 20
6404413.57
 10
305547.85
 20
6404414.0
 10
305548.62
 20
6404416.0
 10
305546.52
 20
6404418.0
 10
305544.0
 20
6404418.92
 10
305542.0
 20
6404419.27
 10
305540.0
 20
6404418.42
 10
305538.0
 20
6404418.94
 10
305534.0
 20
6404417.18
 10
305530.0
 20
6404418.77
 10
305527.78
 20
6404418.0
 10
305526.0
 20
6404415.07
 10
305522.0
 20
6404415.12
 10
305520.0
 20
6404415.31
 10
305516.0
 20
6404418.35
 10
305514.0
 20
6404417.7
 10
305512.0
 20
6404417.67
 10
305506.0
 20
6404416.34
 10
305504.0
 20
6404416.76
 10
305503.0
 20
6404418.0
 10
305502.0
 20
6404420.27
 10
305500.0
 20
6404420.97
 10
305498.0
 20
6404421.25
 10
305496.96
 20
6404422.0
 10
305494.0
 20
6404423.09
 10
305490.0
 20
6404422.66
 10
305486.0
 20
6404420.23
 10
305484.0
 20
6404422.39
 10
305479.08
 20
6404422.0
 10
305478.0
 20
6404421.59
 10
305476.0
 20
6404421.48
 10
305474.0
 20
6404420.74
 10
305470.0
 20
6404421.78
 10
305468.0
 20
6404421.58
 10
305466.0
 20
6404422.22
 10
305464.0
 20
6404423.53
 10
305462.0
 20
6404423.74
 10
305452.0
 20
6404422.86
 10
305448.0
 20
6404420.2
 10
305446.0
 20
6404419.81
 10
305444.0
 20
6404418.0
 10
305442.09
 20
6404414.0
 10
305438.0
 20
6404412.67
 10
305436.0
 20
6404411.29
 10
305434.0
 20
6404411.4
 10
305433.48
 20
6404412.0
 10
305433.66
 20
6404416.0
 10
305432.91
 20
6404420.0
 10
305432.97
 20
6404422.0
 10
305434.81
 20
6404424.0
 10
305437.42
 20
6404428.0
 10
305436.35
 20
6404430.0
 10
305436.39
 20
6404432.0
 10
305434.0
 20
6404434.19
 10
305432.0
 20
6404435.49
 10
305428.0
 20
6404437.26
 10
305426.0
 20
6404437.24
 10
305424.0
 20
6404438.79
 10
305422.0
 20
6404439.27
 10
305418.0
 20
6404439.49
 10
305417.12
 20
6404440.0
 10
305415.47
 20
6404442.0
 10
305414.0
 20
6404442.99
 10
305412.0
 20
6404441.98
 10
305410.0
 20
6404443.35
 10
305408.0
 20
6404443.61
 10
305406.0
 20
6404444.84
 10
305402.0
 20
6404443.88
 10
305400.0
 20
6404444.86
 10
305397.96
 20
6404446.0
 10
305396.56
 20
6404448.0
 10
305397.15
 20
6404450.0
 10
305397.04
 20
6404452.0
 10
305396.0
 20
6404452.74
 10
305395.38
 20
6404454.0
 10
305396.0
 20
6404455.26
 10
305398.0
 20
6404456.23
 10
305400.0
 20
6404455.96
 10
305402.0
 20
6404454.9
 10
305404.0
 20
6404455.64
 10
305404.7
 20
6404456.0
 10
305406.38
 20
6404458.0
 10
305408.0
 20
6404459.12
 10
305410.0
 20
6404459.59
 10
305420.0
 20
6404460.44
 10
305426.0
 20
6404460.02
 10
305428.0
 20
6404460.29
 10
305430.0
 20
6404461.35
 10
305432.94
 20
6404464.0
 10
305434.0
 20
6404467.76
 10
305435.55
 20
6404470.0
 10
305436.04
 20
6404472.0
 10
305437.65
 20
6404474.0
 10
305438.0
 20
6404475.5
 10
305440.0
 20
6404475.0
 10
305441.45
 20
6404476.0
 10
305440.0
 20
6404477.14
 10
305438.0
 20
6404476.86
 10
305437.78
 20
6404478.0
 10
305438.98
 20
6404480.0
 10
305438.0
 20
6404481.22
 10
305434.0
 20
6404480.97
 10
305432.0
 20
6404480.45
 10
305430.0
 20
6404480.8
 10
305428.0
 20
6404482.38
 10
305426.0
 20
6404482.32
 10
305424.0
 20
6404482.72
 10
305420.0
 20
6404482.23
 10
305418.0
 20
6404481.32
 10
305416.0
 20
6404480.99
 10
305410.0
 20
6404478.79
 10
305408.0
 20
6404477.75
 10
305406.0
 20
6404478.0
 10
305404.0
 20
6404479.17
 10
305402.0
 20
6404479.33
 10
305400.0
 20
6404478.55
 10
305399.76
 20
6404480.0
 10
305399.91
 20
6404482.0
 10
305398.0
 20
6404486.07
 10
305394.0
 20
6404487.4
 10
305393.32
 20
6404488.0
 10
305393.0
 20
6404490.0
 10
305393.44
 20
6404492.0
 10
305394.0
 20
6404492.44
 10
305398.67
 20
6404492.0
 10
305398.17
 20
6404494.0
 10
305395.4
 20
6404496.0
 10
305392.0
 20
6404496.62
 10
305390.33
 20
6404498.0
 10
305390.86
 20
6404500.0
 10
305386.0
 20
6404501.28
 10
305384.0
 20
6404500.88
 10
305380.0
 20
6404499.23
 10
305376.0
 20
6404496.98
 10
305374.0
 20
6404496.77
 10
305372.0
 20
6404494.92
 10
305362.0
 20
6404495.06
 10
305359.53
 20
6404494.0
 10
305358.0
 20
6404492.44
 10
305354.0
 20
6404493.32
 10
305352.0
 20
6404493.32
 10
305349.07
 20
6404492.0
 10
305348.0
 20
6404490.84
 10
305344.0
 20
6404490.86
 10
305341.93
 20
6404490.0
 10
305336.0
 20
6404488.91
 10
305334.0
 20
6404487.87
 10
305332.0
 20
6404488.0
 10
305333.82
 20
6404490.0
 10
305338.93
 20
6404494.0
 10
305338.0
 20
6404496.0
 10
305336.0
 20
6404496.34
 10
305330.0
 20
6404493.23
 10
305326.0
 20
6404491.92
 10
305324.0
 20
6404490.75
 10
305321.71
 20
6404490.0
 10
305320.0
 20
6404488.0
 10
305316.0
 20
6404488.13
 10
305314.0
 20
6404487.49
 10
305310.0
 20
6404487.97
 10
305306.0
 20
6404487.22
 10
305303.26
 20
6404486.0
 10
305302.0
 20
6404484.39
 10
305298.0
 20
6404482.91
 10
305296.38
 20
6404482.0
 10
305295.49
 20
6404480.0
 10
305296.0
 20
6404479.21
 10
305298.0
 20
6404478.11
 10
305300.0
 20
6404478.41
 10
305304.5
 20
6404478.0
 10
305300.0
 20
6404477.28
 10
305299.61
 20
6404476.0
 10
305298.0
 20
6404473.61
 10
305296.0
 20
6404472.77
 10
305294.71
 20
6404470.0
 10
305292.0
 20
6404469.58
 10
305289.53
 20
6404468.0
 10
305286.29
 20
6404464.0
 10
305285.43
 20
6404462.0
 10
305278.0
 20
6404454.23
 10
305276.0
 20
6404452.71
 10
305273.94
 20
6404450.0
 10
305270.71
 20
6404444.0
 10
305267.6
 20
6404440.0
 10
305267.48
 20
6404438.0
 10
305266.0
 20
6404436.64
 10
305263.77
 20
6404436.0
 10
305262.07
 20
6404432.0
 10
305260.0
 20
6404430.56
 10
305259.79
 20
6404430.0
 10
305260.11
 20
6404428.0
 10
305260.0
 20
6404426.33
 10
305258.0
 20
6404424.06
 10
305256.0
 20
6404424.53
 10
305254.0
 20
6404426.58
 10
305253.38
 20
6404426.0
 10
305252.0
 20
6404422.76
 10
305250.55
 20
6404422.0
 10
305250.0
 20
6404421.33
 10
305249.68
 20
6404420.0
 10
305250.0
 20
6404418.67
 10
305251.85
 20
6404416.0
 10
305251.77
 20
6404414.0
 10
305250.54
 20
6404412.0
 10
305250.0
 20
6404409.2
 10
305248.0
 20
6404407.6
 10
305246.0
 20
6404406.96
 10
305242.0
 20
6404408.93
 10
305240.0
 20
6404408.97
 10
305239.26
 20
6404408.0
 10
305240.0
 20
6404406.83
 10
305242.0
 20
6404407.22
 10
305242.21
 20
6404406.0
 10
305240.0
 20
6404404.75
 10
305239.57
 20
6404404.0
 10
305238.0
 20
6404403.64
 10
305236.0
 20
6404401.57
 10
305234.0
 20
6404401.0
 10
305232.0
 20
6404400.97
 10
305230.0
 20
6404401.14
 10
305229.1
 20
6404402.0
 10
305228.0
 20
6404402.31
 10
305226.0
 20
6404402.31
 10
305225.6
 20
6404402.0
 10
305224.87
 20
6404400.0
 10
305227.03
 20
6404398.0
 10
305226.93
 20
6404396.0
 10
305226.0
 20
6404394.84
 10
305224.0
 20
6404395.76
 10
305222.0
 20
6404395.57
 10
305220.0
 20
6404394.68
 10
305219.26
 20
6404394.0
 10
305218.45
 20
6404392.0
 10
305218.39
 20
6404388.0
 10
305217.95
 20
6404386.0
 10
305218.27
 20
6404380.0
 10
305218.95
 20
6404378.0
 10
305220.0
 20
6404376.67
 10
305221.11
 20
6404376.0
 10
305222.0
 20
6404374.4
 10
305222.67
 20
6404374.0
 10
305220.0
 20
6404373.33
 10
305218.94
 20
6404370.0
 10
305219.67
 20
6404368.0
 10
305222.0
 20
6404366.47
 10
305223.24
 20
6404368.0
 10
305224.3
 20
6404370.0
 10
305226.0
 20
6404371.48
 10
305228.0
 20
6404372.26
 10
305230.0
 20
6404370.49
 10
305231.0
 20
6404370.0
 10
305230.0
 20
6404368.74
 10
305228.83
 20
6404368.0
 10
305228.0
 20
6404366.75
 10
305226.0
 20
6404366.57
 10
305225.0
 20
6404366.0
 10
305226.0
 20
6404364.0
 10
305226.33
 20
6404362.0
 10
305227.3
 20
6404360.0
 10
305226.95
 20
6404358.0
 10
305228.25
 20
6404356.0
 10
305226.56
 20
6404354.0
 10
305225.78
 20
6404350.0
 10
305226.0
 20
6404348.0
 10
305227.03
 20
6404346.0
 10
305228.56
 20
6404344.0
 10
305229.67
 20
6404340.0
 10
305228.0
 20
6404336.0
 10
305228.7
 20
6404334.0
 10
305228.07
 20
6404332.0
 10
305228.73
 20
6404330.0
 10
305228.0
 20
6404328.5
 10
305226.0
 20
6404326.92
 10
305224.0
 20
6404326.0
 10
305222.0
 20
6404326.1
 10
305220.0
 20
6404326.76
 10
305218.0
 20
6404325.92
 10
305214.0
 20
6404322.67
 10
305212.0
 20
6404321.68
 10
305210.0
 20
6404321.51
 10
305208.0
 20
6404321.78
 10
305207.16
 20
6404324.0
 10
305206.0
 20
6404324.89
 10
305204.0
 20
6404325.58
 10
305200.0
 20
6404324.5
 10
305199.31
 20
6404324.0
 10
305196.0
 20
6404321.35
 10
305192.97
 20
6404318.0
 10
305192.34
 20
6404316.0
 10
305190.08
 20
6404312.0
 10
305189.65
 20
6404310.0
 10
305187.82
 20
6404306.0
 10
305188.34
 20
6404302.0
 10
305188.09
 20
6404300.0
  0
LWPOLYLINE
  5
33B
330
17
100
AcDbEntity
  8
HOJDKURVOR_GRUND
100
AcDbPolyline
 90
4
 70
0
 10
305678.38
 20
6404580.0
 10
305676.3
 20
6404576.0
 10
305678.0
 20
6404571.96
 10
305680.0
 20
6404571.16
  0
LWPOLYLINE
  5
33C
330
17
100
AcDbEntity
  8
HOJDKURVOR_GRUND
100
AcDbPolyline
 90
378
 70
0
 10
305680.0
 20
6404445.85
 10
305678.0
 20
6404445.43
 10
305676.0
 20
6404444.38
 10
305672.77
 20
6404442.0
 10
305670.51
 20
6404438.0
 10
305669.81
 20
6404436.0
 10
305668.0
 20
6404435.07
 10
305666.0
 20
6404435.33
 10
305662.0
 20
6404434.58
 10
305660.0
 20
6404433.65
 10
305658.0
 20
6404431.98
 10
305656.0
 20
6404431.07
 10
305652.0
 20
6404429.58
 10
305646.08
 20
6404428.0
 10
305644.0
 20
6404426.86
 10
305643.15
 20
6404426.0
 10
305642.18
 20
6404424.0
 10
305640.28
 20
6404422.0
 10
305638.34
 20
6404418.0
 10
305636.28
 20
6404416.0
 10
305632.0
 20
6404413.91
 10
305630.0
 20
6404412.21
 10
305628.0
 20
6404411.29
 10
305626.0
 20
6404410.55
 10
305624.0
 20
6404411.23
 10
305621.38
 20
6404408.0
 10
305621.11
 20
6404406.0
 10
305621.47
 20
6404404.0
 10
305618.0
 20
6404401.29
 10
305616.0
 20
6404400.58
 10
305611.73
 20
6404398.0
 10
305608.0
 20
6404396.52
 10
305606.0
 20
6404395.03
 10
305604.0
 20
6404394.21
 10
305600.0
 20
6404393.29
 10
305598.0
 20
6404391.85
 10
305596.0
 20
6404391.73
 10
305594.0
 20
6404391.19
 10
305592.0
 20
6404390.13
 10
305588.0
 20
6404390.25
 10
305586.0
 20
6404389.99
 10
305584.0
 20
6404390.47
 10
305580.0
 20
6404390.27
 10
305578.0
 20
6404389.75
 10
305576.0
 20
6404390.41
 10
305568.0
 20
6404388.18
 10
305561.68
 20
6404384.0
 10
305558.0
 20
6404380.7
 10
305556.0
 20
6404379.41
 10
305550.0
 20
6404378.52
 10
305542.0
 20
6404374.35
 10
305540.0
 20
6404374.43
 10
305538.0
 20
6404375.15
 10
305536.0
 20
6404375.28
 10
305532.0
 20
6404377.81
 10
305530.0
 20
6404377.13
 10
305526.48
 20
6404382.0
 10
305528.0
 20
6404383.26
 10
305532.0
 20
6404381.91
 10
305534.0
 20
6404381.78
 10
305538.0
 20
6404383.04
 10
305542.0
 20
6404386.61
 10
305544.29
 20
6404388.0
 10
305546.0
 20
6404388.48
 10
305548.0
 20
6404389.98
 10
305548.62
 20
6404392.0
 10
305548.0
 20
6404392.99
 10
305546.0
 20
6404393.33
 10
305544.0
 20
6404392.61
 10
305542.0
 20
6404390.81
 10
305540.63
 20
6404394.0
 10
305538.34
 20
6404396.0
 10
305537.83
 20
6404398.0
 10
305536.0
 20
6404399.32
 10
305528.0
 20
6404399.17
 10
305526.0
 20
6404398.31
 10
305524.0
 20
6404397.96
 10
305516.0
 20
6404397.34
 10
305514.42
 20
6404398.0
 10
305516.0
 20
6404399.01
 10
305520.0
 20
6404400.38
 10
305522.56
 20
6404402.0
 10
305526.0
 20
6404403.13
 10
305528.0
 20
6404404.32
 10
305530.0
 20
6404404.7
 10
305531.86
 20
6404406.0
 10
305531.9
 20
6404408.0
 10
305531.37
 20
6404410.0
 10
305532.0
 20
6404412.04
 10
305534.0
 20
6404412.95
 10
305534.67
 20
6404412.0
 10
305536.0
 20
6404411.45
 10
305540.0
 20
6404413.42
 10
305546.0
 20
6404415.18
 10
305546.36
 20
6404416.0
 10
305544.57
 20
6404418.0
 10
305542.0
 20
6404418.5
 10
305540.0
 20
6404417.51
 10
305538.0
 20
6404418.24
 10
305536.0
 20
6404416.4
 10
305534.0
 20
6404416.05
 10
305532.0
 20
6404416.27
 10
305530.0
 20
6404415.54
 10
305528.0
 20
6404413.89
 10
305526.0
 20
6404413.5
 10
305524.0
 20
6404414.11
 10
305520.0
 20
6404414.54
 10
305518.0
 20
6404415.45
 10
305516.0
 20
6404415.94
 10
305514.0
 20
6404415.91
 10
305512.0
 20
6404416.51
 10
305508.0
 20
6404415.76
 10
305502.0
 20
6404415.31
 10
305500.0
 20
6404413.68
 10
305498.5
 20
6404414.0
 10
305496.0
 20
6404415.75
 10
305496.0
 20
6404416.62
 10
305497.69
 20
6404418.0
 10
305497.53
 20
6404420.0
 10
305494.88
 20
6404422.0
 10
305494.0
 20
6404422.33
 10
305492.0
 20
6404422.59
 10
305490.0
 20
6404422.23
 10
305486.0
 20
6404419.47
 10
305484.67
 20
6404420.0
 10
305484.0
 20
6404420.84
 10
305482.0
 20
6404421.4
 10
305480.0
 20
6404421.21
 10
305478.0
 20
6404420.03
 10
305476.0
 20
6404420.61
 10
305474.0
 20
6404419.69
 10
305470.0
 20
6404420.65
 10
305468.0
 20
6404420.48
 10
305466.0
 20
6404421.25
 10
305464.0
 20
6404422.56
 10
305460.0
 20
6404421.8
 10
305456.0
 20
6404422.35
 10
305452.0
 20
6404421.68
 10
305450.0
 20
6404420.75
 10
305449.11
 20
6404420.0
 10
305448.04
 20
6404418.0
 10
305446.0
 20
6404416.55
 10
305444.18
 20
6404414.0
 10
305438.33
 20
6404410.0
 10
305438.0
 20
6404408.42
 10
305436.0
 20
6404408.5
 10
305434.0
 20
6404409.92
 10
305432.18
 20
6404412.0
 10
305432.81
 20
6404416.0
 10
305431.78
 20
6404422.0
 10
305436.75
 20
6404428.0
 10
305434.77
 20
6404432.0
 10
305433.06
 20
6404434.0
 10
305432.0
 20
6404434.72
 10
305430.0
 20
6404435.16
 10
305428.0
 20
6404436.41
 10
305426.0
 20
6404436.54
 10
305423.74
 20
6404438.0
 10
305422.0
 20
6404438.56
 10
305420.0
 20
6404438.29
 10
305418.0
 20
6404438.6
 10
305416.0
 20
6404439.47
 10
305414.0
 20
6404442.18
 10
305412.0
 20
6404440.81
 10
305408.0
 20
6404442.09
 10
305406.0
 20
6404440.88
 10
305404.0
 20
6404440.55
 10
305402.59
 20
6404442.0
 10
305400.0
 20
6404443.67
 10
305396.0
 20
6404447.08
 10
305393.92
 20
6404448.0
 10
305393.43
 20
6404450.0
 10
305393.9
 20
6404452.0
 10
305393.98
 20
6404454.0
 10
305393.18
 20
6404456.0
 10
305394.0
 20
6404456.89
 10
305400.0
 20
6404457.42
 10
305402.0
 20
6404456.61
 10
305404.0
 20
6404457.03
 10
305408.0
 20
6404460.24
 10
305414.0
 20
6404461.05
 10
305422.0
 20
6404461.08
 10
305424.0
 20
6404461.51
 10
305426.0
 20
6404461.23
 10
305428.0
 20
6404461.87
 10
305431.4
 20
6404464.0
 10
305432.24
 20
6404466.0
 10
305431.78
 20
6404468.0
 10
305432.0
 20
6404470.53
 10
305434.0
 20
6404472.84
 10
305435.52
 20
6404474.0
 10
305435.06
 20
6404478.0
 10
305434.0
 20
6404479.52
 10
305432.0
 20
6404479.19
 10
305428.0
 20
6404479.78
 10
305426.0
 20
6404479.19
 10
305420.0
 20
6404481.02
 10
305416.0
 20
6404480.14
 10
305414.0
 20
6404479.12
 10
305412.0
 20
6404478.83
 10
305408.0
 20
6404476.61
 10
305406.0
 20
6404474.77
 10
305402.0
 20
6404476.73
 10
305400.75
 20
6404476.0
 10
305400.0
 20
6404474.36
 10
305399.1
 20
6404476.0
 10
305398.0
 20
6404476.88
 10
305397.53
 20
6404478.0
 10
305398.24
 20
6404480.0
 10
305398.44
 20
6404482.0
 10
305398.0
 20
6404482.86
 10
305396.0
 20
6404483.62
 10
305392.0
 20
6404487.43
 10
305391.51
 20
6404488.0
 10
305392.0
 20
6404490.29
 10
305389.53
 20
6404492.0
 10
305390.0
 20
6404492.82
 10
305392.0
 20
6404493.23
 10
305393.0
 20
6404494.0
 10
305392.0
 20
6404494.75
 10
305390.0
 20
6404494.39
 10
305388.0
 20
6404495.09
 10
305386.58
 20
6404500.0
 10
305386.0
 20
6404500.16
 10
305384.0
 20
6404500.12
 10
305382.0
 20
6404498.98
 10
305380.0
 20
6404498.42
 10
305376.0
 20
6404496.26
 10
305374.0
 20
6404496.06
 10
305372.0
 20
6404493.94
 10
305370.0
 20
6404494.19
 10
305366.0
 20
6404493.92
 10
305364.0
 20
6404493.44
 10
305362.0
 20
6404494.04
 10
305360.0
 20
6404493.5
 10
305358.0
 20
6404491.55
 10
305356.0
 20
6404492.4
 10
305352.0
 20
6404492.66
 10
305349.9
 20
6404492.0
 10
305348.0
 20
6404489.91
 10
305338.0
 20
6404488.67
 10
305332.0
 20
6404486.75
 10
305330.0
 20
6404485.68
 10
305327.82
 20
6404486.0
 10
305330.0
 20
6404487.36
 10
305332.04
 20
6404490.0
 10
305334.0
 20
6404491.07
 10
305337.17
 20
6404494.0
 10
305336.0
 20
6404495.29
 10
305333.12
 20
6404494.0
 10
305330.0
 20
6404492.07
 10
305328.0
 20
6404491.19
 10
305326.0
 20
6404491.09
 10
305324.11
 20
6404490.0
 10
305323.16
 20
6404488.0
 10
305324.0
 20
6404486.14
 10
305324.33
 20
6404486.0
 10
305324.44
 20
6404484.0
 10
305324.0
 20
6404483.83
 10
305322.0
 20
6404484.54
 10
305320.0
 20
6404484.7
 10
305319.27
 20
6404486.0
 10
305318.0
 20
6404486.95
 10
305316.0
 20
6404486.04
 10
305310.0
 20
6404486.68
 10
305308.0
 20
6404485.83
 10
305306.0
 20
6404486.38
 10
305305.06
 20
6404486.0
 10
305302.0
 20
6404482.1
 10
305300.0
 20
6404482.0
 10
305301.43
 20
6404480.0
 10
305302.0
 20
6404479.82
 10
305304.0
 20
6404480.86
 10
305306.62
 20
6404480.0
 10
305308.0
 20
6404479.0
 10
305308.17
 20
6404478.0
 10
305306.0
 20
6404477.45
 10
305304.0
 20
6404477.33
 10
305302.0
 20
6404476.56
 10
305297.49
 20
6404472.0
 10
305296.0
 20
6404469.35
 10
305294.0
 20
6404468.29
 10
305292.0
 20
6404468.53
 10
305290.0
 20
6404467.24
 10
305285.06
 20
6404460.0
 10
305284.16
 20
6404458.0
 10
305282.0
 20
6404456.93
 10
305281.01
 20
6404456.0
 10
305280.0
 20
6404453.82
 10
305277.71
 20
6404452.0
 10
305277.52
 20
6404448.0
 10
305276.0
 20
6404445.28
 10
305274.0
 20
6404443.98
 10
305272.33
 20
6404442.0
 10
305270.0
 20
6404440.47
 10
305268.0
 20
6404436.31
 10
305266.0
 20
6404434.55
 10
305264.0
 20
6404433.51
 10
305263.18
 20
6404432.0
 10
305260.73
 20
6404430.0
 10
305260.72
 20
6404426.0
 10
305261.16
 20
6404424.0
 10
305262.0
 20
6404422.62
 10
305264.06
 20
6404422.0
 10
305264.33
 20
6404420.0
 10
305264.0
 20
6404418.0
 10
305262.0
 20
6404416.0
 10
305262.0
 20
6404413.97
 10
305260.0
 20
6404413.4
 10
305258.81
 20
6404412.0
 10
305260.12
 20
6404410.0
 10
305262.07
 20
6404408.0
 10
305259.5
 20
6404406.0
 10
305260.0
 20
6404404.67
 10
305260.0
 20
6404403.6
 10
305256.0
 20
6404403.91
 10
305254.0
 20
6404405.38
 10
305252.0
 20
6404406.29
 10
305248.0
 20
6404405.0
 10
305246.0
 20
6404405.35
 10
305244.0
 20
6404406.94
 10
305243.14
 20
6404406.0
 10
305242.0
 20
6404405.55
 10
305240.0
 20
6404403.64
 10
305238.0
 20
6404402.82
 10
305232.0
 20
6404397.81
 10
305230.0
 20
6404396.82
 10
305228.0
 20
6404396.86
 10
305227.84
 20
6404396.0
 10
305226.0
 20
6404393.33
 10
305224.0
 20
6404394.24
 10
305222.0
 20
6404394.43
 10
305219.77
 20
6404394.0
 10
305219.4
 20
6404392.0
 10
305219.34
 20
6404386.0
 10
305219.62
 20
6404384.0
 10
305219.24
 20
6404380.0
 10
305224.0
 20
6404375.26
 10
305226.0
 20
6404373.73
 10
305228.0
 20
6404374.44
 10
305233.19
 20
6404370.0
 10
305233.18
 20
6404368.0
 10
305234.87
 20
6404364.0
 10
305236.18
 20
6404362.0
 10
305236.37
 20
6404360.0
 10
305234.0
 20
6404357.32
 10
305231.62
 20
6404356.0
 10
305230.04
 20
6404354.0
 10
305229.27
 20
6404352.0
 10
305230.21
 20
6404350.0
 10
305230.44
 20
6404348.0
 10
305229.61
 20
6404346.0
 10
305230.04
 20
6404344.0
 10
305231.69
 20
6404340.0
 10
305231.44
 20
6404336.0
 10
305232.9
 20
6404332.0
 10
305233.47
 20
6404328.0
 10
305230.0
 20
6404325.91
 10
305228.31
 20
6404324.0
 10
305228.0
 20
6404323.0
 10
305226.0
 20
6404321.0
 10
305224.0
 20
6404320.77
 10
305222.0
 20
6404323.07
 10
305220.0
 20
6404323.06
 10
305216.0
 20
6404320.0
 10
305214.0
 20
6404319.37
 10
305212.0
 20
6404319.38
 10
305210.0
 20
6404320.29
 10
305208.0
 20
6404320.52
 10
305206.0
 20
6404323.65
 10
305204.0
 20
6404324.06
 10
305202.0
 20
6404323.92
 10
305200.0
 20
6404323.32
 10
305194.11
 20
6404318.0
 10
305191.14
 20
6404312.0
 10
305190.67
 20
6404310.0
 10
305188.73
 20
6404306.0
 10
305189.2
 20
6404300.0
  0
LWPOLYLINE
  5
33D
330
17
100
AcDbEntity
  8
HOJDKURVOR_GRUND
100
AcDbPolyline
 90
5
 70
0
 10
305680.0
 20
6404579.56
 10
305678.62
 20
6404578.0
 10
305677.55
 20
6404576.0
 10
305678.0
 20
6404573.58
 10
305680.0
 20
6404572.46
  0
LWPOLYLINE
  5
33E
330
17
100
AcDbEntity
  8
HOJDKURVOR_GRUND
100
AcDbPolyline
 90
41
 70
0
 10
305680.0
 20
6404444.94
 10
305678.0
 20
6404444.2
 10
305676.0
 20
6404442.53
 10
305674.67
 20
6404442.0
 10
305675.29
 20
6404440.0
 10
305674.67
 20
6404438.0
 10
305672.0
 20
6404437.27
 10
305670.0
 20
6404434.17
 10
305666.0
 20
6404434.51
 10
305662.0
 20
6404433.84
 10
305660.0
 20
6404433.0
 10
305658.0
 20
6404431.08
 10
305656.0
 20
6404429.94
 10
305650.0
 20
6404427.18
 10
305648.0
 20
6404426.89
 10
305645.67
 20
6404426.0
 10
305644.0
 20
6404424.8
 10
305643.7
 20
6404424.0
 10
305641.2
 20
6404422.0
 10
305639.54
 20
6404418.0
 10
305637.82
 20
6404416.0
 10
305636.0
 20
6404414.64
 10
305632.0
 20
6404413.01
 10
305630.0
 20
6404410.97
 10
305626.0
 20
6404408.96
 10
305624.0
 20
6404409.51
 10
305622.81
 20
6404408.0
 10
305622.54
 20
6404406.0
 10
305623.19
 20
6404404.0
 10
305624.31
 20
6404402.0
 10
305620.0
 20
6404400.61
 10
305619.39
 20
6404400.0
 10
305616.0
 20
6404399.36
 10
305613.52
 20
6404398.0
 10
305610.0
 20
6404396.75
 10
305608.0
 20
6404395.72
 10
305606.0
 20
6404394.0
 10
305600.0
 20
6404392.38
 10
305598.0
 20
6404391.28
 10
305596.0
 20
6404391.13
 10
305592.0
 20
6404389.35
  0
LWPOLYLINE
  5
33F
330
17
100
AcDbEntity
  8
HOJDKURVOR_GRUND
100
AcDbPolyline
 90
344
 70
0
 10
305580.0
 20
6404389.52
 10
305578.0
 20
6404389.07
 10
305576.0
 20
6404390.03
 10
305574.0
 20
6404389.63
 10
305570.0
 20
6404387.93
 10
305568.0
 20
6404387.63
 10
305562.0
 20
6404383.38
 10
305558.0
 20
6404379.79
 10
305556.0
 20
6404378.4
 10
305552.0
 20
6404376.44
 10
305550.0
 20
6404376.64
 10
305548.38
 20
6404376.0
 10
305542.0
 20
6404372.18
 10
305538.0
 20
6404373.56
 10
305536.0
 20
6404373.52
 10
305532.0
 20
6404375.2
 10
305530.0
 20
6404375.05
 10
305528.0
 20
6404375.9
 10
305526.0
 20
6404378.23
 10
305522.75
 20
6404380.0
 10
305520.0
 20
6404383.05
 10
305519.71
 20
6404384.0
 10
305520.0
 20
6404384.95
 10
305522.0
 20
6404383.87
 10
305524.0
 20
6404383.62
 10
305528.0
 20
6404384.67
 10
305530.0
 20
6404383.47
 10
305532.0
 20
6404382.75
 10
305534.0
 20
6404382.54
 10
305536.0
 20
6404382.87
 10
305538.0
 20
6404383.77
 10
305542.85
 20
6404388.0
 10
305541.58
 20
6404390.0
 10
305540.0
 20
6404393.6
 10
305538.0
 20
6404395.47
 10
305537.13
 20
6404398.0
 10
305536.0
 20
6404398.81
 10
305528.0
 20
6404398.7
 10
305524.0
 20
6404397.07
 10
305522.0
 20
6404397.31
 10
305518.0
 20
6404397.04
 10
305514.0
 20
6404395.42
 10
305510.0
 20
6404394.63
 10
305509.07
 20
6404394.0
 10
305507.62
 20
6404392.0
 10
305507.33
 20
6404390.0
 10
305506.0
 20
6404389.58
 10
305504.1
 20
6404390.0
 10
305502.0
 20
6404391.71
 10
305500.88
 20
6404392.0
 10
305500.08
 20
6404394.0
 10
305502.0
 20
6404395.92
 10
305504.0
 20
6404396.15
 10
305508.0
 20
6404397.68
 10
305512.0
 20
6404398.24
 10
305516.0
 20
6404400.64
 10
305520.0
 20
6404401.67
 10
305522.0
 20
6404402.8
 10
305524.0
 20
6404403.09
 10
305528.0
 20
6404405.32
 10
305530.0
 20
6404405.51
 10
305530.7
 20
6404406.0
 10
305531.08
 20
6404408.0
 10
305530.71
 20
6404410.0
 10
305531.06
 20
6404412.0
 10
305532.22
 20
6404414.0
 10
305530.0
 20
6404414.58
 10
305528.0
 20
6404413.1
 10
305526.0
 20
6404412.77
 10
305524.0
 20
6404413.22
 10
305522.0
 20
6404413.05
 10
305520.0
 20
6404413.38
 10
305516.0
 20
6404414.86
 10
305510.0
 20
6404415.16
 10
305504.0
 20
6404415.03
 10
305502.0
 20
6404414.53
 10
305498.26
 20
6404412.0
 10
305498.0
 20
6404410.78
 10
305496.0
 20
6404411.14
 10
305494.31
 20
6404416.0
 10
305494.72
 20
6404418.0
 10
305494.45
 20
6404420.0
 10
305492.63
 20
6404422.0
 10
305492.0
 20
6404422.12
 10
305490.0
 20
6404421.39
 10
305486.0
 20
6404418.84
 10
305482.0
 20
6404420.19
 10
305480.0
 20
6404420.2
 10
305478.0
 20
6404418.25
 10
305476.0
 20
6404419.46
 10
305474.0
 20
6404418.83
 10
305470.0
 20
6404419.6
 10
305468.0
 20
6404419.56
 10
305464.0
 20
6404421.36
 10
305460.0
 20
6404420.8
 10
305456.0
 20
6404421.42
 10
305454.0
 20
6404421.35
 10
305450.41
 20
6404420.0
 10
305449.92
 20
6404418.0
 10
305448.0
 20
6404416.11
 10
305442.0
 20
6404411.34
 10
305439.41
 20
6404410.0
 10
305439.51
 20
6404408.0
 10
305440.0
 20
6404407.0
 10
305441.36
 20
6404406.0
 10
305440.33
 20
6404404.0
 10
305442.0
 20
6404403.62
 10
305444.0
 20
6404398.36
 10
305446.32
 20
6404396.0
 10
305447.53
 20
6404394.0
 10
305446.45
 20
6404392.0
 10
305444.0
 20
6404391.38
 10
305442.0
 20
6404389.67
 10
305440.0
 20
6404389.59
 10
305438.0
 20
6404391.42
 10
305437.67
 20
6404392.0
 10
305438.72
 20
6404394.0
 10
305437.04
 20
6404398.0
 10
305435.75
 20
6404400.0
 10
305435.23
 20
6404406.0
 10
305434.68
 20
6404408.0
 10
305432.0
 20
6404411.07
 10
305430.21
 20
6404412.0
 10
305430.0
 20
6404413.25
 10
305428.0
 20
6404413.55
 10
305428.0
 20
6404417.67
 10
305430.0
 20
6404416.8
 10
305430.41
 20
6404418.0
 10
305430.53
 20
6404420.0
 10
305430.0
 20
6404421.89
 10
305426.0
 20
6404421.23
 10
305426.0
 20
6404422.38
 10
305427.75
 20
6404424.0
 10
305426.0
 20
6404426.53
 10
305425.86
 20
6404428.0
 10
305424.0
 20
6404431.0
 10
305423.36
 20
6404434.0
 10
305425.2
 20
6404436.0
 10
305422.0
 20
6404437.17
 10
305419.75
 20
6404436.0
 10
305418.31
 20
6404434.0
 10
305420.0
 20
6404430.62
 10
305422.0
 20
6404430.0
 10
305418.0
 20
6404429.69
 10
305416.0
 20
6404429.96
 10
305415.67
 20
6404434.0
 10
305414.0
 20
6404435.92
 10
305412.0
 20
6404435.88
 10
305410.0
 20
6404436.92
 10
305406.0
 20
6404437.61
 10
305401.46
 20
6404442.0
 10
305398.0
 20
6404444.81
 10
305394.0
 20
6404447.27
 10
305390.21
 20
6404448.0
 10
305389.93
 20
6404450.0
 10
305392.0
 20
6404452.45
 10
305392.8
 20
6404454.0
 10
305392.05
 20
6404456.0
 10
305394.0
 20
6404458.13
 10
305400.0
 20
6404458.92
 10
305404.0
 20
6404458.38
 10
305408.0
 20
6404461.43
 10
305414.0
 20
6404462.03
 10
305422.0
 20
6404461.71
 10
305424.0
 20
6404462.53
 10
305426.0
 20
6404462.42
 10
305429.75
 20
6404464.0
 10
305431.26
 20
6404466.0
 10
305431.04
 20
6404470.0
 10
305432.52
 20
6404476.0
 10
305432.06
 20
6404478.0
 10
305430.0
 20
6404478.73
 10
305428.0
 20
6404478.92
 10
305426.0
 20
6404477.37
 10
305424.0
 20
6404478.71
 10
305422.0
 20
6404477.96
 10
305420.0
 20
6404478.91
 10
305418.0
 20
6404479.39
 10
305416.0
 20
6404479.13
 10
305414.0
 20
6404478.15
 10
305412.0
 20
6404478.16
 10
305408.67
 20
6404476.0
 10
305406.96
 20
6404474.0
 10
305406.0
 20
6404471.96
 10
305404.0
 20
6404472.4
 10
305404.0
 20
6404469.75
 10
305400.0
 20
6404471.12
 10
305398.84
 20
6404472.0
 10
305397.46
 20
6404474.0
 10
305396.0
 20
6404474.61
 10
305394.0
 20
6404473.81
 10
305393.57
 20
6404474.0
 10
305394.21
 20
6404476.0
 10
305395.83
 20
6404478.0
 10
305396.47
 20
6404480.0
 10
305395.49
 20
6404482.0
 10
305394.0
 20
6404483.59
 10
305392.0
 20
6404485.11
 10
305389.61
 20
6404486.0
 10
305389.71
 20
6404488.0
 10
305389.38
 20
6404490.0
 10
305388.0
 20
6404491.04
 10
305386.0
 20
6404493.32
 10
305383.89
 20
6404494.0
 10
305384.92
 20
6404496.0
 10
305384.0
 20
6404497.57
 10
305382.0
 20
6404497.69
 10
305378.0
 20
6404496.3
 10
305376.0
 20
6404495.16
 10
305374.0
 20
6404495.1
 10
305372.0
 20
6404492.99
 10
305370.0
 20
6404492.97
 10
305368.0
 20
6404492.21
 10
305366.0
 20
6404492.55
 10
305364.0
 20
6404492.15
 10
305362.0
 20
6404492.55
 10
305360.0
 20
6404492.51
 10
305358.0
 20
6404490.73
 10
305356.0
 20
6404491.66
 10
305352.0
 20
6404492.0
 10
305348.0
 20
6404488.79
 10
305346.0
 20
6404488.22
 10
305342.0
 20
6404488.61
 10
305338.0
 20
6404488.07
 10
305334.0
 20
6404486.88
 10
305328.0
 20
6404483.69
 10
305324.0
 20
6404482.61
 10
305322.0
 20
6404482.72
 10
305320.73
 20
6404482.0
 10
305318.0
 20
6404481.24
 10
305316.0
 20
6404479.23
 10
305314.0
 20
6404478.91
 10
305312.0
 20
6404479.87
 10
305310.0
 20
6404479.17
 10
305309.15
 20
6404478.0
 10
305308.0
 20
6404477.34
 10
305304.0
 20
6404476.68
 10
305302.68
 20
6404476.0
 10
305300.53
 20
6404474.0
 10
305300.0
 20
6404472.92
 10
305298.0
 20
6404470.94
 10
305296.0
 20
6404468.33
 10
305294.0
 20
6404467.57
 10
305292.0
 20
6404465.6
 10
305290.0
 20
6404466.05
 10
305289.19
 20
6404464.0
 10
305288.0
 20
6404462.83
 10
305285.33
 20
6404458.0
 10
305282.43
 20
6404456.0
 10
305280.4
 20
6404452.0
 10
305280.29
 20
6404450.0
 10
305279.57
 20
6404448.0
 10
305278.0
 20
6404447.15
 10
305277.12
 20
6404446.0
 10
305276.0
 20
6404443.57
 10
305274.0
 20
6404442.83
 10
305273.3
 20
6404442.0
 10
305270.48
 20
6404440.0
 10
305268.0
 20
6404434.32
 10
305266.0
 20
6404433.26
 10
305261.61
 20
6404430.0
 10
305261.18
 20
6404428.0
 10
305261.46
 20
6404426.0
 10
305262.0
 20
6404424.94
 10
305264.0
 20
6404423.82
 10
305268.0
 20
6404419.1
 10
305268.54
 20
6404418.0
 10
305268.0
 20
6404417.48
 10
305266.0
 20
6404417.34
 10
305264.0
 20
6404416.18
 10
305262.0
 20
6404412.69
 10
305260.9
 20
6404412.0
 10
305262.9
 20
6404408.0
 10
305262.04
 20
6404404.0
 10
305263.24
 20
6404402.0
 10
305263.93
 20
6404400.0
 10
305262.0
 20
6404399.43
 10
305260.07
 20
6404400.0
 10
305258.0
 20
6404401.59
 10
305256.0
 20
6404402.44
 10
305252.0
 20
6404405.04
 10
305250.0
 20
6404404.82
 10
305248.0
 20
6404403.95
 10
305246.0
 20
6404404.5
 10
305244.0
 20
6404405.95
 10
305242.0
 20
6404405.18
 10
305240.0
 20
6404403.23
 10
305232.77
 20
6404398.0
 10
305232.0
 20
6404395.38
 10
305230.0
 20
6404393.88
 10
305228.38
 20
6404392.0
 10
305227.33
 20
6404390.0
 10
305226.0
 20
6404389.32
 10
305225.05
 20
6404388.0
 10
305224.0
 20
6404387.61
 10
305222.0
 20
6404387.58
 10
305220.6
 20
6404386.0
 10
305220.3
 20
6404380.0
 10
305224.0
 20
6404376.59
 10
305226.0
 20
6404376.26
 10
305228.0
 20
6404376.77
 10
305230.3
 20
6404376.0
 10
305234.0
 20
6404372.0
 10
305234.98
 20
6404370.0
 10
305234.97
 20
6404368.0
 10
305235.63
 20
6404366.0
 10
305235.78
 20
6404364.0
 10
305237.44
 20
6404362.0
 10
305237.8
 20
6404360.0
 10
305236.0
 20
6404357.4
 10
305234.17
 20
6404356.0
 10
305232.44
 20
6404354.0
 10
305233.21
 20
6404352.0
 10
305232.09
 20
6404346.0
 10
305232.23
 20
6404344.0
 10
305232.8
 20
6404342.0
 10
305233.87
 20
6404340.0
 10
305233.76
 20
6404334.0
 10
305235.85
 20
6404330.0
 10
305236.0
 20
6404327.7
 10
305233.03
 20
6404326.0
 10
305232.0
 20
6404323.45
 10
305230.0
 20
6404323.25
 10
305229.52
 20
6404320.0
 10
305230.0
 20
6404319.26
 10
305230.0
 20
6404316.74
 10
305228.0
 20
6404316.42
 10
305226.0
 20
6404315.41
 10
305224.0
 20
6404315.14
 10
305222.0
 20
6404317.25
 10
305220.0
 20
6404318.18
 10
305214.0
 20
6404316.17
 10
305211.41
 20
6404318.0
 10
305208.0
 20
6404319.32
 10
305207.22
 20
6404320.0
 10
305206.0
 20
6404322.32
 10
305204.0
 20
6404322.65
 10
305200.0
 20
6404321.97
 10
305195.5
 20
6404318.0
 10
305192.26
 20
6404312.0
 10
305191.68
 20
6404310.0
 10
305189.69
 20
6404306.0
 10
305189.61
 20
6404304.0
 10
305190.23
 20
6404300.0
  0
LWPOLYLINE
  5
340
330
17
100
AcDbEntity
  8
HOJDKURVOR_GRUND
100
AcDbPolyline
 90
42
 70
0
 10
305680.0
 20
6404437.63
 10
305674.0
 20
6404436.6
 10
305672.88
 20
6404436.0
 10
305671.51
 20
6404434.0
 10
305670.0
 20
6404433.21
 10
305668.0
 20
6404433.65
 10
305664.0
 20
6404433.54
 10
305660.0
 20
6404432.35
 10
305656.0
 20
6404428.4
 10
305651.25
 20
6404426.0
 10
305648.0
 20
6404425.47
 10
305644.0
 20
6404423.28
 10
305642.18
 20
6404422.0
 10
305640.6
 20
6404418.0
 10
305638.0
 20
6404414.9
 10
305636.0
 20
6404413.52
 10
305632.0
 20
6404412.11
 10
305630.0
 20
6404409.38
 10
305624.0
 20
6404406.33
 10
305624.66
 20
6404404.0
 10
305626.0
 20
6404402.77
 10
305628.83
 20
6404402.0
 10
305624.0
 20
6404400.68
 10
305622.0
 20
6404399.73
 10
305618.0
 20
6404399.1
 10
305608.0
 20
6404395.19
 10
305606.0
 20
6404393.4
 10
305604.0
 20
6404392.51
 10
305602.0
 20
6404392.32
 10
305598.0
 20
6404390.7
 10
305596.0
 20
6404390.54
 10
305592.0
 20
6404388.61
 10
305590.0
 20
6404388.52
 10
305588.0
 20
6404388.89
 10
305584.0
 20
6404387.98
 10
305580.0
 20
6404388.66
 10
305578.0
 20
6404388.38
 10
305576.0
 20
6404389.33
 10
305574.0
 20
6404389.23
 10
305570.0
 20
6404387.31
 10
305568.0
 20
6404387.01
 10
305566.42
 20
6404386.0
  0
LWPOLYLINE
  5
341
330
17
100
AcDbEntity
  8
HOJDKURVOR_GRUND
100
AcDbPolyline
 90
409
 70
0
 10
305556.48
 20
6404378.0
 10
305552.0
 20
6404375.0
 10
305550.0
 20
6404374.73
 10
305546.0
 20
6404372.68
 10
305544.0
 20
6404371.18
 10
305542.0
 20
6404370.54
 10
305540.0
 20
6404371.02
 10
305538.0
 20
6404372.4
 10
305536.0
 20
6404372.31
 10
305532.0
 20
6404373.37
 10
305530.0
 20
6404373.36
 10
305524.32
 20
6404378.0
 10
305520.23
 20
6404380.0
 10
305518.14
 20
6404382.0
 10
305518.1
 20
6404386.0
 10
305517.71
 20
6404388.0
 10
305518.0
 20
6404388.13
 10
305520.0
 20
6404387.6
 10
305522.0
 20
6404387.83
 10
305524.0
 20
6404386.96
 10
305525.16
 20
6404386.0
 10
305528.0
 20
6404385.57
 10
305532.0
 20
6404383.55
 10
305534.0
 20
6404383.2
 10
305536.0
 20
6404383.47
 10
305538.0
 20
6404384.52
 10
305539.45
 20
6404386.0
 10
305540.0
 20
6404387.21
 10
305541.17
 20
6404388.0
 10
305540.28
 20
6404392.0
 10
305536.91
 20
6404396.0
 10
305536.43
 20
6404398.0
 10
305536.0
 20
6404398.31
 10
305530.0
 20
6404398.51
 10
305528.0
 20
6404398.23
 10
305524.0
 20
6404396.18
 10
305522.0
 20
6404396.69
 10
305518.0
 20
6404396.52
 10
305516.77
 20
6404396.0
 10
305516.0
 20
6404395.22
 10
305511.64
 20
6404394.0
 10
305510.52
 20
6404392.0
 10
305512.0
 20
6404390.34
 10
305514.0
 20
6404389.5
 10
305515.0
 20
6404388.0
 10
305514.0
 20
6404387.14
 10
305508.0
 20
6404388.82
 10
305504.0
 20
6404388.54
 10
305502.0
 20
6404390.1
 10
305500.0
 20
6404389.52
 10
305496.64
 20
6404392.0
 10
305497.55
 20
6404394.0
 10
305502.0
 20
6404397.27
 10
305504.0
 20
6404397.23
 10
305510.0
 20
6404399.45
 10
305514.0
 20
6404401.76
 10
305516.0
 20
6404402.47
 10
305517.96
 20
6404404.0
 10
305517.57
 20
6404406.0
 10
305518.0
 20
6404406.7
 10
305520.0
 20
6404406.85
 10
305522.0
 20
6404406.06
 10
305522.0
 20
6404405.6
 10
305520.67
 20
6404404.0
 10
305524.0
 20
6404403.79
 10
305528.0
 20
6404406.4
 10
305530.0
 20
6404407.11
 10
305530.26
 20
6404408.0
 10
305530.0
 20
6404412.57
 10
305526.0
 20
6404412.04
 10
305524.0
 20
6404412.35
 10
305522.0
 20
6404411.65
 10
305520.0
 20
6404411.56
 10
305518.0
 20
6404412.09
 10
305515.0
 20
6404414.0
 10
305514.0
 20
6404414.17
 10
305512.0
 20
6404413.55
 10
305508.0
 20
6404414.28
 10
305504.0
 20
6404414.45
 10
305502.58
 20
6404414.0
 10
305499.44
 20
6404412.0
 10
305498.0
 20
6404408.05
 10
305495.53
 20
6404410.0
 10
305494.0
 20
6404412.35
 10
305492.0
 20
6404412.97
 10
305490.83
 20
6404414.0
 10
305492.0
 20
6404414.57
 10
305493.04
 20
6404416.0
 10
305493.23
 20
6404418.0
 10
305492.0
 20
6404419.48
 10
305490.0
 20
6404420.08
 10
305486.0
 20
6404418.21
 10
305482.0
 20
6404418.86
 10
305480.0
 20
6404418.37
 10
305478.0
 20
6404416.7
 10
305476.0
 20
6404417.78
 10
305472.0
 20
6404418.53
 10
305468.0
 20
6404418.78
 10
305464.0
 20
6404419.83
 10
305460.0
 20
6404419.81
 10
305454.0
 20
6404420.62
 10
305452.17
 20
6404420.0
 10
305451.14
 20
6404418.0
 10
305450.56
 20
6404416.0
 10
305448.0
 20
6404412.36
 10
305446.8
 20
6404412.0
 10
305446.0
 20
6404410.4
 10
305444.0
 20
6404410.38
 10
305442.0
 20
6404409.39
 10
305441.17
 20
6404408.0
 10
305442.98
 20
6404406.0
 10
305444.0
 20
6404400.93
 10
305445.73
 20
6404398.0
 10
305449.31
 20
6404396.0
 10
305448.76
 20
6404392.0
 10
305448.0
 20
6404391.31
 10
305444.0
 20
6404390.54
 10
305440.0
 20
6404387.57
 10
305438.96
 20
6404388.0
 10
305438.0
 20
6404389.04
 10
305436.47
 20
6404390.0
 10
305436.12
 20
6404394.0
 10
305436.83
 20
6404396.0
 10
305434.5
 20
6404400.0
 10
305433.39
 20
6404408.0
 10
305432.0
 20
6404409.97
 10
305430.0
 20
6404410.92
 10
305428.0
 20
6404411.28
 10
305427.65
 20
6404412.0
 10
305427.59
 20
6404414.0
 10
305427.1
 20
6404416.0
 10
305426.0
 20
6404418.42
 10
305425.72
 20
6404420.0
 10
305425.69
 20
6404426.0
 10
305425.24
 20
6404428.0
 10
305424.0
 20
6404429.35
 10
305422.0
 20
6404429.43
 10
305418.0
 20
6404428.72
 10
305414.7
 20
6404430.0
 10
305414.83
 20
6404432.0
 10
305413.87
 20
6404434.0
 10
305412.0
 20
6404434.99
 10
305410.0
 20
6404435.4
 10
305406.0
 20
6404436.9
 10
305404.0
 20
6404438.42
 10
305400.78
 20
6404442.0
 10
305398.0
 20
6404444.22
 10
305394.0
 20
6404446.55
 10
305392.0
 20
6404446.78
 10
305390.0
 20
6404445.96
 10
305386.4
 20
6404448.0
 10
305386.59
 20
6404450.0
 10
305388.0
 20
6404451.33
 10
305390.0
 20
6404452.25
 10
305391.52
 20
6404454.0
 10
305390.67
 20
6404456.0
 10
305391.56
 20
6404458.0
 10
305394.0
 20
6404459.39
 10
305398.0
 20
6404460.19
 10
305400.0
 20
6404461.11
 10
305402.0
 20
6404460.5
 10
305402.19
 20
6404460.0
 10
305404.0
 20
6404459.42
 10
305404.78
 20
6404460.0
 10
305406.0
 20
6404461.96
 10
305408.0
 20
6404462.76
 10
305412.0
 20
6404462.75
 10
305414.0
 20
6404463.29
 10
305416.0
 20
6404463.26
 10
305420.0
 20
6404462.52
 10
305422.0
 20
6404462.72
 10
305424.0
 20
6404463.42
 10
305427.38
 20
6404464.0
 10
305430.0
 20
6404465.56
 10
305430.3
 20
6404466.0
 10
305430.2
 20
6404472.0
 10
305429.68
 20
6404474.0
 10
305430.17
 20
6404476.0
 10
305430.0
 20
6404477.14
 10
305429.14
 20
6404478.0
 10
305427.9
 20
6404478.0
 10
305428.0
 20
6404476.4
 10
305428.4
 20
6404476.0
 10
305424.0
 20
6404476.36
 10
305421.41
 20
6404476.0
 10
305421.25
 20
6404474.0
 10
305420.0
 20
6404473.58
 10
305419.0
 20
6404474.0
 10
305418.33
 20
6404478.0
 10
305418.0
 20
6404478.17
 10
305416.0
 20
6404478.1
 10
305414.0
 20
6404477.06
 10
305412.0
 20
6404477.04
 10
305410.0
 20
6404475.92
 10
305408.39
 20
6404474.0
 10
305407.44
 20
6404472.0
 10
305404.0
 20
6404467.49
 10
305402.0
 20
6404466.48
 10
305400.0
 20
6404468.77
 10
305396.0
 20
6404471.68
 10
305394.12
 20
6404470.0
 10
305393.75
 20
6404468.0
 10
305392.0
 20
6404464.87
 10
305386.0
 20
6404461.32
 10
305384.0
 20
6404461.11
 10
305383.9
 20
6404462.0
 10
305382.15
 20
6404464.0
 10
305381.46
 20
6404466.0
 10
305383.44
 20
6404468.0
 10
305387.25
 20
6404470.0
 10
305388.0
 20
6404471.14
 10
305390.0
 20
6404473.0
 10
305390.4
 20
6404474.0
 10
305389.96
 20
6404476.0
 10
305392.0
 20
6404477.91
 10
305394.0
 20
6404479.17
 10
305394.24
 20
6404480.0
 10
305393.09
 20
6404482.0
 10
305392.0
 20
6404482.77
 10
305390.0
 20
6404483.21
 10
305388.0
 20
6404482.56
 10
305387.24
 20
6404484.0
 10
305387.14
 20
6404486.0
 10
305388.24
 20
6404488.0
 10
305385.07
 20
6404492.0
 10
305384.0
 20
6404492.59
 10
305382.0
 20
6404492.45
 10
305380.0
 20
6404494.58
 10
305378.0
 20
6404494.97
 10
305376.0
 20
6404493.84
 10
305374.0
 20
6404494.12
 10
305371.78
 20
6404492.0
 10
305370.71
 20
6404490.0
 10
305370.0
 20
6404489.45
 10
305366.0
 20
6404491.23
 10
305364.0
 20
6404491.01
 10
305360.0
 20
6404491.28
 10
305358.0
 20
6404489.9
 10
305354.0
 20
6404491.14
 10
305352.0
 20
6404491.01
 10
305350.0
 20
6404488.88
 10
305348.0
 20
6404487.83
 10
305344.0
 20
6404487.15
 10
305342.0
 20
6404487.81
 10
305340.0
 20
6404487.84
 10
305336.0
 20
6404486.96
 10
305333.28
 20
6404486.0
 10
305328.0
 20
6404481.81
 10
305322.0
 20
6404481.59
 10
305320.0
 20
6404481.25
 10
305318.0
 20
6404480.65
 10
305316.0
 20
6404478.7
 10
305314.0
 20
6404477.98
 10
305312.0
 20
6404478.26
 10
305310.0
 20
6404477.89
 10
305308.0
 20
6404476.78
 10
305304.0
 20
6404476.03
 10
305302.0
 20
6404474.49
 10
305301.51
 20
6404474.0
 10
305300.93
 20
6404472.0
 10
305298.0
 20
6404469.63
 10
305296.65
 20
6404468.0
 10
305296.0
 20
6404467.52
 10
305294.0
 20
6404467.03
 10
305292.82
 20
6404466.0
 10
305292.0
 20
6404464.37
 10
305288.0
 20
6404461.04
 10
305286.0
 20
6404457.47
 10
305283.78
 20
6404456.0
 10
305282.1
 20
6404452.0
 10
305282.0
 20
6404449.9
 10
305280.8
 20
6404448.0
 10
305278.0
 20
6404446.0
 10
305276.0
 20
6404442.78
 10
305272.0
 20
6404440.77
 10
305271.1
 20
6404440.0
 10
305270.02
 20
6404436.0
 10
305268.99
 20
6404434.0
 10
305268.0
 20
6404433.13
 10
305266.0
 20
6404432.17
 10
305262.0
 20
6404428.96
 10
305261.72
 20
6404428.0
 10
305262.42
 20
6404426.0
 10
305265.36
 20
6404424.0
 10
305266.0
 20
6404423.24
 10
305268.0
 20
6404424.36
 10
305268.91
 20
6404424.0
 10
305268.89
 20
6404422.0
 10
305270.39
 20
6404420.0
 10
305269.39
 20
6404418.0
 10
305268.0
 20
6404416.66
 10
305266.0
 20
6404416.49
 10
305265.22
 20
6404416.0
 10
305263.63
 20
6404414.0
 10
305262.82
 20
6404412.0
 10
305263.97
 20
6404406.0
 10
305263.09
 20
6404404.0
 10
305264.81
 20
6404402.0
 10
305265.32
 20
6404400.0
 10
305266.0
 20
6404398.81
 10
305267.1
 20
6404398.0
 10
305268.0
 20
6404396.6
 10
305269.09
 20
6404396.0
 10
305270.0
 20
6404394.0
 10
305272.0
 20
6404397.71
 10
305274.0
 20
6404395.25
 10
305274.5
 20
6404394.0
 10
305274.0
 20
6404393.44
 10
305272.0
 20
6404393.05
 10
305270.0
 20
6404394.0
 10
305268.0
 20
6404393.4
 10
305266.0
 20
6404394.44
 10
305264.0
 20
6404396.32
 10
305262.76
 20
6404398.0
 10
305260.0
 20
6404398.56
 10
305252.0
 20
6404403.92
 10
305250.0
 20
6404404.06
 10
305248.0
 20
6404403.32
 10
305246.0
 20
6404403.66
 10
305244.0
 20
6404405.36
 10
305242.0
 20
6404404.82
 10
305236.0
 20
6404399.51
 10
305233.49
 20
6404398.0
 10
305233.31
 20
6404394.0
 10
305230.0
 20
6404391.07
 10
305229.29
 20
6404390.0
 10
305228.0
 20
6404389.36
 10
305226.0
 20
6404387.67
 10
305221.71
 20
6404386.0
 10
305220.84
 20
6404382.0
 10
305222.0
 20
6404379.67
 10
305224.0
 20
6404377.95
 10
305226.0
 20
6404378.82
 10
305230.0
 20
6404379.6
 10
305232.0
 20
6404378.25
 10
305234.0
 20
6404378.58
 10
305234.78
 20
6404378.0
 10
305235.12
 20
6404376.0
 10
305234.54
 20
6404374.0
 10
305236.0
 20
6404371.72
 10
305238.0
 20
6404371.47
 10
305240.0
 20
6404369.6
 10
305242.0
 20
6404369.5
 10
305242.89
 20
6404372.0
 10
305242.69
 20
6404374.0
 10
305242.0
 20
6404374.69
 10
305239.47
 20
6404376.0
 10
305237.47
 20
6404378.0
 10
305236.42
 20
6404382.0
 10
305237.12
 20
6404384.0
 10
305238.0
 20
6404384.29
 10
305240.0
 20
6404384.06
 10
305240.87
 20
6404382.0
 10
305242.0
 20
6404381.23
 10
305244.0
 20
6404380.3
 10
305248.0
 20
6404379.44
 10
305252.0
 20
6404376.13
 10
305254.0
 20
6404375.8
 10
305255.5
 20
6404374.0
 10
305255.33
 20
6404370.0
 10
305254.0
 20
6404368.4
 10
305251.79
 20
6404364.0
 10
305250.0
 20
6404362.83
 10
305248.0
 20
6404360.9
 10
305246.0
 20
6404360.0
 10
305244.0
 20
6404360.0
 10
305243.11
 20
6404358.0
 10
305244.62
 20
6404356.0
 10
305244.0
 20
6404355.27
 10
305242.0
 20
6404356.0
 10
305241.85
 20
6404354.0
 10
305238.0
 20
6404352.62
 10
305237.5
 20
6404352.0
 10
305236.0
 20
6404351.27
 10
305234.78
 20
6404350.0
 10
305234.0
 20
6404348.31
 10
305233.61
 20
6404346.0
 10
305234.13
 20
6404344.0
 10
305235.78
 20
6404342.0
 10
305235.92
 20
6404338.0
 10
305236.76
 20
6404332.0
 10
305237.34
 20
6404330.0
 10
305237.57
 20
6404326.0
 10
305238.55
 20
6404324.0
 10
305236.18
 20
6404322.0
 10
305234.0
 20
6404321.81
 10
305232.0
 20
6404320.75
 10
305231.26
 20
6404320.0
 10
305230.7
 20
6404318.0
 10
305230.0
 20
6404312.29
 10
305228.0
 20
6404312.62
 10
305225.94
 20
6404312.0
 10
305226.8
 20
6404310.0
 10
305226.75
 20
6404308.0
 10
305222.0
 20
6404306.0
 10
305218.0
 20
6404309.18
 10
305217.59
 20
6404310.0
 10
305212.0
 20
6404315.76
 10
305208.0
 20
6404318.14
 10
305206.0
 20
6404319.81
 10
305202.0
 20
6404320.75
 10
305199.65
 20
6404320.0
 10
305195.59
 20
6404316.0
 10
305195.12
 20
6404314.0
 10
305194.0
 20
6404312.65
 10
305193.11
 20
6404310.0
 10
305190.55
 20
6404306.0
 10
305190.38
 20
6404304.0
 10
305191.03
 20
6404300.0
  0
LWPOLYLINE
  5
342
330
17
100
AcDbEntity
  8
HOJDKURVOR_STOD
100
AcDbPolyline
 90
49
 70
0
 10
305680.0
 20
6404436.74
 10
305676.37
 20
6404436.0
 10
305674.0
 20
6404435.07
 10
305672.0
 20
6404432.65
 10
305670.0
 20
6404432.36
 10
305668.0
 20
6404432.84
 10
305666.0
 20
6404432.86
 10
305661.1
 20
6404432.0
 10
305660.0
 20
6404431.52
 10
305658.71
 20
6404430.0
 10
305658.0
 20
6404427.95
 10
305656.0
 20
6404427.18
 10
305654.0
 20
6404425.86
 10
305648.0
 20
6404424.58
 10
305644.0
 20
6404422.38
 10
305643.46
 20
6404422.0
 10
305642.27
 20
6404420.0
 10
305640.0
 20
6404414.64
 10
305636.0
 20
6404412.43
 10
305634.0
 20
6404411.77
 10
305630.82
 20
6404408.0
 10
305630.0
 20
6404407.35
 10
305626.74
 20
6404406.0
 10
305626.25
 20
6404404.0
 10
305630.0
 20
6404402.5
 10
305630.61
 20
6404402.0
 10
305630.0
 20
6404401.69
 10
305628.0
 20
6404401.1
 10
305626.0
 20
6404399.85
 10
305618.0
 20
6404398.49
 10
305616.0
 20
6404397.39
 10
305610.0
 20
6404395.58
 10
305608.0
 20
6404394.65
 10
305606.0
 20
6404392.8
 10
305604.0
 20
6404391.68
 10
305600.0
 20
6404390.97
 10
305598.0
 20
6404390.13
 10
305596.0
 20
6404389.95
 10
305592.0
 20
6404387.91
 10
305590.0
 20
6404387.79
 10
305588.0
 20
6404388.21
 10
305584.0
 20
6404387.45
 10
305580.0
 20
6404387.85
 10
305578.0
 20
6404387.54
 10
305576.0
 20
6404388.6
 10
305574.0
 20
6404388.83
 10
305570.0
 20
6404386.7
 10
305568.0
 20
6404386.4
 10
305567.38
 20
6404386.0
  0
TEXT
  5
343
330
17
100
AcDbEntity
  8
HOJDKURVOR_TEXT
100
AcDbText
 10
305628.2032967418
 20
6404403.218681303
 30
0.0
 40
1.5
  1
10.0
 50
-21.80140948635181
 72
1
 11
305628.2032967418
 21
6404403.218681303
 31
0.0
100
AcDbText
 73
2
  0
LWPOLYLINE
  5
344
330
17
100
AcDbEntity
  8
HOJDKURVOR_STOD
100
AcDbPolyline
 90
369
 70
0
 10
305554.55
 20
6404376.0
 10
305552.26
 20
6404374.0
 10
305552.0
 20
6404373.39
 10
305550.0
 20
6404372.68
 10
305548.0
 20
6404371.3
 10
305544.7
 20
6404370.0
 10
305542.0
 20
6404369.36
 10
305540.0
 20
6404369.58
 10
305538.0
 20
6404371.06
 10
305536.0
 20
6404370.52
 10
305534.0
 20
6404371.23
 10
305529.33
 20
6404372.0
 10
305527.65
 20
6404374.0
 10
305524.18
 20
6404376.0
 10
305522.09
 20
6404378.0
 10
305516.45
 20
6404380.0
 10
305515.55
 20
6404384.0
 10
305512.0
 20
6404386.43
 10
305508.0
 20
6404387.48
 10
305498.4
 20
6404388.0
 10
305496.0
 20
6404389.55
 10
305494.0
 20
6404389.08
 10
305492.0
 20
6404387.68
 10
305489.33
 20
6404388.0
 10
305490.21
 20
6404390.0
 10
305493.57
 20
6404392.0
 10
305498.24
 20
6404396.0
 10
305502.0
 20
6404400.25
 10
305504.0
 20
6404398.74
 10
305507.92
 20
6404400.0
 10
305512.0
 20
6404402.91
 10
305514.0
 20
6404403.15
 10
305515.78
 20
6404404.0
 10
305517.05
 20
6404408.0
 10
305516.0
 20
6404409.33
 10
305514.0
 20
6404409.0
 10
305512.67
 20
6404412.0
 10
305508.0
 20
6404413.24
 10
305504.0
 20
6404413.7
 10
305500.84
 20
6404412.0
 10
305499.72
 20
6404410.0
 10
305499.46
 20
6404408.0
 10
305500.0
 20
6404407.12
 10
305501.7
 20
6404406.0
 10
305502.76
 20
6404404.0
 10
305500.0
 20
6404402.79
 10
305498.0
 20
6404402.86
 10
305496.98
 20
6404408.0
 10
305494.72
 20
6404410.0
 10
305494.0
 20
6404411.02
 10
305490.52
 20
6404412.0
 10
305488.0
 20
6404413.73
 10
305484.0
 20
6404413.85
 10
305482.0
 20
6404411.87
 10
305481.25
 20
6404412.0
 10
305480.0
 20
6404416.05
 10
305478.0
 20
6404415.04
 10
305476.0
 20
6404416.54
 10
305472.0
 20
6404417.69
 10
305470.0
 20
6404417.6
 10
305468.0
 20
6404418.0
 10
305466.0
 20
6404417.81
 10
305460.0
 20
6404418.83
 10
305454.0
 20
6404419.36
 10
305452.9
 20
6404418.0
 10
305451.97
 20
6404416.0
 10
305452.3
 20
6404414.0
 10
305451.85
 20
6404410.0
 10
305452.4
 20
6404408.0
 10
305452.0
 20
6404406.0
 10
305451.5
 20
6404408.0
 10
305450.0
 20
6404408.4
 10
305449.62
 20
6404408.0
 10
305449.5
 20
6404406.0
 10
305450.0
 20
6404404.83
 10
305452.0
 20
6404403.4
 10
305454.0
 20
6404403.5
 10
305458.0
 20
6404402.32
 10
305458.75
 20
6404402.0
 10
305460.44
 20
6404400.0
 10
305462.0
 20
6404399.22
 10
305462.8
 20
6404396.0
 10
305462.67
 20
6404394.0
 10
305462.0
 20
6404392.45
 10
305460.0
 20
6404391.77
 10
305456.0
 20
6404393.93
 10
305454.0
 20
6404393.6
 10
305452.0
 20
6404394.7
 10
305450.86
 20
6404394.0
 10
305449.91
 20
6404392.0
 10
305448.0
 20
6404390.27
 10
305446.0
 20
6404389.73
 10
305444.0
 20
6404389.72
 10
305440.0
 20
6404386.79
 10
305438.0
 20
6404386.28
 10
305436.0
 20
6404387.84
 10
305434.8
 20
6404388.0
 10
305434.0
 20
6404389.14
 10
305433.95
 20
6404390.0
 10
305435.27
 20
6404392.0
 10
305435.71
 20
6404396.0
 10
305433.29
 20
6404400.0
 10
305433.49
 20
6404402.0
 10
305432.41
 20
6404406.0
 10
305432.3
 20
6404408.0
 10
305430.0
 20
6404409.77
 10
305428.0
 20
6404410.2
 10
305427.12
 20
6404412.0
 10
305427.22
 20
6404414.0
 10
305426.0
 20
6404416.74
 10
305425.38
 20
6404420.0
 10
305425.35
 20
6404426.0
 10
305424.62
 20
6404428.0
 10
305424.0
 20
6404428.68
 10
305422.0
 20
6404428.86
 10
305418.0
 20
6404427.88
 10
305414.0
 20
6404429.77
 10
305413.76
 20
6404430.0
 10
305413.87
 20
6404432.0
 10
305412.2
 20
6404434.0
 10
305410.0
 20
6404434.25
 10
305406.0
 20
6404436.19
 10
305404.0
 20
6404437.5
 10
305402.0
 20
6404437.77
 10
305401.71
 20
6404438.0
 10
305401.49
 20
6404440.0
 10
305400.11
 20
6404442.0
 10
305397.44
 20
6404444.0
 10
305394.0
 20
6404445.77
 10
305392.0
 20
6404445.96
 10
305390.0
 20
6404443.99
 10
305388.0
 20
6404444.62
 10
305386.0
 20
6404444.76
 10
305384.0
 20
6404443.69
 10
305382.0
 20
6404443.69
 10
305380.0
 20
6404443.2
 10
305379.67
 20
6404444.0
 10
305380.7
 20
6404446.0
 10
305382.0
 20
6404446.51
 10
305384.0
 20
6404448.42
 10
305385.06
 20
6404450.0
 10
305385.14
 20
6404452.0
 10
305386.0
 20
6404453.05
 10
305388.0
 20
6404453.81
 10
305390.0
 20
6404454.0
 10
305388.84
 20
6404456.0
 10
305390.0
 20
6404458.0
 10
305392.27
 20
6404460.0
 10
305393.43
 20
6404462.0
 10
305392.0
 20
6404462.4
 10
305390.0
 20
6404461.48
 10
305388.28
 20
6404460.0
 10
305388.0
 20
6404459.15
 10
305386.0
 20
6404458.11
 10
305382.0
 20
6404458.27
 10
305381.54
 20
6404460.0
 10
305382.63
 20
6404462.0
 10
305382.0
 20
6404462.68
 10
305379.61
 20
6404464.0
 10
305378.97
 20
6404466.0
 10
305382.0
 20
6404469.13
 10
305385.41
 20
6404472.0
 10
305385.4
 20
6404474.0
 10
305388.0
 20
6404475.55
 10
305390.19
 20
6404478.0
 10
305390.9
 20
6404480.0
 10
305390.0
 20
6404480.55
 10
305388.0
 20
6404479.45
 10
305386.93
 20
6404478.0
 10
305384.0
 20
6404475.14
 10
305382.0
 20
6404476.45
 10
305380.45
 20
6404478.0
 10
305381.56
 20
6404480.0
 10
305381.45
 20
6404484.0
 10
305382.0
 20
6404484.59
 10
305384.0
 20
6404484.47
 10
305384.74
 20
6404486.0
 10
305384.63
 20
6404488.0
 10
305383.0
 20
6404490.0
 10
305382.0
 20
6404490.47
 10
305380.0
 20
6404489.15
 10
305379.12
 20
6404490.0
 10
305378.62
 20
6404492.0
 10
305378.0
 20
6404492.88
 10
305376.0
 20
6404492.49
 10
305374.0
 20
6404492.67
 10
305372.3
 20
6404490.0
 10
305372.0
 20
6404488.67
 10
305370.0
 20
6404488.24
 10
305368.0
 20
6404487.98
 10
305366.0
 20
6404489.95
 10
305362.0
 20
6404490.14
 10
305360.0
 20
6404489.91
 10
305358.0
 20
6404489.03
 10
305354.0
 20
6404490.28
 10
305352.0
 20
6404490.02
 10
305350.0
 20
6404487.77
 10
305346.0
 20
6404486.98
 10
305344.0
 20
6404486.09
 10
305340.0
 20
6404486.82
 10
305336.0
 20
6404486.47
 10
305334.0
 20
6404485.75
 10
305328.0
 20
6404480.46
 10
305322.0
 20
6404480.89
 10
305320.0
 20
6404480.64
 10
305318.0
 20
6404480.07
 10
305316.0
 20
6404478.16
 10
305314.0
 20
6404477.45
 10
305312.0
 20
6404477.42
 10
305310.0
 20
6404476.95
 10
305304.0
 20
6404474.97
 10
305302.71
 20
6404474.0
 10
305302.45
 20
6404472.0
 10
305302.72
 20
6404470.0
 10
305302.17
 20
6404468.0
 10
305300.0
 20
6404465.97
 10
305298.0
 20
6404465.71
 10
305296.0
 20
6404466.82
 10
305294.0
 20
6404466.49
 10
305293.44
 20
6404466.0
 10
305292.0
 20
6404463.39
 10
305288.43
 20
6404460.0
 10
305286.0
 20
6404456.2
 10
305282.59
 20
6404452.0
 10
305282.6
 20
6404450.0
 10
305281.8
 20
6404448.0
 10
305278.0
 20
6404444.75
 10
305276.03
 20
6404442.0
 10
305271.72
 20
6404440.0
 10
305271.07
 20
6404436.0
 10
305270.37
 20
6404434.0
 10
305267.79
 20
6404432.0
 10
305266.0
 20
6404429.62
 10
305264.23
 20
6404428.0
 10
305263.94
 20
6404426.0
 10
305266.0
 20
6404424.73
 10
305268.0
 20
6404425.26
 10
305270.0
 20
6404424.71
 10
305270.6
 20
6404424.0
 10
305270.95
 20
6404422.0
 10
305272.0
 20
6404420.74
 10
305274.0
 20
6404420.3
 10
305276.0
 20
6404417.75
 10
305278.0
 20
6404416.67
 10
305280.0
 20
6404416.32
 10
305282.0
 20
6404416.54
 10
305284.0
 20
6404416.05
 10
305286.0
 20
6404414.53
 10
305288.0
 20
6404414.0
 10
305290.0
 20
6404412.76
 10
305294.0
 20
6404412.55
 10
305296.0
 20
6404411.85
 10
305300.0
 20
6404411.3
 10
305304.0
 20
6404412.2
 10
305308.0
 20
6404410.86
 10
305308.92
 20
6404410.0
 10
305308.68
 20
6404408.0
 10
305307.85
 20
6404406.0
 10
305310.0
 20
6404403.82
 10
305310.71
 20
6404402.0
 10
305308.0
 20
6404399.92
 10
305306.0
 20
6404399.03
 10
305304.0
 20
6404398.62
 10
305302.0
 20
6404399.31
 10
305298.0
 20
6404398.3
 10
305296.0
 20
6404397.28
 10
305292.0
 20
6404398.0
 10
305290.0
 20
6404398.0
 10
305288.0
 20
6404397.28
 10
305286.0
 20
6404397.75
 10
305283.48
 20
6404394.0
 10
305284.0
 20
6404391.5
 10
305284.0
 20
6404387.88
 10
305282.0
 20
6404388.77
 10
305278.0
 20
6404387.44
 10
305276.0
 20
6404387.55
 10
305274.0
 20
6404386.91
 10
305270.0
 20
6404388.29
 10
305268.88
 20
6404390.0
 10
305268.0
 20
6404390.56
 10
305266.0
 20
6404391.0
 10
305264.46
 20
6404392.0
 10
305258.0
 20
6404397.78
 10
305256.0
 20
6404400.0
 10
305253.06
 20
6404402.0
 10
305250.0
 20
6404403.04
 10
305248.0
 20
6404402.69
 10
305246.0
 20
6404402.84
 10
305244.0
 20
6404404.76
 10
305242.0
 20
6404404.45
 10
305236.0
 20
6404398.78
 10
305234.41
 20
6404398.0
 10
305234.75
 20
6404394.0
 10
305234.39
 20
6404392.0
 10
305234.0
 20
6404390.59
 10
305232.3
 20
6404388.0
 10
305232.0
 20
6404386.5
 10
305231.76
 20
6404388.0
 10
305230.0
 20
6404388.9
 10
305228.0
 20
6404388.61
 10
305226.0
 20
6404386.79
 10
305222.94
 20
6404386.0
 10
305222.49
 20
6404384.0
 10
305222.0
 20
6404383.48
 10
305221.46
 20
6404382.0
 10
305222.0
 20
6404380.92
 10
305224.0
 20
6404380.61
 10
305228.4
 20
6404382.0
 10
305230.0
 20
6404382.8
 10
305232.0
 20
6404385.87
 10
305233.87
 20
6404384.0
 10
305232.67
 20
6404382.0
 10
305234.0
 20
6404381.61
 10
305234.3
 20
6404382.0
 10
305234.05
 20
6404384.0
 10
305236.0
 20
6404385.53
 10
305240.0
 20
6404385.46
 10
305242.0
 20
6404383.17
 10
305244.0
 20
6404381.55
 10
305250.0
 20
6404381.68
 10
305250.8
 20
6404380.0
 10
305252.0
 20
6404378.7
 10
305254.0
 20
6404378.6
 10
305257.45
 20
6404376.0
 10
305261.38
 20
6404372.0
 10
305261.55
 20
6404370.0
 10
305253.11
 20
6404362.0
 10
305253.2
 20
6404360.0
 10
305252.64
 20
6404358.0
 10
305252.0
 20
6404357.07
 10
305250.0
 20
6404355.67
 10
305248.57
 20
6404354.0
 10
305244.0
 20
6404352.05
 10
305238.0
 20
6404350.62
 10
305236.59
 20
6404350.0
 10
305236.0
 20
6404349.0
 10
305235.28
 20
6404346.0
 10
305236.3
 20
6404344.0
 10
305238.0
 20
6404342.64
 10
305238.32
 20
6404342.0
 10
305237.28
 20
6404340.0
 10
305238.15
 20
6404336.0
 10
305238.47
 20
6404330.0
 10
305239.65
 20
6404324.0
 10
305238.0
 20
6404323.15
 10
305236.78
 20
6404322.0
 10
305234.0
 20
6404321.32
 10
305232.31
 20
6404320.0
 10
305231.27
 20
6404318.0
 10
305230.87
 20
6404316.0
 10
305230.9
 20
6404314.0
 10
305231.53
 20
6404312.0
 10
305230.0
 20
6404306.91
 10
305228.0
 20
6404303.52
 10
305224.0
 20
6404304.38
 10
305222.0
 20
6404304.31
 10
305218.0
 20
6404308.07
 10
305217.03
 20
6404310.0
 10
305212.0
 20
6404314.84
 10
305208.0
 20
6404316.6
 10
305206.0
 20
6404317.95
 10
305204.0
 20
6404317.78
 10
305202.0
 20
6404317.14
 10
305200.0
 20
6404315.21
 10
305198.0
 20
6404314.24
 10
305192.0
 20
6404307.01
 10
305191.35
 20
6404306.0
 10
305191.15
 20
6404304.0
 10
305191.84
 20
6404300.0
  0
TEXT
  5
345
330
17
100
AcDbEntity
  8
HOJDKURVOR_TEXT
100
AcDbText
 10
305512.7917972445
 20
6404385.88800921
 30
0.0
 40
1.5
  1
10.0
 50
325.6080850493885
 72
1
 11
305512.7917972445
 21
6404385.88800921
 31
0.0
100
AcDbText
 73
2
  0
TEXT
  5
346
330
17
100
AcDbEntity
  8
HOJDKURVOR_TEXT
100
AcDbText
 10
305496.9441149754
 20
6404408.031756659
 30
0.0
 40
1.5
  1
10.0
 50
318.49259316097323
 72
1
 11
305496.9441149754
 21
6404408.031756659
 31
0.0
100
AcDbText
 73
2
  0
TEXT
  5
347
330
17
100
AcDbEntity
  8
HOJDKURVOR_TEXT
100
AcDbText
 10
305453.0848292422
 20
6404394.103343917
 30
0.0
 40
1.5
  1
10.0
 50
331.1892062447365
 72
1
 11
305453.0848292422
 21
6404394.103343917
 31
0.0
100
AcDbText
 73
2
  0
TEXT
  5
348
330
17
100
AcDbEntity
  8
HOJDKURVOR_TEXT
100
AcDbText
 10
305398.1296329735
 20
6404443.483420993
 30
0.0
 40
1.5
  1
10.0
 50
323.16445233759043
 72
1
 11
305398.1296329735
 21
6404443.483420993
 31
0.0
100
AcDbText
 73
2
  0
TEXT
  5
349
330
17
100
AcDbEntity
  8
HOJDKURVOR_TEXT
100
AcDbText
 10
305380.9738759456
 20
6404477.476124055
 30
0.0
 40
1.5
  1
10.0
 50
315.00000000322746
 72
1
 11
305380.9738759456
 21
6404477.476124055
 31
0.0
100
AcDbText
 73
2
  0
TEXT
  5
34A
330
17
100
AcDbEntity
  8
HOJDKURVOR_TEXT
100
AcDbText
 10
305308.5699891404
 20
6404476.478096416
 30
0.0
 40
1.5
  1
10.0
 50
18.26288994604377
 72
1
 11
305308.5699891404
 21
6404476.478096416
 31
0.0
100
AcDbText
 73
2
  0
TEXT
  5
34B
330
17
100
AcDbEntity
  8
HOJDKURVOR_TEXT
100
AcDbText
 10
305286.01286916365
 20
6404414.526589672
 30
0.0
 40
1.5
  1
10.0
 50
-14.842227064891427
 72
1
 11
305286.01286916365
 21
6404414.526589672
 31
0.0
100
AcDbText
 73
2
  0
TEXT
  5
34C
330
17
100
AcDbEntity
  8
HOJDKURVOR_TEXT
100
AcDbText
 10
305257.27026555914
 20
6404398.590005229
 30
0.0
 40
1.5
  1
10.0
 50
312.0157178597535
 72
1
 11
305257.27026555914
 21
6404398.590005229
 31
0.0
100
AcDbText
 73
2
  0
TEXT
  5
34D
330
17
100
AcDbEntity
  8
HOJDKURVOR_TEXT
100
AcDbText
 10
305254.4654645554
 20
6404378.249215118
 30
0.0
 40
1.5
  1
10.0
 50
-37.002526524157474
 72
1
 11
305254.4654645554
 21
6404378.249215118
 31
0.0
100
AcDbText
 73
2
  0
TEXT
  5
34E
330
17
100
AcDbEntity
  8
HOJDKURVOR_TEXT
100
AcDbText
 10
305225.7123885141
 20
6404304.011836469
 30
0.0
 40
1.5
  1
10.0
 50
347.8661198247764
 72
1
 11
305225.7123885141
 21
6404304.011836469
 31
0.0
100
AcDbText
 73
2
  0
LWPOLYLINE
  5
34F
330
17
100
AcDbEntity
  8
HOJDKURVOR_GRUND
100
AcDbPolyline
 90
21
 70
0
 10
305224.8
 20
6404300.0
 10
305224.0
 20
6404300.33
 10
305223.6
 20
6404302.0
 10
305222.0
 20
6404302.99
 10
305221.36
 20
6404304.0
 10
305218.0
 20
6404307.26
 10
305216.0
 20
6404310.5
 10
305213.94
 20
6404312.0
 10
305212.0
 20
6404313.94
 10
305210.0
 20
6404314.98
 10
305208.0
 20
6404315.3
 10
305206.0
 20
6404316.58
 10
305204.0
 20
6404316.41
 10
305202.0
 20
6404315.27
 10
305200.0
 20
6404313.19
 10
305198.13
 20
6404312.0
 10
305196.44
 20
6404310.0
 10
305192.23
 20
6404306.0
 10
305192.0
 20
6404304.67
 10
305192.09
 20
6404302.0
 10
305192.61
 20
6404300.0
  0
LWPOLYLINE
  5
350
330
17
100
AcDbEntity
  8
HOJDKURVOR_GRUND
100
AcDbPolyline
 90
46
 70
0
 10
305680.0
 20
6404435.79
 10
305676.0
 20
6404434.62
 10
305674.89
 20
6404434.0
 10
305672.0
 20
6404430.88
 10
305668.0
 20
6404432.03
 10
305666.0
 20
6404432.03
 10
305662.0
 20
6404431.3
 10
305660.0
 20
6404430.46
 10
305659.61
 20
6404430.0
 10
305659.44
 20
6404428.0
 10
305658.0
 20
6404426.8
 10
305654.0
 20
6404424.98
 10
305648.74
 20
6404424.0
 10
305644.94
 20
6404422.0
 10
305643.49
 20
6404420.0
 10
305641.17
 20
6404414.0
 10
305638.0
 20
6404411.54
 10
305636.0
 20
6404410.78
 10
305634.0
 20
6404409.48
 10
305632.0
 20
6404407.31
 10
305630.12
 20
6404406.0
 10
305628.88
 20
6404404.0
 10
305630.0
 20
6404403.59
 10
305631.95
 20
6404402.0
 10
305630.0
 20
6404401.01
 10
305628.0
 20
6404400.45
 10
305626.0
 20
6404399.22
 10
305620.0
 20
6404398.49
 10
305618.36
 20
6404398.0
 10
305616.0
 20
6404396.69
 10
305610.0
 20
6404395.14
 10
305608.0
 20
6404394.12
 10
305606.0
 20
6404392.19
 10
305604.0
 20
6404390.82
 10
305600.0
 20
6404390.32
 10
305596.0
 20
6404389.4
 10
305592.0
 20
6404387.39
 10
305590.0
 20
6404387.1
 10
305588.0
 20
6404387.47
 10
305586.0
 20
6404386.79
 10
305580.0
 20
6404387.21
 10
305578.0
 20
6404386.48
 10
305576.0
 20
6404387.9
 10
305574.0
 20
6404388.44
 10
305570.0
 20
6404386.09
 10
305568.0
 20
6404385.77
  0
LWPOLYLINE
  5
351
330
17
100
AcDbEntity
  8
HOJDKURVOR_GRUND
100
AcDbPolyline
 90
318
 70
0
 10
305555.37
 20
6404376.0
 10
305553.54
 20
6404374.0
 10
305553.08
 20
6404372.0
 10
305552.0
 20
6404370.88
 10
305550.0
 20
6404370.76
 10
305549.11
 20
6404370.0
 10
305544.0
 20
6404369.09
 10
305542.0
 20
6404368.39
 10
305540.0
 20
6404368.42
 10
305538.0
 20
6404369.54
 10
305536.0
 20
6404369.33
 10
305532.0
 20
6404370.03
 10
305526.85
 20
6404372.0
 10
305526.0
 20
6404373.13
 10
305522.0
 20
6404375.76
 10
305519.53
 20
6404378.0
 10
305513.73
 20
6404380.0
 10
305514.04
 20
6404382.0
 10
305513.71
 20
6404384.0
 10
305512.0
 20
6404385.23
 10
305510.0
 20
6404386.0
 10
305506.0
 20
6404386.24
 10
305502.0
 20
6404387.3
 10
305498.0
 20
6404386.88
 10
305496.0
 20
6404388.3
 10
305494.0
 20
6404387.95
 10
305492.0
 20
6404386.32
 10
305490.0
 20
6404386.23
 10
305488.0
 20
6404386.6
 10
305484.0
 20
6404384.49
 10
305482.0
 20
6404384.27
 10
305480.0
 20
6404383.24
 10
305478.0
 20
6404383.03
 10
305476.0
 20
6404383.69
 10
305474.0
 20
6404386.81
 10
305472.0
 20
6404387.33
 10
305470.0
 20
6404388.64
 10
305468.0
 20
6404389.24
 10
305466.0
 20
6404390.44
 10
305464.0
 20
6404390.0
 10
305462.0
 20
6404390.09
 10
305456.0
 20
6404392.07
 10
305454.0
 20
6404392.17
 10
305452.0
 20
6404392.86
 10
305451.35
 20
6404392.0
 10
305451.56
 20
6404390.0
 10
305450.0
 20
6404388.89
 10
305448.0
 20
6404387.96
 10
305444.0
 20
6404388.95
 10
305440.0
 20
6404386.0
 10
305438.0
 20
6404385.04
 10
305436.0
 20
6404386.51
 10
305432.0
 20
6404387.64
 10
305431.88
 20
6404388.0
 10
305434.47
 20
6404392.0
 10
305434.8
 20
6404394.0
 10
305434.67
 20
6404396.0
 10
305434.0
 20
6404396.91
 10
305432.42
 20
6404398.0
 10
305432.1
 20
6404400.0
 10
305432.75
 20
6404402.0
 10
305432.49
 20
6404404.0
 10
305431.33
 20
6404406.0
 10
305431.06
 20
6404408.0
 10
305430.0
 20
6404408.8
 10
305428.0
 20
6404409.46
 10
305427.41
 20
6404410.0
 10
305426.59
 20
6404412.0
 10
305426.85
 20
6404414.0
 10
305425.7
 20
6404416.0
 10
305425.26
 20
6404418.0
 10
305425.01
 20
6404426.0
 10
305424.0
 20
6404428.0
 10
305422.0
 20
6404428.3
 10
305420.0
 20
6404427.61
 10
305418.0
 20
6404427.42
 10
305414.0
 20
6404429.23
 10
305413.19
 20
6404430.0
 10
305412.92
 20
6404432.0
 10
305412.0
 20
6404433.05
 10
305410.0
 20
6404433.27
 10
305404.0
 20
6404436.55
 10
305402.0
 20
6404436.99
 10
305400.74
 20
6404438.0
 10
305400.16
 20
6404440.0
 10
305398.73
 20
6404442.0
 10
305396.0
 20
6404444.33
 10
305394.0
 20
6404444.82
 10
305390.0
 20
6404443.39
 10
305386.0
 20
6404443.47
 10
305384.0
 20
6404442.39
 10
305382.0
 20
6404442.26
 10
305378.0
 20
6404439.29
 10
305374.0
 20
6404437.42
 10
305372.0
 20
6404437.04
 10
305369.2
 20
6404438.0
 10
305369.83
 20
6404440.0
 10
305372.0
 20
6404440.96
 10
305374.0
 20
6404443.92
 10
305376.0
 20
6404446.13
 10
305378.0
 20
6404447.64
 10
305380.0
 20
6404448.0
 10
305378.0
 20
6404448.33
 10
305377.71
 20
6404450.0
 10
305378.64
 20
6404454.0
 10
305378.88
 20
6404456.0
 10
305378.69
 20
6404458.0
 10
305380.0
 20
6404459.15
 10
305380.96
 20
6404462.0
 10
305378.0
 20
6404463.7
 10
305376.88
 20
6404464.0
 10
305374.82
 20
6404470.0
 10
305375.66
 20
6404474.0
 10
305376.75
 20
6404476.0
 10
305378.24
 20
6404480.0
 10
305378.34
 20
6404482.0
 10
305378.0
 20
6404482.78
 10
305376.78
 20
6404484.0
 10
305376.0
 20
6404484.27
 10
305374.0
 20
6404486.52
 10
305370.0
 20
6404487.26
 10
305368.0
 20
6404487.11
 10
305366.0
 20
6404488.59
 10
305362.0
 20
6404489.35
 10
305360.0
 20
6404489.29
 10
305358.0
 20
6404488.16
 10
305356.0
 20
6404488.38
 10
305352.0
 20
6404488.12
 10
305350.0
 20
6404487.04
 10
305346.0
 20
6404486.42
 10
305344.0
 20
6404485.35
 10
305336.0
 20
6404485.89
 10
305333.24
 20
6404484.0
 10
305331.65
 20
6404482.0
 10
305330.0
 20
6404480.99
 10
305328.0
 20
6404479.14
 10
305322.0
 20
6404480.18
 10
305320.0
 20
6404480.04
 10
305318.0
 20
6404479.23
 10
305316.0
 20
6404477.48
 10
305312.0
 20
6404476.72
 10
305304.2
 20
6404474.0
 10
305303.64
 20
6404472.0
 10
305304.63
 20
6404468.0
 10
305304.0
 20
6404467.19
 10
305302.0
 20
6404466.35
 10
305300.0
 20
6404464.66
 10
305298.0
 20
6404464.6
 10
305296.0
 20
6404466.11
 10
305294.0
 20
6404465.92
 10
305292.0
 20
6404462.52
 10
305288.0
 20
6404458.26
 10
305287.09
 20
6404456.0
 10
305284.0
 20
6404453.22
 10
305283.08
 20
6404452.0
 10
305282.86
 20
6404448.0
 10
305282.0
 20
6404446.57
 10
305280.0
 20
6404444.37
 10
305278.0
 20
6404443.05
 10
305277.4
 20
6404442.0
 10
305273.29
 20
6404440.0
 10
305272.24
 20
6404436.0
 10
305272.46
 20
6404434.0
 10
305270.9
 20
6404432.0
 10
305271.08
 20
6404430.0
 10
305270.0
 20
6404428.17
 10
305268.0
 20
6404430.04
 10
305267.16
 20
6404428.0
 10
305268.0
 20
6404427.06
 10
305270.0
 20
6404427.2
 10
305272.0
 20
6404423.47
 10
305274.0
 20
6404421.97
 10
305276.0
 20
6404419.92
 10
305278.0
 20
6404419.49
 10
305280.0
 20
6404418.39
 10
305282.0
 20
6404418.13
 10
305286.0
 20
6404416.81
 10
305290.0
 20
6404414.31
 10
305298.0
 20
6404413.67
 10
305300.0
 20
6404412.92
 10
305304.0
 20
6404413.84
 10
305306.0
 20
6404413.62
 10
305308.0
 20
6404412.91
 10
305310.0
 20
6404413.15
 10
305311.43
 20
6404412.0
 10
305312.74
 20
6404410.0
 10
305310.0
 20
6404408.0
 10
305311.16
 20
6404406.0
 10
305312.0
 20
6404405.43
 10
305316.0
 20
6404404.56
 10
305318.0
 20
6404405.16
 10
305322.0
 20
6404408.36
 10
305323.75
 20
6404408.0
 10
305323.3
 20
6404406.0
 10
305322.26
 20
6404404.0
 10
305314.0
 20
6404401.88
 10
305312.0
 20
6404400.17
 10
305310.0
 20
6404399.22
 10
305309.0
 20
6404398.0
 10
305308.0
 20
6404397.36
 10
305304.0
 20
6404396.73
 10
305302.0
 20
6404397.95
 10
305300.0
 20
6404396.48
 10
305294.0
 20
6404394.54
 10
305293.19
 20
6404394.0
 10
305292.0
 20
6404390.71
 10
305290.0
 20
6404391.07
 10
305288.14
 20
6404392.0
 10
305288.75
 20
6404394.0
 10
305288.0
 20
6404394.52
 10
305287.23
 20
6404394.0
 10
305287.88
 20
6404392.0
 10
305286.37
 20
6404390.0
 10
305286.3
 20
6404388.0
 10
305285.56
 20
6404386.0
 10
305284.0
 20
6404384.68
 10
305280.0
 20
6404382.33
 10
305276.0
 20
6404380.67
 10
305274.0
 20
6404380.67
 10
305273.33
 20
6404380.0
 10
305274.22
 20
6404378.0
 10
305272.0
 20
6404377.25
 10
305270.0
 20
6404377.33
 10
305268.67
 20
6404378.0
 10
305269.0
 20
6404380.0
 10
305268.0
 20
6404380.4
 10
305266.0
 20
6404380.0
 10
305264.53
 20
6404382.0
 10
305267.11
 20
6404384.0
 10
305268.0
 20
6404385.23
 10
305268.36
 20
6404386.0
 10
305268.0
 20
6404387.67
 10
305266.0
 20
6404387.25
 10
305260.0
 20
6404389.38
 10
305259.11
 20
6404390.0
 10
305258.0
 20
6404391.11
 10
305257.62
 20
6404392.0
 10
305257.25
 20
6404396.0
 10
305255.65
 20
6404398.0
 10
305252.0
 20
6404400.06
 10
305250.0
 20
6404402.0
 10
305246.0
 20
6404402.02
 10
305244.0
 20
6404404.17
 10
305242.0
 20
6404404.08
 10
305242.0
 20
6404402.43
 10
305242.55
 20
6404402.0
 10
305243.0
 20
6404400.0
 10
305242.0
 20
6404399.47
 10
305240.0
 20
6404397.44
 10
305238.0
 20
6404397.14
 10
305237.14
 20
6404398.0
 10
305235.88
 20
6404398.0
 10
305235.65
 20
6404396.0
 10
305236.0
 20
6404392.14
 10
305238.0
 20
6404389.38
 10
305242.0
 20
6404385.28
 10
305244.0
 20
6404383.68
 10
305246.0
 20
6404383.36
 10
305250.0
 20
6404383.38
 10
305251.61
 20
6404382.0
 10
305252.0
 20
6404381.0
 10
305254.0
 20
6404380.46
 10
305256.0
 20
6404379.0
 10
305258.4
 20
6404378.0
 10
305262.0
 20
6404375.16
 10
305262.45
 20
6404374.0
 10
305264.0
 20
6404372.27
 10
305265.5
 20
6404372.0
 10
305266.0
 20
6404370.0
 10
305268.0
 20
6404368.0
 10
305270.4
 20
6404368.0
 10
305272.0
 20
6404369.14
 10
305272.2
 20
6404370.0
 10
305274.0
 20
6404371.46
 10
305280.0
 20
6404375.11
 10
305281.43
 20
6404374.0
 10
305282.03
 20
6404368.0
 10
305280.0
 20
6404365.42
 10
305276.0
 20
6404361.81
 10
305272.0
 20
6404361.59
 10
305270.0
 20
6404360.89
 10
305268.0
 20
6404361.67
 10
305266.0
 20
6404363.34
 10
305264.0
 20
6404362.16
 10
305262.0
 20
6404362.35
 10
305260.0
 20
6404361.24
 10
305256.08
 20
6404358.0
 10
305254.1
 20
6404356.0
 10
305251.03
 20
6404352.0
 10
305248.0
 20
6404350.35
 10
305246.0
 20
6404351.05
 10
305244.0
 20
6404350.31
 10
305243.42
 20
6404350.0
 10
305242.98
 20
6404348.0
 10
305242.0
 20
6404346.25
 10
305240.0
 20
6404346.49
 10
305239.23
 20
6404346.0
 10
305238.62
 20
6404344.0
 10
305239.32
 20
6404342.0
 10
305239.04
 20
6404340.0
 10
305239.96
 20
6404336.0
 10
305240.04
 20
6404334.0
 10
305239.29
 20
6404332.0
 10
305239.33
 20
6404330.0
 10
305240.42
 20
6404328.0
 10
305240.59
 20
6404326.0
 10
305240.27
 20
6404324.0
 10
305237.39
 20
6404322.0
 10
305234.0
 20
6404320.83
 10
305232.93
 20
6404320.0
 10
305231.83
 20
6404318.0
 10
305231.34
 20
6404316.0
 10
305231.51
 20
6404314.0
 10
305232.67
 20
6404312.0
 10
305231.56
 20
6404308.0
 10
305230.56
 20
6404306.0
 10
305230.0
 20
6404303.11
 10
305228.37
 20
6404300.0
  0
LWPOLYLINE
  5
352
330
17
100
AcDbEntity
  8
HOJDKURVOR_GRUND
100
AcDbPolyline
 90
12
 70
0
 10
305223.13
 20
6404300.0
 10
305220.59
 20
6404304.0
 10
305218.0
 20
6404306.47
 10
305216.0
 20
6404309.89
 10
305212.0
 20
6404313.13
 10
305210.0
 20
6404314.14
 10
305208.0
 20
6404314.16
 10
305206.0
 20
6404314.82
 10
305202.0
 20
6404313.7
 10
305198.67
 20
6404310.0
 10
305193.38
 20
6404306.0
 10
305193.36
 20
6404300.0
  0
LWPOLYLINE
  5
353
330
17
100
AcDbEntity
  8
HOJDKURVOR_GRUND
100
AcDbPolyline
 90
250
 70
0
 10
305680.0
 20
6404434.51
 10
305677.85
 20
6404434.0
 10
305676.0
 20
6404433.06
 10
305674.0
 20
6404430.67
 10
305672.0
 20
6404429.16
 10
305670.83
 20
6404430.0
 10
305668.0
 20
6404430.87
 10
305662.0
 20
6404430.18
 10
305661.56
 20
6404430.0
 10
305660.0
 20
6404426.0
 10
305656.0
 20
6404425.24
 10
305654.0
 20
6404424.11
 10
305651.62
 20
6404424.0
 10
305650.15
 20
6404422.0
 10
305648.0
 20
6404420.0
 10
305648.0
 20
6404418.0
 10
305646.67
 20
6404416.0
 10
305646.0
 20
6404415.43
 10
305644.0
 20
6404415.33
 10
305643.68
 20
6404414.0
 10
305641.58
 20
6404412.0
 10
305640.0
 20
6404410.64
 10
305635.27
 20
6404408.0
 10
305633.44
 20
6404406.0
 10
305634.0
 20
6404405.22
 10
305636.0
 20
6404404.0
 10
305636.7
 20
6404402.0
 10
305633.49
 20
6404400.0
 10
305632.0
 20
6404399.73
 10
305630.0
 20
6404400.33
 10
305628.0
 20
6404399.81
 10
305626.0
 20
6404398.58
 10
305624.0
 20
6404397.99
 10
305620.0
 20
6404397.9
 10
305618.0
 20
6404396.31
 10
305610.0
 20
6404394.7
 10
305608.66
 20
6404394.0
 10
305604.0
 20
6404389.93
 10
305600.0
 20
6404389.78
 10
305598.0
 20
6404389.39
 10
305596.0
 20
6404388.85
 10
305592.0
 20
6404386.88
 10
305590.0
 20
6404386.41
 10
305588.0
 20
6404386.69
 10
305586.0
 20
6404385.91
 10
305584.0
 20
6404386.4
 10
305580.0
 20
6404386.57
 10
305578.0
 20
6404385.69
 10
305576.0
 20
6404387.37
 10
305574.0
 20
6404388.04
 10
305570.0
 20
6404385.59
 10
305568.0
 20
6404385.12
 10
305563.67
 20
6404382.0
 10
305562.0
 20
6404380.14
 10
305556.18
 20
6404376.0
 10
305554.47
 20
6404374.0
 10
305554.61
 20
6404372.0
 10
305554.0
 20
6404370.0
 10
305552.0
 20
6404369.32
 10
305548.0
 20
6404369.04
 10
305544.0
 20
6404368.3
 10
305542.0
 20
6404367.6
 10
305540.0
 20
6404367.6
 10
305534.0
 20
6404368.58
 10
305528.0
 20
6404370.58
 10
305526.0
 20
6404370.73
 10
305524.77
 20
6404370.0
 10
305523.2
 20
6404370.0
 10
305522.0
 20
6404371.5
 10
305520.33
 20
6404372.0
 10
305520.0
 20
6404372.5
 10
305519.44
 20
6404376.0
 10
305517.53
 20
6404378.0
 10
305516.0
 20
6404378.58
 10
305514.0
 20
6404378.83
 10
305512.49
 20
6404380.0
 10
305512.82
 20
6404382.0
 10
305512.13
 20
6404384.0
 10
305508.0
 20
6404385.08
 10
305506.0
 20
6404385.25
 10
305504.0
 20
6404386.19
 10
305502.0
 20
6404386.66
 10
305500.0
 20
6404386.46
 10
305498.0
 20
6404385.65
 10
305496.0
 20
6404386.1
 10
305494.0
 20
6404385.0
 10
305486.0
 20
6404383.85
 10
305483.77
 20
6404382.0
 10
305482.0
 20
6404381.59
 10
305480.0
 20
6404382.11
 10
305478.0
 20
6404381.58
 10
305476.0
 20
6404381.71
 10
305474.0
 20
6404384.71
 10
305472.75
 20
6404386.0
 10
305470.0
 20
6404387.05
 10
305468.0
 20
6404386.4
 10
305466.0
 20
6404384.6
 10
305460.0
 20
6404385.14
 10
305459.2
 20
6404386.0
 10
305459.39
 20
6404388.0
 10
305458.0
 20
6404389.19
 10
305456.0
 20
6404389.54
 10
305455.41
 20
6404388.0
 10
305454.0
 20
6404386.7
 10
305452.0
 20
6404386.97
 10
305450.0
 20
6404385.93
 10
305448.0
 20
6404385.97
 10
305446.0
 20
6404387.54
 10
305444.0
 20
6404388.17
 10
305440.0
 20
6404384.95
 10
305438.0
 20
6404384.0
 10
305436.0
 20
6404383.76
 10
305435.1
 20
6404384.0
 10
305434.0
 20
6404384.88
 10
305428.42
 20
6404386.0
 10
305430.0
 20
6404386.79
 10
305430.69
 20
6404388.0
 10
305432.0
 20
6404389.33
 10
305433.66
 20
6404392.0
 10
305434.18
 20
6404394.0
 10
305434.0
 20
6404394.91
 10
305433.08
 20
6404396.0
 10
305432.0
 20
6404396.69
 10
305431.09
 20
6404398.0
 10
305431.24
 20
6404400.0
 10
305432.0
 20
6404402.0
 10
305431.66
 20
6404404.0
 10
305430.35
 20
6404406.0
 10
305429.74
 20
6404408.0
 10
305428.0
 20
6404408.79
 10
305426.69
 20
6404410.0
 10
305426.06
 20
6404412.0
 10
305426.48
 20
6404414.0
 10
305425.14
 20
6404416.0
 10
305424.7
 20
6404420.0
 10
305424.68
 20
6404426.0
 10
305424.0
 20
6404427.33
 10
305422.0
 20
6404427.62
 10
305418.0
 20
6404426.95
 10
305414.0
 20
6404428.68
 10
305412.62
 20
6404430.0
 10
305412.0
 20
6404431.96
 10
305410.0
 20
6404432.34
 10
305408.0
 20
6404433.16
 10
305404.0
 20
6404435.49
 10
305402.0
 20
6404436.22
 10
305398.0
 20
6404439.43
 10
305396.4
 20
6404440.0
 10
305396.7
 20
6404442.0
 10
305396.0
 20
6404442.82
 10
305394.0
 20
6404443.64
 10
305390.0
 20
6404442.8
 10
305388.0
 20
6404443.02
 10
305386.0
 20
6404442.55
 10
305384.0
 20
6404441.17
 10
305382.0
 20
6404440.42
 10
305380.0
 20
6404439.02
 10
305377.67
 20
6404438.0
 10
305374.0
 20
6404435.43
 10
305370.0
 20
6404434.29
 10
305368.0
 20
6404433.0
 10
305364.0
 20
6404432.61
 10
305362.0
 20
6404431.92
 10
305356.0
 20
6404425.39
 10
305354.39
 20
6404424.0
 10
305346.0
 20
6404420.82
 10
305344.0
 20
6404419.1
 10
305342.0
 20
6404419.0
 10
305340.0
 20
6404418.48
 10
305336.0
 20
6404419.47
 10
305334.0
 20
6404419.17
 10
305332.0
 20
6404418.3
 10
305330.0
 20
6404416.92
 10
305328.0
 20
6404416.26
 10
305324.96
 20
6404414.0
 10
305324.0
 20
6404412.43
 10
305322.0
 20
6404412.28
 10
305318.0
 20
6404410.61
 10
305316.0
 20
6404409.43
 10
305314.38
 20
6404408.0
 10
305314.86
 20
6404406.0
 10
305316.0
 20
6404405.52
 10
305322.74
 20
6404410.0
 10
305324.0
 20
6404411.57
 10
305325.55
 20
6404408.0
 10
305325.05
 20
6404406.0
 10
305323.54
 20
6404404.0
 10
305322.0
 20
6404402.86
 10
305320.0
 20
6404402.39
 10
305318.0
 20
6404401.24
 10
305314.09
 20
6404400.0
 10
305312.0
 20
6404397.87
 10
305306.0
 20
6404395.25
 10
305298.0
 20
6404394.0
 10
305294.0
 20
6404392.14
 10
305293.53
 20
6404390.0
 10
305292.0
 20
6404388.0
 10
305290.0
 20
6404385.75
 10
305287.4
 20
6404384.0
 10
305288.0
 20
6404381.67
 10
305290.0
 20
6404380.67
 10
305292.0
 20
6404381.06
 10
305294.0
 20
6404382.48
 10
305296.0
 20
6404382.27
 10
305296.57
 20
6404382.0
 10
305296.21
 20
6404380.0
 10
305294.0
 20
6404379.64
 10
305292.0
 20
6404378.5
 10
305286.0
 20
6404373.31
 10
305284.88
 20
6404372.0
 10
305284.59
 20
6404370.0
 10
305283.46
 20
6404368.0
 10
305281.55
 20
6404366.0
 10
305280.38
 20
6404364.0
 10
305278.0
 20
6404361.62
 10
305276.0
 20
6404360.19
 10
305272.0
 20
6404360.84
 10
305270.67
 20
6404360.0
 10
305270.0
 20
6404359.17
 10
305266.67
 20
6404360.0
 10
305266.0
 20
6404361.0
 10
305258.0
 20
6404358.0
 10
305256.6
 20
6404356.0
 10
305252.0
 20
6404351.0
 10
305248.0
 20
6404347.92
 10
305246.0
 20
6404347.75
 10
305245.22
 20
6404346.0
 10
305244.0
 20
6404344.48
 10
305242.0
 20
6404344.0
 10
305241.78
 20
6404342.0
 10
305242.16
 20
6404340.0
 10
305243.08
 20
6404338.0
 10
305242.5
 20
6404336.0
 10
305242.0
 20
6404335.74
 10
305240.99
 20
6404334.0
 10
305240.25
 20
6404332.0
 10
305240.21
 20
6404330.0
 10
305241.41
 20
6404328.0
 10
305241.8
 20
6404326.0
 10
305240.0
 20
6404323.02
 10
305234.0
 20
6404320.35
 10
305232.41
 20
6404318.0
 10
305231.81
 20
6404316.0
 10
305232.0
 20
6404314.67
 10
305232.16
 20
6404314.0
 10
305233.59
 20
6404312.0
 10
305232.47
 20
6404308.0
 10
305231.37
 20
6404306.0
 10
305230.41
 20
6404302.0
 10
305229.3
 20
6404300.0
  0
LWPOLYLINE
  5
354
330
17
100
AcDbEntity
  8
HOJDKURVOR_GRUND
100
AcDbPolyline
 90
12
 70
0
 10
305222.22
 20
6404300.0
 10
305219.83
 20
6404304.0
 10
305217.73
 20
6404306.0
 10
305216.0
 20
6404309.12
 10
305212.0
 20
6404312.32
 10
305208.0
 20
6404312.09
 10
305206.0
 20
6404312.67
 10
305204.0
 20
6404312.42
 10
305194.82
 20
6404306.0
 10
305194.77
 20
6404304.0
 10
305195.32
 20
6404302.0
 10
305194.35
 20
6404300.0
  0
LWPOLYLINE
  5
355
330
17
100
AcDbEntity
  8
HOJDKURVOR_GRUND
100
AcDbPolyline
 90
257
 70
0
 10
305680.0
 20
6404433.23
 10
305676.0
 20
6404431.43
 10
305674.79
 20
6404430.0
 10
305674.0
 20
6404428.2
 10
305672.0
 20
6404427.56
 10
305670.0
 20
6404428.88
 10
305668.0
 20
6404429.51
 10
305662.0
 20
6404428.53
 10
305661.68
 20
6404428.0
 10
305661.69
 20
6404426.0
 10
305660.0
 20
6404424.97
 10
305656.0
 20
6404424.44
 10
305654.0
 20
6404423.31
 10
305652.46
 20
6404422.0
 10
305650.68
 20
6404420.0
 10
305650.08
 20
6404416.0
 10
305650.23
 20
6404414.0
 10
305652.07
 20
6404410.0
 10
305651.2
 20
6404408.0
 10
305648.0
 20
6404404.75
 10
305646.0
 20
6404404.25
 10
305644.0
 20
6404403.2
 10
305638.0
 20
6404402.0
 10
305635.73
 20
6404400.0
 10
305632.0
 20
6404399.3
 10
305630.0
 20
6404399.65
 10
305628.0
 20
6404399.19
 10
305626.0
 20
6404397.96
 10
305624.0
 20
6404397.24
 10
305620.0
 20
6404396.68
 10
305618.0
 20
6404395.55
 10
305616.0
 20
6404395.49
 10
305610.0
 20
6404394.26
 10
305605.02
 20
6404390.0
 10
305604.0
 20
6404388.14
 10
305602.0
 20
6404389.11
 10
305600.0
 20
6404389.35
 10
305598.0
 20
6404389.04
 10
305592.0
 20
6404386.37
 10
305590.0
 20
6404385.78
 10
305588.0
 20
6404385.89
 10
305586.0
 20
6404385.16
 10
305584.0
 20
6404385.82
 10
305582.0
 20
6404386.02
 10
305580.0
 20
6404385.95
 10
305578.0
 20
6404385.13
 10
305576.0
 20
6404386.83
 10
305574.0
 20
6404387.4
 10
305570.0
 20
6404385.12
 10
305568.0
 20
6404384.47
 10
305564.47
 20
6404382.0
 10
305563.06
 20
6404380.0
 10
305556.91
 20
6404376.0
 10
305555.21
 20
6404374.0
 10
305555.75
 20
6404372.0
 10
305555.09
 20
6404370.0
 10
305552.0
 20
6404368.14
 10
305550.0
 20
6404367.93
 10
305548.0
 20
6404368.42
 10
305542.0
 20
6404366.93
 10
305540.0
 20
6404366.99
 10
305534.0
 20
6404367.66
 10
305532.0
 20
6404368.7
 10
305528.0
 20
6404369.62
 10
305524.0
 20
6404369.25
 10
305522.0
 20
6404369.4
 10
305518.0
 20
6404368.86
 10
305514.0
 20
6404365.82
 10
305512.0
 20
6404365.84
 10
305511.44
 20
6404366.0
 10
305512.18
 20
6404368.0
 10
305512.0
 20
6404369.0
 10
305510.67
 20
6404372.0
 10
305511.88
 20
6404374.0
 10
305509.64
 20
6404376.0
 10
305511.44
 20
6404380.0
 10
305511.3
 20
6404382.0
 10
305508.0
 20
6404383.92
 10
305506.0
 20
6404384.3
 10
305502.0
 20
6404386.03
 10
305500.0
 20
6404385.4
 10
305498.0
 20
6404384.3
 10
305496.0
 20
6404384.25
 10
305490.0
 20
6404381.68
 10
305484.0
 20
6404380.04
 10
305480.0
 20
6404381.1
 10
305478.0
 20
6404380.53
 10
305476.0
 20
6404380.52
 10
305472.0
 20
6404383.75
 10
305470.0
 20
6404383.55
 10
305467.73
 20
6404380.0
 10
305466.0
 20
6404379.48
 10
305464.0
 20
6404379.75
 10
305462.0
 20
6404378.22
 10
305460.0
 20
6404378.8
 10
305459.45
 20
6404380.0
 10
305458.0
 20
6404381.07
 10
305456.0
 20
6404381.14
 10
305452.77
 20
6404382.0
 10
305452.0
 20
6404384.05
 10
305450.33
 20
6404382.0
 10
305448.0
 20
6404381.83
 10
305447.83
 20
6404382.0
 10
305448.62
 20
6404384.0
 10
305446.0
 20
6404386.54
 10
305444.0
 20
6404387.05
 10
305442.0
 20
6404385.8
 10
305440.15
 20
6404384.0
 10
305440.3
 20
6404382.0
 10
305440.0
 20
6404381.94
 10
305438.0
 20
6404382.68
 10
305436.0
 20
6404382.41
 10
305434.0
 20
6404383.01
 10
305430.0
 20
6404384.94
 10
305428.0
 20
6404385.31
 10
305426.77
 20
6404386.0
 10
305430.0
 20
6404388.39
 10
305431.59
 20
6404390.0
 10
305432.84
 20
6404392.0
 10
305432.68
 20
6404394.0
 10
305430.88
 20
6404396.0
 10
305430.0
 20
6404397.84
 10
305430.55
 20
6404402.0
 10
305430.09
 20
6404404.0
 10
305428.29
 20
6404408.0
 10
305426.0
 20
6404409.8
 10
305424.67
 20
6404410.0
 10
305424.13
 20
6404412.0
 10
305426.0
 20
6404413.49
 10
305426.11
 20
6404414.0
 10
305424.59
 20
6404416.0
 10
305424.34
 20
6404426.0
 10
305424.0
 20
6404426.67
 10
305422.0
 20
6404426.82
 10
305418.0
 20
6404426.49
 10
305416.0
 20
6404426.84
 10
305414.0
 20
6404428.14
 10
305412.0
 20
6404430.18
 10
305408.0
 20
6404431.78
 10
305404.69
 20
6404434.0
 10
305404.0
 20
6404434.29
 10
305402.0
 20
6404433.76
 10
305398.0
 20
6404438.24
 10
305396.0
 20
6404438.58
 10
305394.0
 20
6404438.12
 10
305393.16
 20
6404440.0
 10
305393.0
 20
6404442.0
 10
305392.0
 20
6404442.32
 10
305388.0
 20
6404442.46
 10
305386.66
 20
6404442.0
 10
305384.06
 20
6404440.0
 10
305386.0
 20
6404437.23
 10
305390.0
 20
6404436.18
 10
305392.0
 20
6404438.0
 10
305393.6
 20
6404436.0
 10
305392.0
 20
6404435.43
 10
305390.0
 20
6404435.75
 10
305388.0
 20
6404434.67
 10
305386.0
 20
6404434.4
 10
305385.33
 20
6404434.0
 10
305385.2
 20
6404432.0
 10
305384.0
 20
6404431.4
 10
305382.0
 20
6404431.75
 10
305376.0
 20
6404431.42
 10
305374.0
 20
6404429.95
 10
305368.0
 20
6404429.26
 10
305366.0
 20
6404427.72
 10
305364.0
 20
6404427.37
 10
305362.0
 20
6404427.6
 10
305360.0
 20
6404426.88
 10
305356.83
 20
6404424.0
 10
305354.0
 20
6404422.13
 10
305352.0
 20
6404421.28
 10
305348.0
 20
6404420.47
 10
305344.0
 20
6404417.27
 10
305340.0
 20
6404416.93
 10
305336.77
 20
6404418.0
 10
305334.33
 20
6404418.0
 10
305331.5
 20
6404416.0
 10
305330.0
 20
6404414.0
 10
305329.2
 20
6404412.0
 10
305330.4
 20
6404410.0
 10
305331.2
 20
6404406.0
 10
305330.92
 20
6404404.0
 10
305328.89
 20
6404402.0
 10
305324.0
 20
6404400.18
 10
305322.0
 20
6404400.33
 10
305321.85
 20
6404400.0
 10
305322.8
 20
6404398.0
 10
305324.46
 20
6404396.0
 10
305326.0
 20
6404394.75
 10
305327.31
 20
6404392.0
 10
305327.32
 20
6404390.0
 10
305326.5
 20
6404386.0
 10
305325.69
 20
6404384.0
 10
305326.32
 20
6404382.0
 10
305324.81
 20
6404380.0
 10
305324.0
 20
6404379.62
 10
305320.0
 20
6404379.31
 10
305318.0
 20
6404377.9
 10
305316.0
 20
6404377.43
 10
305314.0
 20
6404377.53
 10
305312.21
 20
6404378.0
 10
305310.0
 20
6404380.75
 10
305308.0
 20
6404378.38
 10
305306.0
 20
6404378.71
 10
305304.0
 20
6404379.55
 10
305302.0
 20
6404382.0
 10
305300.0
 20
6404381.38
 10
305299.2
 20
6404380.0
 10
305298.87
 20
6404378.0
 10
305298.0
 20
6404377.29
 10
305296.0
 20
6404377.65
 10
305292.0
 20
6404375.17
 10
305290.67
 20
6404374.0
 10
305291.0
 20
6404370.0
 10
305290.0
 20
6404368.62
 10
305286.0
 20
6404368.5
 10
305283.19
 20
6404366.0
 10
305282.17
 20
6404364.0
 10
305282.05
 20
6404362.0
 10
305280.0
 20
6404360.89
 10
305279.43
 20
6404360.0
 10
305276.0
 20
6404358.0
 10
305272.0
 20
6404357.88
 10
305270.61
 20
6404356.0
 10
305268.0
 20
6404354.0
 10
305266.0
 20
6404353.61
 10
305264.0
 20
6404351.89
 10
305262.83
 20
6404352.0
 10
305262.18
 20
6404354.0
 10
305263.31
 20
6404356.0
 10
305262.0
 20
6404357.21
 10
305260.0
 20
6404356.65
 10
305254.0
 20
6404352.12
 10
305252.0
 20
6404349.19
 10
305250.0
 20
6404347.2
 10
305247.95
 20
6404346.0
 10
305247.38
 20
6404342.0
 10
305246.0
 20
6404341.04
 10
305245.38
 20
6404340.0
 10
305244.98
 20
6404336.0
 10
305244.0
 20
6404334.98
 10
305241.94
 20
6404334.0
 10
305241.15
 20
6404330.0
 10
305242.32
 20
6404328.0
 10
305242.89
 20
6404326.0
 10
305242.0
 20
6404325.48
 10
305240.0
 20
6404322.44
 10
305234.18
 20
6404320.0
 10
305233.0
 20
6404318.0
 10
305232.47
 20
6404316.0
 10
305232.93
 20
6404314.0
 10
305234.43
 20
6404312.0
 10
305234.37
 20
6404310.0
 10
305232.0
 20
6404305.65
 10
305230.17
 20
6404300.0
  0
LWPOLYLINE
  5
356
330
17
100
AcDbEntity
  8
HOJDKURVOR_GRUND
100
AcDbPolyline
 90
13
 70
0
 10
305221.38
 20
6404300.0
 10
305219.11
 20
6404304.0
 10
305217.06
 20
6404306.0
 10
305216.0
 20
6404308.35
 10
305214.0
 20
6404310.11
 10
305212.0
 20
6404310.57
 10
305210.0
 20
6404309.63
 10
305208.0
 20
6404310.43
 10
305204.0
 20
6404310.23
 10
305197.1
 20
6404306.0
 10
305196.0
 20
6404304.0
 10
305197.4
 20
6404302.0
 10
305196.59
 20
6404300.0
  0
LWPOLYLINE
  5
357
330
17
100
AcDbEntity
  8
HOJDKURVOR_GRUND
100
AcDbPolyline
 90
176
 70
0
 10
305680.0
 20
6404403.89
 10
305674.0
 20
6404403.07
 10
305670.0
 20
6404402.87
 10
305668.0
 20
6404401.43
 10
305664.0
 20
6404399.89
 10
305660.0
 20
6404399.7
 10
305656.0
 20
6404400.74
 10
305654.0
 20
6404400.38
 10
305652.0
 20
6404399.09
 10
305650.0
 20
6404398.43
 10
305648.62
 20
6404402.0
 10
305648.0
 20
6404402.16
 10
305647.56
 20
6404402.0
 10
305646.76
 20
6404400.0
 10
305646.0
 20
6404399.15
 10
305640.0
 20
6404399.52
 10
305638.0
 20
6404399.98
 10
305634.0
 20
6404398.92
 10
305630.0
 20
6404398.98
 10
305628.0
 20
6404398.56
 10
305624.0
 20
6404396.49
 10
305622.0
 20
6404395.87
 10
305618.0
 20
6404394.98
 10
305616.0
 20
6404394.99
 10
305610.62
 20
6404394.0
 10
305606.0
 20
6404390.0
 10
305604.86
 20
6404388.0
 10
305604.0
 20
6404387.3
 10
305602.0
 20
6404388.56
 10
305600.0
 20
6404388.92
 10
305598.0
 20
6404388.7
 10
305592.36
 20
6404386.0
 10
305586.0
 20
6404384.42
 10
305582.0
 20
6404385.47
 10
305580.0
 20
6404385.44
 10
305578.0
 20
6404384.56
 10
305576.0
 20
6404386.29
 10
305574.0
 20
6404386.74
 10
305572.0
 20
6404386.02
 10
305570.0
 20
6404384.65
 10
305568.34
 20
6404384.0
 10
305565.35
 20
6404382.0
 10
305564.0
 20
6404379.22
 10
305560.0
 20
6404377.47
 10
305557.65
 20
6404376.0
 10
305555.94
 20
6404374.0
 10
305556.65
 20
6404372.0
 10
305556.11
 20
6404370.0
 10
305552.92
 20
6404368.0
 10
305550.0
 20
6404367.61
 10
305548.0
 20
6404367.85
 10
305542.0
 20
6404366.27
 10
305534.0
 20
6404366.96
 10
305532.0
 20
6404368.04
 10
305526.0
 20
6404368.76
 10
305522.0
 20
6404368.55
 10
305518.0
 20
6404367.84
 10
305516.0
 20
6404366.88
 10
305514.0
 20
6404365.38
 10
305510.71
 20
6404364.0
 10
305508.0
 20
6404363.87
 10
305506.83
 20
6404364.0
 10
305507.16
 20
6404366.0
 10
305508.0
 20
6404366.96
 10
305509.65
 20
6404368.0
 10
305508.0
 20
6404369.08
 10
305506.0
 20
6404369.57
 10
305505.25
 20
6404372.0
 10
305505.84
 20
6404374.0
 10
305509.39
 20
6404378.0
 10
305510.52
 20
6404380.0
 10
305509.56
 20
6404382.0
 10
305508.0
 20
6404383.12
 10
305502.0
 20
6404384.22
 10
305500.0
 20
6404383.09
 10
305494.0
 20
6404382.75
 10
305492.0
 20
6404381.2
 10
305486.0
 20
6404377.93
 10
305484.0
 20
6404378.31
 10
305482.0
 20
6404379.7
 10
305480.0
 20
6404380.1
 10
305476.0
 20
6404379.07
 10
305474.0
 20
6404377.64
 10
305470.0
 20
6404376.69
 10
305468.0
 20
6404377.33
 10
305466.0
 20
6404376.76
 10
305464.0
 20
6404375.38
 10
305460.0
 20
6404375.43
 10
305457.5
 20
6404376.0
 10
305455.9
 20
6404378.0
 10
305454.0
 20
6404379.68
 10
305450.0
 20
6404379.66
 10
305447.65
 20
6404380.0
 10
305445.44
 20
6404382.0
 10
305446.0
 20
6404382.32
 10
305446.96
 20
6404384.0
 10
305446.0
 20
6404385.23
 10
305444.0
 20
6404385.76
 10
305441.62
 20
6404384.0
 10
305443.1
 20
6404382.0
 10
305442.0
 20
6404381.43
 10
305440.0
 20
6404381.29
 10
305438.0
 20
6404381.71
 10
305436.0
 20
6404381.43
 10
305434.0
 20
6404381.74
 10
305432.0
 20
6404383.21
 10
305430.0
 20
6404384.17
 10
305428.0
 20
6404384.54
 10
305426.0
 20
6404385.45
 10
305424.98
 20
6404386.0
 10
305430.0
 20
6404389.33
 10
305432.02
 20
6404392.0
 10
305430.0
 20
6404394.77
 10
305428.2
 20
6404396.0
 10
305429.66
 20
6404400.0
 10
305429.33
 20
6404404.0
 10
305428.0
 20
6404405.69
 10
305426.0
 20
6404406.36
 10
305424.0
 20
6404405.76
 10
305420.0
 20
6404405.87
 10
305419.6
 20
6404406.0
 10
305418.32
 20
6404408.0
 10
305416.0
 20
6404408.35
 10
305415.14
 20
6404408.0
 10
305414.0
 20
6404406.67
 10
305412.0
 20
6404406.4
 10
305410.0
 20
6404408.06
 10
305406.0
 20
6404405.89
 10
305405.6
 20
6404406.0
 10
305406.31
 20
6404412.0
 10
305408.23
 20
6404414.0
 10
305409.36
 20
6404416.0
 10
305407.67
 20
6404422.0
 10
305408.0
 20
6404423.2
 10
305410.0
 20
6404425.08
 10
305412.0
 20
6404428.0
 10
305410.0
 20
6404428.71
 10
305406.0
 20
6404428.86
 10
305405.89
 20
6404428.0
 10
305404.0
 20
6404427.04
 10
305401.2
 20
6404428.0
 10
305400.81
 20
6404432.0
 10
305400.0
 20
6404433.04
 10
305398.0
 20
6404432.14
 10
305398.45
 20
6404430.0
 10
305398.0
 20
6404428.25
 10
305396.0
 20
6404426.67
 10
305393.71
 20
6404426.0
 10
305398.0
 20
6404424.75
 10
305398.6
 20
6404424.0
 10
305395.78
 20
6404422.0
 10
305397.64
 20
6404420.0
 10
305397.29
 20
6404418.0
 10
305396.0
 20
6404414.29
 10
305394.0
 20
6404411.88
 10
305392.0
 20
6404414.86
 10
305390.0
 20
6404420.67
 10
305388.0
 20
6404423.0
 10
305387.91
 20
6404424.0
 10
305385.21
 20
6404426.0
 10
305383.44
 20
6404428.0
 10
305382.0
 20
6404429.01
 10
305378.0
 20
6404429.39
 10
305376.0
 20
6404428.88
 10
305374.0
 20
6404427.74
 10
305368.0
 20
6404427.02
 10
305366.0
 20
6404426.16
 10
305362.0
 20
6404422.24
 10
305360.0
 20
6404422.43
 10
305356.0
 20
6404422.05
 10
305354.0
 20
6404420.47
 10
305348.0
 20
6404418.0
 10
305345.85
 20
6404416.0
 10
305344.22
 20
6404414.0
 10
305346.0
 20
6404412.0
 10
305348.0
 20
6404412.0
  0
LWPOLYLINE
  5
358
330
17
100
AcDbEntity
  8
HOJDKURVOR_GRUND
100
AcDbPolyline
 90
67
 70
0
 10
305348.0
 20
6404412.0
 10
305346.0
 20
6404412.0
 10
305345.82
 20
6404410.0
 10
305344.0
 20
6404409.05
 10
305341.57
 20
6404406.0
 10
305337.6
 20
6404404.0
 10
305334.0
 20
6404400.0
 10
305332.84
 20
6404398.0
 10
305332.0
 20
6404397.16
 10
305330.0
 20
6404396.0
 10
305328.55
 20
6404390.0
 10
305328.41
 20
6404388.0
 10
305328.33
 20
6404384.0
 10
305329.41
 20
6404382.0
 10
305328.0
 20
6404381.67
 10
305325.93
 20
6404380.0
 10
305324.0
 20
6404379.09
 10
305322.0
 20
6404379.0
 10
305320.0
 20
6404378.39
 10
305316.0
 20
6404376.5
 10
305312.0
 20
6404376.69
 10
305310.0
 20
6404376.33
 10
305306.0
 20
6404374.73
 10
305304.0
 20
6404376.42
 10
305303.23
 20
6404376.0
 10
305302.89
 20
6404372.0
 10
305300.67
 20
6404368.0
 10
305298.0
 20
6404367.04
 10
305294.0
 20
6404366.45
 10
305292.0
 20
6404366.75
 10
305290.0
 20
6404366.16
 10
305288.0
 20
6404364.83
 10
305286.0
 20
6404365.0
 10
305285.42
 20
6404364.0
 10
305284.0
 20
6404363.11
 10
305283.42
 20
6404362.0
 10
305282.0
 20
6404360.61
 10
305276.0
 20
6404356.11
 10
305274.0
 20
6404356.66
 10
305272.0
 20
6404355.94
 10
305268.0
 20
6404353.22
 10
305266.0
 20
6404352.54
 10
305262.0
 20
6404349.95
 10
305260.0
 20
6404349.2
 10
305258.0
 20
6404349.5
 10
305256.0
 20
6404347.95
 10
305254.0
 20
6404347.0
 10
305253.27
 20
6404344.0
 10
305251.73
 20
6404342.0
 10
305248.63
 20
6404340.0
 10
305246.88
 20
6404336.0
 10
305246.0
 20
6404335.44
 10
305242.72
 20
6404332.0
 10
305242.15
 20
6404330.0
 10
305243.96
 20
6404326.0
 10
305242.0
 20
6404324.86
 10
305240.0
 20
6404321.84
 10
305234.82
 20
6404320.0
 10
305233.59
 20
6404318.0
 10
305233.25
 20
6404316.0
 10
305233.71
 20
6404314.0
 10
305235.19
 20
6404312.0
 10
305235.52
 20
6404310.0
 10
305234.0
 20
6404308.0
 10
305233.47
 20
6404306.0
 10
305232.0
 20
6404304.06
 10
305230.86
 20
6404300.0
  0
LWPOLYLINE
  5
359
330
17
100
AcDbEntity
  8
HOJDKURVOR_GRUND
100
AcDbPolyline
 90
27
 70
0
 10
305680.0
 20
6404431.95
 10
305676.0
 20
6404430.13
 10
305674.46
 20
6404426.0
 10
305674.0
 20
6404425.74
 10
305672.0
 20
6404426.26
 10
305670.0
 20
6404427.41
 10
305666.0
 20
6404427.84
 10
305664.0
 20
6404427.32
 10
305662.81
 20
6404426.0
 10
305662.0
 20
6404423.97
 10
305658.0
 20
6404424.0
 10
305654.0
 20
6404422.53
 10
305653.38
 20
6404422.0
 10
305652.0
 20
6404419.41
 10
305651.49
 20
6404416.0
 10
305651.9
 20
6404414.0
 10
305656.0
 20
6404409.0
 10
305658.0
 20
6404407.48
 10
305660.0
 20
6404408.03
 10
305662.0
 20
6404406.93
 10
305664.0
 20
6404406.72
 10
305666.0
 20
6404408.2
 10
305670.0
 20
6404407.11
 10
305672.0
 20
6404406.87
 10
305674.0
 20
6404407.08
 10
305675.26
 20
6404408.0
 10
305680.0
 20
6404409.08
  0
LWPOLYLINE
  5
35A
330
17
100
AcDbEntity
  8
HOJDKURVOR_STOD
100
AcDbPolyline
 90
11
 70
0
 10
305220.56
 20
6404300.0
 10
305218.39
 20
6404304.0
 10
305216.39
 20
6404306.0
 10
305216.0
 20
6404307.04
 10
305214.0
 20
6404308.05
 10
305212.0
 20
6404307.2
 10
305210.0
 20
6404307.12
 10
305206.0
 20
6404308.87
 10
305197.96
 20
6404304.0
 10
305199.31
 20
6404302.0
 10
305199.27
 20
6404300.0
  0
TEXT
  5
35B
330
17
100
AcDbEntity
  8
HOJDKURVOR_TEXT
100
AcDbText
 10
305208.5001457204
 20
6404307.776186247
 30
0.0
 40
1.5
  1
12.5
 50
336.3706222693432
 72
1
 11
305208.5001457204
 21
6404307.776186247
 31
0.0
100
AcDbText
 73
2
  0
LWPOLYLINE
  5
35C
330
17
100
AcDbEntity
  8
HOJDKURVOR_STOD
100
AcDbPolyline
 90
203
 70
0
 10
305680.0
 20
6404402.93
 10
305672.0
 20
6404401.59
 10
305670.0
 20
6404400.9
 10
305668.71
 20
6404400.0
 10
305666.0
 20
6404399.19
 10
305658.0
 20
6404398.08
 10
305654.0
 20
6404397.97
 10
305650.0
 20
6404397.08
 10
305648.0
 20
6404396.96
 10
305642.0
 20
6404397.65
 10
305638.0
 20
6404398.77
 10
305628.36
 20
6404398.0
 10
305624.35
 20
6404396.0
 10
305622.0
 20
6404394.29
 10
305616.0
 20
6404394.49
 10
305612.0
 20
6404393.93
 10
305610.0
 20
6404392.78
 10
305605.79
 20
6404388.0
 10
305604.0
 20
6404386.55
 10
305602.0
 20
6404388.0
 10
305600.0
 20
6404388.49
 10
305598.0
 20
6404388.36
 10
305593.66
 20
6404386.0
 10
305588.0
 20
6404384.06
 10
305586.0
 20
6404383.77
 10
305582.0
 20
6404384.91
 10
305580.0
 20
6404384.92
 10
305578.0
 20
6404384.0
 10
305576.0
 20
6404385.6
 10
305574.0
 20
6404386.08
 10
305569.54
 20
6404384.0
 10
305566.36
 20
6404382.0
 10
305565.49
 20
6404380.0
 10
305564.0
 20
6404377.77
 10
305562.0
 20
6404377.62
 10
305558.76
 20
6404376.0
 10
305557.01
 20
6404374.0
 10
305557.48
 20
6404372.0
 10
305556.77
 20
6404370.0
 10
305553.96
 20
6404368.0
 10
305552.0
 20
6404367.44
 10
305548.0
 20
6404367.41
 10
305544.0
 20
6404365.87
 10
305542.0
 20
6404365.51
 10
305536.0
 20
6404365.75
 10
305530.0
 20
6404367.39
 10
305526.0
 20
6404368.03
 10
305524.0
 20
6404368.0
 10
305518.0
 20
6404367.19
 10
305512.27
 20
6404364.0
 10
305508.0
 20
6404363.39
 10
305506.0
 20
6404362.62
 10
305504.0
 20
6404362.93
 10
305501.79
 20
6404366.0
 10
305502.95
 20
6404368.0
 10
305502.0
 20
6404369.9
 10
305502.0
 20
6404370.5
 10
305502.18
 20
6404372.0
 10
305505.78
 20
6404376.0
 10
305508.0
 20
6404377.52
 10
305509.44
 20
6404380.0
 10
305508.44
 20
6404382.0
 10
305508.0
 20
6404382.32
 10
305504.0
 20
6404382.93
 10
305502.0
 20
6404382.43
 10
305500.0
 20
6404381.16
 10
305498.0
 20
6404381.1
 10
305494.0
 20
6404382.04
 10
305490.0
 20
6404378.16
 10
305488.0
 20
6404377.11
 10
305486.0
 20
6404376.72
 10
305484.0
 20
6404377.01
 10
305482.0
 20
6404378.43
 10
305480.0
 20
6404377.98
 10
305478.0
 20
6404378.24
 10
305472.0
 20
6404375.72
 10
305470.0
 20
6404375.12
 10
305468.0
 20
6404375.15
 10
305466.0
 20
6404374.65
 10
305464.0
 20
6404373.68
 10
305460.0
 20
6404374.13
 10
305454.0
 20
6404375.75
 10
305453.37
 20
6404376.0
 10
305452.0
 20
6404377.54
 10
305449.68
 20
6404378.0
 10
305446.0
 20
6404379.76
 10
305442.56
 20
6404380.0
 10
305438.0
 20
6404381.09
 10
305434.0
 20
6404380.46
 10
305432.88
 20
6404382.0
 10
305430.0
 20
6404383.49
 10
305426.0
 20
6404384.2
 10
305424.0
 20
6404383.71
 10
305423.36
 20
6404384.0
 10
305423.43
 20
6404388.0
 10
305424.0
 20
6404390.0
 10
305425.12
 20
6404392.0
 10
305425.75
 20
6404394.0
 10
305427.2
 20
6404396.0
 10
305428.97
 20
6404400.0
 10
305428.62
 20
6404404.0
 10
305428.0
 20
6404404.79
 10
305426.0
 20
6404405.43
 10
305424.0
 20
6404405.04
 10
305418.0
 20
6404402.7
 10
305416.0
 20
6404401.63
 10
305414.38
 20
6404400.0
 10
305414.45
 20
6404398.0
 10
305414.0
 20
6404397.09
 10
305412.63
 20
6404396.0
 10
305413.17
 20
6404394.0
 10
305412.0
 20
6404392.45
 10
305408.91
 20
6404394.0
 10
305408.0
 20
6404395.27
 10
305405.72
 20
6404396.0
 10
305404.0
 20
6404397.96
 10
305402.0
 20
6404398.38
 10
305400.0
 20
6404397.91
 10
305398.0
 20
6404398.98
 10
305396.0
 20
6404400.57
 10
305395.19
 20
6404402.0
 10
305394.93
 20
6404404.0
 10
305392.65
 20
6404410.0
 10
305390.0
 20
6404415.29
 10
305388.0
 20
6404417.45
 10
305386.0
 20
6404418.17
 10
305385.75
 20
6404420.0
 10
305387.21
 20
6404422.0
 10
305386.74
 20
6404424.0
 10
305383.61
 20
6404426.0
 10
305382.0
 20
6404427.79
 10
305380.0
 20
6404428.24
 10
305378.0
 20
6404427.95
 10
305374.0
 20
6404426.1
 10
305370.0
 20
6404425.18
 10
305368.38
 20
6404424.0
 10
305367.67
 20
6404422.0
 10
305366.5
 20
6404420.0
 10
305362.0
 20
6404417.62
 10
305356.5
 20
6404414.0
 10
305357.6
 20
6404412.0
 10
305354.0
 20
6404409.6
 10
305352.0
 20
6404405.25
 10
305350.0
 20
6404404.14
 10
305346.0
 20
6404400.36
 10
305344.0
 20
6404400.77
 10
305342.0
 20
6404400.38
 10
305338.33
 20
6404396.0
 10
305334.0
 20
6404393.0
 10
305330.0
 20
6404391.2
 10
305329.34
 20
6404390.0
 10
305329.31
 20
6404384.0
 10
305330.0
 20
6404383.09
 10
305332.0
 20
6404382.48
 10
305332.38
 20
6404382.0
 10
305332.0
 20
6404381.17
 10
305330.0
 20
6404380.13
 10
305328.0
 20
6404380.79
 10
305327.02
 20
6404380.0
 10
305324.0
 20
6404378.56
 10
305322.0
 20
6404378.4
 10
305320.0
 20
6404377.66
 10
305316.64
 20
6404376.0
 10
305316.0
 20
6404374.69
 10
305314.0
 20
6404374.97
 10
305310.0
 20
6404374.14
 10
305304.0
 20
6404369.57
 10
305302.0
 20
6404367.03
 10
305299.83
 20
6404366.0
 10
305298.0
 20
6404365.65
 10
305290.0
 20
6404364.77
 10
305288.0
 20
6404362.65
 10
305284.0
 20
6404361.03
 10
305277.81
 20
6404356.0
 10
305276.0
 20
6404355.19
 10
305272.0
 20
6404355.22
 10
305268.0
 20
6404352.45
 10
305266.0
 20
6404351.65
 10
305262.0
 20
6404349.17
 10
305260.0
 20
6404348.25
 10
305258.0
 20
6404348.56
 10
305257.26
 20
6404348.0
 10
305256.39
 20
6404346.0
 10
305254.82
 20
6404344.0
 10
305254.0
 20
6404341.33
 10
305252.53
 20
6404340.0
 10
305252.0
 20
6404338.21
 10
305250.0
 20
6404337.66
 10
305248.45
 20
6404336.0
 10
305246.0
 20
6404334.22
 10
305243.95
 20
6404332.0
 10
305243.64
 20
6404330.0
 10
305244.42
 20
6404326.0
 10
305242.0
 20
6404324.25
 10
305240.0
 20
6404321.15
 10
305235.46
 20
6404320.0
 10
305234.32
 20
6404318.0
 10
305234.05
 20
6404316.0
 10
305236.61
 20
6404310.0
 10
305235.19
 20
6404308.0
 10
305234.0
 20
6404304.35
 10
305232.0
 20
6404301.35
 10
305231.54
 20
6404300.0
  0
TEXT
  5
35D
330
17
100
AcDbEntity
  8
HOJDKURVOR_TEXT
100
AcDbText
 10
305627.96135961224
 20
6404397.801176864
 30
0.0
 40
1.5
  1
12.5
 50
26.507869779329553
 72
1
 11
305627.96135961224
 21
6404397.801176864
 31
0.0
100
AcDbText
 73
2
  0
TEXT
  5
35E
330
17
100
AcDbEntity
  8
HOJDKURVOR_TEXT
100
AcDbText
 10
305537.99845713953
 20
6404365.670061714
 30
0.0
 40
1.5
  1
12.5
 50
357.70938995523045
 72
1
 11
305537.99845713953
 21
6404365.670061714
 31
0.0
100
AcDbText
 73
2
  0
TEXT
  5
35F
330
17
100
AcDbEntity
  8
HOJDKURVOR_TEXT
100
AcDbText
 10
305464.94965502026
 20
6404374.140582684
 30
0.0
 40
1.5
  1
12.5
 50
25.87338524183781
 72
1
 11
305464.94965502026
 21
6404374.140582684
 31
0.0
100
AcDbText
 73
2
  0
TEXT
  5
360
330
17
100
AcDbEntity
  8
HOJDKURVOR_TEXT
100
AcDbText
 10
305398.92266639933
 20
6404398.486373477
 30
0.0
 40
1.5
  1
12.5
 50
331.85321877924014
 72
1
 11
305398.92266639933
 21
6404398.486373477
 31
0.0
100
AcDbText
 73
2
  0
TEXT
  5
361
330
17
100
AcDbEntity
  8
HOJDKURVOR_TEXT
100
AcDbText
 10
305330.2436653547
 20
6404391.30964941
 30
0.0
 40
1.5
  1
12.5
 50
24.227745315735433
 72
1
 11
305330.2436653547
 21
6404391.30964941
 31
0.0
100
AcDbText
 73
2
  0
TEXT
  5
362
330
17
100
AcDbEntity
  8
HOJDKURVOR_TEXT
100
AcDbText
 10
305253.44199995854
 20
6404340.825142819
 30
0.0
 40
1.5
  1
12.5
 50
42.13759477602687
 72
1
 11
305253.44199995854
 21
6404340.825142819
 31
0.0
100
AcDbText
 73
2
  0
LWPOLYLINE
  5
363
330
17
100
AcDbEntity
  8
HOJDKURVOR_STOD
100
AcDbPolyline
 90
29
 70
0
 10
305680.0
 20
6404430.67
 10
305678.84
 20
6404430.0
 10
305678.0
 20
6404428.1
 10
305676.31
 20
6404426.0
 10
305674.0
 20
6404424.68
 10
305670.0
 20
6404426.17
 10
305666.0
 20
6404426.8
 10
305663.8
 20
6404426.0
 10
305664.34
 20
6404424.0
 10
305664.0
 20
6404422.78
 10
305658.0
 20
6404422.72
 10
305656.0
 20
6404422.0
 10
305654.46
 20
6404420.0
 10
305654.16
 20
6404418.0
 10
305655.33
 20
6404416.0
 10
305655.44
 20
6404414.0
 10
305656.8
 20
6404410.0
 10
305658.0
 20
6404408.98
 10
305662.0
 20
6404408.38
 10
305664.0
 20
6404408.4
 10
305665.66
 20
6404410.0
 10
305666.0
 20
6404410.93
 10
305668.0
 20
6404411.21
 10
305668.47
 20
6404410.0
 10
305670.0
 20
6404408.68
 10
305672.0
 20
6404408.25
 10
305674.0
 20
6404408.28
 10
305676.0
 20
6404408.6
 10
305680.0
 20
6404410.7
  0
TEXT
  5
364
330
17
100
AcDbEntity
  8
HOJDKURVOR_TEXT
100
AcDbText
 10
305654.16404675605
 20
6404418.0269783735
 30
0.0
 40
1.5
  1
12.5
 50
81.4692343887472
 72
1
 11
305654.16404675605
 21
6404418.0269783735
 31
0.0
100
AcDbText
 73
2
  0
LWPOLYLINE
  5
365
330
17
100
AcDbEntity
  8
HOJDKURVOR_GRUND
100
AcDbPolyline
 90
12
 70
0
 10
305219.76
 20
6404300.0
 10
305218.0
 20
6404303.33
 10
305216.0
 20
6404304.92
 10
305214.0
 20
6404303.94
 10
305212.0
 20
6404304.34
 10
305210.0
 20
6404303.57
 10
305208.0
 20
6404303.82
 10
305206.0
 20
6404306.32
 10
305205.33
 20
6404306.0
 10
305204.21
 20
6404304.0
 10
305204.64
 20
6404302.0
 10
305204.26
 20
6404300.0
  0
LWPOLYLINE
  5
366
330
17
100
AcDbEntity
  8
HOJDKURVOR_GRUND
100
AcDbPolyline
 90
213
 70
0
 10
305680.0
 20
6404401.96
 10
305676.0
 20
6404401.47
 10
305672.0
 20
6404400.56
 10
305665.13
 20
6404398.0
 10
305654.0
 20
6404397.11
 10
305652.0
 20
6404396.44
 10
305649.09
 20
6404396.0
 10
305644.0
 20
6404396.14
 10
305642.0
 20
6404395.7
 10
305638.0
 20
6404396.97
 10
305634.0
 20
6404396.59
 10
305632.22
 20
6404398.0
 10
305631.8
 20
6404398.0
 10
305628.0
 20
6404396.66
 10
305626.0
 20
6404396.34
 10
305622.0
 20
6404393.2
 10
305616.0
 20
6404393.98
 10
305614.0
 20
6404393.56
 10
305610.29
 20
6404392.0
 10
305606.82
 20
6404388.0
 10
305606.0
 20
6404386.58
 10
305604.93
 20
6404386.0
 10
305603.66
 20
6404386.0
 10
305600.25
 20
6404388.0
 10
305598.0
 20
6404388.01
 10
305594.0
 20
6404385.46
 10
305588.0
 20
6404383.59
 10
305584.0
 20
6404383.13
 10
305583.03
 20
6404384.0
 10
305582.0
 20
6404384.36
 10
305580.0
 20
6404384.41
 10
305578.0
 20
6404383.56
 10
305576.0
 20
6404384.73
 10
305574.0
 20
6404385.32
 10
305570.93
 20
6404384.0
 10
305567.75
 20
6404382.0
 10
305566.46
 20
6404380.0
 10
305564.0
 20
6404377.35
 10
305562.0
 20
6404376.99
 10
305560.19
 20
6404376.0
 10
305558.12
 20
6404374.0
 10
305558.57
 20
6404372.0
 10
305557.43
 20
6404370.0
 10
305554.0
 20
6404367.64
 10
305552.0
 20
6404367.14
 10
305548.0
 20
6404366.97
 10
305542.0
 20
6404364.69
 10
305538.0
 20
6404364.43
 10
305536.0
 20
6404364.72
 10
305528.0
 20
6404367.01
 10
305524.0
 20
6404367.4
 10
305518.0
 20
6404366.54
 10
305513.06
 20
6404364.0
 10
305508.0
 20
6404362.91
 10
305506.0
 20
6404361.79
 10
305504.0
 20
6404361.43
 10
305501.69
 20
6404362.0
 10
305500.0
 20
6404364.42
 10
305498.69
 20
6404368.0
 10
305500.18
 20
6404370.0
 10
305499.78
 20
6404372.0
 10
305502.0
 20
6404373.71
 10
305508.0
 20
6404379.62
 10
305508.0
 20
6404380.38
 10
305506.0
 20
6404381.84
 10
305504.0
 20
6404381.89
 10
305502.0
 20
6404380.15
 10
305499.81
 20
6404380.0
 10
305498.0
 20
6404378.3
 10
305494.0
 20
6404378.95
 10
305488.0
 20
6404375.68
 10
305484.0
 20
6404375.64
 10
305482.0
 20
6404377.06
 10
305480.0
 20
6404376.74
 10
305478.0
 20
6404376.97
 10
305474.82
 20
6404376.0
 10
305472.0
 20
6404374.46
 10
305466.0
 20
6404373.08
 10
305464.0
 20
6404372.92
 10
305460.0
 20
6404373.16
 10
305456.0
 20
6404374.24
 10
305448.0
 20
6404377.74
 10
305446.0
 20
6404379.06
 10
305442.0
 20
6404379.49
 10
305438.0
 20
6404380.48
 10
305436.0
 20
6404379.76
 10
305434.0
 20
6404379.53
 10
305433.23
 20
6404380.0
 10
305431.91
 20
6404382.0
 10
305430.0
 20
6404382.83
 10
305426.0
 20
6404383.33
 10
305424.0
 20
6404383.09
 10
305421.98
 20
6404384.0
 10
305422.14
 20
6404386.0
 10
305421.28
 20
6404388.0
 10
305422.8
 20
6404390.0
 10
305424.61
 20
6404394.0
 10
305426.0
 20
6404395.49
 10
305427.5
 20
6404398.0
 10
305428.29
 20
6404400.0
 10
305428.35
 20
6404402.0
 10
305427.81
 20
6404404.0
 10
305426.0
 20
6404404.77
 10
305424.0
 20
6404404.33
 10
305422.0
 20
6404403.2
 10
305416.0
 20
6404400.75
 10
305415.25
 20
6404400.0
 10
305415.22
 20
6404398.0
 10
305414.32
 20
6404396.0
 10
305414.36
 20
6404392.0
 10
305414.0
 20
6404391.41
 10
305412.0
 20
6404391.54
 10
305406.0
 20
6404395.15
 10
305404.0
 20
6404395.97
 10
305402.0
 20
6404395.44
 10
305400.0
 20
6404395.8
 10
305396.0
 20
6404399.26
 10
305394.4
 20
6404400.0
 10
305393.29
 20
6404404.0
 10
305392.08
 20
6404406.0
 10
305391.04
 20
6404410.0
 10
305390.0
 20
6404412.24
 10
305388.0
 20
6404414.34
 10
305386.0
 20
6404415.41
 10
305383.94
 20
6404416.0
 10
305383.23
 20
6404418.0
 10
305386.34
 20
6404422.0
 10
305385.39
 20
6404424.0
 10
305382.0
 20
6404426.0
 10
305380.0
 20
6404426.82
 10
305378.0
 20
6404426.58
 10
305372.12
 20
6404424.0
 10
305370.0
 20
6404422.59
 10
305369.23
 20
6404420.0
 10
305370.38
 20
6404418.0
 10
305370.0
 20
6404416.89
 10
305368.0
 20
6404415.69
 10
305364.0
 20
6404414.46
 10
305363.67
 20
6404414.0
 10
305363.75
 20
6404412.0
 10
305364.67
 20
6404410.0
 10
305364.2
 20
6404408.0
 10
305364.0
 20
6404407.79
 10
305363.2
 20
6404408.0
 10
305363.41
 20
6404410.0
 10
305362.0
 20
6404410.92
 10
305361.33
 20
6404410.0
 10
305361.7
 20
6404408.0
 10
305361.0
 20
6404406.0
 10
305360.0
 20
6404405.07
 10
305356.8
 20
6404404.0
 10
305356.0
 20
6404403.33
 10
305355.04
 20
6404400.0
 10
305353.69
 20
6404398.0
 10
305352.0
 20
6404397.33
 10
305350.17
 20
6404396.0
 10
305348.0
 20
6404395.63
 10
305346.0
 20
6404394.0
 10
305344.0
 20
6404393.92
 10
305340.0
 20
6404394.55
 10
305336.0
 20
6404392.36
 10
305330.0
 20
6404388.0
 10
305330.0
 20
6404385.58
 10
305332.15
 20
6404384.0
 10
305333.67
 20
6404382.0
 10
305332.0
 20
6404378.39
 10
305330.0
 20
6404378.79
 10
305328.0
 20
6404379.86
 10
305324.0
 20
6404378.03
 10
305320.0
 20
6404377.09
 10
305318.02
 20
6404376.0
 10
305317.01
 20
6404374.0
 10
305316.0
 20
6404370.0
 10
305314.0
 20
6404369.57
 10
305312.0
 20
6404369.74
 10
305310.0
 20
6404369.2
 10
305308.0
 20
6404369.8
 10
305304.14
 20
6404368.0
 10
305302.7
 20
6404366.0
 10
305300.0
 20
6404364.55
 10
305298.0
 20
6404364.81
 10
305291.56
 20
6404364.0
 10
305290.0
 20
6404363.34
 10
305288.87
 20
6404362.0
 10
305288.0
 20
6404359.96
 10
305286.0
 20
6404360.18
 10
305282.0
 20
6404358.85
 10
305278.8
 20
6404356.0
 10
305276.0
 20
6404354.33
 10
305274.0
 20
6404353.9
 10
305272.0
 20
6404354.49
 10
305268.57
 20
6404352.0
 10
305266.0
 20
6404350.95
 10
305262.0
 20
6404348.39
 10
305258.0
 20
6404346.33
 10
305255.87
 20
6404344.0
 10
305254.0
 20
6404340.38
 10
305252.0
 20
6404337.37
 10
305250.0
 20
6404336.52
 10
305245.02
 20
6404332.0
 10
305244.86
 20
6404326.0
 10
305242.0
 20
6404323.73
 10
305240.0
 20
6404320.47
 10
305236.36
 20
6404320.0
 10
305236.0
 20
6404319.57
 10
305235.38
 20
6404318.0
 10
305235.27
 20
6404316.0
 10
305235.82
 20
6404314.0
 10
305237.62
 20
6404312.0
 10
305237.66
 20
6404310.0
 10
305237.0
 20
6404308.0
 10
305236.0
 20
6404306.67
 10
305232.67
 20
6404300.0
  0
LWPOLYLINE
  5
367
330
17
100
AcDbEntity
  8
HOJDKURVOR_GRUND
100
AcDbPolyline
 90
34
 70
0
 10
305680.0
 20
6404426.54
 10
305678.0
 20
6404426.15
 10
305676.0
 20
6404424.24
 10
305674.0
 20
6404423.7
 10
305672.0
 20
6404424.36
 10
305668.0
 20
6404424.71
 10
305666.0
 20
6404425.27
 10
305665.54
 20
6404424.0
 10
305666.0
 20
6404422.64
 10
305666.58
 20
6404422.0
 10
305666.0
 20
6404421.38
 10
305664.0
 20
6404421.08
 10
305660.0
 20
6404421.64
 10
305658.0
 20
6404421.28
 10
305656.74
 20
6404420.0
 10
305656.18
 20
6404418.0
 10
305658.26
 20
6404416.0
 10
305658.12
 20
6404414.0
 10
305658.74
 20
6404412.0
 10
305658.2
 20
6404410.0
 10
305662.0
 20
6404409.05
 10
305664.0
 20
6404409.65
 10
305664.36
 20
6404410.0
 10
305664.11
 20
6404412.0
 10
305665.19
 20
6404414.0
 10
305666.0
 20
6404414.81
 10
305668.0
 20
6404414.65
 10
305668.75
 20
6404412.0
 10
305670.0
 20
6404409.86
 10
305672.0
 20
6404409.1
 10
305674.0
 20
6404408.88
 10
305676.0
 20
6404409.06
 10
305677.66
 20
6404410.0
 10
305680.0
 20
6404411.95
  0
LWPOLYLINE
  5
368
330
17
100
AcDbEntity
  8
HOJDKURVOR_GRUND
100
AcDbPolyline
 90
92
 70
0
 10
305286.0
 20
6404426.71
 10
305288.0
 20
6404426.0
 10
305290.0
 20
6404426.24
 10
305294.0
 20
6404427.75
 10
305296.0
 20
6404427.6
 10
305296.44
 20
6404428.0
 10
305295.82
 20
6404430.0
 10
305297.07
 20
6404432.0
 10
305297.66
 20
6404434.0
 10
305298.0
 20
6404434.39
 10
305300.0
 20
6404435.13
 10
305302.0
 20
6404437.0
 10
305303.81
 20
6404440.0
 10
305303.94
 20
6404442.0
 10
305303.11
 20
6404444.0
 10
305304.0
 20
6404444.65
 10
305306.0
 20
6404443.16
 10
305308.0
 20
6404442.86
 10
305310.0
 20
6404443.37
 10
305314.0
 20
6404443.03
 10
305318.0
 20
6404441.83
 10
305320.0
 20
6404442.56
 10
305326.0
 20
6404446.1
 10
305328.0
 20
6404445.75
 10
305334.0
 20
6404443.62
 10
305336.53
 20
6404442.0
 10
305340.0
 20
6404440.72
 10
305342.0
 20
6404441.1
 10
305344.0
 20
6404442.07
 10
305346.0
 20
6404441.21
 10
305352.0
 20
6404440.27
 10
305354.0
 20
6404439.67
 10
305358.0
 20
6404441.82
 10
305360.0
 20
6404441.67
 10
305361.12
 20
6404442.0
 10
305362.95
 20
6404444.0
 10
305366.0
 20
6404445.57
 10
305366.56
 20
6404448.0
 10
305368.0
 20
6404450.0
 10
305368.7
 20
6404452.0
 10
305368.64
 20
6404454.0
 10
305368.0
 20
6404456.48
 10
305366.0
 20
6404457.08
 10
305364.0
 20
6404456.98
 10
305362.76
 20
6404458.0
 10
305362.0
 20
6404460.43
 10
305360.0
 20
6404461.33
 10
305359.61
 20
6404462.0
 10
305360.0
 20
6404464.67
 10
305364.0
 20
6404472.0
 10
305364.8
 20
6404476.0
 10
305364.39
 20
6404480.0
 10
305364.0
 20
6404481.1
 10
305362.62
 20
6404482.0
 10
305361.11
 20
6404482.0
 10
305360.0
 20
6404481.81
 10
305358.0
 20
6404480.67
 10
305356.0
 20
6404480.09
 10
305354.0
 20
6404481.35
 10
305352.0
 20
6404482.06
 10
305346.0
 20
6404481.25
 10
305340.36
 20
6404478.0
 10
305342.76
 20
6404476.0
 10
305340.0
 20
6404475.28
 10
305338.0
 20
6404474.16
 10
305336.0
 20
6404473.86
 10
305334.0
 20
6404474.15
 10
305332.0
 20
6404474.9
 10
305330.0
 20
6404474.98
 10
305328.0
 20
6404474.5
 10
305322.75
 20
6404472.0
 10
305319.38
 20
6404470.0
 10
305318.0
 20
6404468.39
 10
305312.0
 20
6404466.81
 10
305310.0
 20
6404466.69
 10
305308.0
 20
6404465.56
 10
305304.72
 20
6404462.0
 10
305304.19
 20
6404460.0
 10
305304.43
 20
6404458.0
 10
305304.0
 20
6404457.23
 10
305302.0
 20
6404458.0
 10
305300.88
 20
6404456.0
 10
305300.0
 20
6404455.7
 10
305298.0
 20
6404456.29
 10
305296.56
 20
6404454.0
 10
305296.84
 20
6404452.0
 10
305298.0
 20
6404450.84
 10
305300.0
 20
6404449.63
 10
305302.53
 20
6404446.0
 10
305302.0
 20
6404445.25
 10
305300.0
 20
6404446.48
 10
305298.0
 20
6404445.51
  0
LWPOLYLINE
  5
369
330
17
100
AcDbEntity
  8
HOJDKURVOR_GRUND
100
AcDbPolyline
 90
6
 70
0
 10
305287.17
 20
6404436.0
 10
305286.07
 20
6404434.0
 10
305285.71
 20
6404432.0
 10
305284.43
 20
6404430.0
 10
305285.02
 20
6404428.0
 10
305286.0
 20
6404426.71
  0
LWPOLYLINE
  5
36A
330
17
100
AcDbEntity
  8
HOJDKURVOR_GRUND
100
AcDbPolyline
 90
6
 70
0
 10
305218.99
 20
6404300.0
 10
305218.0
 20
6404301.88
 10
305216.0
 20
6404303.26
 10
305214.0
 20
6404302.4
 10
305210.0
 20
6404301.37
 10
305208.07
 20
6404300.0
  0
LWPOLYLINE
  5
36B
330
17
100
AcDbEntity
  8
HOJDKURVOR_GRUND
100
AcDbPolyline
 90
4
 70
0
 10
305680.0
 20
6404399.86
 10
305678.0
 20
6404400.62
 10
305674.0
 20
6404400.23
 10
305666.0
 20
6404397.52
  0
LWPOLYLINE
  5
36C
330
17
100
AcDbEntity
  8
HOJDKURVOR_GRUND
100
AcDbPolyline
 90
216
 70
0
 10
305646.0
 20
6404395.15
 10
305644.0
 20
6404394.62
 10
305640.0
 20
6404392.82
 10
305638.0
 20
6404393.91
 10
305636.0
 20
6404394.05
 10
305634.0
 20
6404393.19
 10
305632.0
 20
6404392.97
 10
305630.42
 20
6404394.0
 10
305630.0
 20
6404395.0
 10
305628.0
 20
6404394.72
 10
305626.0
 20
6404395.24
 10
305624.0
 20
6404393.0
 10
305622.0
 20
6404392.22
 10
305618.0
 20
6404392.94
 10
305614.0
 20
6404392.51
 10
305612.91
 20
6404392.0
 10
305610.0
 20
6404390.07
 10
305608.0
 20
6404388.14
 10
305606.0
 20
6404385.18
 10
305604.0
 20
6404385.36
 10
305600.0
 20
6404387.45
 10
305598.0
 20
6404387.26
 10
305595.61
 20
6404386.0
 10
305594.0
 20
6404384.74
 10
305592.0
 20
6404384.48
 10
305586.0
 20
6404382.72
 10
305584.0
 20
6404381.79
 10
305582.0
 20
6404383.08
 10
305580.0
 20
6404383.83
 10
305578.0
 20
6404383.12
 10
305574.0
 20
6404384.55
 10
305572.0
 20
6404383.72
 10
305568.0
 20
6404381.02
 10
305567.29
 20
6404380.0
 10
305564.0
 20
6404376.94
 10
305561.35
 20
6404376.0
 10
305559.36
 20
6404374.0
 10
305560.07
 20
6404372.0
 10
305558.0
 20
6404369.9
 10
305554.0
 20
6404367.26
 10
305548.0
 20
6404366.53
 10
305542.0
 20
6404363.9
 10
305538.0
 20
6404363.45
 10
305536.0
 20
6404363.7
 10
305528.0
 20
6404366.36
 10
305524.0
 20
6404366.81
 10
305522.0
 20
6404366.17
 10
305518.0
 20
6404365.86
 10
305513.86
 20
6404364.0
 10
305510.0
 20
6404363.18
 10
305502.0
 20
6404360.1
 10
305500.0
 20
6404360.87
 10
305498.2
 20
6404364.0
 10
305498.0
 20
6404366.05
 10
305494.62
 20
6404368.0
 10
305495.33
 20
6404372.0
 10
305496.8
 20
6404374.0
 10
305496.0
 20
6404375.0
 10
305494.0
 20
6404375.47
 10
305485.18
 20
6404374.0
 10
305482.0
 20
6404370.72
 10
305481.24
 20
6404372.0
 10
305481.13
 20
6404374.0
 10
305480.0
 20
6404375.05
 10
305478.0
 20
6404375.61
 10
305476.0
 20
6404374.91
 10
305474.73
 20
6404374.0
 10
305474.0
 20
6404372.91
 10
305472.0
 20
6404373.23
 10
305470.0
 20
6404372.87
 10
305468.0
 20
6404371.9
 10
305466.0
 20
6404371.83
 10
305464.0
 20
6404372.17
 10
305462.0
 20
6404371.98
 10
305460.0
 20
6404372.22
 10
305456.0
 20
6404373.54
 10
305454.0
 20
6404374.76
 10
305448.0
 20
6404377.03
 10
305446.0
 20
6404378.36
 10
305444.0
 20
6404378.83
 10
305440.0
 20
6404379.14
 10
305438.0
 20
6404379.77
 10
305436.0
 20
6404378.85
 10
305434.0
 20
6404378.79
 10
305432.02
 20
6404380.0
 10
305430.0
 20
6404382.17
 10
305426.0
 20
6404382.54
 10
305424.0
 20
6404382.47
 10
305422.0
 20
6404381.89
 10
305420.0
 20
6404381.76
 10
305419.26
 20
6404382.0
 10
305420.0
 20
6404382.4
 10
305420.88
 20
6404384.0
 10
305420.98
 20
6404386.0
 10
305419.18
 20
6404388.0
 10
305422.0
 20
6404390.59
 10
305424.0
 20
6404394.82
 10
305426.0
 20
6404396.63
 10
305426.83
 20
6404398.0
 10
305427.5
 20
6404400.0
 10
305426.25
 20
6404404.0
 10
305424.0
 20
6404403.43
 10
305420.0
 20
6404401.27
 10
305418.0
 20
6404400.81
 10
305416.24
 20
6404400.0
 10
305415.37
 20
6404396.0
 10
305415.26
 20
6404392.0
 10
305416.59
 20
6404390.0
 10
305416.0
 20
6404389.57
 10
305414.0
 20
6404389.97
 10
305406.0
 20
6404394.42
 10
305404.0
 20
6404394.43
 10
305402.0
 20
6404393.44
 10
305400.0
 20
6404394.16
 10
305398.78
 20
6404396.0
 10
305396.0
 20
6404398.33
 10
305394.0
 20
6404399.09
 10
305392.64
 20
6404400.0
 10
305392.0
 20
6404403.44
 10
305390.61
 20
6404406.0
 10
305390.0
 20
6404408.67
 10
305388.0
 20
6404411.08
 10
305386.0
 20
6404412.27
 10
305381.29
 20
6404414.0
 10
305381.4
 20
6404418.0
 10
305381.82
 20
6404420.0
 10
305384.0
 20
6404420.61
 10
305385.28
 20
6404422.0
 10
305384.0
 20
6404423.71
 10
305382.0
 20
6404424.8
 10
305380.0
 20
6404425.16
 10
305376.0
 20
6404424.28
 10
305371.7
 20
6404422.0
 10
305371.54
 20
6404420.0
 10
305373.81
 20
6404418.0
 10
305374.19
 20
6404416.0
 10
305374.0
 20
6404415.09
 10
305372.0
 20
6404411.43
 10
305369.78
 20
6404410.0
 10
305368.0
 20
6404406.0
 10
305366.0
 20
6404405.6
 10
305364.89
 20
6404404.0
 10
305365.86
 20
6404402.0
 10
305366.0
 20
6404400.0
 10
305364.0
 20
6404400.14
 10
305360.0
 20
6404398.95
 10
305358.0
 20
6404399.51
 10
305356.0
 20
6404398.51
 10
305352.0
 20
6404395.18
 10
305350.0
 20
6404394.73
 10
305346.0
 20
6404392.85
 10
305342.0
 20
6404392.59
 10
305340.0
 20
6404392.77
 10
305337.74
 20
6404392.0
 10
305335.83
 20
6404390.0
 10
305334.0
 20
6404386.25
 10
305332.0
 20
6404386.45
 10
305331.74
 20
6404386.0
 10
305332.0
 20
6404385.77
 10
305334.0
 20
6404385.73
 10
305335.09
 20
6404382.0
 10
305334.0
 20
6404380.0
 10
305334.62
 20
6404378.0
 10
305333.08
 20
6404376.0
 10
305332.0
 20
6404375.3
 10
305328.97
 20
6404378.0
 10
305328.0
 20
6404378.49
 10
305326.0
 20
6404378.23
 10
305324.0
 20
6404377.08
 10
305320.0
 20
6404376.51
 10
305319.07
 20
6404376.0
 10
305318.18
 20
6404374.0
 10
305316.0
 20
6404367.53
 10
305314.0
 20
6404367.15
 10
305312.0
 20
6404367.4
 10
305310.0
 20
6404366.11
 10
305308.0
 20
6404367.35
 10
305306.0
 20
6404366.76
 10
305304.0
 20
6404365.26
 10
305300.0
 20
6404363.37
 10
305298.0
 20
6404363.95
 10
305296.0
 20
6404363.73
 10
305290.74
 20
6404362.0
 10
305290.0
 20
6404361.12
 10
305289.7
 20
6404360.0
 10
305288.09
 20
6404358.0
 10
305286.0
 20
6404357.98
 10
305284.0
 20
6404358.41
 10
305282.0
 20
6404358.1
 10
305279.68
 20
6404356.0
 10
305276.48
 20
6404354.0
 10
305274.0
 20
6404353.42
 10
305272.0
 20
6404353.79
 10
305269.92
 20
6404352.0
 10
305266.0
 20
6404350.25
 10
305258.0
 20
6404345.53
 10
305256.0
 20
6404343.38
 10
305254.0
 20
6404339.56
 10
305252.0
 20
6404336.71
 10
305248.08
 20
6404334.0
 10
305246.16
 20
6404332.0
 10
305245.3
 20
6404326.0
 10
305242.0
 20
6404323.27
 10
305241.07
 20
6404322.0
 10
305240.0
 20
6404319.26
 10
305238.0
 20
6404319.21
 10
305237.02
 20
6404318.0
 10
305236.71
 20
6404316.0
 10
305236.92
 20
6404314.0
 10
305238.92
 20
6404312.0
 10
305238.63
 20
6404308.0
 10
305238.0
 20
6404306.16
 10
305236.0
 20
6404305.01
 10
305235.37
 20
6404304.0
 10
305234.6
 20
6404302.0
 10
305234.31
 20
6404300.0
  0
LWPOLYLINE
  5
36D
330
17
100
AcDbEntity
  8
HOJDKURVOR_GRUND
100
AcDbPolyline
 90
14
 70
0
 10
305680.0
 20
6404424.97
 10
305674.0
 20
6404422.87
 10
305672.0
 20
6404423.12
 10
305670.57
 20
6404422.0
 10
305670.51
 20
6404418.0
 10
305669.15
 20
6404416.0
 10
305669.31
 20
6404414.0
 10
305670.0
 20
6404411.49
 10
305671.87
 20
6404410.0
 10
305674.0
 20
6404409.48
 10
305676.0
 20
6404409.52
 10
305676.85
 20
6404410.0
 10
305678.65
 20
6404412.0
 10
305680.0
 20
6404414.12
  0
LWPOLYLINE
  5
36E
330
17
100
AcDbEntity
  8
HOJDKURVOR_GRUND
100
AcDbPolyline
 90
3
 70
0
 10
305218.23
 20
6404300.0
 10
305216.0
 20
6404302.09
 10
305212.18
 20
6404300.0
  0
LWPOLYLINE
  5
36F
330
17
100
AcDbEntity
  8
HOJDKURVOR_GRUND
100
AcDbPolyline
 90
6
 70
0
 10
305680.0
 20
6404397.59
 10
305678.0
 20
6404399.06
 10
305676.0
 20
6404399.55
 10
305672.0
 20
6404398.88
 10
305670.0
 20
6404397.94
 10
305666.0
 20
6404396.93
  0
LWPOLYLINE
  5
370
330
17
100
AcDbEntity
  8
HOJDKURVOR_GRUND
100
AcDbPolyline
 90
188
 70
0
 10
305648.0
 20
6404394.8
 10
305645.09
 20
6404394.0
 10
305642.18
 20
6404392.0
 10
305640.0
 20
6404389.95
 10
305638.0
 20
6404389.25
 10
305637.45
 20
6404390.0
 10
305637.43
 20
6404392.0
 10
305636.0
 20
6404392.58
 10
305634.0
 20
6404390.76
 10
305628.0
 20
6404391.69
 10
305626.0
 20
6404391.79
 10
305622.0
 20
6404391.36
 10
305618.0
 20
6404392.13
 10
305614.0
 20
6404391.31
 10
305612.31
 20
6404390.0
 10
305610.0
 20
6404389.11
 10
305608.85
 20
6404388.0
 10
305606.0
 20
6404383.99
 10
305600.0
 20
6404386.81
 10
305598.0
 20
6404386.49
 10
305594.0
 20
6404384.01
 10
305592.0
 20
6404384.02
 10
305586.0
 20
6404382.19
 10
305584.0
 20
6404380.84
 10
305582.0
 20
6404381.3
 10
305580.0
 20
6404382.99
 10
305578.0
 20
6404382.68
 10
305574.0
 20
6404383.69
 10
305570.0
 20
6404381.48
 10
305564.0
 20
6404376.52
 10
305562.52
 20
6404376.0
 10
305562.0
 20
6404374.87
 10
305561.17
 20
6404374.0
 10
305561.82
 20
6404372.0
 10
305560.0
 20
6404371.12
 10
305558.0
 20
6404369.17
 10
305554.0
 20
6404366.89
 10
305548.0
 20
6404366.09
 10
305542.0
 20
6404363.31
 10
305538.0
 20
6404362.62
 10
305536.0
 20
6404362.7
 10
305532.0
 20
6404364.49
 10
305524.0
 20
6404366.21
 10
305522.0
 20
6404365.38
 10
305518.0
 20
6404365.1
 10
305515.21
 20
6404364.0
 10
305510.0
 20
6404362.93
 10
305504.0
 20
6404359.93
 10
305502.0
 20
6404359.4
 10
305496.71
 20
6404360.0
 10
305496.73
 20
6404362.0
 10
305494.71
 20
6404364.0
 10
305494.0
 20
6404365.67
 10
305492.0
 20
6404365.09
 10
305488.0
 20
6404365.25
 10
305486.09
 20
6404366.0
 10
305490.0
 20
6404368.32
 10
305492.18
 20
6404372.0
 10
305490.0
 20
6404373.28
 10
305488.0
 20
6404373.0
 10
305486.0
 20
6404372.18
 10
305484.0
 20
6404370.81
 10
305482.0
 20
6404368.59
 10
305480.18
 20
6404370.0
 10
305478.34
 20
6404372.0
 10
305478.0
 20
6404373.67
 10
305476.0
 20
6404372.97
 10
305475.32
 20
6404372.0
 10
305474.0
 20
6404371.12
 10
305472.0
 20
6404372.02
 10
305470.0
 20
6404371.17
 10
305468.0
 20
6404370.9
 10
305464.0
 20
6404371.36
 10
305460.0
 20
6404371.2
 10
305456.0
 20
6404372.96
 10
305454.0
 20
6404374.27
 10
305450.0
 20
6404375.34
 10
305446.0
 20
6404377.66
 10
305444.0
 20
6404378.31
 10
305440.0
 20
6404378.29
 10
305438.0
 20
6404378.73
 10
305436.0
 20
6404377.92
 10
305432.0
 20
6404377.91
 10
305431.01
 20
6404380.0
 10
305430.0
 20
6404381.15
 10
305424.0
 20
6404381.7
 10
305420.0
 20
6404380.59
 10
305418.0
 20
6404381.17
 10
305417.48
 20
6404382.0
 10
305418.0
 20
6404382.84
 10
305419.64
 20
6404384.0
 10
305419.64
 20
6404386.0
 10
305416.83
 20
6404388.0
 10
305414.0
 20
6404389.16
 10
305408.95
 20
6404392.0
 10
305406.0
 20
6404393.05
 10
305404.0
 20
6404391.71
 10
305402.0
 20
6404391.61
 10
305399.02
 20
6404394.0
 10
305398.0
 20
6404395.54
 10
305396.0
 20
6404397.07
 10
305394.0
 20
6404397.83
 10
305392.0
 20
6404398.0
 10
305389.75
 20
6404400.0
 10
305389.02
 20
6404406.0
 10
305388.0
 20
6404407.05
 10
305386.0
 20
6404408.27
 10
305382.0
 20
6404407.88
 10
305380.0
 20
6404408.89
 10
305376.0
 20
6404408.64
 10
305374.0
 20
6404407.71
 10
305372.7
 20
6404406.0
 10
305370.0
 20
6404405.24
 10
305367.76
 20
6404404.0
 10
305368.84
 20
6404400.0
 10
305368.73
 20
6404396.0
 10
305369.26
 20
6404394.0
 10
305366.0
 20
6404391.68
 10
305364.36
 20
6404390.0
 10
305364.16
 20
6404388.0
 10
305363.95
 20
6404388.0
 10
305363.78
 20
6404390.0
 10
305360.0
 20
6404393.78
 10
305359.36
 20
6404394.0
 10
305358.0
 20
6404395.52
 10
305356.0
 20
6404395.7
 10
305352.15
 20
6404392.0
 10
305350.0
 20
6404391.13
 10
305348.47
 20
6404390.0
 10
305346.0
 20
6404389.21
 10
305344.0
 20
6404387.9
 10
305342.0
 20
6404388.36
 10
305340.0
 20
6404387.62
 10
305338.0
 20
6404385.2
 10
305336.6
 20
6404382.0
 10
305336.89
 20
6404380.0
 10
305338.1
 20
6404378.0
 10
305338.0
 20
6404376.67
 10
305336.0
 20
6404374.1
 10
305334.0
 20
6404373.78
 10
305332.0
 20
6404372.94
 10
305329.17
 20
6404374.0
 10
305328.0
 20
6404375.21
 10
305326.0
 20
6404376.45
 10
305320.0
 20
6404375.87
 10
305318.86
 20
6404374.0
 10
305316.0
 20
6404365.11
 10
305314.0
 20
6404364.2
 10
305312.0
 20
6404364.0
 10
305312.0
 20
6404361.96
 10
305311.6
 20
6404362.0
 10
305310.0
 20
6404363.6
 10
305308.0
 20
6404364.0
 10
305306.0
 20
6404362.88
 10
305304.0
 20
6404363.22
 10
305300.0
 20
6404362.39
 10
305298.0
 20
6404362.65
 10
305294.76
 20
6404362.0
 10
305289.66
 20
6404358.0
 10
305288.0
 20
6404357.42
 10
305286.0
 20
6404357.41
 10
305282.0
 20
6404356.44
 10
305276.0
 20
6404353.41
 10
305274.0
 20
6404352.95
 10
305272.0
 20
6404353.15
 10
305268.0
 20
6404350.36
 10
305266.0
 20
6404349.7
 10
305258.0
 20
6404345.02
 10
305256.0
 20
6404342.69
 10
305254.0
 20
6404338.83
 10
305252.0
 20
6404336.04
 10
305249.45
 20
6404334.0
 10
305248.1
 20
6404332.0
 10
305246.91
 20
6404330.0
 10
305246.54
 20
6404328.0
 10
305245.74
 20
6404326.0
 10
305243.14
 20
6404324.0
 10
305241.4
 20
6404322.0
 10
305240.33
 20
6404318.0
 10
305238.42
 20
6404316.0
 10
305238.05
 20
6404314.0
 10
305240.09
 20
6404312.0
 10
305240.03
 20
6404310.0
 10
305239.09
 20
6404306.0
 10
305238.0
 20
6404304.78
 10
305236.38
 20
6404304.0
 10
305236.0
 20
6404303.48
 10
305235.28
 20
6404300.0
  0
LWPOLYLINE
  5
371
330
17
100
AcDbEntity
  8
HOJDKURVOR_GRUND
100
AcDbPolyline
 90
11
 70
0
 10
305680.0
 20
6404423.38
 10
305676.0
 20
6404422.62
 10
305672.0
 20
6404421.33
 10
305671.49
 20
6404420.0
 10
305672.0
 20
6404418.0
 10
305670.47
 20
6404414.0
 10
305670.95
 20
6404412.0
 10
305672.0
 20
6404411.09
 10
305676.0
 20
6404409.97
 10
305677.04
 20
6404412.0
 10
305680.0
 20
6404415.1
  0
LWPOLYLINE
  5
372
330
17
100
AcDbEntity
  8
HOJDKURVOR_GRUND
100
AcDbPolyline
 90
7
 70
0
 10
305680.0
 20
6404395.93
 10
305678.0
 20
6404396.45
 10
305676.0
 20
6404398.36
 10
305674.0
 20
6404398.4
 10
305672.0
 20
6404398.11
 10
305670.0
 20
6404397.22
 10
305662.0
 20
6404395.64
  0
LWPOLYLINE
  5
373
330
17
100
AcDbEntity
  8
HOJDKURVOR_GRUND
100
AcDbPolyline
 90
173
 70
0
 10
305648.0
 20
6404394.24
 10
305646.0
 20
6404393.62
 10
305644.15
 20
6404392.0
 10
305642.0
 20
6404388.48
 10
305640.0
 20
6404386.8
 10
305638.0
 20
6404386.8
 10
305636.0
 20
6404387.76
 10
305634.0
 20
6404388.06
 10
305631.69
 20
6404390.0
 10
305630.0
 20
6404390.52
 10
305628.0
 20
6404390.73
 10
305622.0
 20
6404390.53
 10
305618.0
 20
6404391.29
 10
305612.0
 20
6404389.4
 10
305610.0
 20
6404388.19
 10
305606.96
 20
6404384.0
 10
305606.0
 20
6404383.3
 10
305600.0
 20
6404386.17
 10
305598.0
 20
6404385.66
 10
305595.81
 20
6404384.0
 10
305594.0
 20
6404383.49
 10
305592.0
 20
6404383.52
 10
305586.98
 20
6404382.0
 10
305584.0
 20
6404379.92
 10
305582.0
 20
6404380.1
 10
305580.0
 20
6404382.15
 10
305574.0
 20
6404382.56
 10
305570.0
 20
6404380.61
 10
305563.69
 20
6404376.0
 10
305562.75
 20
6404374.0
 10
305562.9
 20
6404372.0
 10
305560.0
 20
6404370.27
 10
305558.0
 20
6404368.45
 10
305556.0
 20
6404367.2
 10
305554.0
 20
6404366.51
 10
305548.0
 20
6404365.52
 10
305544.0
 20
6404363.55
 10
305540.0
 20
6404362.02
 10
305536.0
 20
6404361.72
 10
305530.78
 20
6404364.0
 10
305524.0
 20
6404364.84
 10
305518.0
 20
6404364.34
 10
305514.0
 20
6404363.28
 10
305510.0
 20
6404362.69
 10
305506.0
 20
6404360.78
 10
305504.0
 20
6404359.41
 10
305502.0
 20
6404358.76
 10
305498.0
 20
6404358.76
 10
305496.29
 20
6404358.0
 10
305494.0
 20
6404357.71
 10
305492.0
 20
6404358.0
 10
305494.0
 20
6404359.38
 10
305494.33
 20
6404360.0
 10
305494.0
 20
6404360.94
 10
305492.0
 20
6404361.22
 10
305490.0
 20
6404363.38
 10
305488.0
 20
6404363.52
 10
305484.0
 20
6404362.46
 10
305482.0
 20
6404362.28
 10
305480.0
 20
6404365.38
 10
305478.2
 20
6404366.0
 10
305477.2
 20
6404368.0
 10
305476.0
 20
6404368.41
 10
305474.0
 20
6404369.77
 10
305472.0
 20
6404368.93
 10
305466.0
 20
6404370.69
 10
305460.0
 20
6404370.15
 10
305454.0
 20
6404373.77
 10
305450.0
 20
6404374.59
 10
305448.0
 20
6404375.5
 10
305446.0
 20
6404376.94
 10
305444.0
 20
6404377.75
 10
305438.0
 20
6404377.49
 10
305436.0
 20
6404376.55
 10
305432.0
 20
6404376.39
 10
305430.0
 20
6404375.87
 10
305429.44
 20
6404376.0
 10
305430.0
 20
6404380.0
 10
305426.0
 20
6404380.06
 10
305424.0
 20
6404380.47
 10
305420.0
 20
6404379.36
 10
305418.0
 20
6404379.91
 10
305416.7
 20
6404382.0
 10
305417.93
 20
6404384.0
 10
305417.75
 20
6404386.0
 10
305416.0
 20
6404387.45
 10
305411.18
 20
6404390.0
 10
305408.0
 20
6404391.15
 10
305406.0
 20
6404390.07
 10
305405.26
 20
6404388.0
 10
305404.0
 20
6404386.19
 10
305402.27
 20
6404390.0
 10
305398.0
 20
6404393.95
 10
305396.0
 20
6404395.57
 10
305394.0
 20
6404395.52
 10
305392.55
 20
6404396.0
 10
305390.0
 20
6404397.89
 10
305387.81
 20
6404402.0
 10
305387.84
 20
6404404.0
 10
305387.18
 20
6404406.0
 10
305386.0
 20
6404406.78
 10
305384.0
 20
6404407.18
 10
305376.0
 20
6404407.0
 10
305374.0
 20
6404405.41
 10
305369.77
 20
6404404.0
 10
305370.06
 20
6404400.0
 10
305369.85
 20
6404398.0
 10
305370.58
 20
6404394.0
 10
305370.0
 20
6404392.75
 10
305366.59
 20
6404390.0
 10
305366.0
 20
6404387.81
 10
305364.0
 20
6404387.21
 10
305362.41
 20
6404390.0
 10
305360.0
 20
6404392.53
 10
305358.0
 20
6404393.39
 10
305356.0
 20
6404393.34
 10
305350.0
 20
6404388.88
 10
305346.0
 20
6404386.46
 10
305342.0
 20
6404384.62
 10
305338.34
 20
6404382.0
 10
305338.2
 20
6404380.0
 10
305339.21
 20
6404376.0
 10
305338.81
 20
6404374.0
 10
305338.0
 20
6404372.85
 10
305332.0
 20
6404371.08
 10
305330.0
 20
6404371.84
 10
305326.0
 20
6404374.14
 10
305322.0
 20
6404374.88
 10
305320.0
 20
6404374.74
 10
305319.55
 20
6404374.0
 10
305319.22
 20
6404372.0
 10
305319.23
 20
6404370.0
 10
305317.92
 20
6404368.0
 10
305318.31
 20
6404366.0
 10
305318.18
 20
6404364.0
 10
305312.0
 20
6404360.11
 10
305309.4
 20
6404360.0
 10
305308.0
 20
6404360.27
 10
305306.0
 20
6404361.2
 10
305304.0
 20
6404361.42
 10
305298.0
 20
6404361.42
 10
305295.13
 20
6404360.0
 10
305292.0
 20
6404358.96
 10
305290.0
 20
6404357.49
 10
305288.0
 20
6404356.87
 10
305286.0
 20
6404356.83
 10
305284.0
 20
6404355.83
 10
305280.0
 20
6404355.03
 10
305276.0
 20
6404353.05
 10
305274.0
 20
6404352.47
 10
305272.0
 20
6404352.5
 10
305268.0
 20
6404349.78
 10
305266.0
 20
6404349.22
 10
305264.0
 20
6404347.85
 10
305262.0
 20
6404347.17
 10
305258.0
 20
6404344.5
 10
305254.78
 20
6404340.0
 10
305252.82
 20
6404336.0
 10
305250.53
 20
6404334.0
 10
305249.12
 20
6404332.0
 10
305247.96
 20
6404330.0
 10
305247.61
 20
6404328.0
 10
305246.59
 20
6404326.0
 10
305243.57
 20
6404324.0
 10
305241.74
 20
6404322.0
 10
305241.05
 20
6404318.0
 10
305239.91
 20
6404316.0
 10
305240.26
 20
6404314.0
 10
305241.21
 20
6404312.0
 10
305241.42
 20
6404310.0
 10
305240.51
 20
6404306.0
 10
305237.5
 20
6404302.0
 10
305236.68
 20
6404300.0
  0
LWPOLYLINE
  5
374
330
17
100
AcDbEntity
  8
HOJDKURVOR_STOD
100
AcDbPolyline
 90
5
 70
0
 10
305680.0
 20
6404395.44
 10
305678.0
 20
6404393.78
 10
305674.0
 20
6404396.55
 10
305672.0
 20
6404397.0
 10
305662.0
 20
6404394.93
  0
TEXT
  5
375
330
17
100
AcDbEntity
  8
HOJDKURVOR_TEXT
100
AcDbText
 10
305671.6585566806
 20
6404396.929321233
 30
0.0
 40
1.5
  1
15.0
 50
11.695052906260344
 72
1
 11
305671.6585566806
 21
6404396.929321233
 31
0.0
100
AcDbText
 73
2
  0
LWPOLYLINE
  5
376
330
17
100
AcDbEntity
  8
HOJDKURVOR_STOD
100
AcDbPolyline
 90
52
 70
0
 10
305650.0
 20
6404394.01
 10
305648.0
 20
6404393.61
 10
305646.0
 20
6404392.87
 10
305645.01
 20
6404392.0
 10
305644.0
 20
6404389.36
 10
305640.0
 20
6404384.29
 10
305638.0
 20
6404384.0
 10
305638.07
 20
6404382.0
 10
305636.94
 20
6404380.0
 10
305636.0
 20
6404379.32
 10
305634.0
 20
6404378.9
 10
305632.0
 20
6404379.37
 10
305631.51
 20
6404380.0
 10
305633.63
 20
6404382.0
 10
305633.89
 20
6404384.0
 10
305634.76
 20
6404386.0
 10
305632.0
 20
6404387.4
 10
305630.0
 20
6404389.32
 10
305628.0
 20
6404389.7
 10
305624.0
 20
6404389.46
 10
305618.0
 20
6404390.44
 10
305612.0
 20
6404388.89
 10
305610.62
 20
6404388.0
 10
305608.85
 20
6404386.0
 10
305607.91
 20
6404384.0
 10
305606.0
 20
6404382.61
 10
305604.0
 20
6404383.83
 10
305600.0
 20
6404385.44
 10
305598.0
 20
6404384.73
 10
305596.0
 20
6404383.47
 10
305594.0
 20
6404382.97
 10
305592.0
 20
6404383.03
 10
305588.37
 20
6404382.0
 10
305584.0
 20
6404379.26
 10
305582.0
 20
6404379.26
 10
305580.0
 20
6404378.67
 10
305578.0
 20
6404380.79
 10
305576.0
 20
6404381.72
 10
305574.0
 20
6404381.23
 10
305572.0
 20
6404379.96
 10
305570.0
 20
6404379.73
 10
305564.84
 20
6404376.0
 10
305563.89
 20
6404374.0
 10
305563.9
 20
6404372.0
 10
305556.0
 20
6404366.49
 10
305548.0
 20
6404364.92
 10
305540.0
 20
6404361.13
 10
305536.0
 20
6404360.81
 10
305532.0
 20
6404362.06
 10
305530.0
 20
6404363.05
 10
305528.0
 20
6404362.76
 10
305522.0
 20
6404363.68
  0
TEXT
  5
377
330
17
100
AcDbEntity
  8
HOJDKURVOR_TEXT
100
AcDbText
 10
305593.1071523934
 20
6404382.996785428
 30
0.0
 40
1.5
  1
15.0
 50
358.281641983417
 72
1
 11
305593.1071523934
 21
6404382.996785428
 31
0.0
100
AcDbText
 73
2
  0
LWPOLYLINE
  5
378
330
17
100
AcDbEntity
  8
HOJDKURVOR_STOD
100
AcDbPolyline
 90
135
 70
0
 10
305510.0
 20
6404362.44
 10
305505.24
 20
6404360.0
 10
305504.0
 20
6404358.9
 10
305502.0
 20
6404358.13
 10
305500.0
 20
6404358.23
 10
305494.0
 20
6404356.9
 10
305492.0
 20
6404355.86
 10
305490.0
 20
6404355.52
 10
305488.0
 20
6404353.95
 10
305487.12
 20
6404354.0
 10
305485.88
 20
6404358.0
 10
305488.0
 20
6404358.63
 10
305489.33
 20
6404360.0
 10
305488.0
 20
6404361.86
 10
305486.0
 20
6404361.58
 10
305484.0
 20
6404360.73
 10
305478.0
 20
6404359.4
 10
305476.0
 20
6404359.28
 10
305474.4
 20
6404360.0
 10
305472.07
 20
6404362.0
 10
305474.0
 20
6404365.17
 10
305474.81
 20
6404366.0
 10
305474.0
 20
6404367.17
 10
305468.0
 20
6404369.08
 10
305466.0
 20
6404370.12
 10
305462.0
 20
6404369.19
 10
305460.0
 20
6404369.25
 10
305456.0
 20
6404371.62
 10
305454.0
 20
6404373.24
 10
305449.51
 20
6404374.0
 10
305448.0
 20
6404374.61
 10
305446.0
 20
6404376.23
 10
305444.0
 20
6404377.12
 10
305442.0
 20
6404377.38
 10
305440.0
 20
6404376.98
 10
305436.0
 20
6404375.09
 10
305434.0
 20
6404374.88
 10
305428.0
 20
6404375.15
 10
305426.0
 20
6404373.98
 10
305424.0
 20
6404374.69
 10
305423.5
 20
6404376.0
 10
305422.0
 20
6404377.82
 10
305418.0
 20
6404378.46
 10
305416.0
 20
6404379.4
 10
305415.62
 20
6404380.0
 10
305415.89
 20
6404382.0
 10
305417.11
 20
6404384.0
 10
305416.81
 20
6404386.0
 10
305416.0
 20
6404386.67
 10
305412.0
 20
6404388.19
 10
305410.0
 20
6404388.59
 10
305409.05
 20
6404388.0
 10
305407.65
 20
6404384.0
 10
305406.0
 20
6404381.12
 10
305403.24
 20
6404384.0
 10
305403.22
 20
6404386.0
 10
305402.34
 20
6404388.0
 10
305400.0
 20
6404390.05
 10
305399.23
 20
6404392.0
 10
305398.0
 20
6404393.13
 10
305392.0
 20
6404395.52
 10
305390.0
 20
6404397.12
 10
305386.19
 20
6404402.0
 10
305386.2
 20
6404404.0
 10
305385.09
 20
6404406.0
 10
305384.0
 20
6404406.39
 10
305380.0
 20
6404406.02
 10
305378.0
 20
6404406.18
 10
305376.0
 20
6404405.61
 10
305374.0
 20
6404403.83
 10
305372.0
 20
6404403.46
 10
305370.55
 20
6404400.0
 10
305370.72
 20
6404396.0
 10
305371.3
 20
6404394.0
 10
305370.0
 20
6404391.13
 10
305368.72
 20
6404390.0
 10
305366.59
 20
6404386.0
 10
305366.0
 20
6404385.51
 10
305364.0
 20
6404386.48
 10
305360.0
 20
6404391.5
 10
305358.0
 20
6404392.41
 10
305356.0
 20
6404392.12
 10
305350.0
 20
6404387.35
 10
305342.0
 20
6404382.6
 10
305340.0
 20
6404381.02
 10
305339.45
 20
6404380.0
 10
305339.36
 20
6404378.0
 10
305340.36
 20
6404376.0
 10
305340.48
 20
6404372.0
 10
305337.58
 20
6404370.0
 10
305336.0
 20
6404368.07
 10
305330.0
 20
6404370.28
 10
305328.0
 20
6404371.82
 10
305326.0
 20
6404372.62
 10
305324.25
 20
6404372.0
 10
305321.0
 20
6404368.0
 10
305320.05
 20
6404366.0
 10
305319.96
 20
6404364.0
 10
305317.62
 20
6404362.0
 10
305316.0
 20
6404360.0
 10
305312.0
 20
6404358.35
 10
305308.0
 20
6404359.16
 10
305306.0
 20
6404360.07
 10
305298.0
 20
6404360.26
 10
305296.0
 20
6404359.21
 10
305294.0
 20
6404358.93
 10
305290.0
 20
6404356.83
 10
305288.0
 20
6404356.33
 10
305286.0
 20
6404356.26
 10
305284.0
 20
6404355.31
 10
305280.0
 20
6404354.44
 10
305274.0
 20
6404352.0
 10
305272.0
 20
6404351.8
 10
305268.0
 20
6404349.31
 10
305266.0
 20
6404348.75
 10
305264.0
 20
6404347.47
 10
305262.0
 20
6404346.83
 10
305258.01
 20
6404344.0
 10
305255.08
 20
6404340.0
 10
305253.69
 20
6404336.0
 10
305251.42
 20
6404334.0
 10
305250.11
 20
6404332.0
 10
305249.17
 20
6404330.0
 10
305248.0
 20
6404325.86
 10
305246.0
 20
6404324.35
 10
305244.0
 20
6404323.97
 10
305242.0
 20
6404321.44
 10
305241.77
 20
6404318.0
 10
305241.19
 20
6404316.0
 10
305242.0
 20
6404313.58
 10
305242.5
 20
6404310.0
 10
305242.46
 20
6404306.0
 10
305241.0
 20
6404304.0
 10
305240.0
 20
6404300.9
 10
305239.16
 20
6404300.0
  0
TEXT
  5
379
330
17
100
AcDbEntity
  8
HOJDKURVOR_TEXT
100
AcDbText
 10
305473.77023771097
 20
6404360.540568489
 30
0.0
 40
1.5
  1
15.0
 50
319.35822794793035
 72
1
 11
305473.77023771097
 21
6404360.540568489
 31
0.0
100
AcDbText
 73
2
  0
TEXT
  5
37A
330
17
100
AcDbEntity
  8
HOJDKURVOR_TEXT
100
AcDbText
 10
305403.223948556
 20
6404385.605144396
 30
0.0
 40
1.5
  1
15.0
 50
270.57293869821706
 72
1
 11
305403.223948556
 21
6404385.605144396
 31
0.0
100
AcDbText
 73
2
  0
TEXT
  5
37B
330
17
100
AcDbEntity
  8
HOJDKURVOR_TEXT
100
AcDbText
 10
305340.3706786985
 20
6404375.644043382
 30
0.0
 40
1.5
  1
15.0
 50
-88.28164199841119
 72
1
 11
305340.3706786985
 21
6404375.644043382
 31
0.0
100
AcDbText
 73
2
  0
TEXT
  5
37C
330
17
100
AcDbEntity
  8
HOJDKURVOR_TEXT
100
AcDbText
 10
305257.405417077
 20
6404343.174630822
 30
0.0
 40
1.5
  1
15.0
 50
53.77722361678927
 72
1
 11
305257.405417077
 21
6404343.174630822
 31
0.0
100
AcDbText
 73
2
  0
LWPOLYLINE
  5
37D
330
17
100
AcDbEntity
  8
HOJDKURVOR_GRUND
100
AcDbPolyline
 90
212
 70
0
 10
305680.0
 20
6404394.95
 10
305678.73
 20
6404394.0
 10
305678.0
 20
6404391.78
 10
305676.0
 20
6404391.51
 10
305674.82
 20
6404392.0
 10
305672.0
 20
6404395.53
 10
305670.0
 20
6404395.66
 10
305668.0
 20
6404395.58
 10
305660.0
 20
6404393.85
 10
305658.0
 20
6404394.05
 10
305648.0
 20
6404392.95
 10
305645.86
 20
6404392.0
 10
305644.11
 20
6404388.0
 10
305639.16
 20
6404382.0
 10
305638.0
 20
6404379.76
 10
305636.0
 20
6404378.32
 10
305632.0
 20
6404377.72
 10
305629.05
 20
6404376.0
 10
305627.43
 20
6404376.0
 10
305628.0
 20
6404376.44
 10
305630.27
 20
6404380.0
 10
305632.23
 20
6404382.0
 10
305631.74
 20
6404386.0
 10
305630.0
 20
6404387.41
 10
305628.0
 20
6404388.47
 10
305620.0
 20
6404388.93
 10
305618.0
 20
6404389.51
 10
305616.0
 20
6404389.23
 10
305612.0
 20
6404388.39
 10
305611.41
 20
6404388.0
 10
305609.44
 20
6404386.0
 10
305608.0
 20
6404382.7
 10
305606.0
 20
6404381.83
 10
305604.0
 20
6404383.21
 10
305600.0
 20
6404384.69
 10
305596.0
 20
6404382.88
 10
305590.0
 20
6404382.19
 10
305584.0
 20
6404378.6
 10
305582.0
 20
6404378.45
 10
305580.0
 20
6404377.59
 10
305578.0
 20
6404377.14
 10
305576.86
 20
6404378.0
 10
305576.0
 20
6404380.0
 10
305572.0
 20
6404378.87
 10
305570.0
 20
6404378.83
 10
305565.98
 20
6404376.0
 10
305566.6
 20
6404374.0
 10
305566.11
 20
6404370.0
 10
305564.0
 20
6404370.66
 10
305562.0
 20
6404369.72
 10
305556.0
 20
6404365.73
 10
305548.0
 20
6404364.32
 10
305540.0
 20
6404360.25
 10
305534.0
 20
6404359.97
 10
305532.0
 20
6404360.45
 10
305530.0
 20
6404361.69
 10
305528.0
 20
6404361.25
 10
305524.0
 20
6404361.79
 10
305522.0
 20
6404362.46
 10
305520.0
 20
6404362.58
 10
305518.0
 20
6404362.25
 10
305516.0
 20
6404362.59
 10
305510.0
 20
6404362.2
 10
305505.82
 20
6404360.0
 10
305504.0
 20
6404358.38
 10
305502.0
 20
6404357.58
 10
305496.0
 20
6404356.92
 10
305492.0
 20
6404355.14
 10
305490.0
 20
6404354.83
 10
305488.0
 20
6404353.57
 10
305484.0
 20
6404353.74
 10
305482.0
 20
6404353.49
 10
305480.0
 20
6404354.76
 10
305477.11
 20
6404356.0
 10
305476.0
 20
6404358.0
 10
305474.0
 20
6404358.17
 10
305472.0
 20
6404358.79
 10
305470.0
 20
6404358.82
 10
305469.25
 20
6404360.0
 10
305469.58
 20
6404362.0
 10
305472.28
 20
6404364.0
 10
305471.82
 20
6404366.0
 10
305468.78
 20
6404368.0
 10
305466.0
 20
6404368.8
 10
305462.0
 20
6404368.15
 10
305460.0
 20
6404368.37
 10
305456.0
 20
6404370.58
 10
305454.99
 20
6404372.0
 10
305454.0
 20
6404372.71
 10
305452.0
 20
6404373.34
 10
305450.0
 20
6404373.35
 10
305448.0
 20
6404373.83
 10
305444.0
 20
6404376.5
 10
305442.0
 20
6404376.93
 10
305440.0
 20
6404376.36
 10
305436.0
 20
6404373.8
 10
305434.0
 20
6404373.37
 10
305430.0
 20
6404374.04
 10
305428.0
 20
6404373.83
 10
305424.0
 20
6404372.78
 10
305423.02
 20
6404372.0
 10
305422.0
 20
6404371.7
 10
305420.0
 20
6404371.87
 10
305418.0
 20
6404371.27
 10
305416.25
 20
6404370.0
 10
305415.64
 20
6404370.0
 10
305415.6
 20
6404372.0
 10
305416.0
 20
6404372.8
 10
305420.0
 20
6404372.23
 10
305422.09
 20
6404374.0
 10
305422.0
 20
6404376.04
 10
305420.0
 20
6404376.92
 10
305416.0
 20
6404377.14
 10
305415.06
 20
6404378.0
 10
305414.03
 20
6404380.0
 10
305414.76
 20
6404382.0
 10
305416.3
 20
6404384.0
 10
305416.0
 20
6404385.44
 10
305415.48
 20
6404386.0
 10
305412.0
 20
6404386.61
 10
305411.24
 20
6404386.0
 10
305410.0
 20
6404383.17
 10
305409.03
 20
6404382.0
 10
305408.09
 20
6404380.0
 10
305406.0
 20
6404378.76
 10
305402.09
 20
6404384.0
 10
305402.38
 20
6404386.0
 10
305401.51
 20
6404388.0
 10
305399.34
 20
6404390.0
 10
305398.34
 20
6404392.0
 10
305392.0
 20
6404394.9
 10
305390.0
 20
6404396.34
 10
305385.15
 20
6404402.0
 10
305384.58
 20
6404404.0
 10
305384.0
 20
6404404.84
 10
305382.0
 20
6404405.36
 10
305378.0
 20
6404405.28
 10
305374.0
 20
6404403.23
 10
305372.37
 20
6404402.0
 10
305371.05
 20
6404400.0
 10
305371.33
 20
6404396.0
 10
305372.04
 20
6404394.0
 10
305370.91
 20
6404392.0
 10
305370.0
 20
6404388.93
 10
305369.44
 20
6404388.0
 10
305367.92
 20
6404386.0
 10
305366.0
 20
6404384.4
 10
305363.79
 20
6404386.0
 10
305360.0
 20
6404390.64
 10
305358.0
 20
6404391.36
 10
305356.0
 20
6404390.47
 10
305354.0
 20
6404389.12
 10
305352.0
 20
6404387.16
 10
305343.66
 20
6404382.0
 10
305341.37
 20
6404380.0
 10
305339.99
 20
6404378.0
 10
305341.26
 20
6404376.0
 10
305342.2
 20
6404372.0
 10
305339.59
 20
6404370.0
 10
305339.12
 20
6404368.0
 10
305338.0
 20
6404367.1
 10
305336.0
 20
6404366.93
 10
305334.0
 20
6404367.41
 10
305330.0
 20
6404368.86
 10
305328.0
 20
6404370.33
 10
305326.0
 20
6404371.11
 10
305325.01
 20
6404370.0
 10
305324.79
 20
6404368.0
 10
305324.0
 20
6404366.17
 10
305323.53
 20
6404366.0
 10
305321.24
 20
6404362.0
 10
305321.33
 20
6404360.0
 10
305320.67
 20
6404358.0
 10
305320.0
 20
6404356.67
 10
305318.75
 20
6404356.0
 10
305316.0
 20
6404355.44
 10
305314.0
 20
6404356.75
 10
305312.0
 20
6404355.92
 10
305308.0
 20
6404358.18
 10
305306.0
 20
6404357.85
 10
305304.0
 20
6404358.76
 10
305302.0
 20
6404359.03
 10
305298.0
 20
6404358.23
 10
305294.0
 20
6404358.19
 10
305290.0
 20
6404356.17
 10
305286.0
 20
6404355.59
 10
305284.0
 20
6404354.79
 10
305280.0
 20
6404353.8
 10
305275.06
 20
6404352.0
 10
305274.0
 20
6404351.22
 10
305272.0
 20
6404350.9
 10
305268.0
 20
6404348.83
 10
305266.0
 20
6404348.27
 10
305264.0
 20
6404347.09
 10
305262.0
 20
6404346.5
 10
305258.45
 20
6404344.0
 10
305255.38
 20
6404340.0
 10
305254.0
 20
6404335.42
 10
305252.0
 20
6404333.61
 10
305250.89
 20
6404332.0
 10
305249.62
 20
6404328.0
 10
305249.41
 20
6404326.0
 10
305248.0
 20
6404323.0
 10
305246.0
 20
6404321.9
 10
305244.0
 20
6404322.64
 10
305243.43
 20
6404322.0
 10
305242.94
 20
6404320.0
 10
305242.62
 20
6404316.0
 10
305243.06
 20
6404314.0
 10
305243.74
 20
6404306.0
 10
305242.0
 20
6404303.24
 10
305240.76
 20
6404300.0
  0
LWPOLYLINE
  5
37E
330
17
100
AcDbEntity
  8
HOJDKURVOR_GRUND
100
AcDbPolyline
 90
210
 70
0
 10
305680.0
 20
6404394.45
 10
305679.39
 20
6404394.0
 10
305678.0
 20
6404390.52
 10
305676.0
 20
6404389.36
 10
305674.0
 20
6404390.0
 10
305672.0
 20
6404391.48
 10
305671.5
 20
6404392.0
 10
305670.92
 20
6404394.0
 10
305670.0
 20
6404394.52
 10
305666.0
 20
6404394.49
 10
305660.0
 20
6404392.94
 10
305658.0
 20
6404393.25
 10
305648.0
 20
6404392.28
 10
305647.33
 20
6404392.0
 10
305646.0
 20
6404390.13
 10
305645.26
 20
6404388.0
 10
305641.77
 20
6404384.0
 10
305639.25
 20
6404380.0
 10
305638.0
 20
6404378.73
 10
305636.0
 20
6404377.33
 10
305630.0
 20
6404375.18
 10
305628.0
 20
6404375.19
 10
305624.53
 20
6404376.0
 10
305627.0
 20
6404378.0
 10
305628.0
 20
6404378.27
 10
305630.6
 20
6404382.0
 10
305630.79
 20
6404384.0
 10
305630.0
 20
6404385.55
 10
305628.0
 20
6404386.71
 10
305624.0
 20
6404387.36
 10
305622.0
 20
6404388.14
 10
305620.0
 20
6404387.86
 10
305618.0
 20
6404388.49
 10
305616.0
 20
6404388.65
 10
305614.0
 20
6404388.37
 10
305612.0
 20
6404387.81
 10
305610.05
 20
6404386.0
 10
305609.62
 20
6404384.0
 10
305608.56
 20
6404382.0
 10
305606.0
 20
6404380.42
 10
305604.92
 20
6404382.0
 10
305604.0
 20
6404382.59
 10
305600.0
 20
6404383.89
 10
305598.0
 20
6404382.84
 10
305596.0
 20
6404382.28
 10
305590.0
 20
6404381.64
 10
305586.0
 20
6404378.69
 10
305578.0
 20
6404376.12
 10
305576.0
 20
6404377.2
 10
305570.0
 20
6404377.78
 10
305568.26
 20
6404376.0
 10
305568.69
 20
6404374.0
 10
305567.89
 20
6404370.0
 10
305566.0
 20
6404369.38
 10
305564.0
 20
6404369.58
 10
305562.0
 20
6404368.83
 10
305556.0
 20
6404364.82
 10
305549.0
 20
6404364.0
 10
305544.49
 20
6404362.0
 10
305540.0
 20
6404359.29
 10
305534.0
 20
6404358.68
 10
305524.0
 20
6404360.49
 10
305520.0
 20
6404361.62
 10
305518.0
 20
6404361.5
 10
305516.0
 20
6404362.01
 10
305510.56
 20
6404362.0
 10
305506.39
 20
6404360.0
 10
305506.0
 20
6404359.11
 10
305504.47
 20
6404358.0
 10
305502.0
 20
6404357.06
 10
305496.0
 20
6404356.41
 10
305492.0
 20
6404354.43
 10
305490.0
 20
6404354.14
 10
305488.0
 20
6404353.2
 10
305486.0
 20
6404353.03
 10
305482.0
 20
6404351.87
 10
305480.0
 20
6404352.11
 10
305478.0
 20
6404351.71
 10
305472.0
 20
6404352.76
 10
305470.0
 20
6404352.18
 10
305468.1
 20
6404354.0
 10
305467.76
 20
6404356.0
 10
305466.0
 20
6404357.24
 10
305465.63
 20
6404358.0
 10
305466.0
 20
6404358.81
 10
305467.31
 20
6404360.0
 10
305467.48
 20
6404362.0
 10
305470.0
 20
6404364.0
 10
305468.67
 20
6404366.0
 10
305466.0
 20
6404367.31
 10
305462.0
 20
6404366.98
 10
305460.0
 20
6404367.22
 10
305458.0
 20
6404368.45
 10
305456.0
 20
6404369.21
 10
305454.0
 20
6404372.18
 10
305452.0
 20
6404372.92
 10
305450.0
 20
6404372.81
 10
305448.0
 20
6404373.28
 10
305446.5
 20
6404374.0
 10
305444.0
 20
6404375.86
 10
305442.0
 20
6404376.49
 10
305440.0
 20
6404375.7
 10
305434.0
 20
6404372.05
 10
305432.0
 20
6404372.35
 10
305430.0
 20
6404372.22
 10
305428.0
 20
6404372.64
 10
305426.0
 20
6404372.42
 10
305422.0
 20
6404371.14
 10
305414.0
 20
6404367.74
 10
305412.78
 20
6404368.0
 10
305412.0
 20
6404369.12
 10
305411.79
 20
6404370.0
 10
305412.47
 20
6404372.0
 10
305414.16
 20
6404374.0
 10
305414.76
 20
6404376.0
 10
305412.15
 20
6404378.0
 10
305412.04
 20
6404380.0
 10
305412.93
 20
6404382.0
 10
305414.0
 20
6404382.54
 10
305415.15
 20
6404384.0
 10
305414.0
 20
6404385.18
 10
305412.0
 20
6404384.37
 10
305411.4
 20
6404382.0
 10
305411.75
 20
6404380.0
 10
305410.0
 20
6404379.67
 10
305406.0
 20
6404376.59
 10
305404.0
 20
6404379.38
 10
305403.06
 20
6404382.0
 10
305401.37
 20
6404384.0
 10
305401.48
 20
6404386.0
 10
305400.78
 20
6404388.0
 10
305398.67
 20
6404390.0
 10
305398.0
 20
6404391.23
 10
305396.0
 20
6404392.62
 10
305394.0
 20
6404393.16
 10
305390.0
 20
6404395.33
 10
305389.26
 20
6404396.0
 10
305388.0
 20
6404398.09
 10
305384.19
 20
6404402.0
 10
305382.95
 20
6404404.0
 10
305382.0
 20
6404404.5
 10
305378.0
 20
6404404.4
 10
305376.0
 20
6404403.07
 10
305374.0
 20
6404402.63
 10
305371.54
 20
6404400.0
 10
305371.93
 20
6404396.0
 10
305372.91
 20
6404394.0
 10
305371.51
 20
6404392.0
 10
305371.41
 20
6404388.0
 10
305370.3
 20
6404386.0
 10
305366.0
 20
6404383.49
 10
305363.16
 20
6404386.0
 10
305360.0
 20
6404389.77
 10
305358.0
 20
6404390.24
 10
305354.36
 20
6404388.0
 10
305352.0
 20
6404385.48
 10
305349.55
 20
6404384.0
 10
305348.0
 20
6404382.64
 10
305346.0
 20
6404381.72
 10
305344.47
 20
6404380.0
 10
305342.0
 20
6404378.0
 10
305342.14
 20
6404376.0
 10
305343.87
 20
6404372.0
 10
305341.95
 20
6404370.0
 10
305342.0
 20
6404365.47
 10
305340.0
 20
6404364.9
 10
305336.0
 20
6404365.82
 10
305332.0
 20
6404365.21
 10
305329.8
 20
6404364.0
 10
305326.0
 20
6404363.48
 10
305324.83
 20
6404362.0
 10
305324.27
 20
6404360.0
 10
305323.05
 20
6404358.0
 10
305322.49
 20
6404356.0
 10
305322.0
 20
6404355.35
 10
305320.0
 20
6404354.45
 10
305318.0
 20
6404354.11
 10
305316.0
 20
6404353.03
 10
305311.85
 20
6404354.0
 10
305308.0
 20
6404356.81
 10
305306.0
 20
6404356.75
 10
305302.0
 20
6404357.87
 10
305298.0
 20
6404356.42
 10
305294.0
 20
6404357.25
 10
305290.0
 20
6404355.39
 10
305286.0
 20
6404354.84
 10
305276.2
 20
6404352.0
 10
305274.0
 20
6404350.45
 10
305272.0
 20
6404350.0
 10
305264.0
 20
6404346.71
 10
305262.0
 20
6404346.17
 10
305258.89
 20
6404344.0
 10
305255.68
 20
6404340.0
 10
305255.04
 20
6404338.0
 10
305254.92
 20
6404336.0
 10
305254.0
 20
6404334.51
 10
305251.67
 20
6404332.0
 10
305251.63
 20
6404330.0
 10
305250.79
 20
6404328.0
 10
305250.57
 20
6404326.0
 10
305249.0
 20
6404322.0
 10
305248.0
 20
6404320.84
 10
305246.69
 20
6404320.0
 10
305246.0
 20
6404318.82
 10
305244.25
 20
6404318.0
 10
305245.0
 20
6404316.0
 10
305243.89
 20
6404312.0
 10
305245.07
 20
6404308.0
 10
305244.51
 20
6404304.0
 10
305241.95
 20
6404300.0
  0
LWPOLYLINE
  5
37F
330
17
100
AcDbEntity
  8
HOJDKURVOR_GRUND
100
AcDbPolyline
 90
204
 70
0
 10
305680.0
 20
6404393.86
 10
305678.54
 20
6404390.0
 10
305676.0
 20
6404387.66
 10
305672.0
 20
6404388.95
 10
305668.0
 20
6404390.89
 10
305667.47
 20
6404392.0
 10
305666.0
 20
6404393.17
 10
305662.0
 20
6404392.19
 10
305660.0
 20
6404392.02
 10
305658.0
 20
6404392.43
 10
305650.0
 20
6404391.94
 10
305648.0
 20
6404391.03
 10
305647.21
 20
6404390.0
 10
305645.77
 20
6404386.0
 10
305643.15
 20
6404384.0
 10
305640.74
 20
6404380.0
 10
305638.85
 20
6404378.0
 10
305632.0
 20
6404374.13
 10
305626.0
 20
6404374.75
 10
305624.0
 20
6404374.48
 10
305622.14
 20
6404376.0
 10
305624.94
 20
6404378.0
 10
305628.0
 20
6404379.16
 10
305628.69
 20
6404380.0
 10
305629.33
 20
6404382.0
 10
305629.16
 20
6404384.0
 10
305628.0
 20
6404384.88
 10
305624.0
 20
6404385.76
 10
305622.0
 20
6404385.89
 10
305618.0
 20
6404387.55
 10
305615.45
 20
6404388.0
 10
305612.0
 20
6404387.01
 10
305610.91
 20
6404386.0
 10
305609.63
 20
6404382.0
 10
305607.27
 20
6404380.0
 10
305606.0
 20
6404379.52
 10
305604.0
 20
6404381.95
 10
305600.0
 20
6404382.46
 10
305594.0
 20
6404381.1
 10
305590.0
 20
6404380.92
 10
305586.0
 20
6404377.77
 10
305579.73
 20
6404376.0
 10
305578.0
 20
6404374.67
 10
305576.0
 20
6404375.32
 10
305572.0
 20
6404375.54
 10
305570.8
 20
6404374.0
 10
305569.89
 20
6404372.0
 10
305569.81
 20
6404370.0
 10
305570.33
 20
6404368.0
 10
305569.66
 20
6404368.0
 10
305568.0
 20
6404368.84
 10
305564.0
 20
6404368.84
 10
305562.0
 20
6404367.95
 10
305556.18
 20
6404364.0
 10
305554.0
 20
6404363.46
 10
305552.0
 20
6404363.64
 10
305550.0
 20
6404363.39
 10
305546.0
 20
6404362.03
 10
305540.0
 20
6404358.3
 10
305534.0
 20
6404357.59
 10
305524.0
 20
6404359.27
 10
305520.0
 20
6404360.75
 10
305518.0
 20
6404360.85
 10
305516.0
 20
6404361.38
 10
305512.0
 20
6404361.65
 10
305510.0
 20
6404361.34
 10
305506.95
 20
6404360.0
 10
305506.0
 20
6404357.9
 10
305502.0
 20
6404356.53
 10
305496.0
 20
6404355.78
 10
305492.85
 20
6404354.0
 10
305486.0
 20
6404352.5
 10
305478.64
 20
6404350.0
 10
305476.0
 20
6404349.66
 10
305474.0
 20
6404349.0
 10
305472.0
 20
6404349.0
 10
305470.96
 20
6404348.0
 10
305470.0
 20
6404347.63
 10
305468.91
 20
6404348.0
 10
305468.73
 20
6404350.0
 10
305467.9
 20
6404352.0
 10
305465.5
 20
6404354.0
 10
305465.75
 20
6404356.0
 10
305464.8
 20
6404358.0
 10
305463.86
 20
6404362.0
 10
305464.33
 20
6404364.0
 10
305462.0
 20
6404365.62
 10
305459.55
 20
6404366.0
 10
305456.0
 20
6404367.59
 10
305454.78
 20
6404370.0
 10
305453.28
 20
6404372.0
 10
305452.0
 20
6404372.5
 10
305450.0
 20
6404372.28
 10
305448.0
 20
6404372.73
 10
305442.0
 20
6404376.04
 10
305434.0
 20
6404371.02
 10
305432.0
 20
6404370.81
 10
305428.0
 20
6404371.49
 10
305426.0
 20
6404371.52
 10
305422.0
 20
6404370.59
 10
305414.0
 20
6404366.81
 10
305412.37
 20
6404366.0
 10
305410.0
 20
6404363.82
 10
305408.15
 20
6404360.0
 10
305406.53
 20
6404358.0
 10
305406.0
 20
6404356.71
 10
305404.0
 20
6404357.64
 10
305403.47
 20
6404358.0
 10
305403.54
 20
6404360.0
 10
305404.64
 20
6404362.0
 10
305406.0
 20
6404367.71
 10
305408.0
 20
6404369.62
 10
305410.0
 20
6404369.67
 10
305410.3
 20
6404370.0
 10
305410.79
 20
6404372.0
 10
305412.82
 20
6404374.0
 10
305412.72
 20
6404376.0
 10
305412.0
 20
6404376.61
 10
305410.0
 20
6404377.21
 10
305408.0
 20
6404375.86
 10
305406.0
 20
6404375.01
 10
305405.09
 20
6404376.0
 10
305402.94
 20
6404380.0
 10
305402.4
 20
6404382.0
 10
305400.68
 20
6404384.0
 10
305400.06
 20
6404388.0
 10
305398.0
 20
6404390.0
 10
305396.0
 20
6404391.38
 10
305395.77
 20
6404392.0
 10
305390.0
 20
6404394.12
 10
305388.0
 20
6404394.0
 10
305387.5
 20
6404396.0
 10
305386.27
 20
6404398.0
 10
305382.0
 20
6404402.25
 10
305378.0
 20
6404402.2
 10
305376.0
 20
6404401.14
 10
305374.0
 20
6404402.02
 10
305373.14
 20
6404400.0
 10
305373.24
 20
6404396.0
 10
305373.79
 20
6404394.0
 10
305372.75
 20
6404392.0
 10
305374.37
 20
6404388.0
 10
305374.73
 20
6404386.0
 10
305374.0
 20
6404384.55
 10
305372.0
 20
6404383.6
 10
305368.0
 20
6404383.63
 10
305366.0
 20
6404382.69
 10
305360.0
 20
6404388.86
 10
305358.0
 20
6404388.9
 10
305356.0
 20
6404387.57
 10
305352.0
 20
6404383.95
 10
305342.94
 20
6404378.0
 10
305342.89
 20
6404376.0
 10
305344.08
 20
6404374.0
 10
305345.14
 20
6404370.0
 10
305344.0
 20
6404367.94
 10
305342.64
 20
6404364.0
 10
305342.0
 20
6404363.28
 10
305340.0
 20
6404362.96
 10
305338.0
 20
6404364.23
 10
305336.0
 20
6404364.52
 10
305334.92
 20
6404364.0
 10
305334.0
 20
6404362.97
 10
305332.0
 20
6404363.02
 10
305330.0
 20
6404361.35
 10
305328.0
 20
6404361.68
 10
305326.0
 20
6404360.11
 10
305322.0
 20
6404352.89
 10
305320.67
 20
6404352.0
 10
305320.0
 20
6404351.76
 10
305318.0
 20
6404352.46
 10
305316.0
 20
6404351.68
 10
305312.0
 20
6404352.54
 10
305310.0
 20
6404353.18
 10
305304.0
 20
6404356.45
 10
305302.0
 20
6404356.59
 10
305300.0
 20
6404355.67
 10
305298.0
 20
6404355.36
 10
305294.0
 20
6404356.24
 10
305290.0
 20
6404354.57
 10
305286.0
 20
6404354.09
 10
305282.0
 20
6404352.75
 10
305277.9
 20
6404352.0
 10
305274.0
 20
6404349.21
 10
305268.89
 20
6404348.0
 10
305262.74
 20
6404346.0
 10
305259.34
 20
6404344.0
 10
305255.98
 20
6404340.0
 10
305255.41
 20
6404338.0
 10
305255.48
 20
6404336.0
 10
305254.8
 20
6404334.0
 10
305252.84
 20
6404332.0
 10
305252.8
 20
6404330.0
 10
305250.0
 20
6404320.55
 10
305248.53
 20
6404318.0
 10
305248.0
 20
6404315.4
 10
305246.44
 20
6404314.0
 10
305246.0
 20
6404313.0
 10
305245.76
 20
6404312.0
 10
305246.31
 20
6404308.0
 10
305245.71
 20
6404306.0
 10
305246.53
 20
6404304.0
 10
305246.0
 20
6404302.8
 10
305243.68
 20
6404300.0
  0
LWPOLYLINE
  5
380
330
17
100
AcDbEntity
  8
HOJDKURVOR_GRUND
100
AcDbPolyline
 90
64
 70
0
 10
305680.0
 20
6404392.14
 10
305679.48
 20
6404390.0
 10
305676.0
 20
6404385.97
 10
305672.0
 20
6404387.12
 10
305670.0
 20
6404388.18
 10
305668.0
 20
6404386.61
 10
305666.0
 20
6404385.92
 10
305664.0
 20
6404385.9
 10
305662.0
 20
6404385.33
 10
305652.0
 20
6404381.0
 10
305650.89
 20
6404380.0
 10
305650.0
 20
6404379.64
 10
305648.0
 20
6404377.27
 10
305644.0
 20
6404374.93
 10
305638.0
 20
6404376.44
 10
305634.0
 20
6404373.43
 10
305632.0
 20
6404373.32
 10
305626.0
 20
6404373.89
 10
305624.0
 20
6404373.37
 10
305622.0
 20
6404373.49
 10
305620.59
 20
6404374.0
 10
305619.31
 20
6404376.0
 10
305622.0
 20
6404378.28
 10
305624.0
 20
6404378.58
 10
305627.86
 20
6404380.0
 10
305628.27
 20
6404382.0
 10
305628.0
 20
6404382.7
 10
305626.55
 20
6404384.0
 10
305624.0
 20
6404384.59
 10
305622.0
 20
6404384.58
 10
305619.81
 20
6404386.0
 10
305618.0
 20
6404386.68
 10
305616.0
 20
6404387.19
 10
305614.0
 20
6404386.88
 10
305611.78
 20
6404386.0
 10
305610.0
 20
6404381.0
 10
305608.0
 20
6404379.47
 10
305606.0
 20
6404378.83
 10
305604.0
 20
6404380.73
 10
305602.0
 20
6404381.26
 10
305598.0
 20
6404381.12
 10
305594.0
 20
6404380.3
 10
305590.0
 20
6404380.2
 10
305586.0
 20
6404377.17
 10
305584.0
 20
6404376.81
 10
305582.0
 20
6404375.59
 10
305580.0
 20
6404375.03
 10
305578.0
 20
6404373.46
 10
305574.0
 20
6404373.3
 10
305572.0
 20
6404372.23
 10
305571.88
 20
6404370.0
 10
305572.86
 20
6404368.0
 10
305570.0
 20
6404367.12
 10
305566.0
 20
6404368.2
 10
305564.0
 20
6404368.09
 10
305562.0
 20
6404367.06
 10
305560.0
 20
6404365.23
 10
305557.96
 20
6404364.0
 10
305554.0
 20
6404362.54
 10
305552.0
 20
6404362.78
 10
305546.0
 20
6404361.41
 10
305542.0
 20
6404358.4
 10
305540.0
 20
6404357.49
 10
305534.0
 20
6404356.74
  0
LWPOLYLINE
  5
381
330
17
100
AcDbEntity
  8
HOJDKURVOR_GRUND
100
AcDbPolyline
 90
142
 70
0
 10
305522.0
 20
6404358.47
 10
305520.0
 20
6404359.81
 10
305516.0
 20
6404360.75
 10
305514.0
 20
6404361.02
 10
305510.0
 20
6404360.79
 10
305507.52
 20
6404360.0
 10
305506.0
 20
6404357.29
 10
305502.0
 20
6404356.01
 10
305498.0
 20
6404355.24
 10
305494.0
 20
6404353.65
 10
305486.1
 20
6404352.0
 10
305480.0
 20
6404349.32
 10
305478.0
 20
6404349.02
 10
305476.0
 20
6404347.78
 10
305472.0
 20
6404347.38
 10
305468.0
 20
6404346.46
 10
305466.0
 20
6404345.0
 10
305464.52
 20
6404346.0
 10
305464.42
 20
6404348.0
 10
305466.46
 20
6404350.0
 10
305466.32
 20
6404352.0
 10
305466.0
 20
6404352.24
 10
305464.0
 20
6404351.62
 10
305463.73
 20
6404352.0
 10
305464.87
 20
6404356.0
 10
305464.0
 20
6404357.92
 10
305462.0
 20
6404359.06
 10
305461.12
 20
6404360.0
 10
305461.47
 20
6404362.0
 10
305461.25
 20
6404364.0
 10
305458.0
 20
6404365.15
 10
305456.0
 20
6404366.31
 10
305454.52
 20
6404368.0
 10
305453.88
 20
6404370.0
 10
305452.2
 20
6404372.0
 10
305450.0
 20
6404371.66
 10
305448.0
 20
6404372.19
 10
305442.0
 20
6404375.33
 10
305436.0
 20
6404371.63
 10
305434.0
 20
6404370.0
 10
305432.0
 20
6404369.51
 10
305428.0
 20
6404370.38
 10
305424.0
 20
6404370.36
 10
305422.0
 20
6404370.03
 10
305416.0
 20
6404366.62
 10
305414.3
 20
6404366.0
 10
305412.88
 20
6404364.0
 10
305412.0
 20
6404363.54
 10
305410.57
 20
6404362.0
 10
305407.87
 20
6404358.0
 10
305406.0
 20
6404353.13
 10
305404.0
 20
6404354.0
 10
305403.65
 20
6404356.0
 10
305401.69
 20
6404358.0
 10
305402.0
 20
6404359.44
 10
305403.53
 20
6404362.0
 10
305404.11
 20
6404366.0
 10
305403.81
 20
6404368.0
 10
305404.0
 20
6404369.1
 10
305404.78
 20
6404370.0
 10
305405.58
 20
6404372.0
 10
305405.31
 20
6404374.0
 10
305404.0
 20
6404375.59
 10
305401.46
 20
6404382.0
 10
305400.0
 20
6404384.0
 10
305398.56
 20
6404388.0
 10
305398.0
 20
6404388.53
 10
305396.0
 20
6404388.86
 10
305393.89
 20
6404390.0
 10
305392.0
 20
6404391.8
 10
305390.0
 20
6404391.02
 10
305388.0
 20
6404391.43
 10
305384.0
 20
6404391.35
 10
305382.0
 20
6404390.29
 10
305379.48
 20
6404388.0
 10
305379.92
 20
6404386.0
 10
305378.33
 20
6404384.0
 10
305374.0
 20
6404382.08
 10
305372.36
 20
6404380.0
 10
305372.0
 20
6404379.9
 10
305370.0
 20
6404381.43
 10
305368.0
 20
6404382.41
 10
305366.0
 20
6404381.66
 10
305365.07
 20
6404382.0
 10
305364.0
 20
6404382.94
 10
305362.0
 20
6404383.73
 10
305356.0
 20
6404383.64
 10
305354.15
 20
6404382.0
 10
305353.75
 20
6404380.0
 10
305352.0
 20
6404379.42
 10
305350.0
 20
6404380.43
 10
305348.0
 20
6404380.11
 10
305346.0
 20
6404378.71
 10
305344.0
 20
6404378.1
 10
305343.65
 20
6404376.0
 10
305345.47
 20
6404374.0
 10
305346.0
 20
6404371.23
 10
305350.0
 20
6404372.53
 10
305352.0
 20
6404374.09
 10
305352.86
 20
6404372.0
 10
305351.0
 20
6404370.0
 10
305350.0
 20
6404369.78
 10
305348.0
 20
6404368.0
 10
305346.0
 20
6404367.18
 10
305344.62
 20
6404366.0
 10
305343.54
 20
6404364.0
 10
305340.0
 20
6404360.48
 10
305338.0
 20
6404361.94
 10
305336.0
 20
6404360.14
 10
305333.71
 20
6404360.0
 10
305332.0
 20
6404358.0
 10
305330.0
 20
6404356.93
 10
305328.0
 20
6404356.94
 10
305326.0
 20
6404355.6
 10
305322.0
 20
6404350.71
 10
305320.5
 20
6404350.0
 10
305312.0
 20
6404350.37
 10
305306.0
 20
6404354.06
 10
305302.0
 20
6404355.24
 10
305300.0
 20
6404354.56
 10
305294.0
 20
6404354.59
 10
305290.0
 20
6404353.47
 10
305284.0
 20
6404352.65
 10
305278.0
 20
6404350.29
 10
305274.0
 20
6404347.56
 10
305270.0
 20
6404346.73
 10
305266.0
 20
6404346.5
 10
305260.0
 20
6404344.15
 10
305256.36
 20
6404340.0
 10
305255.77
 20
6404338.0
 10
305256.31
 20
6404334.0
 10
305254.28
 20
6404332.0
 10
305252.33
 20
6404324.0
 10
305250.78
 20
6404320.0
 10
305250.42
 20
6404318.0
 10
305248.88
 20
6404314.0
 10
305247.76
 20
6404312.0
 10
305247.23
 20
6404310.0
 10
305247.13
 20
6404306.0
 10
305247.63
 20
6404304.0
 10
305247.42
 20
6404302.0
 10
305245.39
 20
6404300.0
  0
LWPOLYLINE
  5
382
330
17
100
AcDbEntity
  8
HOJDKURVOR_STOD
100
AcDbPolyline
 90
215
 70
0
 10
305680.0
 20
6404388.37
 10
305676.0
 20
6404384.27
 10
305672.0
 20
6404384.09
 10
305670.0
 20
6404382.67
 10
305668.0
 20
6404382.82
 10
305666.0
 20
6404384.0
 10
305664.0
 20
6404382.38
 10
305662.5
 20
6404382.0
 10
305662.67
 20
6404380.0
 10
305662.0
 20
6404378.91
 10
305660.89
 20
6404378.0
 10
305654.0
 20
6404377.43
 10
305652.0
 20
6404375.93
 10
305650.0
 20
6404375.97
 10
305648.0
 20
6404375.16
 10
305646.0
 20
6404373.61
 10
305644.0
 20
6404373.49
 10
305640.0
 20
6404374.39
 10
305636.0
 20
6404373.94
 10
305634.0
 20
6404371.98
 10
305630.0
 20
6404372.95
 10
305624.0
 20
6404372.51
 10
305622.0
 20
6404372.67
 10
305618.0
 20
6404373.72
 10
305615.0
 20
6404374.0
 10
305616.0
 20
6404374.43
 10
305622.0
 20
6404379.54
 10
305626.0
 20
6404380.9
 10
305626.46
 20
6404382.0
 10
305626.0
 20
6404382.42
 10
305624.0
 20
6404382.84
 10
305622.0
 20
6404382.81
 10
305620.0
 20
6404383.22
 10
305618.65
 20
6404384.0
 10
305617.12
 20
6404386.0
 10
305616.0
 20
6404386.26
 10
305614.0
 20
6404386.03
 10
305612.0
 20
6404384.86
 10
305610.46
 20
6404380.0
 10
305608.0
 20
6404378.58
 10
305606.0
 20
6404378.14
 10
305604.0
 20
6404379.63
 10
305602.0
 20
6404380.29
 10
305598.0
 20
6404380.33
 10
305594.0
 20
6404379.45
 10
305590.0
 20
6404379.22
 10
305588.0
 20
6404378.15
 10
305586.0
 20
6404376.57
 10
305583.54
 20
6404376.0
 10
305582.0
 20
6404374.62
 10
305580.22
 20
6404374.0
 10
305577.18
 20
6404372.0
 10
305576.13
 20
6404370.0
 10
305576.0
 20
6404367.77
 10
305572.0
 20
6404366.6
 10
305570.0
 20
6404366.35
 10
305566.0
 20
6404367.07
 10
305564.0
 20
6404367.01
 10
305561.76
 20
6404366.0
 10
305560.0
 20
6404363.82
 10
305554.84
 20
6404362.0
 10
305554.0
 20
6404361.77
 10
305552.0
 20
6404361.95
 10
305546.0
 20
6404360.8
 10
305542.0
 20
6404357.26
 10
305540.0
 20
6404356.77
 10
305538.0
 20
6404356.7
 10
305536.0
 20
6404355.95
 10
305532.0
 20
6404355.97
 10
305528.0
 20
6404357.06
 10
305522.0
 20
6404357.54
 10
305516.42
 20
6404360.0
 10
305514.0
 20
6404360.47
 10
305508.55
 20
6404360.0
 10
305508.0
 20
6404359.82
 10
305507.16
 20
6404358.0
 10
305506.0
 20
6404356.68
 10
305498.0
 20
6404354.42
 10
305496.0
 20
6404353.38
 10
305492.0
 20
6404352.51
 10
305487.71
 20
6404352.0
 10
305482.56
 20
6404350.0
 10
305480.0
 20
6404348.22
 10
305478.0
 20
6404348.18
 10
305476.0
 20
6404347.11
 10
305472.0
 20
6404346.08
 10
305470.0
 20
6404346.11
 10
305466.0
 20
6404343.79
 10
305464.0
 20
6404343.39
 10
305463.12
 20
6404344.0
 10
305463.06
 20
6404348.0
 10
305461.56
 20
6404352.0
 10
305463.4
 20
6404354.0
 10
305463.97
 20
6404356.0
 10
305459.17
 20
6404360.0
 10
305460.36
 20
6404362.0
 10
305460.0
 20
6404362.7
 10
305456.0
 20
6404364.94
 10
305454.83
 20
6404366.0
 10
305453.02
 20
6404368.0
 10
305452.0
 20
6404370.45
 10
305448.0
 20
6404371.58
 10
305442.0
 20
6404374.58
 10
305438.0
 20
6404371.78
 10
305436.0
 20
6404370.78
 10
305434.0
 20
6404368.89
 10
305432.0
 20
6404368.53
 10
305430.0
 20
6404369.37
 10
305428.0
 20
6404369.65
 10
305424.0
 20
6404369.61
 10
305422.0
 20
6404369.25
 10
305419.62
 20
6404368.0
 10
305416.42
 20
6404366.0
 10
305415.17
 20
6404364.0
 10
305412.0
 20
6404362.0
 10
305410.45
 20
6404360.0
 10
305407.76
 20
6404354.0
 10
305408.14
 20
6404352.0
 10
305408.0
 20
6404351.14
 10
305406.0
 20
6404350.07
 10
305404.0
 20
6404351.0
 10
305402.65
 20
6404354.0
 10
305402.38
 20
6404356.0
 10
305400.19
 20
6404360.0
 10
305402.0
 20
6404360.99
 10
305402.68
 20
6404362.0
 10
305403.14
 20
6404364.0
 10
305403.19
 20
6404366.0
 10
305402.63
 20
6404370.0
 10
305404.33
 20
6404372.0
 10
305403.13
 20
6404376.0
 10
305401.21
 20
6404380.0
 10
305398.0
 20
6404385.2
 10
305396.0
 20
6404387.03
 10
305392.0
 20
6404388.77
 10
305390.0
 20
6404389.08
 10
305387.6
 20
6404390.0
 10
305384.0
 20
6404390.19
 10
305381.34
 20
6404388.0
 10
305382.0
 20
6404386.48
 10
305382.71
 20
6404386.0
 10
305383.36
 20
6404384.0
 10
305382.8
 20
6404382.0
 10
305380.0
 20
6404379.3
 10
305378.0
 20
6404380.8
 10
305376.0
 20
6404380.85
 10
305374.0
 20
6404378.26
 10
305370.09
 20
6404376.0
 10
305368.0
 20
6404373.79
 10
305366.4
 20
6404374.0
 10
305366.0
 20
6404374.5
 10
305365.83
 20
6404376.0
 10
305366.0
 20
6404376.46
 10
305368.0
 20
6404377.04
 10
305369.1
 20
6404378.0
 10
305368.4
 20
6404380.0
 10
305368.0
 20
6404380.17
 10
305366.0
 20
6404378.77
 10
305365.14
 20
6404380.0
 10
305362.0
 20
6404381.86
 10
305356.0
 20
6404381.46
 10
305354.5
 20
6404378.0
 10
305354.68
 20
6404376.0
 10
305358.0
 20
6404373.22
 10
305363.57
 20
6404372.0
 10
305362.0
 20
6404370.78
 10
305361.62
 20
6404370.0
 10
305360.0
 20
6404369.14
 10
305358.0
 20
6404369.83
 10
305352.0
 20
6404368.39
 10
305346.74
 20
6404366.0
 10
305340.87
 20
6404360.0
 10
305340.0
 20
6404358.53
 10
305338.0
 20
6404359.32
 10
305336.26
 20
6404358.0
 10
305336.0
 20
6404357.38
 10
305333.43
 20
6404356.0
 10
305331.05
 20
6404354.0
 10
305330.0
 20
6404353.53
 10
305328.39
 20
6404352.0
 10
305326.0
 20
6404352.16
 10
305324.0
 20
6404351.38
 10
305322.79
 20
6404350.0
 10
305320.0
 20
6404348.75
 10
305318.0
 20
6404348.91
 10
305316.0
 20
6404348.28
 10
305314.0
 20
6404348.33
 10
305312.0
 20
6404348.85
 10
305306.0
 20
6404352.48
 10
305304.0
 20
6404352.27
 10
305302.0
 20
6404353.73
 10
305300.0
 20
6404353.34
 10
305296.0
 20
6404353.7
 10
305292.0
 20
6404352.67
 10
305290.0
 20
6404351.8
 10
305284.0
 20
6404351.24
 10
305280.0
 20
6404349.39
 10
305276.0
 20
6404347.07
 10
305272.0
 20
6404345.96
 10
305270.0
 20
6404345.08
 10
305266.0
 20
6404345.47
 10
305260.0
 20
6404343.59
 10
305256.75
 20
6404340.0
 10
305256.24
 20
6404338.0
 10
305257.24
 20
6404334.0
 10
305255.69
 20
6404332.0
 10
305256.03
 20
6404330.0
 10
305254.0
 20
6404326.36
 10
305252.74
 20
6404322.0
 10
305251.73
 20
6404320.0
 10
305250.0
 20
6404313.32
 10
305248.41
 20
6404310.0
 10
305248.17
 20
6404308.0
 10
305248.96
 20
6404302.0
 10
305247.49
 20
6404300.0
  0
TEXT
  5
383
330
17
100
AcDbEntity
  8
HOJDKURVOR_TEXT
100
AcDbText
 10
305633.7834644944
 20
6404372.032509861
 30
0.0
 40
1.5
  1
17.5
 50
346.36890556010627
 72
1
 11
305633.7834644944
 21
6404372.032509861
 31
0.0
100
AcDbText
 73
2
  0
TEXT
  5
384
330
17
100
AcDbEntity
  8
HOJDKURVOR_TEXT
100
AcDbText
 10
305562.96153523354
 20
6404366.541763654
 30
0.0
 40
1.5
  1
17.5
 50
24.270273254647464
 72
1
 11
305562.96153523354
 21
6404366.541763654
 31
0.0
100
AcDbText
 73
2
  0
TEXT
  5
385
330
17
100
AcDbEntity
  8
HOJDKURVOR_TEXT
100
AcDbText
 10
305463.1079207701
 20
6404344.805281993
 30
0.0
 40
1.5
  1
17.5
 50
270.85937224361135
 72
1
 11
305463.1079207701
 21
6404344.805281993
 31
0.0
100
AcDbText
 73
2
  0
TEXT
  5
386
330
17
100
AcDbEntity
  8
HOJDKURVOR_TEXT
100
AcDbText
 10
305402.8785113161
 20
6404362.863092679
 30
0.0
 40
1.5
  1
17.5
 50
77.04723548605433
 72
1
 11
305402.8785113161
 21
6404362.863092679
 31
0.0
100
AcDbText
 73
2
  0
TEXT
  5
387
330
17
100
AcDbEntity
  8
HOJDKURVOR_TEXT
100
AcDbText
 10
305363.3602288114
 20
6404371.836993089
 30
0.0
 40
1.5
  1
17.5
 50
37.849709813635286
 72
1
 11
305363.3602288114
 21
6404371.836993089
 31
0.0
100
AcDbText
 73
2
  0
TEXT
  5
388
330
17
100
AcDbEntity
  8
HOJDKURVOR_TEXT
100
AcDbText
 10
305266.65387943474
 20
6404345.406246755
 30
0.0
 40
1.5
  1
17.5
 50
354.4312629267806
 72
1
 11
305266.65387943474
 21
6404345.406246755
 31
0.0
100
AcDbText
 73
2
  0
LWPOLYLINE
  5
389
330
17
100
AcDbEntity
  8
HOJDKURVOR_GRUND
100
AcDbPolyline
 90
195
 70
0
 10
305680.0
 20
6404372.64
 10
305679.55
 20
6404372.0
 10
305678.0
 20
6404371.45
 10
305676.49
 20
6404370.0
 10
305676.0
 20
6404368.76
 10
305674.89
 20
6404368.0
 10
305674.0
 20
6404367.62
 10
305670.0
 20
6404367.45
 10
305668.0
 20
6404365.51
 10
305664.0
 20
6404365.33
 10
305663.35
 20
6404366.0
 10
305662.0
 20
6404368.64
 10
305660.0
 20
6404374.8
 10
305658.0
 20
6404374.97
 10
305656.0
 20
6404376.0
 10
305648.0
 20
6404374.0
 10
305646.0
 20
6404372.88
 10
305640.0
 20
6404373.14
 10
305636.0
 20
6404372.32
 10
305634.0
 20
6404371.49
 10
305630.0
 20
6404372.38
 10
305624.0
 20
6404371.57
 10
305618.0
 20
6404372.95
 10
305616.0
 20
6404373.0
 10
305614.0
 20
6404372.99
 10
305610.0
 20
6404371.62
 10
305608.75
 20
6404372.0
 10
305610.47
 20
6404374.0
 10
305610.0
 20
6404375.5
 10
305608.0
 20
6404375.8
 10
305604.0
 20
6404378.7
 10
305602.0
 20
6404379.37
 10
305598.0
 20
6404379.55
 10
305592.0
 20
6404378.15
 10
305590.0
 20
6404378.13
 10
305588.0
 20
6404377.4
 10
305586.0
 20
6404375.96
 10
305584.0
 20
6404375.63
 10
305582.0
 20
6404373.49
 10
305580.0
 20
6404372.0
 10
305578.0
 20
6404371.17
 10
305577.23
 20
6404370.0
 10
305576.98
 20
6404368.0
 10
305576.0
 20
6404366.62
 10
305573.63
 20
6404366.0
 10
305572.0
 20
6404365.06
 10
305570.0
 20
6404364.8
 10
305568.0
 20
6404364.77
 10
305564.0
 20
6404365.62
 10
305560.0
 20
6404362.94
 10
305556.0
 20
6404361.72
 10
305554.0
 20
6404361.21
 10
305552.0
 20
6404361.4
 10
305550.0
 20
6404360.78
 10
305546.0
 20
6404360.18
 10
305542.0
 20
6404356.09
 10
305538.0
 20
6404356.03
 10
305536.0
 20
6404355.41
 10
305532.0
 20
6404355.18
 10
305530.0
 20
6404355.46
 10
305528.0
 20
6404356.41
 10
305522.0
 20
6404356.84
 10
305514.0
 20
6404359.86
 10
305510.0
 20
6404359.35
 10
305508.0
 20
6404358.67
 10
305506.0
 20
6404356.07
 10
305498.0
 20
6404353.75
 10
305496.0
 20
6404352.3
 10
305490.0
 20
6404351.72
 10
305484.0
 20
6404350.13
 10
305482.0
 20
6404348.08
 10
305480.0
 20
6404347.08
 10
305476.0
 20
6404346.43
 10
305470.0
 20
6404344.13
 10
305468.0
 20
6404344.1
 10
305467.0
 20
6404342.0
 10
305466.0
 20
6404341.53
 10
305464.0
 20
6404342.3
 10
305462.0
 20
6404342.35
 10
305461.3
 20
6404344.0
 10
305461.79
 20
6404346.0
 10
305461.85
 20
6404348.0
 10
305458.23
 20
6404350.0
 10
305460.0
 20
6404350.78
 10
305462.34
 20
6404354.0
 10
305462.64
 20
6404356.0
 10
305457.63
 20
6404360.0
 10
305458.11
 20
6404362.0
 10
305456.0
 20
6404363.46
 10
305454.0
 20
6404365.5
 10
305451.76
 20
6404366.0
 10
305450.67
 20
6404370.0
 10
305448.0
 20
6404370.94
 10
305442.0
 20
6404373.83
 10
305438.0
 20
6404370.85
 10
305436.0
 20
6404369.92
 10
305434.0
 20
6404367.78
 10
305432.0
 20
6404367.65
 10
305430.0
 20
6404368.83
 10
305426.0
 20
6404369.1
 10
305422.0
 20
6404368.46
 10
305417.74
 20
6404366.0
 10
305416.0
 20
6404363.34
 10
305413.35
 20
6404362.0
 10
305411.4
 20
6404360.0
 10
305410.75
 20
6404358.0
 10
305408.72
 20
6404354.0
 10
305409.32
 20
6404352.0
 10
305409.11
 20
6404350.0
 10
305409.88
 20
6404348.0
 10
305409.3
 20
6404346.0
 10
305408.23
 20
6404344.0
 10
305406.0
 20
6404343.45
 10
305404.0
 20
6404342.0
 10
305403.27
 20
6404344.0
 10
305403.64
 20
6404346.0
 10
305403.24
 20
6404348.0
 10
305401.42
 20
6404354.0
 10
305401.44
 20
6404356.0
 10
305399.27
 20
6404360.0
 10
305401.78
 20
6404362.0
 10
305402.4
 20
6404364.0
 10
305402.1
 20
6404368.0
 10
305401.23
 20
6404370.0
 10
305402.99
 20
6404372.0
 10
305402.36
 20
6404376.0
 10
305400.72
 20
6404378.0
 10
305400.0
 20
6404380.2
 10
305398.12
 20
6404382.0
 10
305396.95
 20
6404384.0
 10
305396.0
 20
6404384.98
 10
305394.0
 20
6404385.65
 10
305392.0
 20
6404385.25
 10
305390.71
 20
6404384.0
 10
305388.0
 20
6404383.7
 10
305386.0
 20
6404382.98
 10
305385.12
 20
6404382.0
 10
305384.0
 20
6404378.48
 10
305382.0
 20
6404377.1
 10
305380.97
 20
6404376.0
 10
305380.0
 20
6404373.72
 10
305378.0
 20
6404374.81
 10
305376.0
 20
6404375.4
 10
305374.0
 20
6404375.24
 10
305372.0
 20
6404374.63
 10
305370.0
 20
6404372.07
 10
305364.8
 20
6404368.0
 10
305364.44
 20
6404366.0
 10
305364.0
 20
6404365.64
 10
305360.0
 20
6404367.56
 10
305358.0
 20
6404368.17
 10
305350.0
 20
6404365.96
 10
305348.0
 20
6404365.12
 10
305344.0
 20
6404362.13
 10
305341.9
 20
6404360.0
 10
305340.0
 20
6404356.11
 10
305338.0
 20
6404355.12
 10
305337.47
 20
6404354.0
 10
305334.0
 20
6404351.73
 10
305330.0
 20
6404351.48
 10
305328.0
 20
6404350.94
 10
305326.0
 20
6404351.08
 10
305320.0
 20
6404347.75
 10
305318.0
 20
6404347.69
 10
305316.0
 20
6404346.91
 10
305314.0
 20
6404346.84
 10
305312.0
 20
6404347.48
 10
305308.0
 20
6404350.11
 10
305306.0
 20
6404348.87
 10
305304.0
 20
6404349.89
 10
305302.0
 20
6404351.51
 10
305300.0
 20
6404352.03
 10
305296.0
 20
6404352.33
 10
305286.0
 20
6404349.65
 10
305280.0
 20
6404347.39
 10
305277.27
 20
6404346.0
 10
305271.5
 20
6404344.0
 10
305270.0
 20
6404343.62
 10
305268.0
 20
6404343.92
 10
305266.0
 20
6404343.44
 10
305264.0
 20
6404343.89
 10
305260.0
 20
6404342.78
 10
305257.14
 20
6404340.0
 10
305256.87
 20
6404338.0
 10
305258.35
 20
6404334.0
 10
305258.07
 20
6404332.0
 10
305256.63
 20
6404328.0
 10
305255.06
 20
6404326.0
 10
305254.92
 20
6404324.0
 10
305252.0
 20
6404317.55
 10
305250.83
 20
6404314.0
 10
305249.12
 20
6404308.0
 10
305249.58
 20
6404304.0
 10
305250.13
 20
6404302.0
 10
305248.47
 20
6404300.0
  0
LWPOLYLINE
  5
38A
330
17
100
AcDbEntity
  8
HOJDKURVOR_GRUND
100
AcDbPolyline
 90
207
 70
0
 10
305680.0
 20
6404371.51
 10
305678.0
 20
6404370.87
 10
305677.09
 20
6404370.0
 10
305676.45
 20
6404368.0
 10
305676.0
 20
6404367.6
 10
305674.0
 20
6404366.65
 10
305670.0
 20
6404366.08
 10
305668.0
 20
6404364.54
 10
305666.0
 20
6404364.44
 10
305664.0
 20
6404364.46
 10
305662.5
 20
6404366.0
 10
305660.97
 20
6404368.0
 10
305660.0
 20
6404370.72
 10
305658.0
 20
6404371.46
 10
305656.0
 20
6404372.91
 10
305654.0
 20
6404373.26
 10
305652.0
 20
6404373.41
 10
305646.0
 20
6404372.16
 10
305642.0
 20
6404372.33
 10
305634.0
 20
6404371.0
 10
305630.0
 20
6404371.68
 10
305628.0
 20
6404371.02
 10
305624.0
 20
6404370.48
 10
305618.0
 20
6404372.17
 10
305616.0
 20
6404372.18
 10
305608.0
 20
6404371.14
 10
305607.18
 20
6404370.0
 10
305606.0
 20
6404369.34
 10
305605.33
 20
6404370.0
 10
305606.0
 20
6404371.54
 10
305606.73
 20
6404372.0
 10
305606.65
 20
6404374.0
 10
305605.57
 20
6404376.0
 10
305603.37
 20
6404378.0
 10
305602.0
 20
6404378.47
 10
305598.0
 20
6404378.77
 10
305592.0
 20
6404377.2
 10
305588.0
 20
6404376.62
 10
305586.0
 20
6404375.24
 10
305584.0
 20
6404375.0
 10
305582.93
 20
6404374.0
 10
305581.26
 20
6404370.0
 10
305578.0
 20
6404368.89
 10
305576.88
 20
6404366.0
 10
305574.0
 20
6404362.91
 10
305572.0
 20
6404361.85
 10
305570.0
 20
6404361.79
 10
305566.0
 20
6404363.22
 10
305564.0
 20
6404363.35
 10
305562.0
 20
6404362.39
 10
305558.0
 20
6404361.82
 10
305554.0
 20
6404360.66
 10
305552.0
 20
6404360.85
 10
305550.0
 20
6404360.1
 10
305546.0
 20
6404359.31
 10
305544.0
 20
6404356.47
 10
305542.0
 20
6404355.19
 10
305540.0
 20
6404355.29
 10
305532.0
 20
6404354.39
 10
305530.0
 20
6404354.42
 10
305528.0
 20
6404355.34
 10
305525.5
 20
6404356.0
 10
305522.0
 20
6404356.14
 10
305514.0
 20
6404358.87
 10
305512.0
 20
6404358.69
 10
305510.0
 20
6404358.22
 10
305508.0
 20
6404357.3
 10
305507.06
 20
6404356.0
 10
305506.0
 20
6404355.2
 10
305502.0
 20
6404354.52
 10
305500.0
 20
6404353.63
 10
305498.0
 20
6404353.23
 10
305496.0
 20
6404351.61
 10
305494.0
 20
6404351.59
 10
305490.0
 20
6404350.54
 10
305486.32
 20
6404350.0
 10
305484.0
 20
6404348.87
 10
305482.0
 20
6404346.91
 10
305480.0
 20
6404345.89
 10
305478.0
 20
6404345.1
 10
305476.0
 20
6404345.16
 10
305474.0
 20
6404344.62
 10
305472.84
 20
6404344.0
 10
305472.0
 20
6404342.95
 10
305470.09
 20
6404342.0
 10
305471.78
 20
6404340.0
 10
305470.33
 20
6404338.0
 10
305466.0
 20
6404337.62
 10
305464.72
 20
6404338.0
 10
305465.02
 20
6404340.0
 10
305464.0
 20
6404340.82
 10
305462.86
 20
6404340.0
 10
305463.0
 20
6404338.0
 10
305462.0
 20
6404337.28
 10
305460.0
 20
6404337.22
 10
305458.0
 20
6404338.67
 10
305456.0
 20
6404339.0
 10
305454.83
 20
6404340.0
 10
305454.69
 20
6404342.0
 10
305453.14
 20
6404344.0
 10
305453.79
 20
6404346.0
 10
305457.32
 20
6404350.0
 10
305459.77
 20
6404352.0
 10
305460.9
 20
6404354.0
 10
305461.02
 20
6404356.0
 10
305458.0
 20
6404358.23
 10
305454.0
 20
6404364.41
 10
305452.0
 20
6404364.96
 10
305450.0
 20
6404365.09
 10
305449.42
 20
6404366.0
 10
305450.03
 20
6404368.0
 10
305448.87
 20
6404370.0
 10
305442.0
 20
6404373.06
 10
305438.0
 20
6404369.9
 10
305436.0
 20
6404368.89
 10
305434.0
 20
6404366.71
 10
305432.0
 20
6404366.89
 10
305430.0
 20
6404368.28
 10
305426.0
 20
6404368.52
 10
305422.0
 20
6404367.66
 10
305418.95
 20
6404366.0
 10
305417.71
 20
6404364.0
 10
305416.0
 20
6404362.16
 10
305414.0
 20
6404361.4
 10
305412.46
 20
6404360.0
 10
305412.05
 20
6404358.0
 10
305409.6
 20
6404354.0
 10
305410.28
 20
6404352.0
 10
305410.32
 20
6404350.0
 10
305411.81
 20
6404348.0
 10
305411.51
 20
6404346.0
 10
305410.0
 20
6404343.94
 10
305407.38
 20
6404342.0
 10
305406.53
 20
6404340.0
 10
305404.0
 20
6404338.81
 10
305402.0
 20
6404339.14
 10
305400.44
 20
6404342.0
 10
305400.08
 20
6404344.0
 10
305401.04
 20
6404346.0
 10
305401.08
 20
6404348.0
 10
305400.0
 20
6404349.0
 10
305399.59
 20
6404352.0
 10
305400.63
 20
6404356.0
 10
305400.02
 20
6404358.0
 10
305398.48
 20
6404360.0
 10
305400.68
 20
6404362.0
 10
305401.63
 20
6404364.0
 10
305401.1
 20
6404368.0
 10
305400.0
 20
6404370.0
 10
305401.64
 20
6404374.0
 10
305400.92
 20
6404376.0
 10
305400.0
 20
6404376.92
 10
305398.0
 20
6404377.48
 10
305397.45
 20
6404378.0
 10
305397.24
 20
6404380.0
 10
305396.0
 20
6404382.69
 10
305394.0
 20
6404383.8
 10
305392.0
 20
6404383.02
 10
305388.0
 20
6404382.64
 10
305386.75
 20
6404382.0
 10
305385.45
 20
6404380.0
 10
305386.5
 20
6404378.0
 10
305385.41
 20
6404376.0
 10
305382.76
 20
6404374.0
 10
305382.94
 20
6404372.0
 10
305382.0
 20
6404371.13
 10
305380.0
 20
6404371.62
 10
305378.0
 20
6404372.75
 10
305376.0
 20
6404373.25
 10
305374.0
 20
6404373.49
 10
305372.0
 20
6404372.46
 10
305371.63
 20
6404372.0
 10
305371.22
 20
6404370.0
 10
305372.0
 20
6404368.0
 10
305372.28
 20
6404366.0
 10
305372.0
 20
6404365.84
 10
305370.0
 20
6404365.56
 10
305368.0
 20
6404366.55
 10
305364.0
 20
6404363.86
 10
305358.0
 20
6404366.47
 10
305356.0
 20
6404366.44
 10
305354.0
 20
6404365.63
 10
305350.0
 20
6404364.86
 10
305348.0
 20
6404363.86
 10
305345.1
 20
6404362.0
 10
305343.07
 20
6404360.0
 10
305341.32
 20
6404354.0
 10
305338.0
 20
6404350.8
 10
305336.0
 20
6404350.61
 10
305334.0
 20
6404349.35
 10
305332.0
 20
6404349.16
 10
305330.0
 20
6404349.88
 10
305326.0
 20
6404350.1
 10
305322.0
 20
6404348.34
 10
305320.0
 20
6404346.95
 10
305317.12
 20
6404346.0
 10
305314.0
 20
6404345.8
 10
305312.0
 20
6404346.03
 10
305310.0
 20
6404347.77
 10
305308.0
 20
6404348.04
 10
305306.0
 20
6404347.39
 10
305304.18
 20
6404348.0
 10
305302.0
 20
6404349.73
 10
305300.0
 20
6404350.69
 10
305296.0
 20
6404350.81
 10
305286.0
 20
6404348.2
 10
305284.0
 20
6404346.78
  0
LWPOLYLINE
  5
38B
330
17
100
AcDbEntity
  8
HOJDKURVOR_GRUND
100
AcDbPolyline
 90
23
 70
0
 10
305272.0
 20
6404342.71
 10
305270.0
 20
6404342.33
 10
305268.0
 20
6404342.59
 10
305266.0
 20
6404342.15
 10
305264.0
 20
6404342.48
 10
305260.0
 20
6404341.96
 10
305257.52
 20
6404340.0
 10
305257.5
 20
6404338.0
 10
305260.13
 20
6404334.0
 10
305259.59
 20
6404330.0
 10
305258.37
 20
6404328.0
 10
305256.23
 20
6404326.0
 10
305256.62
 20
6404324.0
 10
305256.0
 20
6404322.16
 10
305254.6
 20
6404320.0
 10
305254.07
 20
6404318.0
 10
305252.35
 20
6404316.0
 10
305251.49
 20
6404314.0
 10
305250.79
 20
6404310.0
 10
305250.11
 20
6404308.0
 10
305250.59
 20
6404306.0
 10
305250.74
 20
6404302.0
 10
305249.07
 20
6404300.0
  0
LWPOLYLINE
  5
38C
330
17
100
AcDbEntity
  8
HOJDKURVOR_GRUND
100
AcDbPolyline
 90
242
 70
0
 10
305680.0
 20
6404370.84
 10
305678.0
 20
6404370.3
 10
305677.69
 20
6404370.0
 10
305677.35
 20
6404368.0
 10
305676.0
 20
6404366.81
 10
305674.0
 20
6404365.67
 10
305670.0
 20
6404364.75
 10
305668.0
 20
6404363.67
 10
305662.0
 20
6404363.45
 10
305660.0
 20
6404361.91
 10
305658.0
 20
6404361.33
 10
305656.83
 20
6404362.0
 10
305656.0
 20
6404363.26
 10
305655.12
 20
6404366.0
 10
305656.0
 20
6404367.47
 10
305658.0
 20
6404367.67
 10
305658.17
 20
6404368.0
 10
305656.0
 20
6404370.43
 10
305654.0
 20
6404371.46
 10
305652.0
 20
6404370.7
 10
305650.0
 20
6404371.39
 10
305648.0
 20
6404370.33
 10
305642.0
 20
6404371.34
 10
305636.0
 20
6404370.47
 10
305632.0
 20
6404370.88
 10
305630.0
 20
6404370.72
 10
305628.0
 20
6404369.98
 10
305624.0
 20
6404369.69
 10
305618.0
 20
6404371.26
 10
305616.0
 20
6404371.34
 10
305610.0
 20
6404370.84
 10
305604.0
 20
6404367.39
 10
305603.39
 20
6404368.0
 10
305604.5
 20
6404370.0
 10
305604.94
 20
6404372.0
 10
305604.76
 20
6404374.0
 10
305603.41
 20
6404376.0
 10
305602.0
 20
6404377.26
 10
305600.0
 20
6404377.91
 10
305598.0
 20
6404377.98
 10
305592.0
 20
6404376.26
 10
305588.0
 20
6404375.57
 10
305586.0
 20
6404374.52
 10
305584.0
 20
6404374.37
 10
305583.61
 20
6404374.0
 10
305582.95
 20
6404372.0
 10
305582.71
 20
6404370.0
 10
305582.0
 20
6404368.72
 10
305580.96
 20
6404368.0
 10
305582.69
 20
6404366.0
 10
305582.0
 20
6404365.46
 10
305580.0
 20
6404365.51
 10
305578.0
 20
6404364.44
 10
305576.0
 20
6404362.88
 10
305574.0
 20
6404360.68
 10
305570.0
 20
6404357.84
 10
305568.64
 20
6404360.0
 10
305566.0
 20
6404361.95
 10
305564.0
 20
6404362.22
 10
305562.0
 20
6404361.35
 10
305558.0
 20
6404361.22
 10
305556.0
 20
6404360.4
 10
305554.0
 20
6404360.1
 10
305552.0
 20
6404360.31
 10
305548.0
 20
6404359.25
 10
305546.0
 20
6404358.33
 10
305544.0
 20
6404355.45
 10
305542.0
 20
6404354.3
 10
305540.0
 20
6404354.54
 10
305538.0
 20
6404354.19
 10
305534.0
 20
6404354.25
 10
305532.0
 20
6404353.35
 10
305530.0
 20
6404353.26
 10
305524.0
 20
6404354.94
 10
305522.0
 20
6404355.08
 10
305519.67
 20
6404356.0
 10
305516.0
 20
6404356.87
 10
305514.0
 20
6404357.79
 10
305512.0
 20
6404357.67
 10
305510.0
 20
6404356.82
 10
305506.0
 20
6404354.29
 10
305502.0
 20
6404354.02
 10
305500.0
 20
6404352.9
 10
305498.0
 20
6404352.72
 10
305496.0
 20
6404351.07
 10
305494.0
 20
6404351.09
 10
305492.0
 20
6404350.54
 10
305488.0
 20
6404348.55
 10
305485.45
 20
6404348.0
 10
305479.87
 20
6404344.0
 10
305478.91
 20
6404342.0
 10
305477.27
 20
6404340.0
 10
305476.26
 20
6404338.0
 10
305480.0
 20
6404334.0
 10
305478.0
 20
6404333.45
 10
305475.62
 20
6404334.0
 10
305470.0
 20
6404336.81
 10
305466.0
 20
6404336.43
 10
305462.0
 20
6404334.89
 10
305460.0
 20
6404335.2
 10
305456.0
 20
6404337.03
 10
305454.0
 20
6404337.6
 10
305450.0
 20
6404337.37
 10
305447.95
 20
6404338.0
 10
305446.0
 20
6404341.05
 10
305444.0
 20
6404343.13
 10
305443.62
 20
6404344.0
 10
305444.0
 20
6404344.29
 10
305446.0
 20
6404344.42
 10
305450.0
 20
6404342.97
 10
305452.0
 20
6404344.6
 10
305456.6
 20
6404350.0
 10
305458.94
 20
6404352.0
 10
305459.46
 20
6404354.0
 10
305459.34
 20
6404356.0
 10
305456.59
 20
6404358.0
 10
305454.0
 20
6404362.52
 10
305452.0
 20
6404364.0
 10
305448.0
 20
6404363.38
 10
305447.01
 20
6404364.0
 10
305448.05
 20
6404366.0
 10
305448.0
 20
6404368.27
 10
305446.59
 20
6404370.0
 10
305442.0
 20
6404372.29
 10
305440.0
 20
6404370.14
 10
305438.0
 20
6404368.6
 10
305436.0
 20
6404367.74
 10
305434.0
 20
6404365.74
 10
305432.0
 20
6404366.14
 10
305430.0
 20
6404367.61
 10
305428.0
 20
6404368.04
 10
305426.0
 20
6404367.9
 10
305422.0
 20
6404366.85
 10
305420.0
 20
6404365.85
 10
305417.0
 20
6404362.0
 10
305413.74
 20
6404360.0
 10
305413.21
 20
6404358.0
 10
305410.54
 20
6404354.0
 10
305411.31
 20
6404350.0
 10
305412.0
 20
6404349.13
 10
305414.1
 20
6404348.0
 10
305413.36
 20
6404346.0
 10
305412.0
 20
6404345.27
 10
305408.93
 20
6404342.0
 10
305407.8
 20
6404340.0
 10
305400.0
 20
6404335.25
 10
305398.9
 20
6404336.0
 10
305399.7
 20
6404338.0
 10
305398.24
 20
6404342.0
 10
305398.96
 20
6404344.0
 10
305399.21
 20
6404346.0
 10
305397.78
 20
6404352.0
 10
305399.13
 20
6404354.0
 10
305399.61
 20
6404356.0
 10
305398.95
 20
6404358.0
 10
305395.89
 20
6404362.0
 10
305400.0
 20
6404362.55
 10
305400.81
 20
6404364.0
 10
305400.66
 20
6404366.0
 10
305400.08
 20
6404368.0
 10
305398.89
 20
6404370.0
 10
305398.0
 20
6404371.01
 10
305395.47
 20
6404372.0
 10
305399.67
 20
6404374.0
 10
305398.0
 20
6404375.22
 10
305395.75
 20
6404376.0
 10
305393.33
 20
6404380.0
 10
305392.0
 20
6404380.59
 10
305388.0
 20
6404381.02
 10
305387.09
 20
6404380.0
 10
305388.0
 20
6404378.98
 10
305390.0
 20
6404378.0
 10
305388.55
 20
6404376.0
 10
305385.73
 20
6404374.0
 10
305385.5
 20
6404372.0
 10
305386.78
 20
6404370.0
 10
305386.0
 20
6404369.28
 10
305382.0
 20
6404369.62
 10
305376.0
 20
6404371.47
 10
305374.0
 20
6404370.94
 10
305373.6
 20
6404370.0
 10
305373.41
 20
6404368.0
 10
305373.84
 20
6404366.0
 10
305372.0
 20
6404364.94
 10
305368.0
 20
6404364.64
 10
305366.0
 20
6404363.0
 10
305364.0
 20
6404362.47
 10
305362.0
 20
6404363.03
 10
305360.0
 20
6404364.43
 10
305356.0
 20
6404365.1
 10
305354.0
 20
6404364.41
 10
305352.0
 20
6404364.37
 10
305348.0
 20
6404363.01
 10
305346.36
 20
6404362.0
 10
305346.0
 20
6404361.07
 10
305344.0
 20
6404358.78
 10
305343.81
 20
6404358.0
 10
305344.41
 20
6404354.0
 10
305345.71
 20
6404352.0
 10
305344.0
 20
6404351.88
 10
305342.0
 20
6404352.29
 10
305338.07
 20
6404348.0
 10
305336.0
 20
6404346.86
 10
305334.0
 20
6404346.77
 10
305330.0
 20
6404347.23
 10
305328.0
 20
6404347.04
 10
305326.0
 20
6404347.91
 10
305324.0
 20
6404348.3
 10
305320.0
 20
6404346.16
 10
305318.0
 20
6404345.46
 10
305314.0
 20
6404345.26
 10
305312.0
 20
6404345.48
 10
305310.0
 20
6404346.73
 10
305306.0
 20
6404346.37
 10
305304.0
 20
6404347.33
 10
305302.0
 20
6404348.89
 10
305296.0
 20
6404349.3
 10
305288.0
 20
6404346.61
 10
305286.0
 20
6404346.21
 10
305282.0
 20
6404344.0
 10
305274.67
 20
6404342.0
 10
305270.0
 20
6404340.94
 10
305268.0
 20
6404341.07
 10
305266.0
 20
6404340.62
 10
305260.0
 20
6404341.05
 10
305258.0
 20
6404340.11
 10
305258.19
 20
6404338.0
 10
305262.0
 20
6404332.16
 10
305262.46
 20
6404330.0
 10
305262.0
 20
6404328.63
 10
305260.0
 20
6404327.84
 10
305257.51
 20
6404326.0
 10
305258.19
 20
6404322.0
 10
305256.0
 20
6404320.52
 10
305254.8
 20
6404318.0
 10
305253.01
 20
6404316.0
 10
305252.19
 20
6404314.0
 10
305251.48
 20
6404308.0
 10
305252.14
 20
6404306.0
 10
305251.47
 20
6404304.0
 10
305251.35
 20
6404302.0
 10
305249.67
 20
6404300.0
  0
LWPOLYLINE
  5
38D
330
17
100
AcDbEntity
  8
HOJDKURVOR_GRUND
100
AcDbPolyline
 90
237
 70
0
 10
305680.0
 20
6404370.16
 10
305679.33
 20
6404370.0
 10
305678.97
 20
6404368.0
 10
305674.0
 20
6404364.64
 10
305668.0
 20
6404362.91
 10
305662.0
 20
6404362.13
 10
305658.57
 20
6404360.0
 10
305658.0
 20
6404359.3
 10
305656.0
 20
6404359.57
 10
305653.85
 20
6404362.0
 10
305653.0
 20
6404364.0
 10
305653.19
 20
6404366.0
 10
305650.55
 20
6404370.0
 10
305650.0
 20
6404370.3
 10
305648.0
 20
6404369.23
 10
305646.0
 20
6404368.68
 10
305644.0
 20
6404368.75
 10
305643.05
 20
6404370.0
 10
305642.0
 20
6404370.24
 10
305636.0
 20
6404369.7
 10
305632.0
 20
6404370.37
 10
305628.0
 20
6404369.18
 10
305624.0
 20
6404369.15
 10
305618.0
 20
6404370.32
 10
305610.0
 20
6404370.45
 10
305604.0
 20
6404366.52
 10
305602.52
 20
6404368.0
 10
305603.54
 20
6404370.0
 10
305603.24
 20
6404374.0
 10
305601.58
 20
6404376.0
 10
305600.0
 20
6404376.77
 10
305598.0
 20
6404376.9
 10
305593.95
 20
6404376.0
 10
305592.0
 20
6404374.93
 10
305588.0
 20
6404373.45
 10
305586.0
 20
6404373.56
 10
305584.0
 20
6404372.17
 10
305583.0
 20
6404368.0
 10
305584.8
 20
6404366.0
 10
305582.0
 20
6404363.95
 10
305578.0
 20
6404362.48
 10
305576.0
 20
6404361.04
 10
305572.47
 20
6404358.0
 10
305570.0
 20
6404354.8
 10
305568.0
 20
6404353.36
 10
305565.95
 20
6404354.0
 10
305566.75
 20
6404356.0
 10
305568.07
 20
6404358.0
 10
305566.0
 20
6404360.7
 10
305564.0
 20
6404361.11
 10
305562.0
 20
6404360.55
 10
305558.0
 20
6404360.61
 10
305556.0
 20
6404359.65
 10
305552.0
 20
6404359.72
 10
305548.0
 20
6404358.63
 10
305546.79
 20
6404358.0
 10
305544.0
 20
6404354.65
 10
305542.0
 20
6404353.39
 10
305540.0
 20
6404353.67
 10
305538.0
 20
6404353.18
 10
305536.0
 20
6404353.34
 10
305534.0
 20
6404352.92
 10
305532.0
 20
6404352.05
 10
305530.0
 20
6404352.02
 10
305526.0
 20
6404352.75
 10
305518.0
 20
6404355.13
 10
305514.0
 20
6404356.04
 10
305512.0
 20
6404356.18
 10
305506.0
 20
6404353.33
 10
305500.0
 20
6404352.16
 10
305498.0
 20
6404352.2
 10
305496.0
 20
6404350.52
 10
305494.0
 20
6404350.58
 10
305492.3
 20
6404350.0
 10
305488.0
 20
6404347.5
 10
305486.0
 20
6404347.03
 10
305482.19
 20
6404344.0
 10
305480.74
 20
6404340.0
 10
305479.28
 20
6404338.0
 10
305480.46
 20
6404336.0
 10
305482.61
 20
6404334.0
 10
305480.0
 20
6404333.43
 10
305478.0
 20
6404332.6
 10
305474.0
 20
6404333.77
 10
305470.0
 20
6404335.67
 10
305466.0
 20
6404335.27
 10
305464.0
 20
6404334.04
 10
305462.0
 20
6404333.35
 10
305460.0
 20
6404333.53
 10
305456.0
 20
6404335.56
 10
305450.0
 20
6404336.35
 10
305448.0
 20
6404337.13
 10
305443.9
 20
6404340.0
 10
305442.6
 20
6404342.0
 10
305441.75
 20
6404344.0
 10
305442.0
 20
6404344.25
 10
305444.0
 20
6404345.76
 10
305446.0
 20
6404345.81
 10
305450.0
 20
6404344.71
 10
305452.0
 20
6404345.75
 10
305456.0
 20
6404350.2
 10
305458.12
 20
6404352.0
 10
305458.24
 20
6404354.0
 10
305457.86
 20
6404356.0
 10
305455.0
 20
6404358.0
 10
305454.0
 20
6404360.5
 10
305452.0
 20
6404362.51
 10
305450.0
 20
6404362.7
 10
305448.0
 20
6404362.45
 10
305446.0
 20
6404361.67
 10
305445.37
 20
6404362.0
 10
305445.56
 20
6404364.0
 10
305446.32
 20
6404366.0
 10
305445.57
 20
6404368.0
 10
305444.0
 20
6404369.71
 10
305442.0
 20
6404369.07
 10
305441.11
 20
6404368.0
 10
305438.0
 20
6404367.02
 10
305434.0
 20
6404364.99
 10
305432.0
 20
6404365.2
 10
305430.0
 20
6404366.79
 10
305428.0
 20
6404367.16
 10
305422.0
 20
6404366.03
 10
305420.0
 20
6404364.6
 10
305418.0
 20
6404361.86
 10
305414.98
 20
6404360.0
 10
305414.41
 20
6404358.0
 10
305413.34
 20
6404356.0
 10
305411.54
 20
6404354.0
 10
305411.61
 20
6404352.0
 10
305412.0
 20
6404350.68
 10
305414.0
 20
6404349.54
 10
305415.83
 20
6404348.0
 10
305414.92
 20
6404346.0
 10
305412.0
 20
6404344.26
 10
305408.0
 20
6404339.51
 10
305406.0
 20
6404338.45
 10
305400.08
 20
6404334.0
 10
305400.0
 20
6404331.42
 10
305398.0
 20
6404330.67
 10
305396.34
 20
6404332.0
 10
305396.12
 20
6404334.0
 10
305397.4
 20
6404336.0
 10
305397.85
 20
6404338.0
 10
305397.01
 20
6404342.0
 10
305397.86
 20
6404344.0
 10
305397.67
 20
6404346.0
 10
305396.92
 20
6404350.0
 10
305396.19
 20
6404352.0
 10
305397.85
 20
6404354.0
 10
305397.7
 20
6404356.0
 10
305397.48
 20
6404358.0
 10
305394.97
 20
6404362.0
 10
305396.0
 20
6404362.65
 10
305398.0
 20
6404363.08
 10
305400.0
 20
6404364.0
 10
305399.79
 20
6404366.0
 10
305399.19
 20
6404368.0
 10
305397.67
 20
6404370.0
 10
305396.0
 20
6404370.93
 10
305392.0
 20
6404371.71
 10
305390.0
 20
6404372.75
 10
305388.0
 20
6404372.32
 10
305387.79
 20
6404372.0
 10
305388.42
 20
6404368.0
 10
305388.0
 20
6404366.9
 10
305386.32
 20
6404368.0
 10
305384.0
 20
6404368.13
 10
305382.0
 20
6404368.67
 10
305380.0
 20
6404368.09
 10
305378.0
 20
6404368.06
 10
305376.0
 20
6404364.57
 10
305370.0
 20
6404363.7
 10
305366.0
 20
6404360.89
 10
305362.0
 20
6404361.65
 10
305358.0
 20
6404361.79
 10
305356.0
 20
6404363.43
 10
305352.0
 20
6404363.39
 10
305350.0
 20
6404363.01
 10
305348.0
 20
6404362.15
 10
305347.75
 20
6404362.0
 10
305347.67
 20
6404360.0
 10
305346.98
 20
6404358.0
 10
305345.37
 20
6404356.0
 10
305346.0
 20
6404354.21
 10
305346.46
 20
6404354.0
 10
305348.0
 20
6404351.63
 10
305350.0
 20
6404352.91
 10
305352.04
 20
6404352.0
 10
305350.0
 20
6404349.53
 10
305348.0
 20
6404347.78
 10
305345.79
 20
6404350.0
 10
305344.0
 20
6404350.87
 10
305342.0
 20
6404350.56
 10
305341.48
 20
6404350.0
 10
305340.87
 20
6404348.0
 10
305340.0
 20
6404346.88
 10
305338.84
 20
6404346.0
 10
305338.0
 20
6404345.77
 10
305332.0
 20
6404345.24
 10
305328.0
 20
6404345.69
 10
305326.0
 20
6404346.79
 10
305324.0
 20
6404347.0
 10
305320.0
 20
6404345.16
 10
305316.0
 20
6404344.7
 10
305312.0
 20
6404344.94
 10
305310.0
 20
6404345.74
 10
305308.0
 20
6404345.31
 10
305306.0
 20
6404345.5
 10
305302.0
 20
6404348.05
 10
305300.0
 20
6404347.56
 10
305296.0
 20
6404347.8
 10
305294.0
 20
6404346.31
 10
305284.0
 20
6404343.2
 10
305282.0
 20
6404341.9
 10
305280.0
 20
6404341.79
 10
305278.0
 20
6404341.09
 10
305272.0
 20
6404340.17
 10
305270.0
 20
6404339.43
 10
305266.0
 20
6404339.09
 10
305262.0
 20
6404340.02
 10
305259.69
 20
6404340.0
 10
305259.12
 20
6404338.0
 10
305262.7
 20
6404332.0
 10
305263.13
 20
6404330.0
 10
305263.01
 20
6404328.0
 10
305260.0
 20
6404327.06
 10
305258.63
 20
6404326.0
 10
305258.98
 20
6404322.0
 10
305258.0
 20
6404320.45
 10
305256.0
 20
6404318.98
 10
305255.53
 20
6404318.0
 10
305253.68
 20
6404316.0
 10
305253.07
 20
6404314.0
 10
305252.92
 20
6404306.0
 10
305251.95
 20
6404302.0
 10
305250.72
 20
6404300.0
  0
LWPOLYLINE
  5
38E
330
17
100
AcDbEntity
  8
HOJDKURVOR_STOD
100
AcDbPolyline
 90
243
 70
0
 10
305680.0
 20
6404366.91
 10
305679.03
 20
6404366.0
 10
305676.0
 20
6404364.87
 10
305674.67
 20
6404364.0
 10
305674.0
 20
6404363.0
 10
305672.0
 20
6404362.08
 10
305670.0
 20
6404362.64
 10
305667.33
 20
6404362.0
 10
305666.0
 20
6404361.3
 10
305661.43
 20
6404360.0
 10
305660.78
 20
6404358.0
 10
305658.0
 20
6404357.05
 10
305656.0
 20
6404356.76
 10
305652.0
 20
6404360.67
 10
305651.35
 20
6404362.0
 10
305651.05
 20
6404364.0
 10
305652.07
 20
6404366.0
 10
305650.0
 20
6404368.86
 10
305647.22
 20
6404368.0
 10
305646.0
 20
6404365.65
 10
305644.0
 20
6404365.44
 10
305642.48
 20
6404366.0
 10
305640.0
 20
6404368.07
 10
305638.0
 20
6404368.74
 10
305632.0
 20
6404369.63
 10
305630.0
 20
6404368.45
 10
305628.0
 20
6404368.37
 10
305624.0
 20
6404368.6
 10
305620.0
 20
6404369.24
 10
305614.0
 20
6404369.47
 10
305610.0
 20
6404370.06
 10
305606.88
 20
6404368.0
 10
305604.0
 20
6404365.61
 10
305602.0
 20
6404365.19
 10
305600.0
 20
6404363.01
 10
305598.0
 20
6404363.11
 10
305595.9
 20
6404362.0
 10
305594.0
 20
6404361.41
 10
305590.0
 20
6404361.22
 10
305589.38
 20
6404362.0
 10
305588.0
 20
6404362.89
 10
305584.0
 20
6404363.39
 10
305582.0
 20
6404361.56
 10
305580.0
 20
6404361.29
 10
305574.33
 20
6404358.0
 10
305573.22
 20
6404356.0
 10
305568.0
 20
6404351.31
 10
305566.0
 20
6404350.92
 10
305564.13
 20
6404352.0
 10
305565.25
 20
6404356.0
 10
305565.29
 20
6404358.0
 10
305564.0
 20
6404360.0
 10
305560.0
 20
6404359.64
 10
305558.0
 20
6404360.01
 10
305556.0
 20
6404358.77
 10
305552.0
 20
6404359.08
 10
305548.0
 20
6404358.01
 10
305544.0
 20
6404353.68
 10
305542.0
 20
6404352.46
 10
305537.06
 20
6404352.0
 10
305536.54
 20
6404350.0
 10
305536.0
 20
6404349.74
 10
305532.0
 20
6404349.74
 10
305530.0
 20
6404350.49
 10
305526.0
 20
6404350.81
 10
305524.0
 20
6404351.49
 10
305522.0
 20
6404351.71
 10
305518.0
 20
6404353.46
 10
305512.0
 20
6404354.24
 10
305510.0
 20
6404353.18
 10
305500.0
 20
6404351.13
 10
305496.33
 20
6404350.0
 10
305493.79
 20
6404350.0
 10
305484.0
 20
6404344.6
 10
305483.27
 20
6404344.0
 10
305482.77
 20
6404342.0
 10
305482.16
 20
6404338.0
 10
305482.17
 20
6404336.0
 10
305484.0
 20
6404334.51
 10
305485.14
 20
6404334.0
 10
305480.0
 20
6404332.86
 10
305478.0
 20
6404331.85
 10
305476.0
 20
6404332.59
 10
305474.0
 20
6404332.34
 10
305471.86
 20
6404334.0
 10
305470.0
 20
6404334.59
 10
305468.0
 20
6404334.7
 10
305466.0
 20
6404334.14
 10
305462.0
 20
6404331.95
 10
305460.0
 20
6404332.14
 10
305458.0
 20
6404333.4
 10
305456.0
 20
6404333.82
 10
305454.0
 20
6404333.83
 10
305452.0
 20
6404334.69
 10
305450.0
 20
6404334.6
 10
305448.68
 20
6404336.0
 10
305444.0
 20
6404338.23
 10
305442.0
 20
6404340.42
 10
305439.68
 20
6404342.0
 10
305439.92
 20
6404344.0
 10
305442.0
 20
6404346.04
 10
305444.0
 20
6404346.72
 10
305450.0
 20
6404346.9
 10
305451.21
 20
6404348.0
 10
305454.0
 20
6404349.29
 10
305456.66
 20
6404352.0
 10
305456.6
 20
6404354.0
 10
305456.0
 20
6404355.26
 10
305453.19
 20
6404358.0
 10
305452.0
 20
6404360.35
 10
305450.0
 20
6404361.51
 10
305446.0
 20
6404360.41
 10
305444.0
 20
6404360.78
 10
305443.47
 20
6404362.0
 10
305444.61
 20
6404366.0
 10
305444.0
 20
6404366.92
 10
305442.0
 20
6404365.92
 10
305440.0
 20
6404366.06
 10
305434.0
 20
6404364.24
 10
305432.0
 20
6404364.23
 10
305429.75
 20
6404366.0
 10
305428.0
 20
6404366.25
 10
305426.0
 20
6404366.0
 10
305422.0
 20
6404364.88
 10
305420.0
 20
6404363.27
 10
305418.0
 20
6404360.88
 10
305416.3
 20
6404360.0
 10
305415.69
 20
6404358.0
 10
305414.64
 20
6404356.0
 10
305412.82
 20
6404354.0
 10
305412.61
 20
6404352.0
 10
305414.0
 20
6404350.83
 10
305416.3
 20
6404350.0
 10
305419.17
 20
6404348.0
 10
305418.0
 20
6404347.47
 10
305416.0
 20
6404345.7
 10
305412.74
 20
6404344.0
 10
305408.0
 20
6404338.92
 10
305406.0
 20
6404337.76
 10
305401.43
 20
6404334.0
 10
305401.17
 20
6404332.0
 10
305400.0
 20
6404329.29
 10
305398.0
 20
6404329.06
 10
305395.71
 20
6404330.0
 10
305395.26
 20
6404332.0
 10
305395.29
 20
6404334.0
 10
305396.29
 20
6404336.0
 10
305396.36
 20
6404338.0
 10
305395.89
 20
6404342.0
 10
305396.43
 20
6404344.0
 10
305396.0
 20
6404348.0
 10
305394.67
 20
6404352.0
 10
305394.38
 20
6404354.0
 10
305394.0
 20
6404354.55
 10
305392.0
 20
6404354.98
 10
305388.0
 20
6404358.5
 10
305385.1
 20
6404360.0
 10
305386.0
 20
6404360.74
 10
305388.0
 20
6404361.13
 10
305388.73
 20
6404360.0
 10
305392.0
 20
6404358.15
 10
305394.0
 20
6404358.9
 10
305394.81
 20
6404360.0
 10
305394.0
 20
6404362.75
 10
305391.26
 20
6404364.0
 10
305392.0
 20
6404364.97
 10
305396.0
 20
6404363.24
 10
305398.7
 20
6404364.0
 10
305398.75
 20
6404366.0
 10
305398.0
 20
6404368.46
 10
305396.0
 20
6404370.0
 10
305394.0
 20
6404370.62
 10
305392.0
 20
6404370.49
 10
305390.0
 20
6404369.83
 10
305389.71
 20
6404368.0
 10
305391.13
 20
6404366.0
 10
305390.0
 20
6404365.1
 10
305388.0
 20
6404365.08
 10
305384.0
 20
6404366.52
 10
305382.0
 20
6404366.0
 10
305378.0
 20
6404363.14
 10
305372.0
 20
6404363.34
 10
305370.0
 20
6404362.87
 10
305368.87
 20
6404362.0
 10
305368.0
 20
6404359.91
 10
305366.0
 20
6404358.38
 10
305364.56
 20
6404360.0
 10
305364.0
 20
6404360.22
 10
305362.0
 20
6404360.38
 10
305360.0
 20
6404359.75
 10
305358.0
 20
6404360.3
 10
305354.0
 20
6404362.18
 10
305352.0
 20
6404362.37
 10
305349.55
 20
6404362.0
 10
305348.8
 20
6404360.0
 10
305348.94
 20
6404358.0
 10
305347.14
 20
6404356.0
 10
305350.0
 20
6404354.0
 10
305352.0
 20
6404353.4
 10
305354.0
 20
6404352.0
 10
305352.0
 20
6404350.88
 10
305350.0
 20
6404348.23
 10
305348.0
 20
6404346.84
 10
305344.0
 20
6404349.74
 10
305342.6
 20
6404348.0
 10
305342.11
 20
6404346.0
 10
305338.0
 20
6404344.88
 10
305334.0
 20
6404344.86
 10
305332.0
 20
6404343.93
 10
305326.0
 20
6404345.67
 10
305322.0
 20
6404345.08
 10
305320.0
 20
6404344.11
 10
305314.0
 20
6404344.18
 10
305310.0
 20
6404344.88
 10
305308.0
 20
6404344.36
 10
305306.0
 20
6404344.71
 10
305302.0
 20
6404346.69
 10
305300.0
 20
6404346.55
 10
305296.0
 20
6404345.72
 10
305294.0
 20
6404344.33
 10
305292.0
 20
6404343.44
 10
305285.83
 20
6404342.0
 10
305284.0
 20
6404341.19
 10
305282.0
 20
6404339.54
 10
305280.0
 20
6404339.7
 10
305274.0
 20
6404339.19
 10
305272.0
 20
6404338.79
 10
305270.0
 20
6404337.71
 10
305268.0
 20
6404337.42
 10
305266.0
 20
6404337.47
 10
305262.0
 20
6404338.28
 10
305260.55
 20
6404338.0
 10
305262.69
 20
6404334.0
 10
305264.24
 20
6404328.0
 10
305259.64
 20
6404326.0
 10
305259.76
 20
6404322.0
 10
305259.0
 20
6404320.0
 10
305256.58
 20
6404318.0
 10
305254.78
 20
6404316.0
 10
305254.0
 20
6404314.21
 10
305254.5
 20
6404310.0
 10
305253.52
 20
6404304.0
 10
305252.25
 20
6404300.0
  0
TEXT
  5
38F
330
17
100
AcDbEntity
  8
HOJDKURVOR_TEXT
100
AcDbText
 10
305643.245791315
 20
6404365.717866357
 30
0.0
 40
1.5
  1
20.0
 50
339.7751405826602
 72
1
 11
305643.245791315
 21
6404365.717866357
 31
0.0
100
AcDbText
 73
2
  0
TEXT
  5
390
330
17
100
AcDbEntity
  8
HOJDKURVOR_TEXT
100
AcDbText
 10
305559.63532424177
 20
6404359.707465015
 30
0.0
 40
1.5
  1
20.0
 50
349.5187818527734
 72
1
 11
305559.63532424177
 21
6404359.707465015
 31
0.0
100
AcDbText
 73
2
  0
TEXT
  5
391
330
17
100
AcDbEntity
  8
HOJDKURVOR_TEXT
100
AcDbText
 10
305478.928249696
 20
6404332.318766097
 30
0.0
 40
1.5
  1
20.0
 50
26.793775644959908
 72
1
 11
305478.928249696
 21
6404332.318766097
 31
0.0
100
AcDbText
 73
2
  0
TEXT
  5
392
330
17
100
AcDbEntity
  8
HOJDKURVOR_TEXT
100
AcDbText
 10
305433.1851900406
 20
6404364.23592595
 30
0.0
 40
1.5
  1
20.0
 50
0.28647650387392787
 72
1
 11
305433.1851900406
 21
6404364.23592595
 31
0.0
100
AcDbText
 73
2
  0
TEXT
  5
393
330
17
100
AcDbEntity
  8
HOJDKURVOR_TEXT
100
AcDbText
 10
305387.53925814433
 20
6404358.738314753
 30
0.0
 40
1.5
  1
20.0
 50
332.65012422011785
 72
1
 11
305387.53925814433
 21
6404358.738314753
 31
0.0
100
AcDbText
 73
2
  0
TEXT
  5
394
330
17
100
AcDbEntity
  8
HOJDKURVOR_TEXT
100
AcDbText
 10
305348.6402042651
 20
6404354.950906108
 30
0.0
 40
1.5
  1
20.0
 50
-34.96512077366499
 72
1
 11
305348.6402042651
 21
6404354.950906108
 31
0.0
100
AcDbText
 73
2
  0
TEXT
  5
395
330
17
100
AcDbEntity
  8
HOJDKURVOR_TEXT
100
AcDbText
 10
305267.19356300565
 20
6404337.440160925
 30
0.0
 40
1.5
  1
20.0
 50
358.5679038211681
 72
1
 11
305267.19356300565
 21
6404337.440160925
 31
0.0
100
AcDbText
 73
2
  0
LWPOLYLINE
  5
396
330
17
100
AcDbEntity
  8
HOJDKURVOR_GRUND
100
AcDbPolyline
 90
242
 70
0
 10
305680.0
 20
6404365.55
 10
305676.37
 20
6404364.0
 10
305674.94
 20
6404362.0
 10
305674.0
 20
6404361.32
 10
305672.0
 20
6404361.14
 10
305670.0
 20
6404361.75
 10
305668.0
 20
6404361.38
 10
305666.26
 20
6404360.0
 10
305666.0
 20
6404358.14
 10
305664.52
 20
6404356.0
 10
305662.0
 20
6404355.81
 10
305660.0
 20
6404356.41
 10
305658.0
 20
6404355.25
 10
305656.0
 20
6404355.19
 10
305654.0
 20
6404355.69
 10
305652.0
 20
6404355.03
 10
305650.0
 20
6404353.54
 10
305646.0
 20
6404352.91
 10
305644.0
 20
6404353.02
 10
305643.05
 20
6404354.0
 10
305642.56
 20
6404356.0
 10
305644.0
 20
6404356.41
 10
305646.0
 20
6404357.48
 10
305646.42
 20
6404358.0
 10
305647.79
 20
6404360.0
 10
305646.88
 20
6404362.0
 10
305644.0
 20
6404363.97
 10
305642.0
 20
6404364.37
 10
305640.0
 20
6404366.59
 10
305638.0
 20
6404367.66
 10
305636.0
 20
6404368.32
 10
305632.0
 20
6404368.23
 10
305630.0
 20
6404367.46
 10
305626.0
 20
6404367.7
 10
305622.0
 20
6404368.36
 10
305620.0
 20
6404368.51
 10
305618.0
 20
6404368.16
 10
305610.0
 20
6404369.05
 10
305607.53
 20
6404368.0
 10
305605.12
 20
6404366.0
 10
305604.0
 20
6404364.64
 10
305602.71
 20
6404364.0
 10
305602.0
 20
6404362.76
 10
305600.78
 20
6404362.0
 10
305596.0
 20
6404361.31
 10
305588.0
 20
6404359.35
 10
305586.55
 20
6404358.0
 10
305584.0
 20
6404356.92
 10
305583.19
 20
6404356.0
 10
305580.34
 20
6404354.0
 10
305579.07
 20
6404354.0
 10
305578.0
 20
6404355.45
 10
305576.0
 20
6404356.12
 10
305576.55
 20
6404354.0
 10
305576.0
 20
6404353.08
 10
305574.0
 20
6404351.89
 10
305572.43
 20
6404350.0
 10
305568.0
 20
6404345.97
 10
305564.0
 20
6404347.8
 10
305563.94
 20
6404350.0
 10
305562.76
 20
6404352.0
 10
305563.66
 20
6404354.0
 10
305563.92
 20
6404356.0
 10
305563.12
 20
6404358.0
 10
305562.0
 20
6404358.71
 10
305560.0
 20
6404358.9
 10
305558.0
 20
6404358.87
 10
305556.0
 20
6404357.89
 10
305552.0
 20
6404358.44
 10
305549.53
 20
6404358.0
 10
305548.0
 20
6404356.86
 10
305544.0
 20
6404352.1
 10
305542.0
 20
6404351.33
 10
305540.0
 20
6404349.82
 10
305538.0
 20
6404349.44
 10
305536.0
 20
6404348.55
 10
305530.0
 20
6404348.38
 10
305528.0
 20
6404347.33
 10
305524.0
 20
6404349.0
 10
305522.0
 20
6404349.21
 10
305518.0
 20
6404351.11
 10
305516.0
 20
6404351.74
 10
305514.0
 20
6404351.78
 10
305508.0
 20
6404351.48
 10
305500.0
 20
6404350.02
 10
305498.0
 20
6404347.92
 10
305494.0
 20
6404348.77
 10
305492.0
 20
6404348.41
 10
305490.0
 20
6404346.84
 10
305487.53
 20
6404346.0
 10
305484.46
 20
6404344.0
 10
305483.87
 20
6404342.0
 10
305483.8
 20
6404338.0
 10
305483.42
 20
6404336.0
 10
305490.0
 20
6404332.33
 10
305490.0
 20
6404331.79
 10
305488.0
 20
6404331.22
 10
305486.45
 20
6404332.0
 10
305486.0
 20
6404332.62
 10
305484.0
 20
6404333.17
 10
305480.0
 20
6404332.3
 10
305478.0
 20
6404331.36
 10
305476.0
 20
6404331.91
 10
305474.0
 20
6404331.23
 10
305472.0
 20
6404331.68
 10
305470.0
 20
6404333.41
 10
305468.0
 20
6404333.67
 10
305466.0
 20
6404333.01
 10
305462.0
 20
6404330.82
 10
305460.0
 20
6404331.2
 10
305458.0
 20
6404332.6
 10
305454.0
 20
6404332.79
 10
305452.0
 20
6404331.92
 10
305450.0
 20
6404332.24
 10
305448.0
 20
6404334.73
 10
305444.0
 20
6404336.44
 10
305440.0
 20
6404339.78
 10
305438.0
 20
6404339.12
 10
305436.81
 20
6404340.0
 10
305437.18
 20
6404342.0
 10
305435.49
 20
6404344.0
 10
305436.0
 20
6404344.64
 10
305444.0
 20
6404347.57
 10
305446.0
 20
6404347.63
 10
305447.27
 20
6404348.0
 10
305454.0
 20
6404351.08
 10
305454.77
 20
6404352.0
 10
305454.26
 20
6404354.0
 10
305452.0
 20
6404355.55
 10
305450.0
 20
6404358.1
 10
305444.0
 20
6404358.99
 10
305442.0
 20
6404359.62
 10
305441.61
 20
6404360.0
 10
305442.27
 20
6404362.0
 10
305442.05
 20
6404364.0
 10
305440.0
 20
6404364.98
 10
305438.0
 20
6404364.8
 10
305436.0
 20
6404363.93
 10
305432.0
 20
6404363.07
 10
305430.0
 20
6404363.49
 10
305428.0
 20
6404364.88
 10
305424.0
 20
6404364.4
 10
305422.0
 20
6404363.61
 10
305418.26
 20
6404360.0
 10
305417.38
 20
6404358.0
 10
305414.42
 20
6404354.0
 10
305414.1
 20
6404352.0
 10
305416.0
 20
6404351.17
 10
305418.0
 20
6404350.76
 10
305420.0
 20
6404349.49
 10
305421.33
 20
6404348.0
 10
305420.0
 20
6404346.0
 10
305418.0
 20
6404345.5
 10
305416.0
 20
6404344.33
 10
305414.0
 20
6404344.18
 10
305412.0
 20
6404342.47
 10
305408.0
 20
6404338.33
 10
305404.8
 20
6404336.0
 10
305402.85
 20
6404334.0
 10
305401.33
 20
6404330.0
 10
305400.0
 20
6404328.03
 10
305398.0
 20
6404327.84
 10
305396.0
 20
6404328.43
 10
305394.0
 20
6404327.47
 10
305392.84
 20
6404330.0
 10
305394.0
 20
6404330.98
 10
305394.44
 20
6404332.0
 10
305394.55
 20
6404334.0
 10
305395.23
 20
6404336.0
 10
305394.8
 20
6404342.0
 10
305395.18
 20
6404344.0
 10
305394.82
 20
6404346.0
 10
305392.3
 20
6404352.0
 10
305390.39
 20
6404354.0
 10
305390.0
 20
6404354.3
 10
305388.0
 20
6404354.4
 10
305386.0
 20
6404353.29
 10
305382.29
 20
6404356.0
 10
305380.0
 20
6404359.03
 10
305378.0
 20
6404360.06
 10
305376.0
 20
6404362.06
 10
305372.0
 20
6404362.65
 10
305370.0
 20
6404362.03
 10
305368.18
 20
6404358.0
 10
305366.0
 20
6404356.48
 10
305364.0
 20
6404357.75
 10
305360.0
 20
6404358.71
 10
305356.0
 20
6404359.22
 10
305354.0
 20
6404360.73
 10
305352.0
 20
6404361.0
 10
305350.0
 20
6404360.57
 10
305349.72
 20
6404360.0
 10
305350.84
 20
6404358.0
 10
305351.04
 20
6404356.0
 10
305357.42
 20
6404350.0
 10
305356.0
 20
6404349.57
 10
305354.0
 20
6404350.81
 10
305352.0
 20
6404349.8
 10
305350.62
 20
6404348.0
 10
305350.0
 20
6404346.36
 10
305348.0
 20
6404345.8
 10
305346.0
 20
6404346.36
 10
305344.0
 20
6404345.38
 10
305340.0
 20
6404344.83
 10
305338.0
 20
6404344.0
 10
305334.0
 20
6404344.18
 10
305332.0
 20
6404343.37
 10
305330.0
 20
6404343.56
 10
305328.0
 20
6404344.27
 10
305326.0
 20
6404344.56
 10
305324.0
 20
6404344.41
 10
305322.0
 20
6404343.86
 10
305320.0
 20
6404342.83
 10
305318.0
 20
6404342.72
 10
305314.0
 20
6404343.0
 10
305310.0
 20
6404344.02
 10
305308.0
 20
6404343.52
 10
305306.0
 20
6404343.89
 10
305304.0
 20
6404344.91
 10
305300.0
 20
6404345.13
 10
305294.0
 20
6404342.29
 10
305286.0
 20
6404340.73
 10
305285.1
 20
6404340.0
 10
305284.0
 20
6404337.6
 10
305282.0
 20
6404337.41
 10
305274.0
 20
6404337.68
 10
305272.0
 20
6404337.21
 10
305270.0
 20
6404335.52
 10
305266.0
 20
6404335.57
 10
305264.0
 20
6404334.71
 10
305263.76
 20
6404334.0
 10
305263.96
 20
6404332.0
 10
305264.95
 20
6404328.0
 10
305261.39
 20
6404326.0
 10
305260.54
 20
6404324.0
 10
305260.4
 20
6404320.0
 10
305256.26
 20
6404316.0
 10
305255.89
 20
6404310.0
 10
305254.87
 20
6404306.0
 10
305255.1
 20
6404304.0
 10
305254.0
 20
6404302.14
 10
305253.66
 20
6404300.0
  0
LWPOLYLINE
  5
397
330
17
100
AcDbEntity
  8
HOJDKURVOR_GRUND
100
AcDbPolyline
 90
220
 70
0
 10
305680.0
 20
6404364.47
 10
305677.91
 20
6404364.0
 10
305676.0
 20
6404361.64
 10
305674.0
 20
6404360.22
 10
305672.0
 20
6404360.25
 10
305670.0
 20
6404360.96
 10
305668.0
 20
6404360.59
 10
305667.25
 20
6404360.0
 10
305668.26
 20
6404358.0
 10
305667.46
 20
6404356.0
 10
305666.0
 20
6404354.64
 10
305664.0
 20
6404355.38
 10
305660.0
 20
6404355.05
 10
305658.0
 20
6404353.87
 10
305656.0
 20
6404353.91
 10
305654.0
 20
6404354.52
 10
305650.0
 20
6404352.0
 10
305646.0
 20
6404350.91
 10
305644.0
 20
6404351.36
 10
305642.0
 20
6404353.05
 10
305640.0
 20
6404354.0
 10
305640.37
 20
6404356.0
 10
305642.0
 20
6404356.76
 10
305644.0
 20
6404357.21
 10
305645.19
 20
6404358.0
 10
305646.3
 20
6404360.0
 10
305644.72
 20
6404362.0
 10
305640.55
 20
6404364.0
 10
305638.78
 20
6404366.0
 10
305638.0
 20
6404366.46
 10
305636.0
 20
6404367.17
 10
305630.0
 20
6404366.61
 10
305622.0
 20
6404367.43
 10
305618.0
 20
6404367.16
 10
305610.0
 20
6404367.9
 10
305608.0
 20
6404367.61
 10
305605.92
 20
6404366.0
 10
305604.81
 20
6404364.0
 10
305603.15
 20
6404362.0
 10
305602.0
 20
6404361.28
 10
305600.0
 20
6404360.82
 10
305596.0
 20
6404360.6
 10
305588.0
 20
6404358.74
 10
305581.54
 20
6404354.0
 10
305580.0
 20
6404353.48
 10
305577.95
 20
6404352.0
 10
305576.0
 20
6404351.04
 10
305572.0
 20
6404348.1
 10
305570.33
 20
6404346.0
 10
305564.0
 20
6404341.76
 10
305562.0
 20
6404341.56
 10
305561.27
 20
6404342.0
 10
305560.0
 20
6404343.91
 10
305559.8
 20
6404346.0
 10
305562.32
 20
6404350.0
 10
305561.63
 20
6404352.0
 10
305562.85
 20
6404354.0
 10
305563.15
 20
6404356.0
 10
305562.0
 20
6404357.69
 10
305560.0
 20
6404358.15
 10
305556.0
 20
6404356.98
 10
305552.0
 20
6404357.41
 10
305550.0
 20
6404356.96
 10
305548.58
 20
6404356.0
 10
305547.47
 20
6404354.0
 10
305544.0
 20
6404350.12
 10
305542.0
 20
6404350.0
 10
305540.0
 20
6404348.67
 10
305536.0
 20
6404347.11
 10
305534.0
 20
6404347.15
 10
305532.0
 20
6404346.72
 10
305530.0
 20
6404345.21
 10
305528.0
 20
6404345.19
 10
305526.0
 20
6404346.08
 10
305524.0
 20
6404346.14
 10
305520.0
 20
6404347.85
 10
305518.0
 20
6404348.15
 10
305516.0
 20
6404349.54
 10
305514.0
 20
6404349.95
 10
305512.0
 20
6404349.73
 10
305508.0
 20
6404350.18
 10
305504.0
 20
6404349.78
 10
305500.0
 20
6404346.68
 10
305496.0
 20
6404346.73
 10
305494.0
 20
6404347.06
 10
305492.0
 20
6404346.78
 10
305490.83
 20
6404346.0
 10
305485.91
 20
6404344.0
 10
305485.07
 20
6404342.0
 10
305484.9
 20
6404340.0
 10
305485.4
 20
6404338.0
 10
305485.42
 20
6404336.0
 10
305490.0
 20
6404334.29
 10
305491.22
 20
6404332.0
 10
305490.0
 20
6404330.49
 10
305488.0
 20
6404330.41
 10
305484.0
 20
6404332.62
 10
305478.0
 20
6404330.86
 10
305476.0
 20
6404330.76
 10
305474.0
 20
6404330.22
 10
305472.0
 20
6404330.67
 10
305470.0
 20
6404332.13
 10
305468.0
 20
6404332.48
 10
305466.4
 20
6404332.0
 10
305464.0
 20
6404330.48
 10
305462.0
 20
6404329.73
 10
305460.0
 20
6404330.3
 10
305458.0
 20
6404331.63
 10
305454.0
 20
6404331.68
 10
305452.0
 20
6404329.93
 10
305450.0
 20
6404329.46
 10
305448.0
 20
6404331.61
 10
305446.0
 20
6404332.93
 10
305445.22
 20
6404334.0
 10
305440.0
 20
6404337.67
 10
305438.0
 20
6404337.91
 10
305434.0
 20
6404335.8
 10
305432.0
 20
6404335.61
 10
305430.67
 20
6404336.0
 10
305430.0
 20
6404338.83
 10
305428.0
 20
6404339.66
 10
305426.0
 20
6404339.31
 10
305422.0
 20
6404341.04
 10
305420.0
 20
6404341.07
 10
305418.0
 20
6404342.33
 10
305416.0
 20
6404343.13
 10
305414.0
 20
6404342.49
 10
305412.0
 20
6404341.35
 10
305410.83
 20
6404340.0
 10
305405.8
 20
6404336.0
 10
305404.14
 20
6404334.0
 10
305402.24
 20
6404330.0
 10
305400.0
 20
6404327.38
 10
305396.39
 20
6404326.0
 10
305394.0
 20
6404324.35
 10
305392.68
 20
6404328.0
 10
305392.0
 20
6404328.98
 10
305390.62
 20
6404330.0
 10
305392.85
 20
6404332.0
 10
305394.19
 20
6404336.0
 10
305394.21
 20
6404340.0
 10
305393.63
 20
6404342.0
 10
305394.0
 20
6404344.0
 10
305392.0
 20
6404348.07
 10
305388.0
 20
6404350.97
 10
305386.0
 20
6404351.82
 10
305384.0
 20
6404353.35
 10
305382.39
 20
6404354.0
 10
305380.0
 20
6404356.62
 10
305376.88
 20
6404358.0
 10
305375.12
 20
6404360.0
 10
305372.0
 20
6404361.82
 10
305370.0
 20
6404360.25
 10
305369.16
 20
6404358.0
 10
305368.0
 20
6404356.45
 10
305366.0
 20
6404354.84
 10
305362.0
 20
6404355.71
 10
305360.0
 20
6404357.5
 10
305356.0
 20
6404357.46
 10
305354.0
 20
6404356.92
 10
305353.44
 20
6404356.0
 10
305355.07
 20
6404354.0
 10
305360.15
 20
6404350.0
 10
305360.0
 20
6404348.0
 10
305358.0
 20
6404349.05
 10
305356.0
 20
6404348.9
 10
305354.0
 20
6404349.69
 10
305352.0
 20
6404348.82
 10
305351.37
 20
6404348.0
 10
305350.0
 20
6404344.36
 10
305348.71
 20
6404344.0
 10
305344.0
 20
6404343.71
 10
305342.0
 20
6404344.31
 10
305340.0
 20
6404344.11
 10
305338.0
 20
6404343.26
 10
305334.0
 20
6404343.53
 10
305332.0
 20
6404342.82
 10
305330.0
 20
6404342.71
 10
305328.0
 20
6404343.26
 10
305326.0
 20
6404343.29
 10
305322.0
 20
6404342.47
 10
305321.03
 20
6404342.0
 10
305320.0
 20
6404340.29
 10
305318.0
 20
6404341.5
 10
305314.0
 20
6404341.76
 10
305312.0
 20
6404342.52
 10
305310.0
 20
6404342.79
 10
305306.0
 20
6404342.79
 10
305304.0
 20
6404343.8
 10
305302.0
 20
6404342.63
 10
305300.0
 20
6404342.67
 10
305298.0
 20
6404342.25
 10
305296.0
 20
6404341.12
 10
305290.0
 20
6404340.11
 10
305288.0
 20
6404339.48
 10
305286.33
 20
6404338.0
 10
305285.08
 20
6404336.0
 10
305284.0
 20
6404335.58
 10
305282.0
 20
6404335.25
 10
305274.0
 20
6404335.69
 10
305272.0
 20
6404333.0
 10
305270.0
 20
6404333.02
 10
305268.0
 20
6404333.79
 10
305266.0
 20
6404333.55
 10
305265.16
 20
6404332.0
 10
305265.66
 20
6404328.0
 10
305262.75
 20
6404326.0
 10
305262.0
 20
6404325.09
 10
305261.32
 20
6404324.0
 10
305260.92
 20
6404322.0
 10
305261.51
 20
6404320.0
 10
305260.0
 20
6404318.06
 10
305257.74
 20
6404316.0
 10
305257.96
 20
6404314.0
 10
305257.63
 20
6404312.0
 10
305257.77
 20
6404310.0
 10
305256.86
 20
6404308.0
 10
305256.69
 20
6404304.0
 10
305256.14
 20
6404302.0
 10
305255.12
 20
6404300.0
  0
LWPOLYLINE
  5
398
330
17
100
AcDbEntity
  8
HOJDKURVOR_GRUND
100
AcDbPolyline
 90
248
 70
0
 10
305680.0
 20
6404362.13
 10
305678.0
 20
6404362.66
 10
305674.0
 20
6404358.49
 10
305671.2
 20
6404358.0
 10
305670.0
 20
6404353.75
 10
305672.0
 20
6404352.89
 10
305675.65
 20
6404352.0
 10
305675.5
 20
6404350.0
 10
305674.0
 20
6404349.58
 10
305672.65
 20
6404350.0
 10
305672.0
 20
6404350.77
 10
305666.0
 20
6404353.03
 10
305665.36
 20
6404354.0
 10
305664.0
 20
6404354.83
 10
305662.0
 20
6404354.62
 10
305660.35
 20
6404354.0
 10
305660.0
 20
6404352.78
 10
305659.0
 20
6404352.0
 10
305656.0
 20
6404351.82
 10
305654.0
 20
6404352.78
 10
305652.0
 20
6404351.43
 10
305648.0
 20
6404350.54
 10
305646.0
 20
6404349.58
 10
305644.0
 20
6404349.92
 10
305637.19
 20
6404354.0
 10
305638.0
 20
6404354.52
 10
305638.86
 20
6404356.0
 10
305640.0
 20
6404356.83
 10
305642.0
 20
6404357.71
 10
305644.0
 20
6404358.0
 10
305644.0
 20
6404360.0
 10
305642.67
 20
6404362.0
 10
305640.0
 20
6404363.11
 10
305636.0
 20
6404365.51
 10
305632.0
 20
6404365.51
 10
305628.0
 20
6404366.24
 10
305622.0
 20
6404366.0
 10
305620.0
 20
6404365.1
 10
305619.0
 20
6404366.0
 10
305618.0
 20
6404366.18
 10
305610.0
 20
6404366.7
 10
305607.73
 20
6404366.0
 10
305606.53
 20
6404364.0
 10
305606.43
 20
6404362.0
 10
305606.0
 20
6404360.7
 10
305602.0
 20
6404360.37
 10
305600.0
 20
6404359.81
 10
305596.0
 20
6404359.88
 10
305592.0
 20
6404359.39
 10
305590.0
 20
6404358.99
 10
305586.0
 20
6404357.07
 10
305582.37
 20
6404354.0
 10
305580.0
 20
6404353.08
 10
305578.54
 20
6404352.0
 10
305572.0
 20
6404346.94
 10
305568.0
 20
6404343.38
 10
305565.72
 20
6404342.0
 10
305564.0
 20
6404339.73
 10
305562.0
 20
6404339.63
 10
305560.0
 20
6404341.28
 10
305554.0
 20
6404340.24
 10
305552.0
 20
6404339.0
 10
305550.0
 20
6404339.28
 10
305548.0
 20
6404338.4
 10
305547.75
 20
6404340.0
 10
305548.0
 20
6404340.33
 10
305550.0
 20
6404340.47
 10
305552.0
 20
6404341.04
 10
305554.0
 20
6404342.63
 10
305557.9
 20
6404344.0
 10
305558.16
 20
6404346.0
 10
305558.89
 20
6404348.0
 10
305560.46
 20
6404350.0
 10
305560.72
 20
6404352.0
 10
305562.03
 20
6404354.0
 10
305562.38
 20
6404356.0
 10
305562.0
 20
6404356.56
 10
305560.0
 20
6404357.13
 10
305558.0
 20
6404356.2
 10
305553.6
 20
6404356.0
 10
305550.0
 20
6404353.9
 10
305548.97
 20
6404352.0
 10
305548.0
 20
6404351.44
 10
305546.85
 20
6404350.0
 10
305546.0
 20
6404349.57
 10
305544.0
 20
6404349.47
 10
305540.0
 20
6404347.19
 10
305538.0
 20
6404345.53
 10
305536.0
 20
6404344.77
 10
305534.0
 20
6404344.6
 10
305533.5
 20
6404344.0
 10
305530.0
 20
6404343.08
 10
305524.0
 20
6404344.0
 10
305520.0
 20
6404345.22
 10
305518.0
 20
6404346.22
 10
305516.0
 20
6404346.37
 10
305514.0
 20
6404346.96
 10
305512.0
 20
6404348.03
 10
305510.0
 20
6404347.45
 10
305508.0
 20
6404348.0
 10
305504.0
 20
6404347.92
 10
305502.89
 20
6404346.0
 10
305502.24
 20
6404344.0
 10
305500.0
 20
6404342.12
 10
305498.0
 20
6404342.8
 10
305497.49
 20
6404344.0
 10
305496.0
 20
6404345.0
 10
305489.65
 20
6404344.0
 10
305486.77
 20
6404342.0
 10
305486.0
 20
6404340.59
 10
305486.0
 20
6404339.72
 10
305489.45
 20
6404336.0
 10
305490.0
 20
6404335.74
 10
305492.43
 20
6404332.0
 10
305494.0
 20
6404330.97
 10
305497.28
 20
6404330.0
 10
305498.0
 20
6404329.1
 10
305502.43
 20
6404328.0
 10
305500.0
 20
6404327.5
 10
305498.0
 20
6404327.56
 10
305496.0
 20
6404328.74
 10
305492.0
 20
6404329.95
 10
305490.0
 20
6404329.17
 10
305488.0
 20
6404329.34
 10
305484.0
 20
6404332.07
 10
305480.0
 20
6404330.6
 10
305474.0
 20
6404329.37
 10
305470.0
 20
6404330.16
 10
305468.0
 20
6404330.06
 10
305464.0
 20
6404328.62
 10
305462.0
 20
6404328.77
 10
305456.0
 20
6404330.52
 10
305454.0
 20
6404330.35
 10
305452.0
 20
6404328.21
 10
305450.0
 20
6404328.03
 10
305448.0
 20
6404329.15
 10
305446.0
 20
6404327.88
 10
305445.52
 20
6404328.0
 10
305444.0
 20
6404331.08
 10
305443.23
 20
6404334.0
 10
305440.0
 20
6404335.88
 10
305438.0
 20
6404336.34
 10
305430.0
 20
6404333.23
 10
305426.0
 20
6404333.8
 10
305425.42
 20
6404334.0
 10
305426.46
 20
6404336.0
 10
305425.38
 20
6404338.0
 10
305422.0
 20
6404340.06
 10
305420.0
 20
6404339.27
 10
305418.0
 20
6404338.0
 10
305417.68
 20
6404340.0
 10
305416.0
 20
6404341.95
 10
305414.0
 20
6404340.59
 10
305410.0
 20
6404338.91
 10
305406.5
 20
6404336.0
 10
305404.77
 20
6404334.0
 10
305403.33
 20
6404330.0
 10
305400.0
 20
6404326.75
 10
305398.44
 20
6404326.0
 10
305394.0
 20
6404322.72
 10
305392.0
 20
6404322.62
 10
305390.83
 20
6404324.0
 10
305392.29
 20
6404326.0
 10
305392.0
 20
6404326.79
 10
305391.39
 20
6404328.0
 10
305388.62
 20
6404330.0
 10
305388.84
 20
6404332.0
 10
305390.0
 20
6404333.25
 10
305392.0
 20
6404333.47
 10
305392.32
 20
6404334.0
 10
305392.3
 20
6404338.0
 10
305393.01
 20
6404340.0
 10
305392.2
 20
6404342.0
 10
305391.96
 20
6404344.0
 10
305391.02
 20
6404346.0
 10
305387.63
 20
6404350.0
 10
305384.0
 20
6404352.46
 10
305382.0
 20
6404353.21
 10
305380.0
 20
6404352.63
 10
305378.0
 20
6404353.58
 10
305377.52
 20
6404354.0
 10
305377.47
 20
6404356.0
 10
305376.0
 20
6404356.61
 10
305374.0
 20
6404358.4
 10
305372.0
 20
6404359.21
 10
305370.0
 20
6404357.69
 10
305368.93
 20
6404356.0
 10
305366.0
 20
6404353.57
 10
305364.0
 20
6404353.39
 10
305360.0
 20
6404355.64
 10
305358.8
 20
6404354.0
 10
305359.95
 20
6404352.0
 10
305364.62
 20
6404348.0
 10
305365.18
 20
6404346.0
 10
305362.0
 20
6404344.75
 10
305361.05
 20
6404344.0
 10
305360.0
 20
6404341.8
 10
305358.0
 20
6404340.98
 10
305356.0
 20
6404340.79
 10
305350.0
 20
6404342.0
 10
305348.0
 20
6404343.24
 10
305344.0
 20
6404342.86
 10
305340.0
 20
6404343.28
 10
305338.0
 20
6404342.52
 10
305334.0
 20
6404342.91
 10
305330.0
 20
6404341.87
 10
305327.25
 20
6404342.0
 10
305324.0
 20
6404341.02
 10
305322.76
 20
6404340.0
 10
305323.89
 20
6404338.0
 10
305322.0
 20
6404337.79
 10
305320.0
 20
6404338.75
 10
305318.0
 20
6404340.5
 10
305308.0
 20
6404341.95
 10
305306.0
 20
6404341.75
 10
305300.0
 20
6404339.96
 10
305298.0
 20
6404337.99
 10
305296.0
 20
6404337.66
 10
305294.45
 20
6404338.0
 10
305294.0
 20
6404338.41
 10
305292.0
 20
6404338.48
 10
305289.11
 20
6404338.0
 10
305288.0
 20
6404337.44
 10
305286.0
 20
6404334.59
 10
305282.0
 20
6404333.27
 10
305280.0
 20
6404333.12
 10
305278.0
 20
6404333.64
 10
305276.0
 20
6404332.75
 10
305274.0
 20
6404330.74
 10
305272.0
 20
6404330.18
 10
305270.0
 20
6404330.22
 10
305268.0
 20
6404331.52
 10
305266.93
 20
6404330.0
 10
305267.08
 20
6404328.0
 10
305263.79
 20
6404326.0
 10
305262.0
 20
6404323.75
 10
305261.47
 20
6404322.0
 10
305262.0
 20
6404320.73
 10
305262.85
 20
6404320.0
 10
305262.0
 20
6404319.54
 10
305259.0
 20
6404316.0
 10
305258.82
 20
6404312.0
 10
305259.6
 20
6404310.0
 10
305259.66
 20
6404308.0
 10
305258.56
 20
6404306.0
 10
305257.93
 20
6404304.0
 10
305258.27
 20
6404302.0
 10
305256.35
 20
6404300.0
  0
LWPOLYLINE
  5
399
330
17
100
AcDbEntity
  8
HOJDKURVOR_GRUND
100
AcDbPolyline
 90
116
 70
0
 10
305680.0
 20
6404349.7
 10
305678.74
 20
6404348.0
 10
305678.0
 20
6404347.88
 10
305676.0
 20
6404348.46
 10
305674.0
 20
6404348.57
 10
305670.0
 20
6404347.65
 10
305668.2
 20
6404348.0
 10
305666.0
 20
6404349.55
 10
305663.33
 20
6404350.0
 10
305664.0
 20
6404350.28
 10
305665.56
 20
6404352.0
 10
305664.46
 20
6404354.0
 10
305664.0
 20
6404354.28
 10
305661.94
 20
6404354.0
 10
305661.3
 20
6404352.0
 10
305660.0
 20
6404350.41
 10
305656.0
 20
6404350.28
 10
305654.0
 20
6404350.69
 10
305648.0
 20
6404349.68
 10
305644.0
 20
6404348.51
 10
305640.0
 20
6404350.92
 10
305636.0
 20
6404352.21
 10
305634.55
 20
6404354.0
 10
305638.0
 20
6404356.75
 10
305640.37
 20
6404358.0
 10
305641.9
 20
6404360.0
 10
305639.6
 20
6404362.0
 10
305634.0
 20
6404364.3
 10
305628.0
 20
6404364.82
 10
305626.0
 20
6404364.57
 10
305625.17
 20
6404364.0
 10
305624.0
 20
6404362.44
 10
305620.0
 20
6404362.0
 10
305616.0
 20
6404364.64
 10
305612.0
 20
6404365.59
 10
305610.0
 20
6404365.45
 10
305608.0
 20
6404364.61
 10
305607.6
 20
6404364.0
 10
305608.11
 20
6404362.0
 10
305607.87
 20
6404360.0
 10
305606.69
 20
6404358.0
 10
305606.0
 20
6404357.82
 10
305604.0
 20
6404359.22
 10
305602.0
 20
6404359.41
 10
305600.0
 20
6404358.87
 10
305594.0
 20
6404359.1
 10
305590.0
 20
6404358.58
 10
305586.0
 20
6404356.75
 10
305582.96
 20
6404354.0
 10
305579.08
 20
6404352.0
 10
305576.85
 20
6404350.0
 10
305576.0
 20
6404348.8
 10
305569.48
 20
6404344.0
 10
305564.0
 20
6404338.69
 10
305562.0
 20
6404337.61
 10
305561.03
 20
6404338.0
 10
305560.0
 20
6404340.03
 10
305556.0
 20
6404337.91
 10
305554.0
 20
6404337.48
 10
305550.0
 20
6404337.45
 10
305542.0
 20
6404333.62
 10
305538.0
 20
6404332.96
 10
305536.0
 20
6404331.84
 10
305532.0
 20
6404331.19
 10
305530.0
 20
6404330.0
 10
305526.1
 20
6404326.0
 10
305526.0
 20
6404325.43
 10
305525.71
 20
6404326.0
 10
305522.0
 20
6404327.29
 10
305521.24
 20
6404328.0
 10
305524.0
 20
6404329.91
 10
305528.0
 20
6404333.67
 10
305530.0
 20
6404332.9
 10
305534.0
 20
6404333.13
 10
305534.72
 20
6404334.0
 10
305538.0
 20
6404336.13
 10
305540.0
 20
6404336.83
 10
305541.5
 20
6404338.0
 10
305543.15
 20
6404340.0
 10
305544.0
 20
6404341.7
 10
305548.0
 20
6404343.22
 10
305550.0
 20
6404341.7
 10
305554.59
 20
6404344.0
 10
305556.27
 20
6404346.0
 10
305557.04
 20
6404348.0
 10
305559.04
 20
6404350.0
 10
305559.63
 20
6404352.0
 10
305559.25
 20
6404354.0
 10
305558.0
 20
6404354.38
 10
305556.0
 20
6404354.44
 10
305554.0
 20
6404353.86
 10
305552.0
 20
6404351.64
 10
305550.0
 20
6404350.54
 10
305546.0
 20
6404348.98
 10
305544.0
 20
6404348.9
 10
305542.64
 20
6404348.0
 10
305542.0
 20
6404346.83
 10
305540.0
 20
6404345.0
 10
305538.0
 20
6404343.78
 10
305536.0
 20
6404341.78
 10
305526.0
 20
6404341.29
 10
305522.0
 20
6404342.11
 10
305518.0
 20
6404344.09
 10
305516.0
 20
6404344.7
 10
305508.0
 20
6404346.28
 10
305506.0
 20
6404346.41
 10
305505.35
 20
6404346.0
 10
305504.0
 20
6404343.61
 10
305500.0
 20
6404340.37
 10
305498.0
 20
6404339.68
 10
305495.67
 20
6404338.0
 10
305494.0
 20
6404337.76
 10
305492.0
 20
6404338.16
 10
305491.58
 20
6404336.0
 10
305492.0
 20
6404333.64
 10
305494.11
 20
6404332.0
  0
LWPOLYLINE
  5
39A
330
17
100
AcDbEntity
  8
HOJDKURVOR_GRUND
100
AcDbPolyline
 90
153
 70
0
 10
305506.32
 20
6404328.0
 10
305507.1
 20
6404326.0
 10
305506.0
 20
6404324.12
 10
305502.0
 20
6404326.55
 10
305500.0
 20
6404326.18
 10
305498.0
 20
6404326.61
 10
305492.0
 20
6404328.82
 10
305490.0
 20
6404327.65
 10
305488.0
 20
6404328.03
 10
305486.15
 20
6404330.0
 10
305484.0
 20
6404330.95
 10
305482.0
 20
6404330.58
 10
305480.0
 20
6404329.61
 10
305478.0
 20
6404329.75
 10
305476.0
 20
6404328.83
 10
305468.0
 20
6404328.42
 10
305466.0
 20
6404327.28
 10
305464.0
 20
6404326.8
 10
305462.0
 20
6404326.89
 10
305460.67
 20
6404328.0
 10
305460.0
 20
6404328.11
 10
305459.64
 20
6404328.0
 10
305458.47
 20
6404326.0
 10
305458.58
 20
6404324.0
 10
305458.0
 20
6404323.48
 10
305456.0
 20
6404324.25
 10
305454.0
 20
6404323.53
 10
305452.0
 20
6404323.68
 10
305451.05
 20
6404324.0
 10
305450.0
 20
6404324.95
 10
305449.45
 20
6404326.0
 10
305448.0
 20
6404327.04
 10
305442.0
 20
6404326.8
 10
305441.29
 20
6404328.0
 10
305442.78
 20
6404332.0
 10
305442.0
 20
6404333.57
 10
305440.0
 20
6404334.69
 10
305438.0
 20
6404334.87
 10
305436.0
 20
6404334.58
 10
305434.0
 20
6404333.67
 10
305432.0
 20
6404331.96
 10
305430.0
 20
6404331.79
 10
305428.0
 20
6404332.56
 10
305426.0
 20
6404332.67
 10
305422.07
 20
6404334.0
 10
305424.13
 20
6404336.0
 10
305422.0
 20
6404337.36
 10
305421.09
 20
6404336.0
 10
305421.0
 20
6404334.0
 10
305420.0
 20
6404333.67
 10
305419.33
 20
6404334.0
 10
305418.36
 20
6404336.0
 10
305416.0
 20
6404336.15
 10
305414.0
 20
6404338.0
 10
305412.0
 20
6404338.72
 10
305410.0
 20
6404338.26
 10
305407.13
 20
6404336.0
 10
305405.41
 20
6404334.0
 10
305405.12
 20
6404330.0
 10
305404.0
 20
6404329.76
 10
305397.26
 20
6404324.0
 10
305395.28
 20
6404322.0
 10
305395.33
 20
6404320.0
 10
305394.0
 20
6404319.76
 10
305392.0
 20
6404320.69
 10
305390.0
 20
6404319.86
 10
305388.21
 20
6404322.0
 10
305387.39
 20
6404324.0
 10
305388.0
 20
6404324.93
 10
305390.0
 20
6404325.51
 10
305390.39
 20
6404326.0
 10
305390.0
 20
6404327.38
 10
305388.0
 20
6404326.48
 10
305384.64
 20
6404328.0
 10
305385.03
 20
6404330.0
 10
305386.12
 20
6404332.0
 10
305386.48
 20
6404334.0
 10
305388.0
 20
6404334.93
 10
305390.0
 20
6404335.15
 10
305390.83
 20
6404336.0
 10
305390.62
 20
6404338.0
 10
305391.5
 20
6404340.0
 10
305390.0
 20
6404344.0
 10
305388.0
 20
6404348.0
 10
305386.47
 20
6404350.0
 10
305384.0
 20
6404351.52
 10
305382.0
 20
6404352.25
 10
305380.0
 20
6404351.18
 10
305376.0
 20
6404350.98
 10
305373.16
 20
6404352.0
 10
305370.0
 20
6404355.0
 10
305368.0
 20
6404354.4
 10
305366.0
 20
6404352.68
 10
305364.0
 20
6404352.34
 10
305362.0
 20
6404352.63
 10
305361.58
 20
6404352.0
 10
305364.0
 20
6404350.93
 10
305366.37
 20
6404348.0
 10
305367.06
 20
6404346.0
 10
305366.0
 20
6404344.05
 10
305364.0
 20
6404344.35
 10
305363.33
 20
6404344.0
 10
305362.0
 20
6404342.29
 10
305362.0
 20
6404341.58
 10
305363.09
 20
6404340.0
 10
305362.0
 20
6404339.31
 10
305360.0
 20
6404339.15
 10
305356.0
 20
6404339.69
 10
305352.0
 20
6404340.92
 10
305350.0
 20
6404340.77
 10
305348.0
 20
6404342.55
 10
305344.0
 20
6404342.02
 10
305340.0
 20
6404342.41
 10
305338.77
 20
6404342.0
 10
305338.0
 20
6404341.33
 10
305334.0
 20
6404342.28
 10
305328.0
 20
6404340.51
 10
305327.26
 20
6404340.0
 10
305327.37
 20
6404338.0
 10
305326.0
 20
6404336.27
 10
305324.0
 20
6404336.42
 10
305320.0
 20
6404337.73
 10
305318.0
 20
6404339.57
 10
305316.0
 20
6404340.19
 10
305306.0
 20
6404340.86
 10
305300.0
 20
6404338.93
 10
305298.0
 20
6404337.41
 10
305294.0
 20
6404336.61
 10
305290.0
 20
6404336.38
 10
305289.41
 20
6404336.0
 10
305288.0
 20
6404333.49
 10
305286.0
 20
6404333.04
 10
305282.0
 20
6404331.22
 10
305280.0
 20
6404329.64
 10
305278.0
 20
6404329.41
 10
305276.0
 20
6404328.59
 10
305274.0
 20
6404327.65
 10
305272.0
 20
6404326.17
 10
305270.0
 20
6404325.5
 10
305266.0
 20
6404325.1
 10
305265.0
 20
6404324.0
 10
305262.06
 20
6404322.0
 10
305264.35
 20
6404320.0
 10
305264.0
 20
6404318.29
 10
305262.0
 20
6404318.71
 10
305260.23
 20
6404316.0
 10
305259.75
 20
6404314.0
 10
305259.89
 20
6404312.0
 10
305260.57
 20
6404310.0
 10
305260.59
 20
6404308.0
 10
305258.42
 20
6404304.0
 10
305258.86
 20
6404302.0
 10
305257.24
 20
6404300.0
  0
LWPOLYLINE
  5
39B
330
17
100
AcDbEntity
  8
HOJDKURVOR_GRUND
100
AcDbPolyline
 90
8
 70
0
 10
305680.0
 20
6404360.98
 10
305678.0
 20
6404360.36
 10
305676.0
 20
6404358.98
 10
305672.7
 20
6404356.0
 10
305673.58
 20
6404354.0
 10
305676.0
 20
6404353.21
 10
305678.0
 20
6404352.12
 10
305680.0
 20
6404350.1
  0
LWPOLYLINE
  5
39C
330
17
100
AcDbEntity
  8
HOJDKURVOR_STOD
100
AcDbPolyline
 90
10
 70
0
 10
305680.0
 20
6404347.57
 10
305678.0
 20
6404347.27
 10
305674.0
 20
6404347.42
 10
305672.0
 20
6404347.09
 10
305670.24
 20
6404346.0
 10
305670.0
 20
6404345.52
 10
305667.64
 20
6404346.0
 10
305666.0
 20
6404347.45
 10
305664.0
 20
6404347.85
 10
305662.0
 20
6404349.2
  0
TEXT
  5
39D
330
17
100
AcDbEntity
  8
HOJDKURVOR_TEXT
100
AcDbText
 10
305670.46774419025
 20
6404346.141046118
 30
0.0
 40
1.5
  1
22.5
 50
31.77068598353398
 72
1
 11
305670.46774419025
 21
6404346.141046118
 31
0.0
100
AcDbText
 73
2
  0
LWPOLYLINE
  5
39E
330
17
100
AcDbEntity
  8
HOJDKURVOR_STOD
100
AcDbPolyline
 90
244
 70
0
 10
305650.0
 20
6404349.34
 10
305648.0
 20
6404349.03
 10
305644.0
 20
6404347.6
 10
305642.0
 20
6404347.42
 10
305640.0
 20
6404349.23
 10
305638.0
 20
6404348.97
 10
305633.13
 20
6404352.0
 10
305631.89
 20
6404354.0
 10
305633.29
 20
6404356.0
 10
305632.89
 20
6404358.0
 10
305635.07
 20
6404360.0
 10
305634.0
 20
6404361.19
 10
305632.0
 20
6404362.52
 10
305630.25
 20
6404362.0
 10
305630.0
 20
6404361.67
 10
305629.67
 20
6404362.0
 10
305628.0
 20
6404362.31
 10
305626.0
 20
6404361.26
 10
305620.0
 20
6404360.65
 10
305618.0
 20
6404361.05
 10
305612.84
 20
6404364.0
 10
305610.0
 20
6404364.16
 10
305609.68
 20
6404364.0
 10
305611.41
 20
6404360.0
 10
305610.61
 20
6404358.0
 10
305608.0
 20
6404356.31
 10
305606.0
 20
6404356.84
 10
305604.0
 20
6404358.24
 10
305602.0
 20
6404358.42
 10
305600.0
 20
6404357.94
 10
305594.0
 20
6404358.67
 10
305592.0
 20
6404358.65
 10
305590.0
 20
6404358.18
 10
305586.0
 20
6404356.42
 10
305583.55
 20
6404354.0
 10
305579.63
 20
6404352.0
 10
305577.66
 20
6404350.0
 10
305576.36
 20
6404348.0
 10
305570.75
 20
6404344.0
 10
305568.98
 20
6404342.0
 10
305568.0
 20
6404341.42
 10
305564.43
 20
6404338.0
 10
305562.0
 20
6404336.31
 10
305558.0
 20
6404334.82
 10
305556.0
 20
6404333.73
 10
305552.0
 20
6404333.77
 10
305550.0
 20
6404335.24
 10
305546.0
 20
6404334.48
 10
305544.0
 20
6404333.26
 10
305542.0
 20
6404332.57
 10
305538.95
 20
6404332.0
 10
305536.0
 20
6404330.83
 10
305534.0
 20
6404330.61
 10
305532.7
 20
6404330.0
 10
305530.59
 20
6404328.0
 10
305530.33
 20
6404326.0
 10
305532.0
 20
6404324.12
 10
305534.0
 20
6404323.11
 10
305535.07
 20
6404322.0
 10
305534.0
 20
6404321.55
 10
305532.0
 20
6404321.45
 10
305530.0
 20
6404320.94
 10
305526.0
 20
6404319.48
 10
305520.0
 20
6404321.36
 10
305518.0
 20
6404323.53
 10
305516.0
 20
6404323.84
 10
305512.0
 20
6404322.67
 10
305510.0
 20
6404321.52
 10
305508.31
 20
6404320.0
 10
305507.27
 20
6404320.0
 10
305506.0
 20
6404320.33
 10
305502.0
 20
6404323.69
 10
305500.0
 20
6404324.21
 10
305496.0
 20
6404326.24
 10
305494.0
 20
6404326.49
 10
305493.11
 20
6404326.0
 10
305492.0
 20
6404324.7
 10
305488.0
 20
6404325.76
 10
305486.0
 20
6404327.56
 10
305485.09
 20
6404328.0
 10
305484.0
 20
6404329.41
 10
305480.0
 20
6404328.52
 10
305478.0
 20
6404328.79
 10
305474.0
 20
6404327.41
 10
305470.0
 20
6404327.12
 10
305468.0
 20
6404325.91
 10
305464.0
 20
6404324.42
 10
305461.22
 20
6404324.0
 10
305458.0
 20
6404321.91
 10
305456.0
 20
6404322.84
 10
305454.0
 20
6404321.8
 10
305450.0
 20
6404321.71
 10
305449.28
 20
6404322.0
 10
305448.0
 20
6404324.44
 10
305446.0
 20
6404325.64
 10
305442.0
 20
6404324.76
 10
305438.0
 20
6404327.29
 10
305437.74
 20
6404328.0
 10
305441.63
 20
6404332.0
 10
305440.0
 20
6404333.49
 10
305436.0
 20
6404333.2
 10
305434.0
 20
6404332.03
 10
305432.19
 20
6404330.0
 10
305430.0
 20
6404329.72
 10
305428.0
 20
6404330.94
 10
305426.0
 20
6404331.33
 10
305424.0
 20
6404332.27
 10
305422.0
 20
6404332.44
 10
305419.01
 20
6404330.0
 10
305418.46
 20
6404328.0
 10
305418.0
 20
6404327.57
 10
305416.0
 20
6404326.92
 10
305414.0
 20
6404325.82
 10
305412.0
 20
6404325.57
 10
305410.0
 20
6404323.79
 10
305409.5
 20
6404324.0
 10
305409.68
 20
6404326.0
 10
305410.0
 20
6404326.56
 10
305412.0
 20
6404327.2
 10
305412.42
 20
6404328.0
 10
305414.0
 20
6404329.15
 10
305415.39
 20
6404332.0
 10
305415.82
 20
6404334.0
 10
305414.0
 20
6404334.8
 10
305412.0
 20
6404336.98
 10
305410.0
 20
6404337.31
 10
305407.76
 20
6404336.0
 10
305406.05
 20
6404334.0
 10
305406.64
 20
6404330.0
 10
305406.0
 20
6404329.52
 10
305404.0
 20
6404329.13
 10
305398.44
 20
6404324.0
 10
305398.0
 20
6404322.0
 10
305398.79
 20
6404320.0
 10
305398.0
 20
6404318.5
 10
305397.0
 20
6404318.0
 10
305396.26
 20
6404316.0
 10
305394.29
 20
6404314.0
 10
305393.18
 20
6404312.0
 10
305392.95
 20
6404310.0
 10
305392.0
 20
6404309.0
 10
305388.96
 20
6404312.0
 10
305390.72
 20
6404316.0
 10
305390.33
 20
6404318.0
 10
305388.0
 20
6404320.85
 10
305386.0
 20
6404321.58
 10
305382.0
 20
6404320.37
 10
305380.0
 20
6404321.73
 10
305378.8
 20
6404322.0
 10
305380.0
 20
6404322.35
 10
305381.27
 20
6404324.0
 10
305380.0
 20
6404328.13
 10
305382.0
 20
6404328.71
 10
305383.05
 20
6404330.0
 10
305382.46
 20
6404332.0
 10
305382.0
 20
6404332.5
 10
305380.0
 20
6404332.46
 10
305378.95
 20
6404334.0
 10
305378.82
 20
6404336.0
 10
305380.0
 20
6404336.61
 10
305382.0
 20
6404334.95
 10
305384.0
 20
6404334.43
 10
305384.96
 20
6404336.0
 10
305385.47
 20
6404338.0
 10
305386.0
 20
6404338.53
 10
305388.0
 20
6404337.4
 10
305388.57
 20
6404338.0
 10
305389.19
 20
6404340.0
 10
305388.83
 20
6404342.0
 10
305387.35
 20
6404344.0
 10
305386.15
 20
6404348.0
 10
305384.91
 20
6404350.0
 10
305384.0
 20
6404350.51
 10
305382.0
 20
6404350.93
 10
305380.06
 20
6404350.0
 10
305378.65
 20
6404348.0
 10
305378.0
 20
6404347.76
 10
305376.0
 20
6404349.63
 10
305374.0
 20
6404350.73
 10
305370.0
 20
6404350.9
 10
305368.0
 20
6404351.6
 10
305367.27
 20
6404350.0
 10
305368.41
 20
6404348.0
 10
305368.8
 20
6404346.0
 10
305367.29
 20
6404344.0
 10
305364.0
 20
6404342.81
 10
305363.3
 20
6404342.0
 10
305364.44
 20
6404340.0
 10
305364.72
 20
6404338.0
 10
305364.0
 20
6404337.09
 10
305360.53
 20
6404338.0
 10
305354.0
 20
6404339.12
 10
305352.0
 20
6404340.05
 10
305350.0
 20
6404339.03
 10
305348.27
 20
6404340.0
 10
305348.0
 20
6404340.46
 10
305347.62
 20
6404340.0
 10
305346.0
 20
6404339.49
 10
305342.0
 20
6404339.58
 10
305340.0
 20
6404340.56
 10
305338.0
 20
6404339.51
 10
305334.0
 20
6404341.3
 10
305329.31
 20
6404340.0
 10
305331.62
 20
6404336.0
 10
305330.0
 20
6404335.07
 10
305326.0
 20
6404334.99
 10
305324.0
 20
6404335.49
 10
305322.0
 20
6404336.61
 10
305320.0
 20
6404337.11
 10
305318.0
 20
6404338.72
 10
305316.0
 20
6404339.38
 10
305308.0
 20
6404339.3
 10
305306.0
 20
6404339.94
 10
305300.0
 20
6404337.93
 10
305298.0
 20
6404336.84
 10
305294.0
 20
6404335.56
 10
305292.0
 20
6404335.28
 10
305290.16
 20
6404334.0
 10
305288.6
 20
6404332.0
 10
305288.0
 20
6404331.7
 10
305286.0
 20
6404331.69
 10
305284.0
 20
6404330.78
 10
305282.78
 20
6404330.0
 10
305280.0
 20
6404327.18
 10
305278.0
 20
6404326.45
 10
305274.0
 20
6404326.03
 10
305273.22
 20
6404324.0
 10
305272.0
 20
6404322.36
 10
305268.0
 20
6404323.02
 10
305266.0
 20
6404322.58
 10
305264.97
 20
6404322.0
 10
305265.8
 20
6404320.0
 10
305267.27
 20
6404318.0
 10
305266.0
 20
6404316.19
 10
305264.0
 20
6404316.61
 10
305262.0
 20
6404317.46
 10
305261.01
 20
6404314.0
 10
305260.87
 20
6404312.0
 10
305261.3
 20
6404310.0
 10
305261.27
 20
6404308.0
 10
305260.35
 20
6404306.0
 10
305258.86
 20
6404304.0
 10
305259.45
 20
6404302.0
 10
305258.21
 20
6404300.0
  0
TEXT
  5
39F
330
17
100
AcDbEntity
  8
HOJDKURVOR_TEXT
100
AcDbText
 10
305613.495094448
 20
6404363.625478949
 30
0.0
 40
1.5
  1
22.5
 50
330.2431621532376
 72
1
 11
305613.495094448
 21
6404363.625478949
 31
0.0
100
AcDbText
 73
2
  0
TEXT
  5
3A0
330
17
100
AcDbEntity
  8
HOJDKURVOR_TEXT
100
AcDbText
 10
305530.6129516806
 20
6404325.681467569
 30
0.0
 40
1.5
  1
22.5
 50
-48.385382649278554
 72
1
 11
305530.6129516806
 21
6404325.681467569
 31
0.0
100
AcDbText
 73
2
  0
TEXT
  5
3A1
330
17
100
AcDbEntity
  8
HOJDKURVOR_TEXT
100
AcDbText
 10
305446.7723091394
 20
6404325.176614516
 30
0.0
 40
1.5
  1
22.5
 50
329.03624348362086
 72
1
 11
305446.7723091394
 21
6404325.176614516
 31
0.0
100
AcDbText
 73
2
  0
TEXT
  5
3A2
330
17
100
AcDbEntity
  8
HOJDKURVOR_TEXT
100
AcDbText
 10
305394.87851784343
 20
6404314.597480044
 30
0.0
 40
1.5
  1
22.5
 50
45.43295734684219
 72
1
 11
305394.87851784343
 21
6404314.597480044
 31
0.0
100
AcDbText
 73
2
  0
TEXT
  5
3A3
330
17
100
AcDbEntity
  8
HOJDKURVOR_TEXT
100
AcDbText
 10
305367.9002640983
 20
6404344.808296819
 30
0.0
 40
1.5
  1
22.5
 50
52.94719545891806
 72
1
 11
305367.9002640983
 21
6404344.808296819
 31
0.0
100
AcDbText
 73
2
  0
TEXT
  5
3A4
330
17
100
AcDbEntity
  8
HOJDKURVOR_TEXT
100
AcDbText
 10
305283.60178255034
 20
6404330.525401958
 30
0.0
 40
1.5
  1
22.5
 50
32.59258148188803
 72
1
 11
305283.60178255034
 21
6404330.525401958
 31
0.0
100
AcDbText
 73
2
  0
LWPOLYLINE
  5
3A5
330
17
100
AcDbEntity
  8
HOJDKURVOR_STOD
100
AcDbPolyline
 90
6
 70
0
 10
305680.0
 20
6404359.93
 10
305678.0
 20
6404359.24
 10
305673.7
 20
6404356.0
 10
305674.0
 20
6404355.47
 10
305676.0
 20
6404354.47
 10
305680.0
 20
6404351.71
  0
TEXT
  5
3A6
330
17
100
AcDbEntity
  8
HOJDKURVOR_TEXT
100
AcDbText
 10
305673.75053685287
 20
6404355.910718227
 30
0.0
 40
1.5
  1
22.5
 50
-60.48850145594777
 72
1
 11
305673.75053685287
 21
6404355.910718227
 31
0.0
100
AcDbText
 73
2
  0
LWPOLYLINE
  5
3A7
330
17
100
AcDbEntity
  8
HOJDKURVOR_GRUND
100
AcDbPolyline
 90
217
 70
0
 10
305680.0
 20
6404346.91
 10
305674.0
 20
6404346.11
 10
305672.0
 20
6404346.17
 10
305671.73
 20
6404346.0
 10
305671.35
 20
6404344.0
 10
305670.0
 20
6404343.61
 10
305668.0
 20
6404345.31
 10
305666.0
 20
6404346.0
 10
305662.0
 20
6404348.09
 10
305654.0
 20
6404348.2
 10
305652.0
 20
6404348.65
 10
305650.0
 20
6404348.62
 10
305648.0
 20
6404348.37
 10
305642.0
 20
6404346.22
 10
305640.0
 20
6404347.49
 10
305636.0
 20
6404348.08
 10
305634.0
 20
6404347.75
 10
305633.0
 20
6404348.0
 10
305632.0
 20
6404349.15
 10
305630.0
 20
6404349.13
 10
305626.0
 20
6404350.31
 10
305624.0
 20
6404352.11
 10
305622.0
 20
6404353.1
 10
305620.0
 20
6404355.08
 10
305616.0
 20
6404355.89
 10
305610.0
 20
6404355.41
 10
305608.0
 20
6404353.87
 10
305606.0
 20
6404355.87
 10
305604.0
 20
6404357.16
 10
305600.0
 20
6404357.21
 10
305594.0
 20
6404358.24
 10
305592.0
 20
6404358.28
 10
305586.0
 20
6404356.1
 10
305584.0
 20
6404353.88
 10
305580.29
 20
6404352.0
 10
305578.41
 20
6404350.0
 10
305577.57
 20
6404348.0
 10
305574.0
 20
6404345.48
 10
305572.41
 20
6404344.0
 10
305570.96
 20
6404342.0
 10
305568.0
 20
6404340.17
 10
305565.7
 20
6404338.0
 10
305560.34
 20
6404334.0
 10
305558.0
 20
6404331.51
 10
305556.0
 20
6404330.7
 10
305554.0
 20
6404331.08
 10
305552.0
 20
6404329.86
 10
305550.0
 20
6404329.88
 10
305549.57
 20
6404330.0
 10
305549.64
 20
6404332.0
 10
305548.0
 20
6404332.47
 10
305546.62
 20
6404332.0
 10
305546.0
 20
6404330.4
 10
305544.4
 20
6404332.0
 10
305544.0
 20
6404332.02
 10
305542.0
 20
6404330.79
 10
305538.0
 20
6404329.47
 10
305532.0
 20
6404328.22
 10
305532.0
 20
6404326.67
 10
305534.0
 20
6404326.78
 10
305536.0
 20
6404326.0
 10
305540.0
 20
6404325.53
 10
305542.0
 20
6404327.3
 10
305543.88
 20
6404328.0
 10
305546.0
 20
6404329.87
 10
305548.0
 20
6404328.95
 10
305548.34
 20
6404328.0
 10
305546.0
 20
6404327.59
 10
305544.0
 20
6404325.94
 10
305542.0
 20
6404323.37
 10
305540.0
 20
6404322.27
 10
305534.0
 20
6404320.06
 10
305532.0
 20
6404318.26
 10
305530.0
 20
6404317.79
 10
305528.0
 20
6404316.76
 10
305526.0
 20
6404317.42
 10
305520.67
 20
6404318.0
 10
305516.0
 20
6404318.9
 10
305512.0
 20
6404318.11
 10
305510.0
 20
6404318.53
 10
305506.0
 20
6404318.49
 10
305502.0
 20
6404317.57
 10
305496.0
 20
6404321.71
 10
305494.0
 20
6404322.07
 10
305490.0
 20
6404323.82
 10
305488.0
 20
6404324.82
 10
305486.0
 20
6404326.44
 10
305484.0
 20
6404327.55
 10
305482.0
 20
6404327.28
 10
305478.0
 20
6404327.8
 10
305476.0
 20
6404327.11
 10
305474.31
 20
6404326.0
 10
305474.0
 20
6404325.43
 10
305472.0
 20
6404325.79
 10
305470.0
 20
6404325.61
 10
305466.0
 20
6404323.26
 10
305464.0
 20
6404322.87
 10
305460.0
 20
6404321.16
 10
305458.0
 20
6404320.77
 10
305456.0
 20
6404321.62
 10
305452.0
 20
6404320.54
 10
305448.0
 20
6404319.92
 10
305444.0
 20
6404323.08
 10
305442.0
 20
6404322.7
 10
305440.0
 20
6404321.69
 10
305438.0
 20
6404321.71
 10
305436.0
 20
6404323.0
 10
305434.0
 20
6404323.6
 10
305433.5
 20
6404324.0
 10
305435.25
 20
6404326.0
 10
305434.58
 20
6404328.0
 10
305434.0
 20
6404328.37
 10
305430.0
 20
6404327.95
 10
305428.0
 20
6404328.07
 10
305426.0
 20
6404326.22
 10
305424.0
 20
6404327.32
 10
305420.0
 20
6404328.0
 10
305416.0
 20
6404324.31
 10
305412.0
 20
6404322.81
 10
305410.0
 20
6404321.03
 10
305408.0
 20
6404321.86
 10
305404.0
 20
6404320.86
 10
305403.39
 20
6404320.0
 10
305400.85
 20
6404318.0
 10
305398.0
 20
6404316.68
 10
305395.51
 20
6404314.0
 10
305395.61
 20
6404312.0
 10
305395.08
 20
6404310.0
 10
305395.28
 20
6404308.0
 10
305394.65
 20
6404306.0
 10
305395.17
 20
6404304.0
 10
305392.0
 20
6404301.88
 10
305391.5
 20
6404304.0
 10
305390.0
 20
6404304.55
 10
305386.0
 20
6404307.5
 10
305384.0
 20
6404307.43
 10
305383.87
 20
6404308.0
 10
305386.0
 20
6404308.77
 10
305386.42
 20
6404312.0
 10
305388.0
 20
6404313.62
 10
305389.35
 20
6404316.0
 10
305389.15
 20
6404318.0
 10
305388.0
 20
6404319.56
 10
305386.0
 20
6404320.06
 10
305384.0
 20
6404318.0
 10
305380.0
 20
6404318.76
 10
305378.0
 20
6404318.11
 10
305375.28
 20
6404316.0
 10
305374.58
 20
6404314.0
 10
305374.0
 20
6404313.71
 10
305372.0
 20
6404313.63
 10
305370.0
 20
6404314.93
 10
305369.46
 20
6404316.0
 10
305370.41
 20
6404318.0
 10
305372.25
 20
6404320.0
 10
305376.0
 20
6404321.47
 10
305377.71
 20
6404324.0
 10
305377.49
 20
6404328.0
 10
305376.94
 20
6404330.0
 10
305374.0
 20
6404332.6
 10
305372.0
 20
6404332.94
 10
305371.72
 20
6404334.0
 10
305374.0
 20
6404336.88
 10
305375.31
 20
6404338.0
 10
305375.08
 20
6404340.0
 10
305378.0
 20
6404340.57
 10
305381.07
 20
6404340.0
 10
305382.0
 20
6404339.3
 10
305382.64
 20
6404340.0
 10
305383.17
 20
6404342.0
 10
305382.0
 20
6404345.0
 10
305378.0
 20
6404346.96
 10
305376.0
 20
6404348.85
 10
305374.0
 20
6404349.4
 10
305372.0
 20
6404348.75
 10
305370.49
 20
6404346.0
 10
305370.91
 20
6404344.0
 10
305370.0
 20
6404343.2
 10
305368.0
 20
6404343.55
 10
305364.51
 20
6404342.0
 10
305365.57
 20
6404338.0
 10
305364.0
 20
6404336.0
 10
305358.0
 20
6404337.54
 10
305354.0
 20
6404337.77
 10
305352.0
 20
6404337.48
 10
305350.52
 20
6404336.0
 10
305350.0
 20
6404335.04
 10
305348.0
 20
6404335.55
 10
305346.0
 20
6404337.2
 10
305344.0
 20
6404337.71
 10
305342.0
 20
6404337.0
 10
305341.08
 20
6404338.0
 10
305340.0
 20
6404338.52
 10
305338.0
 20
6404338.29
 10
305336.0
 20
6404338.84
 10
305334.0
 20
6404340.05
 10
305331.42
 20
6404340.0
 10
305331.57
 20
6404338.0
 10
305336.0
 20
6404333.24
 10
305338.0
 20
6404333.06
 10
305340.0
 20
6404336.6
 10
305340.67
 20
6404336.0
 10
305342.2
 20
6404332.0
 10
305342.0
 20
6404330.6
 10
305340.0
 20
6404329.73
 10
305338.0
 20
6404329.4
 10
305335.88
 20
6404330.0
 10
305330.75
 20
6404332.0
 10
305328.0
 20
6404333.91
 10
305326.0
 20
6404333.92
 10
305322.0
 20
6404336.02
 10
305320.0
 20
6404336.49
 10
305318.0
 20
6404337.87
 10
305316.0
 20
6404338.55
 10
305308.0
 20
6404337.95
 10
305306.0
 20
6404338.51
 10
305304.0
 20
6404338.43
  0
LWPOLYLINE
  5
3A8
330
17
100
AcDbEntity
  8
HOJDKURVOR_GRUND
100
AcDbPolyline
 90
29
 70
0
 10
305292.0
 20
6404334.37
 10
305291.47
 20
6404334.0
 10
305290.0
 20
6404331.61
 10
305288.0
 20
6404330.69
 10
305286.0
 20
6404330.52
 10
305284.93
 20
6404330.0
 10
305280.55
 20
6404326.0
 10
305278.0
 20
6404324.42
 10
305276.17
 20
6404324.0
 10
305274.0
 20
6404319.56
 10
305272.0
 20
6404316.94
 10
305270.0
 20
6404317.43
 10
305269.44
 20
6404316.0
 10
305269.2
 20
6404314.0
 10
305268.0
 20
6404313.04
 10
305264.0
 20
6404314.47
 10
305262.0
 20
6404312.75
 10
305261.83
 20
6404312.0
 10
305262.19
 20
6404310.0
 10
305264.0
 20
6404309.27
 10
305264.61
 20
6404308.0
 10
305264.0
 20
6404307.69
 10
305262.22
 20
6404308.0
 10
305262.0
 20
6404309.33
 10
305261.95
 20
6404308.0
 10
305260.92
 20
6404306.0
 10
305259.31
 20
6404304.0
 10
305260.04
 20
6404302.0
 10
305259.7
 20
6404300.0
  0
LWPOLYLINE
  5
3A9
330
17
100
AcDbEntity
  8
HOJDKURVOR_GRUND
100
AcDbPolyline
 90
4
 70
0
 10
305680.0
 20
6404359.03
 10
305678.0
 20
6404358.38
 10
305675.4
 20
6404356.0
 10
305680.0
 20
6404352.81
  0
LWPOLYLINE
  5
3AA
330
17
100
AcDbEntity
  8
HOJDKURVOR_GRUND
100
AcDbPolyline
 90
101
 70
0
 10
305389.09
 20
6404300.0
 10
305387.46
 20
6404302.0
 10
305381.06
 20
6404306.0
 10
305381.3
 20
6404308.0
 10
305382.0
 20
6404309.0
 10
305383.91
 20
6404310.0
 10
305384.55
 20
6404312.0
 10
305386.18
 20
6404314.0
 10
305386.0
 20
6404314.15
 10
305382.0
 20
6404316.81
 10
305380.0
 20
6404316.93
 10
305378.77
 20
6404316.0
 10
305378.63
 20
6404314.0
 10
305380.0
 20
6404312.38
 10
305380.86
 20
6404312.0
 10
305376.0
 20
6404310.72
 10
305374.0
 20
6404312.1
 10
305372.0
 20
6404311.85
 10
305370.0
 20
6404312.95
 10
305369.14
 20
6404314.0
 10
305368.0
 20
6404316.62
 10
305366.46
 20
6404318.0
 10
305367.0
 20
6404320.0
 10
305368.0
 20
6404321.0
 10
305370.0
 20
6404320.11
 10
305374.56
 20
6404322.0
 10
305376.29
 20
6404324.0
 10
305376.0
 20
6404328.11
 10
305374.0
 20
6404330.09
 10
305372.0
 20
6404330.65
 10
305370.42
 20
6404332.0
 10
305370.18
 20
6404334.0
 10
305372.94
 20
6404340.0
 10
305372.0
 20
6404341.05
 10
305370.51
 20
6404342.0
 10
305368.0
 20
6404342.57
 10
305365.5
 20
6404342.0
 10
305365.74
 20
6404340.0
 10
305366.39
 20
6404338.0
 10
305365.28
 20
6404336.0
 10
305365.08
 20
6404332.0
 10
305364.0
 20
6404330.82
 10
305360.38
 20
6404334.0
 10
305359.54
 20
6404336.0
 10
305358.0
 20
6404336.72
 10
305356.0
 20
6404336.79
 10
305353.23
 20
6404336.0
 10
305352.0
 20
6404334.27
 10
305351.85
 20
6404334.0
 10
305353.35
 20
6404332.0
 10
305353.36
 20
6404330.0
 10
305352.0
 20
6404329.63
 10
305351.69
 20
6404330.0
 10
305351.41
 20
6404332.0
 10
305350.0
 20
6404333.18
 10
305344.0
 20
6404334.57
 10
305343.63
 20
6404332.0
 10
305344.65
 20
6404330.0
 10
305344.86
 20
6404328.0
 10
305344.0
 20
6404327.41
 10
305342.0
 20
6404327.37
 10
305338.0
 20
6404327.97
 10
305336.0
 20
6404329.17
 10
305334.0
 20
6404329.69
 10
305332.0
 20
6404330.93
 10
305330.0
 20
6404330.96
 10
305328.0
 20
6404332.37
 10
305326.0
 20
6404332.67
 10
305322.0
 20
6404335.3
 10
305320.0
 20
6404335.82
 10
305318.0
 20
6404337.09
 10
305316.0
 20
6404337.67
 10
305314.0
 20
6404337.04
 10
305308.0
 20
6404336.76
 10
305304.0
 20
6404337.32
 10
305302.0
 20
6404336.62
 10
305300.0
 20
6404336.55
 10
305293.46
 20
6404334.0
 10
305292.0
 20
6404332.97
 10
305290.0
 20
6404330.29
 10
305286.0
 20
6404328.83
 10
305284.0
 20
6404327.71
 10
305282.0
 20
6404325.26
 10
305279.47
 20
6404324.0
 10
305278.0
 20
6404321.59
 10
305276.0
 20
6404319.18
 10
305274.92
 20
6404316.0
 10
305275.1
 20
6404314.0
 10
305274.83
 20
6404312.0
 10
305274.0
 20
6404310.98
 10
305272.0
 20
6404312.18
 10
305270.0
 20
6404311.87
 10
305268.0
 20
6404310.86
 10
305266.0
 20
6404311.16
 10
305265.27
 20
6404310.0
 10
305265.52
 20
6404308.0
 10
305264.0
 20
6404307.23
 10
305262.0
 20
6404306.97
 10
305259.75
 20
6404304.0
 10
305260.79
 20
6404302.0
 10
305260.76
 20
6404300.0
  0
LWPOLYLINE
  5
3AB
330
17
100
AcDbEntity
  8
HOJDKURVOR_GRUND
100
AcDbPolyline
 90
41
 70
0
 10
305680.0
 20
6404346.25
 10
305677.58
 20
6404346.0
 10
305676.0
 20
6404343.86
 10
305674.0
 20
6404343.09
 10
305672.0
 20
6404341.81
 10
305670.0
 20
6404342.84
 10
305668.0
 20
6404344.75
 10
305664.0
 20
6404346.36
 10
305658.0
 20
6404347.46
 10
305654.0
 20
6404347.47
 10
305652.0
 20
6404347.88
 10
305648.0
 20
6404347.65
 10
305644.0
 20
6404346.37
 10
305642.0
 20
6404345.4
 10
305638.0
 20
6404346.65
 10
305632.0
 20
6404347.16
 10
305628.0
 20
6404348.1
 10
305624.0
 20
6404348.4
 10
305622.0
 20
6404349.5
 10
305620.0
 20
6404349.32
 10
305618.0
 20
6404350.0
 10
305620.0
 20
6404352.0
 10
305618.67
 20
6404354.0
 10
305618.0
 20
6404354.34
 10
305616.0
 20
6404354.78
 10
305614.0
 20
6404354.09
 10
305611.8
 20
6404354.0
 10
305608.0
 20
6404352.82
 10
305606.0
 20
6404354.96
 10
305604.0
 20
6404356.07
 10
305602.0
 20
6404355.83
 10
305594.0
 20
6404357.71
 10
305592.0
 20
6404357.78
 10
305586.0
 20
6404355.51
 10
305584.0
 20
6404353.4
 10
305581.18
 20
6404352.0
 10
305579.1
 20
6404350.0
 10
305578.0
 20
6404346.79
 10
305576.25
 20
6404346.0
 10
305574.0
 20
6404344.36
 10
305572.68
 20
6404342.0
  0
LWPOLYLINE
  5
3AC
330
17
100
AcDbEntity
  8
HOJDKURVOR_GRUND
100
AcDbPolyline
 90
99
 70
0
 10
305562.0
 20
6404334.5
 10
305559.71
 20
6404332.0
 10
305556.0
 20
6404329.15
 10
305550.11
 20
6404328.0
 10
305548.0
 20
6404326.68
 10
305546.0
 20
6404326.12
 10
305543.61
 20
6404324.0
 10
305542.91
 20
6404322.0
 10
305542.62
 20
6404320.0
 10
305542.0
 20
6404319.5
 10
305538.0
 20
6404318.4
 10
305536.0
 20
6404319.15
 10
305533.8
 20
6404318.0
 10
305533.86
 20
6404316.0
 10
305532.0
 20
6404315.42
 10
305530.0
 20
6404315.16
 10
305528.0
 20
6404315.44
 10
305526.0
 20
6404316.53
 10
305524.0
 20
6404316.59
 10
305522.0
 20
6404316.28
 10
305520.0
 20
6404316.48
 10
305518.0
 20
6404315.93
 10
305514.0
 20
6404315.71
 10
305510.0
 20
6404316.9
 10
305508.0
 20
6404317.08
 10
305506.0
 20
6404316.99
 10
305502.0
 20
6404315.12
 10
305500.0
 20
6404316.67
 10
305499.41
 20
6404318.0
 10
305496.0
 20
6404320.42
 10
305492.0
 20
6404321.97
 10
305490.0
 20
6404322.33
 10
305484.0
 20
6404326.69
 10
305482.0
 20
6404326.21
 10
305478.0
 20
6404326.67
 10
305476.0
 20
6404326.26
 10
305475.61
 20
6404326.0
 10
305475.08
 20
6404324.0
 10
305474.0
 20
6404323.25
 10
305472.0
 20
6404324.04
 10
305470.0
 20
6404324.09
 10
305468.0
 20
6404322.19
 10
305464.0
 20
6404321.62
 10
305460.0
 20
6404319.82
 10
305458.0
 20
6404319.43
 10
305456.0
 20
6404320.45
 10
305454.0
 20
6404320.35
 10
305453.13
 20
6404320.0
 10
305452.0
 20
6404318.68
 10
305448.0
 20
6404317.34
 10
305446.0
 20
6404317.37
 10
305445.07
 20
6404318.0
 10
305444.0
 20
6404319.47
 10
305442.0
 20
6404319.84
 10
305440.0
 20
6404319.08
 10
305436.0
 20
6404321.08
 10
305432.0
 20
6404320.84
 10
305430.17
 20
6404322.0
 10
305430.74
 20
6404324.0
 10
305430.0
 20
6404325.36
 10
305428.0
 20
6404325.3
 10
305425.3
 20
6404324.0
 10
305422.92
 20
6404322.0
 10
305425.22
 20
6404320.0
 10
305424.51
 20
6404318.0
 10
305424.0
 20
6404317.67
 10
305422.75
 20
6404318.0
 10
305422.0
 20
6404319.33
 10
305420.0
 20
6404318.29
 10
305419.37
 20
6404320.0
 10
305418.0
 20
6404321.86
 10
305416.0
 20
6404320.85
 10
305414.0
 20
6404320.95
 10
305413.26
 20
6404320.0
 10
305414.0
 20
6404318.82
 10
305416.0
 20
6404318.67
 10
305417.0
 20
6404318.0
 10
305414.0
 20
6404313.79
 10
305412.0
 20
6404312.86
 10
305410.86
 20
6404314.0
 10
305411.17
 20
6404316.0
 10
305410.0
 20
6404318.0
 10
305408.0
 20
6404318.29
 10
305406.0
 20
6404317.18
 10
305404.0
 20
6404318.29
 10
305402.0
 20
6404316.67
 10
305400.0
 20
6404316.42
 10
305399.12
 20
6404316.0
 10
305397.58
 20
6404314.0
 10
305398.0
 20
6404311.83
 10
305399.1
 20
6404310.0
 10
305400.43
 20
6404306.0
 10
305402.0
 20
6404303.58
 10
305404.0
 20
6404304.55
 10
305404.41
 20
6404304.0
 10
305402.0
 20
6404300.8
 10
305400.0
 20
6404301.12
 10
305398.0
 20
6404300.8
 10
305395.88
 20
6404300.0
  0
LWPOLYLINE
  5
3AD
330
17
100
AcDbEntity
  8
HOJDKURVOR_GRUND
100
AcDbPolyline
 90
65
 70
0
 10
305386.93
 20
6404300.0
 10
305386.0
 20
6404301.25
 10
305384.0
 20
6404302.39
 10
305380.0
 20
6404305.55
 10
305378.0
 20
6404305.61
 10
305374.0
 20
6404309.84
 10
305370.0
 20
6404311.53
 10
305368.0
 20
6404313.65
 10
305366.0
 20
6404314.92
 10
305362.0
 20
6404313.69
 10
305360.0
 20
6404313.54
 10
305359.32
 20
6404314.0
 10
305360.65
 20
6404316.0
 10
305362.0
 20
6404317.17
 10
305363.73
 20
6404318.0
 10
305362.5
 20
6404320.0
 10
305361.2
 20
6404326.0
 10
305358.95
 20
6404328.0
 10
305358.0
 20
6404330.4
 10
305355.04
 20
6404328.0
 10
305354.13
 20
6404326.0
 10
305356.0
 20
6404325.07
 10
305358.23
 20
6404322.0
 10
305356.0
 20
6404320.22
 10
305354.0
 20
6404320.37
 10
305352.0
 20
6404321.05
 10
305350.0
 20
6404323.13
 10
305348.19
 20
6404324.0
 10
305348.0
 20
6404324.56
 10
305346.0
 20
6404325.8
 10
305338.0
 20
6404327.41
 10
305336.0
 20
6404328.38
 10
305334.0
 20
6404328.87
 10
305332.0
 20
6404330.21
 10
305330.0
 20
6404329.64
 10
305328.0
 20
6404331.18
 10
305326.0
 20
6404331.46
 10
305322.0
 20
6404334.58
 10
305320.0
 20
6404334.94
 10
305318.0
 20
6404336.3
 10
305316.0
 20
6404336.69
 10
305314.0
 20
6404335.54
 10
305308.0
 20
6404335.6
 10
305306.0
 20
6404336.02
 10
305302.0
 20
6404335.64
 10
305300.0
 20
6404335.83
 10
305295.1
 20
6404334.0
 10
305292.76
 20
6404332.0
 10
305290.0
 20
6404328.34
 10
305284.0
 20
6404326.13
 10
305282.9
 20
6404324.0
 10
305280.0
 20
6404322.2
 10
305278.52
 20
6404318.0
 10
305277.12
 20
6404316.0
 10
305276.23
 20
6404314.0
 10
305276.39
 20
6404312.0
 10
305276.0
 20
6404309.96
 10
305274.0
 20
6404309.28
 10
305270.0
 20
6404309.66
 10
305268.0
 20
6404309.32
 10
305266.0
 20
6404307.57
 10
305262.16
 20
6404306.0
 10
305260.57
 20
6404304.0
 10
305261.54
 20
6404302.0
 10
305261.71
 20
6404300.0
  0
LWPOLYLINE
  5
3AE
330
17
100
AcDbEntity
  8
HOJDKURVOR_GRUND
100
AcDbPolyline
 90
113
 70
0
 10
305680.0
 20
6404345.48
 10
305678.0
 20
6404345.06
 10
305677.01
 20
6404344.0
 10
305676.0
 20
6404341.43
 10
305674.0
 20
6404339.81
 10
305670.0
 20
6404342.06
 10
305668.0
 20
6404344.18
 10
305664.0
 20
6404345.63
 10
305662.0
 20
6404345.54
 10
305658.0
 20
6404346.64
 10
305648.0
 20
6404346.84
 10
305646.0
 20
6404346.51
 10
305642.0
 20
6404344.67
 10
305640.0
 20
6404344.68
 10
305638.0
 20
6404345.68
 10
305634.0
 20
6404346.07
 10
305632.0
 20
6404345.95
 10
305626.0
 20
6404346.9
 10
305624.0
 20
6404346.86
 10
305622.0
 20
6404346.19
 10
305620.0
 20
6404347.42
 10
305615.7
 20
6404348.0
 10
305612.0
 20
6404351.08
 10
305608.0
 20
6404351.86
 10
305606.0
 20
6404354.05
 10
305604.0
 20
6404354.85
 10
305602.0
 20
6404355.01
 10
305596.0
 20
6404356.74
 10
305594.0
 20
6404357.06
 10
305592.0
 20
6404356.87
 10
305586.0
 20
6404354.81
 10
305584.0
 20
6404352.92
 10
305582.08
 20
6404352.0
 10
305579.8
 20
6404350.0
 10
305578.95
 20
6404348.0
 10
305578.91
 20
6404346.0
 10
305578.15
 20
6404344.0
 10
305576.0
 20
6404343.61
 10
305571.82
 20
6404340.0
 10
305565.23
 20
6404336.0
 10
305564.0
 20
6404334.56
 10
305563.05
 20
6404334.0
 10
305562.0
 20
6404331.76
 10
305560.0
 20
6404331.06
 10
305558.58
 20
6404330.0
 10
305558.0
 20
6404328.69
 10
305556.0
 20
6404327.42
 10
305552.0
 20
6404325.69
 10
305550.0
 20
6404326.18
 10
305548.0
 20
6404324.27
 10
305545.74
 20
6404324.0
 10
305547.04
 20
6404322.0
 10
305546.0
 20
6404320.78
 10
305541.68
 20
6404318.0
 10
305538.0
 20
6404316.69
 10
305537.15
 20
6404316.0
 10
305538.55
 20
6404312.0
 10
305538.0
 20
6404311.73
 10
305536.67
 20
6404312.0
 10
305536.0
 20
6404312.53
 10
305532.0
 20
6404312.91
 10
305528.0
 20
6404314.47
 10
305526.0
 20
6404315.6
 10
305524.0
 20
6404315.63
 10
305522.0
 20
6404315.14
 10
305518.0
 20
6404315.11
 10
305514.0
 20
6404314.42
 10
305510.0
 20
6404314.45
 10
305508.0
 20
6404315.11
 10
305506.0
 20
6404315.09
 10
305504.88
 20
6404314.0
 10
305504.0
 20
6404313.6
 10
305500.0
 20
6404312.88
 10
305498.0
 20
6404311.83
 10
305494.0
 20
6404311.32
 10
305492.52
 20
6404312.0
 10
305492.86
 20
6404314.0
 10
305490.94
 20
6404316.0
 10
305489.88
 20
6404318.0
 10
305488.0
 20
6404320.0
 10
305486.56
 20
6404324.0
 10
305484.0
 20
6404325.71
 10
305482.0
 20
6404325.19
 10
305478.0
 20
6404325.3
 10
305476.94
 20
6404324.0
 10
305476.0
 20
6404321.25
 10
305474.0
 20
6404321.26
 10
305472.0
 20
6404320.13
 10
305470.0
 20
6404319.93
 10
305464.0
 20
6404320.49
 10
305460.0
 20
6404318.33
 10
305458.0
 20
6404317.66
 10
305456.0
 20
6404319.13
 10
305452.0
 20
6404316.74
 10
305447.8
 20
6404316.0
 10
305446.0
 20
6404315.18
 10
305442.0
 20
6404314.77
 10
305440.0
 20
6404316.0
 10
305438.0
 20
6404318.0
 10
305434.0
 20
6404318.68
 10
305428.0
 20
6404318.42
 10
305424.0
 20
6404316.0
 10
305422.0
 20
6404316.13
 10
305417.45
 20
6404314.0
 10
305415.43
 20
6404312.0
 10
305415.61
 20
6404310.0
 10
305414.5
 20
6404308.0
 10
305414.0
 20
6404307.45
 10
305412.0
 20
6404307.71
 10
305410.0
 20
6404305.09
 10
305408.53
 20
6404304.0
 10
305408.23
 20
6404302.0
 10
305406.65
 20
6404300.0
  0
LWPOLYLINE
  5
3AF
330
17
100
AcDbEntity
  8
HOJDKURVOR_GRUND
100
AcDbPolyline
 90
61
 70
0
 10
305385.17
 20
6404300.0
 10
305384.0
 20
6404300.75
 10
305382.0
 20
6404300.97
 10
305380.0
 20
6404302.0
 10
305379.76
 20
6404304.0
 10
305378.0
 20
6404304.67
 10
305376.0
 20
6404306.69
 10
305368.0
 20
6404311.74
 10
305366.0
 20
6404312.25
 10
305365.43
 20
6404312.0
 10
305364.0
 20
6404309.9
 10
305362.0
 20
6404312.0
 10
305360.0
 20
6404312.5
 10
305358.0
 20
6404311.61
 10
305356.0
 20
6404311.79
 10
305355.86
 20
6404312.0
 10
305357.83
 20
6404314.0
 10
305358.32
 20
6404316.0
 10
305358.0
 20
6404318.0
 10
305356.0
 20
6404317.6
 10
305355.19
 20
6404318.0
 10
305352.0
 20
6404320.13
 10
305350.0
 20
6404322.46
 10
305348.0
 20
6404323.39
 10
305346.0
 20
6404324.98
 10
305342.0
 20
6404326.01
 10
305340.0
 20
6404326.21
 10
305334.0
 20
6404328.05
 10
305332.0
 20
6404328.06
 10
305330.0
 20
6404328.63
 10
305328.0
 20
6404330.11
 10
305326.0
 20
6404330.28
 10
305324.0
 20
6404331.67
 10
305322.0
 20
6404333.62
 10
305320.0
 20
6404334.05
 10
305318.0
 20
6404335.13
 10
305316.0
 20
6404335.36
 10
305314.0
 20
6404333.88
 10
305312.0
 20
6404334.7
 10
305310.0
 20
6404334.8
 10
305308.0
 20
6404334.47
 10
305300.0
 20
6404334.97
 10
305296.47
 20
6404334.0
 10
305294.42
 20
6404332.0
 10
305293.6
 20
6404330.0
 10
305292.0
 20
6404327.44
 10
305288.0
 20
6404325.65
 10
305286.0
 20
6404324.29
 10
305284.52
 20
6404322.0
 10
305282.0
 20
6404319.82
 10
305277.87
 20
6404314.0
 10
305276.83
 20
6404310.0
 10
305276.0
 20
6404308.08
 10
305272.0
 20
6404308.32
 10
305270.0
 20
6404307.7
 10
305268.0
 20
6404308.26
 10
305266.0
 20
6404306.68
 10
305263.27
 20
6404306.0
 10
305261.87
 20
6404304.0
 10
305262.9
 20
6404302.0
 10
305262.89
 20
6404300.0
  0
LWPOLYLINE
  5
3B0
330
17
100
AcDbEntity
  8
HOJDKURVOR_GRUND
100
AcDbPolyline
 90
141
 70
0
 10
305680.0
 20
6404344.64
 10
305677.96
 20
6404344.0
 10
305676.67
 20
6404340.0
 10
305677.31
 20
6404336.0
 10
305676.0
 20
6404331.33
 10
305675.93
 20
6404332.0
 10
305673.88
 20
6404334.0
 10
305675.06
 20
6404336.0
 10
305674.0
 20
6404337.97
 10
305668.0
 20
6404343.46
 10
305664.0
 20
6404344.91
 10
305662.0
 20
6404344.64
 10
305660.0
 20
6404345.44
 10
305654.0
 20
6404346.17
 10
305650.0
 20
6404345.83
 10
305648.0
 20
6404346.03
 10
305646.0
 20
6404345.82
 10
305644.0
 20
6404344.51
 10
305640.0
 20
6404343.49
 10
305638.0
 20
6404344.6
 10
305628.0
 20
6404345.08
 10
305626.0
 20
6404345.1
 10
305624.0
 20
6404343.91
 10
305622.0
 20
6404344.58
 10
305620.0
 20
6404346.18
 10
305618.0
 20
6404346.94
 10
305614.0
 20
6404347.83
 10
305612.0
 20
6404349.45
 10
305610.0
 20
6404349.91
 10
305606.78
 20
6404352.0
 10
305606.0
 20
6404352.91
 10
305600.0
 20
6404355.14
 10
305596.0
 20
6404356.25
 10
305594.0
 20
6404356.41
 10
305590.0
 20
6404355.59
 10
305586.0
 20
6404354.11
 10
305580.94
 20
6404350.0
 10
305580.0
 20
6404349.06
 10
305579.53
 20
6404348.0
 10
305580.3
 20
6404346.0
 10
305580.35
 20
6404344.0
 10
305576.0
 20
6404342.2
 10
305573.43
 20
6404340.0
 10
305566.58
 20
6404336.0
 10
305564.53
 20
6404332.0
 10
305562.95
 20
6404330.0
 10
305562.0
 20
6404329.46
 10
305560.0
 20
6404327.27
 10
305557.87
 20
6404326.0
 10
305557.2
 20
6404324.0
 10
305557.64
 20
6404322.0
 10
305556.0
 20
6404320.44
 10
305554.0
 20
6404321.05
 10
305550.48
 20
6404318.0
 10
305550.0
 20
6404316.91
 10
305548.0
 20
6404317.07
 10
305544.83
 20
6404316.0
 10
305544.0
 20
6404315.33
 10
305543.75
 20
6404316.0
 10
305542.0
 20
6404316.9
 10
305539.37
 20
6404316.0
 10
305540.0
 20
6404314.71
 10
305542.57
 20
6404314.0
 10
305540.0
 20
6404312.67
 10
305539.92
 20
6404312.0
 10
305542.0
 20
6404311.28
 10
305542.7
 20
6404310.0
 10
305542.0
 20
6404309.34
 10
305540.0
 20
6404309.46
 10
305538.0
 20
6404311.06
 10
305534.0
 20
6404311.57
 10
305532.0
 20
6404311.38
 10
305528.0
 20
6404313.16
 10
305526.0
 20
6404314.59
 10
305524.0
 20
6404314.69
 10
305522.0
 20
6404314.08
 10
305518.0
 20
6404314.28
 10
305514.0
 20
6404313.37
 10
305508.0
 20
6404313.67
 10
305506.0
 20
6404313.41
 10
305504.0
 20
6404312.17
 10
305496.0
 20
6404309.8
 10
305494.0
 20
6404309.75
 10
305492.0
 20
6404308.89
 10
305490.0
 20
6404308.65
 10
305488.67
 20
6404308.0
 10
305488.4
 20
6404306.0
 10
305486.0
 20
6404304.6
 10
305485.22
 20
6404306.0
 10
305487.5
 20
6404308.0
 10
305488.39
 20
6404310.0
 10
305490.13
 20
6404312.0
 10
305490.0
 20
6404312.86
 10
305488.67
 20
6404314.0
 10
305488.0
 20
6404316.11
 10
305485.16
 20
6404318.0
 10
305484.0
 20
6404320.0
 10
305486.0
 20
6404321.65
 10
305486.0
 20
6404322.19
 10
305484.0
 20
6404324.24
 10
305482.0
 20
6404324.18
 10
305480.2
 20
6404324.0
 10
305478.67
 20
6404322.0
 10
305480.8
 20
6404320.0
 10
305480.0
 20
6404318.0
 10
305477.67
 20
6404316.0
 10
305476.0
 20
6404315.53
 10
305474.0
 20
6404316.76
 10
305470.0
 20
6404317.21
 10
305466.0
 20
6404315.51
 10
305464.78
 20
6404316.0
 10
305464.0
 20
6404317.2
 10
305462.0
 20
6404317.5
 10
305458.0
 20
6404315.93
 10
305456.0
 20
6404317.5
 10
305452.0
 20
6404315.45
 10
305448.0
 20
6404314.22
 10
305446.0
 20
6404312.0
 10
305444.0
 20
6404311.56
 10
305442.0
 20
6404309.9
 10
305441.0
 20
6404310.0
 10
305440.0
 20
6404310.67
 10
305439.33
 20
6404312.0
 10
305438.86
 20
6404314.0
 10
305438.0
 20
6404314.83
 10
305436.0
 20
6404315.65
 10
305434.0
 20
6404315.52
 10
305432.64
 20
6404314.0
 10
305432.0
 20
6404312.36
 10
305430.0
 20
6404312.0
 10
305428.0
 20
6404313.83
 10
305427.43
 20
6404314.0
 10
305426.0
 20
6404314.37
 10
305423.36
 20
6404314.0
 10
305421.65
 20
6404312.0
 10
305421.89
 20
6404310.0
 10
305421.0
 20
6404308.0
 10
305423.5
 20
6404306.0
 10
305423.96
 20
6404304.0
 10
305422.0
 20
6404301.25
 10
305420.48
 20
6404300.0
  0
LWPOLYLINE
  5
3B1
330
17
100
AcDbEntity
  8
HOJDKURVOR_STOD
100
AcDbPolyline
 90
65
 70
0
 10
305323.8
 20
6404300.0
 10
305323.78
 20
6404302.0
 10
305322.4
 20
6404304.0
 10
305320.33
 20
6404306.0
 10
305322.0
 20
6404306.65
 10
305323.16
 20
6404306.0
 10
305324.0
 20
6404305.05
 10
305324.82
 20
6404306.0
 10
305326.0
 20
6404306.45
 10
305328.0
 20
6404304.7
 10
305332.0
 20
6404304.71
 10
305334.0
 20
6404306.41
 10
305336.0
 20
6404306.85
 10
305342.0
 20
6404309.41
 10
305346.0
 20
6404310.16
 10
305348.0
 20
6404310.16
 10
305350.0
 20
6404310.8
 10
305354.0
 20
6404310.55
 10
305354.82
 20
6404312.0
 10
305356.61
 20
6404314.0
 10
305356.99
 20
6404316.0
 10
305352.0
 20
6404319.02
 10
305350.82
 20
6404320.0
 10
305349.53
 20
6404322.0
 10
305348.0
 20
6404322.69
 10
305346.0
 20
6404324.16
 10
305344.0
 20
6404324.74
 10
305340.0
 20
6404324.65
 10
305338.87
 20
6404326.0
 10
305336.0
 20
6404326.71
 10
305334.0
 20
6404326.29
 10
305330.0
 20
6404327.7
 10
305328.0
 20
6404329.27
 10
305326.0
 20
6404329.35
 10
305324.0
 20
6404330.0
 10
305322.0
 20
6404331.7
 10
305318.0
 20
6404333.43
 10
305316.0
 20
6404331.95
 10
305314.0
 20
6404331.89
 10
305312.0
 20
6404333.63
 10
305310.0
 20
6404333.75
 10
305308.0
 20
6404332.95
 10
305302.0
 20
6404334.18
 10
305297.79
 20
6404334.0
 10
305295.91
 20
6404332.0
 10
305295.41
 20
6404330.0
 10
305294.21
 20
6404328.0
 10
305292.0
 20
6404325.31
 10
305288.0
 20
6404323.87
 10
305286.82
 20
6404322.0
 10
305286.36
 20
6404320.0
 10
305282.0
 20
6404316.73
 10
305278.0
 20
6404311.0
 10
305277.64
 20
6404310.0
 10
305278.09
 20
6404308.0
 10
305276.92
 20
6404306.0
 10
305276.0
 20
6404305.63
 10
305274.0
 20
6404305.8
 10
305272.0
 20
6404307.3
 10
305268.0
 20
6404306.64
 10
305266.0
 20
6404305.41
 10
305264.0
 20
6404305.11
 10
305263.36
 20
6404304.0
 10
305265.35
 20
6404302.0
 10
305264.43
 20
6404300.0
  0
TEXT
  5
3B2
330
17
100
AcDbEntity
  8
HOJDKURVOR_TEXT
100
AcDbText
 10
305325.1520701762
 20
6404329.625577193
 30
0.0
 40
1.5
  1
25.0
 50
341.995838384434
 72
1
 11
305325.1520701762
 21
6404329.625577193
 31
0.0
100
AcDbText
 73
2
  0
LWPOLYLINE
  5
3B3
330
17
100
AcDbEntity
  8
HOJDKURVOR_STOD
100
AcDbPolyline
 90
23
 70
0
 10
305376.09
 20
6404300.0
 10
305378.48
 20
6404302.0
 10
305378.0
 20
6404303.07
 10
305376.0
 20
6404304.71
 10
305375.18
 20
6404306.0
 10
305372.0
 20
6404307.86
 10
305370.0
 20
6404307.59
 10
305368.48
 20
6404308.0
 10
305368.25
 20
6404310.0
 10
305368.0
 20
6404310.13
 10
305366.0
 20
6404309.76
 10
305364.0
 20
6404308.32
 10
305360.0
 20
6404311.19
 10
305358.0
 20
6404310.97
 10
305354.0
 20
6404309.59
 10
305353.01
 20
6404308.0
 10
305352.51
 20
6404304.0
 10
305354.0
 20
6404302.46
 10
305356.39
 20
6404302.0
 10
305354.0
 20
6404301.47
 10
305352.0
 20
6404301.86
 10
305350.0
 20
6404301.1
 10
305348.48
 20
6404300.0
  0
TEXT
  5
3B4
330
17
100
AcDbEntity
  8
HOJDKURVOR_TEXT
100
AcDbText
 10
305360.882086173
 20
6404310.557103171
 30
0.0
 40
1.5
  1
25.0
 50
324.34056040311214
 72
1
 11
305360.882086173
 21
6404310.557103171
 31
0.0
100
AcDbText
 73
2
  0
LWPOLYLINE
  5
3B5
330
17
100
AcDbEntity
  8
HOJDKURVOR_STOD
100
AcDbPolyline
 90
31
 70
0
 10
305479.68
 20
6404300.0
 10
305481.72
 20
6404302.0
 10
305482.58
 20
6404304.0
 10
305476.0
 20
6404312.0
 10
305474.97
 20
6404314.0
 10
305474.0
 20
6404314.65
 10
305472.0
 20
6404314.7
 10
305470.0
 20
6404315.45
 10
305466.5
 20
6404314.0
 10
305464.0
 20
6404312.46
 10
305462.0
 20
6404313.87
 10
305460.0
 20
6404314.33
 10
305458.0
 20
6404312.52
 10
305456.0
 20
6404312.24
 10
305455.06
 20
6404314.0
 10
305454.0
 20
6404314.69
 10
305452.0
 20
6404314.55
 10
305450.0
 20
6404313.42
 10
305448.0
 20
6404312.79
 10
305446.0
 20
6404310.84
 10
305444.0
 20
6404310.0
 10
305442.0
 20
6404308.32
 10
305438.28
 20
6404306.0
 10
305436.0
 20
6404305.06
 10
305434.0
 20
6404304.8
 10
305432.0
 20
6404305.57
 10
305430.0
 20
6404305.3
 10
305428.0
 20
6404306.0
 10
305426.0
 20
6404305.81
 10
305425.26
 20
6404304.0
 10
305422.43
 20
6404300.0
  0
TEXT
  5
3B6
330
17
100
AcDbEntity
  8
HOJDKURVOR_TEXT
100
AcDbText
 10
305455.4445536858
 20
6404313.279984589
 30
0.0
 40
1.5
  1
25.0
 50
298.10626982388465
 72
1
 11
305455.4445536858
 21
6404313.279984589
 31
0.0
100
AcDbText
 73
2
  0
LWPOLYLINE
  5
3B7
330
17
100
AcDbEntity
  8
HOJDKURVOR_STOD
100
AcDbPolyline
 90
91
 70
0
 10
305680.0
 20
6404343.27
 10
305678.0
 20
6404340.0
 10
305678.61
 20
6404336.0
 10
305678.28
 20
6404332.0
 10
305678.6
 20
6404328.0
 10
305678.41
 20
6404326.0
 10
305678.0
 20
6404325.2
 10
305676.0
 20
6404325.63
 10
305675.74
 20
6404326.0
 10
305675.6
 20
6404328.0
 10
305674.85
 20
6404330.0
 10
305675.05
 20
6404332.0
 10
305673.29
 20
6404334.0
 10
305674.15
 20
6404336.0
 10
305674.0
 20
6404336.27
 10
305672.0
 20
6404338.36
 10
305671.05
 20
6404340.0
 10
305668.0
 20
6404342.67
 10
305664.57
 20
6404344.0
 10
305664.0
 20
6404344.19
 10
305662.0
 20
6404343.61
 10
305660.0
 20
6404344.58
 10
305658.0
 20
6404344.55
 10
305654.0
 20
6404345.27
 10
305649.65
 20
6404344.0
 10
305644.0
 20
6404343.54
 10
305640.0
 20
6404342.29
 10
305638.0
 20
6404342.31
 10
305636.0
 20
6404343.67
 10
305632.0
 20
6404343.59
 10
305630.0
 20
6404343.08
 10
305628.79
 20
6404342.0
 10
305628.57
 20
6404340.0
 10
305628.0
 20
6404339.94
 10
305626.0
 20
6404341.42
 10
305624.0
 20
6404341.86
 10
305622.0
 20
6404343.05
 10
305618.57
 20
6404346.0
 10
305614.0
 20
6404346.96
 10
305610.0
 20
6404349.12
 10
305606.0
 20
6404351.78
 10
305604.0
 20
6404352.4
 10
305600.0
 20
6404354.49
 10
305596.0
 20
6404355.59
 10
305594.0
 20
6404355.7
 10
305590.0
 20
6404354.87
 10
305586.0
 20
6404353.26
 10
305584.13
 20
6404352.0
 10
305580.31
 20
6404348.0
 10
305581.31
 20
6404346.0
 10
305581.8
 20
6404344.0
 10
305580.0
 20
6404342.41
 10
305578.0
 20
6404342.07
 10
305576.0
 20
6404341.24
 10
305574.0
 20
6404339.12
 10
305568.16
 20
6404336.0
 10
305566.0
 20
6404331.3
 10
305565.02
 20
6404330.0
 10
305561.81
 20
6404328.0
 10
305559.33
 20
6404324.0
 10
305559.08
 20
6404320.0
 10
305558.0
 20
6404319.27
 10
305556.0
 20
6404319.07
 10
305554.0
 20
6404319.8
 10
305551.81
 20
6404318.0
 10
305551.04
 20
6404316.0
 10
305550.0
 20
6404315.09
 10
305548.0
 20
6404315.3
 10
305546.0
 20
6404314.63
 10
305542.97
 20
6404312.0
 10
305546.0
 20
6404307.67
 10
305548.75
 20
6404306.0
 10
305548.0
 20
6404305.59
 10
305546.0
 20
6404305.45
 10
305544.0
 20
6404306.99
 10
305540.0
 20
6404308.79
 10
305538.0
 20
6404310.39
 10
305534.0
 20
6404310.82
 10
305529.52
 20
6404310.0
 10
305528.0
 20
6404311.15
 10
305525.67
 20
6404312.0
 10
305524.0
 20
6404313.47
 10
305520.0
 20
6404312.95
 10
305518.0
 20
6404312.11
 10
305508.0
 20
6404313.09
 10
305506.0
 20
6404312.5
 10
305504.0
 20
6404311.02
 10
305496.0
 20
6404308.78
 10
305494.0
 20
6404308.63
 10
305486.0
 20
6404302.79
 10
305482.8
 20
6404300.0
  0
TEXT
  5
3B8
330
17
100
AcDbEntity
  8
HOJDKURVOR_TEXT
100
AcDbText
 10
305640.35240414034
 20
6404342.400126294
 30
0.0
 40
1.5
  1
25.0
 50
17.3540246362613
 72
1
 11
305640.35240414034
 21
6404342.400126294
 31
0.0
100
AcDbText
 73
2
  0
TEXT
  5
3B9
330
17
100
AcDbEntity
  8
HOJDKURVOR_TEXT
100
AcDbText
 10
305546.17699540075
 20
6404305.462389678
 30
0.0
 40
1.5
  1
25.0
 50
4.00417293115126
 72
1
 11
305546.17699540075
 21
6404305.462389678
 31
0.0
100
AcDbText
 73
2
  0
LWPOLYLINE
  5
3BA
330
17
100
AcDbEntity
  8
HOJDKURVOR_GRUND
100
AcDbPolyline
 90
67
 70
0
 10
305322.13
 20
6404300.0
 10
305321.97
 20
6404302.0
 10
305320.0
 20
6404304.21
 10
305319.39
 20
6404306.0
 10
305320.0
 20
6404307.12
 10
305322.0
 20
6404307.45
 10
305324.0
 20
6404306.56
 10
305326.0
 20
6404306.99
 10
305328.0
 20
6404305.49
 10
305330.0
 20
6404305.18
 10
305332.0
 20
6404305.64
 10
305334.0
 20
6404307.13
 10
305336.55
 20
6404308.0
 10
305338.0
 20
6404310.82
 10
305340.0
 20
6404310.24
 10
305342.0
 20
6404310.89
 10
305346.0
 20
6404311.49
 10
305348.0
 20
6404311.31
 10
305349.46
 20
6404312.0
 10
305350.0
 20
6404313.1
 10
305352.0
 20
6404314.42
 10
305354.0
 20
6404312.65
 10
305354.91
 20
6404314.0
 10
305355.33
 20
6404316.0
 10
305352.0
 20
6404317.5
 10
305351.74
 20
6404318.0
 10
305350.0
 20
6404319.25
 10
305347.93
 20
6404322.0
 10
305344.0
 20
6404324.09
 10
305338.0
 20
6404322.77
 10
305336.0
 20
6404323.64
 10
305334.0
 20
6404323.74
 10
305332.0
 20
6404326.0
 10
305330.0
 20
6404326.91
 10
305328.0
 20
6404328.47
 10
305324.0
 20
6404328.25
 10
305322.0
 20
6404329.56
 10
305320.0
 20
6404329.73
 10
305318.0
 20
6404328.73
 10
305316.0
 20
6404329.51
 10
305314.0
 20
6404329.12
 10
305312.0
 20
6404330.0
 10
305310.0
 20
6404331.87
 10
305308.0
 20
6404331.24
 10
305306.0
 20
6404332.39
 10
305302.0
 20
6404333.12
 10
305298.09
 20
6404332.0
 10
305297.65
 20
6404330.0
 10
305296.0
 20
6404328.71
 10
305292.0
 20
6404323.48
 10
305289.08
 20
6404322.0
 10
305288.88
 20
6404320.0
 10
305287.79
 20
6404318.0
 10
305286.0
 20
6404316.28
 10
305284.0
 20
6404315.92
 10
305279.76
 20
6404312.0
 10
305278.97
 20
6404310.0
 10
305279.66
 20
6404308.0
 10
305278.53
 20
6404306.0
 10
305276.0
 20
6404305.14
 10
305274.0
 20
6404305.07
 10
305272.0
 20
6404306.39
 10
305270.0
 20
6404306.25
 10
305269.31
 20
6404306.0
 10
305266.91
 20
6404304.0
 10
305267.68
 20
6404302.0
 10
305267.02
 20
6404300.0
  0
LWPOLYLINE
  5
3BB
330
17
100
AcDbEntity
  8
HOJDKURVOR_GRUND
100
AcDbPolyline
 90
19
 70
0
 10
305373.38
 20
6404300.0
 10
305372.74
 20
6404302.0
 10
305373.8
 20
6404304.0
 10
305372.0
 20
6404306.17
 10
305370.0
 20
6404306.33
 10
305369.3
 20
6404306.0
 10
305368.0
 20
6404304.63
 10
305366.0
 20
6404303.67
 10
305362.0
 20
6404303.26
 10
305361.7
 20
6404304.0
 10
305362.78
 20
6404306.0
 10
305359.37
 20
6404310.0
 10
305358.0
 20
6404310.33
 10
305353.86
 20
6404308.0
 10
305353.79
 20
6404306.0
 10
305354.26
 20
6404304.0
 10
305358.0
 20
6404302.37
 10
305359.79
 20
6404302.0
 10
305354.76
 20
6404300.0
  0
LWPOLYLINE
  5
3BC
330
17
100
AcDbEntity
  8
HOJDKURVOR_GRUND
100
AcDbPolyline
 90
12
 70
0
 10
305446.77
 20
6404300.0
 10
305447.05
 20
6404302.0
 10
305446.0
 20
6404303.54
 10
305444.0
 20
6404304.57
 10
305440.0
 20
6404305.12
 10
305438.0
 20
6404304.8
 10
305436.73
 20
6404304.0
 10
305436.0
 20
6404302.24
 10
305432.0
 20
6404300.26
 10
305428.0
 20
6404303.48
 10
305426.0
 20
6404303.26
 10
305423.62
 20
6404300.0
  0
LWPOLYLINE
  5
3BD
330
17
100
AcDbEntity
  8
HOJDKURVOR_GRUND
100
AcDbPolyline
 90
30
 70
0
 10
305478.62
 20
6404300.0
 10
305480.44
 20
6404302.0
 10
305480.0
 20
6404303.48
 10
305478.0
 20
6404305.83
 10
305476.0
 20
6404304.97
 10
305474.27
 20
6404306.0
 10
305474.08
 20
6404308.0
 10
305474.64
 20
6404310.0
 10
305470.0
 20
6404313.55
 10
305464.0
 20
6404311.18
 10
305462.0
 20
6404309.92
 10
305461.6
 20
6404310.0
 10
305460.67
 20
6404312.0
 10
305460.0
 20
6404312.17
 10
305458.0
 20
6404310.21
 10
305454.0
 20
6404308.25
 10
305452.44
 20
6404310.0
 10
305452.0
 20
6404311.33
 10
305450.0
 20
6404311.45
 10
305447.47
 20
6404310.0
 10
305445.89
 20
6404308.0
 10
305447.83
 20
6404306.0
 10
305448.0
 20
6404305.33
 10
305448.18
 20
6404306.0
 10
305450.0
 20
6404306.87
 10
305453.0
 20
6404306.0
 10
305453.33
 20
6404304.0
 10
305456.0
 20
6404302.92
 10
305458.0
 20
6404302.74
 10
305460.2
 20
6404300.0
  0
LWPOLYLINE
  5
3BE
330
17
100
AcDbEntity
  8
HOJDKURVOR_GRUND
100
AcDbPolyline
 90
109
 70
0
 10
305680.0
 20
6404311.16
 10
305676.0
 20
6404311.77
 10
305675.9
 20
6404312.0
 10
305677.3
 20
6404314.0
 10
305675.98
 20
6404316.0
 10
305676.36
 20
6404318.0
 10
305677.6
 20
6404320.0
 10
305677.84
 20
6404322.0
 10
305677.3
 20
6404324.0
 10
305676.0
 20
6404324.8
 10
305675.16
 20
6404326.0
 10
305674.68
 20
6404328.0
 10
305673.71
 20
6404330.0
 10
305674.18
 20
6404332.0
 10
305672.7
 20
6404334.0
 10
305671.38
 20
6404338.0
 10
305670.0
 20
6404340.13
 10
305667.67
 20
6404342.0
 10
305666.0
 20
6404342.66
 10
305662.0
 20
6404342.2
 10
305660.0
 20
6404343.51
 10
305658.0
 20
6404342.96
 10
305656.0
 20
6404343.15
 10
305654.9
 20
6404344.0
 10
305654.0
 20
6404344.28
 10
305646.0
 20
6404342.28
 10
305644.0
 20
6404342.64
 10
305642.0
 20
6404342.22
 10
305640.0
 20
6404341.14
 10
305638.0
 20
6404340.61
 10
305636.0
 20
6404342.0
 10
305634.0
 20
6404342.49
 10
305632.0
 20
6404342.45
 10
305631.2
 20
6404342.0
 10
305631.64
 20
6404340.0
 10
305632.67
 20
6404338.0
 10
305630.72
 20
6404336.0
 10
305630.0
 20
6404335.77
 10
305629.42
 20
6404336.0
 10
305629.0
 20
6404338.0
 10
305626.0
 20
6404340.03
 10
305622.0
 20
6404341.35
 10
305620.0
 20
6404343.35
 10
305616.0
 20
6404346.04
 10
305614.0
 20
6404346.09
 10
305610.0
 20
6404348.33
 10
305608.0
 20
6404350.01
 10
305604.0
 20
6404351.13
 10
305600.0
 20
6404353.73
 10
305596.0
 20
6404354.76
 10
305594.0
 20
6404354.9
 10
305589.6
 20
6404354.0
 10
305586.0
 20
6404352.39
 10
305583.39
 20
6404350.0
 10
305582.06
 20
6404348.0
 10
305583.08
 20
6404344.0
 10
305583.1
 20
6404342.0
 10
305582.0
 20
6404340.97
 10
305578.0
 20
6404341.06
 10
305576.0
 20
6404340.35
 10
305574.0
 20
6404337.8
 10
305570.91
 20
6404336.0
 10
305570.0
 20
6404334.0
 10
305568.0
 20
6404331.9
 10
305566.76
 20
6404330.0
 10
305563.95
 20
6404328.0
 10
305561.03
 20
6404324.0
 10
305560.86
 20
6404320.0
 10
305558.0
 20
6404317.9
 10
305555.82
 20
6404318.0
 10
305554.0
 20
6404318.69
 10
305553.16
 20
6404318.0
 10
305552.0
 20
6404314.71
 10
305550.89
 20
6404314.0
 10
305550.0
 20
6404312.77
 10
305546.0
 20
6404312.82
 10
305544.73
 20
6404312.0
 10
305546.0
 20
6404310.0
 10
305548.0
 20
6404311.26
 10
305550.0
 20
6404311.78
 10
305552.0
 20
6404311.72
 10
305553.3
 20
6404310.0
 10
305552.59
 20
6404308.0
 10
305550.7
 20
6404306.0
 10
305553.14
 20
6404304.0
 10
305552.0
 20
6404303.35
 10
305550.0
 20
6404303.69
 10
305548.0
 20
6404304.45
 10
305546.0
 20
6404304.66
 10
305544.0
 20
6404306.07
 10
305542.0
 20
6404306.74
 10
305536.55
 20
6404310.0
 10
305533.64
 20
6404310.0
 10
305530.0
 20
6404309.03
 10
305528.0
 20
6404309.0
 10
305526.0
 20
6404310.5
 10
305522.0
 20
6404312.17
 10
305521.25
 20
6404312.0
 10
305520.0
 20
6404311.09
 10
305518.0
 20
6404310.98
 10
305510.0
 20
6404312.48
 10
305508.0
 20
6404312.52
 10
305506.68
 20
6404312.0
 10
305506.0
 20
6404311.21
 10
305504.0
 20
6404309.93
 10
305496.0
 20
6404307.61
 10
305494.0
 20
6404307.3
 10
305490.0
 20
6404304.93
 10
305484.02
 20
6404300.0
  0
LWPOLYLINE
  5
3BF
330
17
100
AcDbEntity
  8
HOJDKURVOR_GRUND
100
AcDbPolyline
 90
62
 70
0
 10
305320.82
 20
6404300.0
 10
305320.43
 20
6404302.0
 10
305319.26
 20
6404304.0
 10
305318.66
 20
6404306.0
 10
305320.0
 20
6404308.72
 10
305322.0
 20
6404308.58
 10
305326.0
 20
6404307.54
 10
305328.0
 20
6404306.35
 10
305330.0
 20
6404305.84
 10
305332.0
 20
6404306.55
 10
305336.0
 20
6404308.81
 10
305336.85
 20
6404310.0
 10
305337.08
 20
6404312.0
 10
305338.0
 20
6404314.21
 10
305340.0
 20
6404313.0
 10
305342.0
 20
6404313.75
 10
305344.0
 20
6404313.14
 10
305346.0
 20
6404313.41
 10
305347.3
 20
6404314.0
 10
305347.88
 20
6404316.0
 10
305347.26
 20
6404318.0
 10
305347.18
 20
6404320.0
 10
305344.0
 20
6404322.0
 10
305340.0
 20
6404321.51
 10
305338.0
 20
6404320.91
 10
305334.0
 20
6404322.74
 10
305330.0
 20
6404326.13
 10
305328.0
 20
6404326.25
 10
305326.0
 20
6404325.55
 10
305324.0
 20
6404326.74
 10
305320.0
 20
6404328.03
 10
305318.0
 20
6404326.77
 10
305314.0
 20
6404324.95
 10
305312.47
 20
6404326.0
 10
305312.0
 20
6404327.12
 10
305310.0
 20
6404326.78
 10
305308.0
 20
6404328.84
 10
305307.37
 20
6404330.0
 10
305306.0
 20
6404330.89
 10
305304.0
 20
6404331.75
 10
305302.0
 20
6404331.83
 10
305300.0
 20
6404328.96
 10
305298.0
 20
6404327.52
 10
305294.76
 20
6404324.0
 10
305295.1
 20
6404322.0
 10
305294.0
 20
6404320.86
 10
305292.0
 20
6404319.93
 10
305290.0
 20
6404318.17
 10
305288.0
 20
6404315.74
 10
305285.59
 20
6404314.0
 10
305284.0
 20
6404312.36
 10
305282.0
 20
6404311.41
 10
305281.03
 20
6404310.0
 10
305281.06
 20
6404306.0
 10
305280.0
 20
6404304.11
 10
305278.0
 20
6404303.8
 10
305276.0
 20
6404304.65
 10
305272.79
 20
6404304.0
 10
305272.56
 20
6404302.0
 10
305272.0
 20
6404300.89
 10
305270.0
 20
6404301.32
 10
305268.74
 20
6404300.0
  0
LWPOLYLINE
  5
3C0
330
17
100
AcDbEntity
  8
HOJDKURVOR_GRUND
100
AcDbPolyline
 90
11
 70
0
 10
305476.65
 20
6404300.0
 10
305478.22
 20
6404302.0
 10
305472.3
 20
6404304.0
 10
305471.53
 20
6404308.0
 10
305469.5
 20
6404310.0
 10
305468.0
 20
6404310.86
 10
305463.89
 20
6404310.0
 10
305462.09
 20
6404308.0
 10
305460.8
 20
6404306.0
 10
305460.92
 20
6404304.0
 10
305462.53
 20
6404300.0
  0
LWPOLYLINE
  5
3C1
330
17
100
AcDbEntity
  8
HOJDKURVOR_GRUND
100
AcDbPolyline
 90
106
 70
0
 10
305680.0
 20
6404308.0
 10
305678.0
 20
6404308.35
 10
305676.8
 20
6404308.0
 10
305675.11
 20
6404308.0
 10
305674.0
 20
6404308.77
 10
305673.82
 20
6404310.0
 10
305674.65
 20
6404312.0
 10
305675.95
 20
6404314.0
 10
305674.77
 20
6404316.0
 10
305674.47
 20
6404318.0
 10
305676.0
 20
6404319.38
 10
305677.45
 20
6404322.0
 10
305674.57
 20
6404326.0
 10
305672.95
 20
6404330.0
 10
305673.24
 20
6404332.0
 10
305672.11
 20
6404334.0
 10
305670.56
 20
6404338.0
 10
305670.0
 20
6404338.92
 10
305668.0
 20
6404340.73
 10
305666.0
 20
6404341.74
 10
305664.31
 20
6404340.0
 10
305664.0
 20
6404339.21
 10
305662.0
 20
6404338.51
 10
305660.0
 20
6404341.96
 10
305658.0
 20
6404340.39
 10
305654.0
 20
6404342.78
 10
305650.0
 20
6404342.42
 10
305646.0
 20
6404341.09
 10
305644.0
 20
6404341.51
 10
305642.0
 20
6404341.12
 10
305640.0
 20
6404340.0
 10
305636.0
 20
6404338.67
 10
305632.0
 20
6404334.92
 10
305630.0
 20
6404334.88
 10
305625.25
 20
6404336.0
 10
305625.41
 20
6404338.0
 10
305624.0
 20
6404338.77
 10
305622.0
 20
6404338.83
 10
305621.08
 20
6404340.0
 10
305618.0
 20
6404342.62
 10
305615.92
 20
6404344.0
 10
305614.0
 20
6404344.71
 10
305610.0
 20
6404347.35
 10
305608.0
 20
6404347.72
 10
305606.0
 20
6404349.0
 10
305604.0
 20
6404349.69
 10
305600.0
 20
6404352.59
 10
305596.0
 20
6404353.85
 10
305594.0
 20
6404354.11
 10
305592.0
 20
6404353.85
 10
305587.06
 20
6404352.0
 10
305586.46
 20
6404350.0
 10
305588.8
 20
6404346.0
 10
305588.96
 20
6404344.0
 10
305588.06
 20
6404342.0
 10
305588.2
 20
6404340.0
 10
305586.0
 20
6404339.48
 10
305584.0
 20
6404339.65
 10
305582.0
 20
6404339.4
 10
305580.0
 20
6404339.97
 10
305578.0
 20
6404340.04
 10
305576.0
 20
6404339.09
 10
305574.0
 20
6404336.67
 10
305573.02
 20
6404336.0
 10
305571.67
 20
6404334.0
 10
305569.42
 20
6404332.0
 10
305568.22
 20
6404330.0
 10
305565.53
 20
6404328.0
 10
305563.67
 20
6404326.0
 10
305562.86
 20
6404324.0
 10
305562.56
 20
6404320.0
 10
305559.45
 20
6404318.0
 10
305558.0
 20
6404316.29
 10
305556.0
 20
6404316.86
 10
305554.0
 20
6404316.48
 10
305553.07
 20
6404314.0
 10
305552.89
 20
6404312.0
 10
305554.32
 20
6404310.0
 10
305554.0
 20
6404308.82
 10
305552.38
 20
6404306.0
 10
305554.0
 20
6404304.74
 10
305556.11
 20
6404304.0
 10
305558.0
 20
6404302.55
 10
305558.38
 20
6404302.0
 10
305558.0
 20
6404300.92
 10
305554.0
 20
6404301.33
 10
305546.0
 20
6404303.76
 10
305544.0
 20
6404304.76
 10
305539.48
 20
6404306.0
 10
305536.0
 20
6404308.47
 10
305534.0
 20
6404308.88
 10
305532.0
 20
6404308.65
 10
305528.0
 20
6404307.46
 10
305526.0
 20
6404307.33
 10
305524.0
 20
6404308.89
 10
305520.0
 20
6404309.35
 10
305514.0
 20
6404310.65
 10
305510.0
 20
6404311.93
 10
305508.0
 20
6404311.92
 10
305506.0
 20
6404309.57
 10
305500.0
 20
6404308.0
 10
305496.0
 20
6404305.97
 10
305494.0
 20
6404305.72
 10
305492.0
 20
6404304.57
 10
305490.0
 20
6404304.04
 10
305484.89
 20
6404300.0
  0
LWPOLYLINE
  5
3C2
330
17
100
AcDbEntity
  8
HOJDKURVOR_GRUND
100
AcDbPolyline
 90
32
 70
0
 10
305319.46
 20
6404300.0
 10
305318.0
 20
6404305.68
 10
305316.0
 20
6404308.0
 10
305314.0
 20
6404307.27
 10
305312.0
 20
6404307.13
 10
305310.12
 20
6404310.0
 10
305312.75
 20
6404314.0
 10
305312.63
 20
6404316.0
 10
305313.03
 20
6404318.0
 10
305311.89
 20
6404320.0
 10
305312.15
 20
6404322.0
 10
305312.0
 20
6404324.0
 10
305310.0
 20
6404322.92
 10
305308.0
 20
6404323.76
 10
305304.0
 20
6404328.0
 10
305302.0
 20
6404326.6
 10
305301.74
 20
6404326.0
 10
305302.58
 20
6404324.0
 10
305300.0
 20
6404322.36
 10
305298.0
 20
6404322.0
 10
305296.0
 20
6404319.48
 10
305291.75
 20
6404318.0
 10
305290.0
 20
6404315.12
 10
305288.0
 20
6404312.79
 10
305282.8
 20
6404308.0
 10
305282.35
 20
6404304.0
 10
305282.0
 20
6404303.44
 10
305280.0
 20
6404302.68
 10
305278.0
 20
6404303.02
 10
305276.0
 20
6404304.16
 10
305275.26
 20
6404304.0
 10
305273.38
 20
6404300.0
  0
LWPOLYLINE
  5
3C3
330
17
100
AcDbEntity
  8
HOJDKURVOR_GRUND
100
AcDbPolyline
 90
24
 70
0
 10
305551.47
 20
6404300.0
 10
305547.14
 20
6404302.0
 10
305542.0
 20
6404303.44
 10
305540.0
 20
6404304.33
 10
305538.0
 20
6404303.89
 10
305536.0
 20
6404304.11
 10
305534.0
 20
6404306.12
 10
305532.0
 20
6404306.97
 10
305526.0
 20
6404305.35
 10
305524.0
 20
6404305.68
 10
305521.26
 20
6404308.0
 10
305518.0
 20
6404308.74
 10
305516.0
 20
6404308.86
 10
305510.0
 20
6404311.05
 10
305508.0
 20
6404311.15
 10
305506.93
 20
6404310.0
 10
305506.0
 20
6404308.14
 10
305504.0
 20
6404308.27
 10
305500.0
 20
6404306.91
 10
305496.0
 20
6404304.64
 10
305494.0
 20
6404304.16
 10
305492.0
 20
6404302.95
 10
305490.0
 20
6404302.72
 10
305485.77
 20
6404300.0
  0
LWPOLYLINE
  5
3C4
330
17
100
AcDbEntity
  8
HOJDKURVOR_GRUND
100
AcDbPolyline
 90
80
 70
0
 10
305680.0
 20
6404305.35
 10
305678.0
 20
6404306.6
 10
305676.0
 20
6404307.38
 10
305672.0
 20
6404307.12
 10
305669.73
 20
6404308.0
 10
305672.0
 20
6404309.23
 10
305672.67
 20
6404310.0
 10
305674.78
 20
6404314.0
 10
305674.0
 20
6404315.29
 10
305672.11
 20
6404316.0
 10
305672.15
 20
6404318.0
 10
305674.0
 20
6404318.73
 10
305676.0
 20
6404320.37
 10
305677.05
 20
6404322.0
 10
305675.24
 20
6404324.0
 10
305672.7
 20
6404328.0
 10
305672.2
 20
6404330.0
 10
305672.29
 20
6404332.0
 10
305670.94
 20
6404334.0
 10
305670.0
 20
6404337.36
 10
305668.0
 20
6404339.47
 10
305666.0
 20
6404340.29
 10
305665.72
 20
6404340.0
 10
305665.83
 20
6404338.0
 10
305665.42
 20
6404336.0
 10
305664.0
 20
6404334.69
 10
305662.0
 20
6404335.48
 10
305659.65
 20
6404338.0
 10
305656.0
 20
6404340.71
 10
305654.0
 20
6404341.41
 10
305652.0
 20
6404341.55
 10
305650.0
 20
6404341.47
 10
305646.0
 20
6404339.92
 10
305642.0
 20
6404339.85
 10
305640.0
 20
6404338.63
 10
305638.0
 20
6404338.33
 10
305633.35
 20
6404334.0
 10
305632.0
 20
6404333.46
 10
305630.0
 20
6404334.0
 10
305624.0
 20
6404334.63
 10
305622.0
 20
6404336.1
 10
305620.0
 20
6404338.87
 10
305612.0
 20
6404344.42
 10
305610.38
 20
6404346.0
 10
305610.0
 20
6404346.22
 10
305609.31
 20
6404346.0
 10
305608.84
 20
6404344.0
 10
305606.0
 20
6404342.87
 10
305604.12
 20
6404344.0
 10
305604.0
 20
6404346.0
 10
305601.95
 20
6404350.0
 10
305600.0
 20
6404351.24
 10
305598.0
 20
6404352.0
 10
305594.0
 20
6404352.38
 10
305590.14
 20
6404352.0
 10
305589.44
 20
6404350.0
 10
305591.75
 20
6404348.0
 10
305591.67
 20
6404346.0
 10
305589.65
 20
6404342.0
 10
305590.96
 20
6404340.0
 10
305590.0
 20
6404339.03
 10
305582.0
 20
6404338.53
 10
305578.0
 20
6404338.63
 10
305576.0
 20
6404337.56
 10
305570.64
 20
6404332.0
 10
305569.24
 20
6404330.0
 10
305566.88
 20
6404328.0
 10
305564.76
 20
6404324.0
 10
305564.81
 20
6404322.0
 10
305564.0
 20
6404318.0
 10
305560.0
 20
6404314.4
 10
305558.0
 20
6404314.68
 10
305556.0
 20
6404315.43
 10
305554.75
 20
6404314.0
 10
305553.9
 20
6404312.0
 10
305554.85
 20
6404310.0
 10
305553.85
 20
6404306.0
 10
305557.89
 20
6404304.0
 10
305560.0
 20
6404301.2
 10
305562.23
 20
6404300.0
  0
LWPOLYLINE
  5
3C5
330
17
100
AcDbEntity
  8
HOJDKURVOR_GRUND
100
AcDbPolyline
 90
28
 70
0
 10
305317.95
 20
6404300.0
 10
305317.04
 20
6404304.0
 10
305316.0
 20
6404304.96
 10
305314.0
 20
6404304.24
 10
305312.0
 20
6404304.98
 10
305308.64
 20
6404310.0
 10
305309.25
 20
6404312.0
 10
305311.22
 20
6404314.0
 10
305310.0
 20
6404318.55
 10
305308.0
 20
6404319.65
 10
305306.0
 20
6404319.35
 10
305302.0
 20
6404319.45
 10
305300.0
 20
6404318.86
 10
305298.0
 20
6404318.88
 10
305296.64
 20
6404318.0
 10
305294.0
 20
6404317.32
 10
305292.0
 20
6404316.21
 10
305291.1
 20
6404314.0
 10
305290.71
 20
6404312.0
 10
305288.47
 20
6404310.0
 10
305287.1
 20
6404308.0
 10
305286.74
 20
6404306.0
 10
305284.0
 20
6404304.4
 10
305282.0
 20
6404301.41
 10
305280.0
 20
6404301.47
 10
305276.0
 20
6404303.14
 10
305275.15
 20
6404302.0
 10
305274.57
 20
6404300.0
  0
LWPOLYLINE
  5
3C6
330
17
100
AcDbEntity
  8
HOJDKURVOR_GRUND
100
AcDbPolyline
 90
17
 70
0
 10
305526.8
 20
6404300.0
 10
305524.0
 20
6404301.84
 10
305523.07
 20
6404302.0
 10
305522.0
 20
6404303.6
 10
305520.98
 20
6404306.0
 10
305520.0
 20
6404306.86
 10
305518.0
 20
6404307.47
 10
305514.0
 20
6404307.7
 10
305510.49
 20
6404310.0
 10
305508.0
 20
6404310.38
 10
305506.84
 20
6404308.0
 10
305506.0
 20
6404307.36
 10
305504.0
 20
6404307.48
 10
305498.0
 20
6404304.93
 10
305492.98
 20
6404302.0
 10
305490.0
 20
6404301.49
 10
305487.45
 20
6404300.0
  0
LWPOLYLINE
  5
3C7
330
17
100
AcDbEntity
  8
HOJDKURVOR_GRUND
100
AcDbPolyline
 90
40
 70
0
 10
305680.0
 20
6404302.27
 10
305679.19
 20
6404304.0
 10
305678.0
 20
6404304.95
 10
305677.39
 20
6404306.0
 10
305676.0
 20
6404306.81
 10
305671.24
 20
6404306.0
 10
305670.0
 20
6404305.41
 10
305662.31
 20
6404306.0
 10
305664.0
 20
6404306.31
 10
305666.0
 20
6404308.07
 10
305670.0
 20
6404309.2
 10
305672.0
 20
6404310.71
 10
305673.36
 20
6404314.0
 10
305672.0
 20
6404314.85
 10
305668.16
 20
6404316.0
 10
305670.0
 20
6404316.72
 10
305672.0
 20
6404318.62
 10
305676.0
 20
6404320.98
 10
305676.66
 20
6404322.0
 10
305672.85
 20
6404326.0
 10
305669.19
 20
6404332.0
 10
305669.18
 20
6404336.0
 10
305668.0
 20
6404337.77
 10
305666.0
 20
6404334.0
 10
305664.0
 20
6404333.21
 10
305662.0
 20
6404333.94
 10
305656.0
 20
6404339.81
 10
305654.0
 20
6404340.31
 10
305650.0
 20
6404340.37
 10
305646.0
 20
6404338.64
 10
305640.0
 20
6404337.05
 10
305636.0
 20
6404334.58
 10
305634.0
 20
6404332.68
 10
305632.0
 20
6404332.46
 10
305626.0
 20
6404333.5
 10
305624.0
 20
6404333.03
 10
305622.0
 20
6404333.9
 10
305620.0
 20
6404336.65
 10
305614.0
 20
6404341.69
 10
305612.0
 20
6404342.68
  0
LWPOLYLINE
  5
3C8
330
17
100
AcDbEntity
  8
HOJDKURVOR_GRUND
100
AcDbPolyline
 90
35
 70
0
 10
305600.0
 20
6404340.8
 10
305598.0
 20
6404339.77
 10
305596.0
 20
6404339.19
 10
305594.11
 20
6404340.0
 10
305596.0
 20
6404340.76
 10
305599.09
 20
6404344.0
 10
305600.5
 20
6404346.0
 10
305600.71
 20
6404348.0
 10
305600.0
 20
6404349.19
 10
305598.0
 20
6404350.18
 10
305594.0
 20
6404350.3
 10
305592.25
 20
6404350.0
 10
305593.35
 20
6404348.0
 10
305592.45
 20
6404342.0
 10
305593.88
 20
6404340.0
 10
305592.08
 20
6404338.0
 10
305590.0
 20
6404337.56
 10
305588.0
 20
6404338.02
 10
305584.0
 20
6404337.98
 10
305578.0
 20
6404337.2
 10
305574.0
 20
6404334.88
 10
305570.0
 20
6404329.57
 10
305568.0
 20
6404327.82
 10
305566.94
 20
6404326.0
 10
305566.39
 20
6404324.0
 10
305566.11
 20
6404318.0
 10
305564.0
 20
6404314.0
 10
305562.0
 20
6404313.4
 10
305558.0
 20
6404313.35
 10
305556.0
 20
6404311.84
 10
305555.11
 20
6404308.0
 10
305556.11
 20
6404306.0
 10
305559.96
 20
6404304.0
 10
305560.25
 20
6404302.0
 10
305563.53
 20
6404300.0
  0
LWPOLYLINE
  5
3C9
330
17
100
AcDbEntity
  8
HOJDKURVOR_STOD
100
AcDbPolyline
 90
28
 70
0
 10
305313.87
 20
6404300.0
 10
305311.14
 20
6404302.0
 10
305309.36
 20
6404306.0
 10
305307.93
 20
6404308.0
 10
305307.19
 20
6404310.0
 10
305306.81
 20
6404312.0
 10
305308.0
 20
6404313.14
 10
305309.73
 20
6404314.0
 10
305308.0
 20
6404316.28
 10
305306.0
 20
6404316.0
 10
305306.69
 20
6404314.0
 10
305306.0
 20
6404313.26
 10
305305.31
 20
6404314.0
 10
305306.0
 20
6404316.0
 10
305302.0
 20
6404316.91
 10
305294.0
 20
6404315.73
 10
305292.7
 20
6404314.0
 10
305292.65
 20
6404312.0
 10
305290.88
 20
6404308.0
 10
305290.0
 20
6404307.76
 10
305288.58
 20
6404306.0
 10
305288.0
 20
6404304.65
 10
305286.0
 20
6404302.9
 10
305284.0
 20
6404302.19
 10
305282.0
 20
6404300.05
 10
305278.0
 20
6404300.83
 10
305276.0
 20
6404301.73
 10
305275.44
 20
6404300.0
  0
TEXT
  5
3CA
330
17
100
AcDbEntity
  8
HOJDKURVOR_TEXT
100
AcDbText
 10
305300.0925942131
 20
6404316.6286576465
 30
0.0
 40
1.5
  1
27.5
 50
8.390627011163588
 72
1
 11
305300.0925942131
 21
6404316.6286576465
 31
0.0
100
AcDbText
 73
2
  0
LWPOLYLINE
  5
3CB
330
17
100
AcDbEntity
  8
HOJDKURVOR_STOD
100
AcDbPolyline
 90
19
 70
0
 10
305524.91
 20
6404300.0
 10
305524.0
 20
6404300.69
 10
305522.0
 20
6404300.44
 10
305518.0
 20
6404301.52
 10
305517.38
 20
6404302.0
 10
305518.97
 20
6404304.0
 10
305518.0
 20
6404306.0
 10
305516.0
 20
6404306.26
 10
305514.0
 20
6404306.07
 10
305512.0
 20
6404307.22
 10
305510.0
 20
6404308.92
 10
305508.0
 20
6404308.65
 10
305507.78
 20
6404308.0
 10
305506.0
 20
6404306.65
 10
305504.0
 20
6404306.72
 10
305502.0
 20
6404305.55
 10
305498.0
 20
6404303.91
 10
305494.0
 20
6404301.61
 10
305489.36
 20
6404300.0
  0
TEXT
  5
3CC
330
17
100
AcDbEntity
  8
HOJDKURVOR_TEXT
100
AcDbText
 10
305509.36335257266
 20
6404308.834052597
 30
0.0
 40
1.5
  1
27.5
 50
7.688447757325491
 72
1
 11
305509.36335257266
 21
6404308.834052597
 31
0.0
100
AcDbText
 73
2
  0
LWPOLYLINE
  5
3CD
330
17
100
AcDbEntity
  8
HOJDKURVOR_STOD
100
AcDbPolyline
 90
9
 70
0
 10
305595.23
 20
6404300.0
 10
305598.0
 20
6404300.56
 10
305600.0
 20
6404300.45
 10
305601.88
 20
6404302.0
 10
305604.0
 20
6404302.57
 10
305606.0
 20
6404301.62
 10
305608.0
 20
6404302.32
 10
305610.0
 20
6404301.94
 10
305611.33
 20
6404300.0
  0
TEXT
  5
3CE
330
17
100
AcDbEntity
  8
HOJDKURVOR_TEXT
100
AcDbText
 10
305603.64273764513
 20
6404302.473943613
 30
0.0
 40
1.5
  1
27.5
 50
15.049102013312805
 72
1
 11
305603.64273764513
 21
6404302.473943613
 31
0.0
100
AcDbText
 73
2
  0
LWPOLYLINE
  5
3CF
330
17
100
AcDbEntity
  8
HOJDKURVOR_STOD
100
AcDbPolyline
 90
88
 70
0
 10
305680.0
 20
6404301.11
 10
305678.48
 20
6404302.0
 10
305677.65
 20
6404304.0
 10
305676.0
 20
6404306.24
 10
305670.0
 20
6404303.49
 10
305666.0
 20
6404304.66
 10
305664.0
 20
6404304.84
 10
305662.0
 20
6404303.41
 10
305660.0
 20
6404303.44
 10
305658.95
 20
6404304.0
 10
305660.0
 20
6404304.89
 10
305660.68
 20
6404306.0
 10
305662.0
 20
6404307.01
 10
305664.0
 20
6404307.69
 10
305666.0
 20
6404309.79
 10
305668.0
 20
6404309.56
 10
305669.2
 20
6404310.0
 10
305671.62
 20
6404312.0
 10
305671.18
 20
6404314.0
 10
305670.0
 20
6404314.38
 10
305666.0
 20
6404312.62
 10
305664.0
 20
6404312.92
 10
305662.12
 20
6404314.0
 10
305668.0
 20
6404316.54
 10
305674.0
 20
6404320.61
 10
305676.0
 20
6404321.58
 10
305676.27
 20
6404322.0
 10
305673.48
 20
6404324.0
 10
305672.0
 20
6404325.59
 10
305670.0
 20
6404329.02
 10
305668.0
 20
6404330.74
 10
305666.0
 20
6404330.79
 10
305664.0
 20
6404331.69
 10
305662.0
 20
6404333.15
 10
305660.0
 20
6404335.43
 10
305658.91
 20
6404336.0
 10
305656.0
 20
6404338.65
 10
305654.0
 20
6404339.15
 10
305650.0
 20
6404339.13
 10
305648.0
 20
6404338.47
 10
305646.0
 20
6404336.91
 10
305644.0
 20
6404336.0
 10
305642.0
 20
6404335.92
 10
305640.0
 20
6404335.4
 10
305637.14
 20
6404334.0
 10
305635.15
 20
6404332.0
 10
305634.57
 20
6404330.0
 10
305634.0
 20
6404324.2
 10
305632.0
 20
6404323.79
 10
305631.71
 20
6404324.0
 10
305631.64
 20
6404326.0
 10
305632.0
 20
6404327.23
 10
305632.95
 20
6404328.0
 10
305631.47
 20
6404330.0
 10
305627.87
 20
6404332.0
 10
305626.0
 20
6404332.54
 10
305624.67
 20
6404332.0
 10
305624.0
 20
6404331.07
 10
305622.0
 20
6404331.13
 10
305620.0
 20
6404333.19
 10
305618.94
 20
6404336.0
 10
305614.0
 20
6404339.82
 10
305612.0
 20
6404340.93
 10
305606.0
 20
6404340.75
 10
305600.88
 20
6404340.0
 10
305597.16
 20
6404338.0
 10
305594.0
 20
6404335.22
 10
305588.0
 20
6404336.93
 10
305584.0
 20
6404337.19
 10
305582.0
 20
6404337.0
 10
305580.0
 20
6404336.03
 10
305578.0
 20
6404335.79
 10
305574.0
 20
6404334.08
 10
305570.0
 20
6404327.89
 10
305568.0
 20
6404326.04
 10
305567.47
 20
6404320.0
 10
305567.86
 20
6404318.0
 10
305567.73
 20
6404316.0
 10
305567.03
 20
6404314.0
 10
305566.0
 20
6404312.62
 10
305558.0
 20
6404312.22
 10
305555.91
 20
6404310.0
 10
305556.0
 20
6404307.61
 10
305557.54
 20
6404306.0
 10
305560.0
 20
6404304.7
 10
305561.1
 20
6404302.0
 10
305564.0
 20
6404300.39
 10
305566.37
 20
6404300.0
  0
TEXT
  5
3D0
330
17
100
AcDbEntity
  8
HOJDKURVOR_TEXT
100
AcDbText
 10
305671.4064976221
 20
6404318.850740887
 30
0.0
 40
1.5
  1
27.5
 50
34.15035271759277
 72
1
 11
305671.4064976221
 21
6404318.850740887
 31
0.0
100
AcDbText
 73
2
  0
TEXT
  5
3D1
330
17
100
AcDbEntity
  8
HOJDKURVOR_TEXT
100
AcDbText
 10
305585.5512636246
 20
6404337.089167865
 30
0.0
 40
1.5
  1
27.5
 50
356.28100601674606
 72
1
 11
305585.5512636246
 21
6404337.089167865
 31
0.0
100
AcDbText
 73
2
  0
LWPOLYLINE
  5
3D2
330
17
100
AcDbEntity
  8
HOJDKURVOR_GRUND
100
AcDbPolyline
 90
16
 70
0
 10
305309.62
 20
6404300.0
 10
305308.1
 20
6404302.0
 10
305308.0
 20
6404304.0
 10
305305.6
 20
6404310.0
 10
305304.0
 20
6404311.57
 10
305302.0
 20
6404312.74
 10
305298.0
 20
6404312.4
 10
305296.0
 20
6404313.0
 10
305294.67
 20
6404312.0
 10
305294.53
 20
6404308.0
 10
305294.0
 20
6404307.16
 10
305290.0
 20
6404306.66
 10
305288.49
 20
6404304.0
 10
305288.39
 20
6404302.0
 10
305288.0
 20
6404301.27
 10
305286.11
 20
6404300.0
  0
LWPOLYLINE
  5
3D3
330
17
100
AcDbEntity
  8
HOJDKURVOR_GRUND
100
AcDbPolyline
 90
9
 70
0
 10
305517.1
 20
6404300.0
 10
305514.73
 20
6404302.0
 10
305510.0
 20
6404306.97
 10
305508.93
 20
6404306.0
 10
305508.0
 20
6404305.65
 10
305504.0
 20
6404305.9
 10
305502.0
 20
6404304.47
 10
305498.0
 20
6404303.15
 10
305492.06
 20
6404300.0
  0
LWPOLYLINE
  5
3D4
330
17
100
AcDbEntity
  8
HOJDKURVOR_GRUND
100
AcDbPolyline
 90
10
 70
0
 10
305593.43
 20
6404300.0
 10
305594.0
 20
6404300.58
 10
305596.0
 20
6404301.49
 10
305600.0
 20
6404302.14
 10
305606.0
 20
6404304.35
 10
305610.0
 20
6404304.73
 10
305610.89
 20
6404304.0
 10
305612.0
 20
6404302.33
 10
305614.25
 20
6404302.0
 10
305614.4
 20
6404300.0
  0
LWPOLYLINE
  5
3D5
330
17
100
AcDbEntity
  8
HOJDKURVOR_GRUND
100
AcDbPolyline
 90
101
 70
0
 10
305680.0
 20
6404300.17
 10
305678.0
 20
6404301.25
 10
305676.0
 20
6404305.29
 10
305674.0
 20
6404304.51
 10
305670.0
 20
6404302.14
 10
305668.0
 20
6404302.66
 10
305666.0
 20
6404303.73
 10
305664.0
 20
6404303.88
 10
305662.0
 20
6404302.62
 10
305658.0
 20
6404301.46
 10
305654.0
 20
6404301.08
 10
305653.03
 20
6404302.0
 10
305654.0
 20
6404302.43
 10
305656.0
 20
6404304.09
 10
305658.0
 20
6404304.59
 10
305660.0
 20
6404306.71
 10
305664.6
 20
6404310.0
 10
305664.0
 20
6404311.27
 10
305662.0
 20
6404311.97
 10
305660.0
 20
6404311.34
 10
305656.0
 20
6404311.92
 10
305654.0
 20
6404312.97
 10
305652.0
 20
6404313.33
 10
305650.0
 20
6404314.12
 10
305648.0
 20
6404313.5
 10
305646.23
 20
6404314.0
 10
305648.55
 20
6404316.0
 10
305649.93
 20
6404318.0
 10
305652.0
 20
6404318.69
 10
305654.0
 20
6404318.8
 10
305658.0
 20
6404317.43
 10
305660.0
 20
6404317.11
 10
305662.0
 20
6404316.2
 10
305664.0
 20
6404316.07
 10
305668.0
 20
6404317.11
 10
305674.0
 20
6404321.48
 10
305675.33
 20
6404322.0
 10
305672.0
 20
6404323.86
 10
305669.63
 20
6404328.0
 10
305668.0
 20
6404329.08
 10
305666.0
 20
6404329.14
 10
305664.0
 20
6404330.41
 10
305660.0
 20
6404334.88
 10
305658.0
 20
6404335.87
 10
305656.0
 20
6404337.51
 10
305654.0
 20
6404337.98
 10
305650.0
 20
6404337.75
 10
305648.0
 20
6404336.87
 10
305646.0
 20
6404335.3
 10
305642.0
 20
6404334.64
 10
305638.0
 20
6404333.21
 10
305636.81
 20
6404332.0
 10
305635.58
 20
6404328.0
 10
305635.11
 20
6404324.0
 10
305634.0
 20
6404321.83
 10
305630.81
 20
6404324.0
 10
305630.05
 20
6404328.0
 10
305628.0
 20
6404329.0
 10
305626.0
 20
6404329.37
 10
305624.0
 20
6404328.74
 10
305618.0
 20
6404328.91
 10
305617.84
 20
6404330.0
 10
305618.72
 20
6404332.0
 10
305618.53
 20
6404334.0
 10
305618.0
 20
6404335.13
 10
305617.35
 20
6404336.0
 10
305612.0
 20
6404339.46
 10
305610.0
 20
6404339.76
 10
305606.0
 20
6404339.63
 10
305604.0
 20
6404339.34
 10
305600.78
 20
6404338.0
 10
305599.3
 20
6404336.0
 10
305597.1
 20
6404334.0
 10
305597.15
 20
6404332.0
 10
305596.0
 20
6404330.42
 10
305593.97
 20
6404332.0
 10
305592.0
 20
6404334.17
 10
305587.22
 20
6404336.0
 10
305584.0
 20
6404336.4
 10
305582.0
 20
6404336.28
 10
305580.0
 20
6404335.17
 10
305576.0
 20
6404333.84
 10
305574.0
 20
6404332.82
 10
305572.0
 20
6404329.6
 10
305569.96
 20
6404326.0
 10
305569.79
 20
6404324.0
 10
305568.79
 20
6404320.0
 10
305569.52
 20
6404316.0
 10
305569.03
 20
6404314.0
 10
305567.4
 20
6404312.0
 10
305566.0
 20
6404311.13
 10
305560.0
 20
6404311.57
 10
305558.0
 20
6404311.22
 10
305556.8
 20
6404310.0
 10
305557.03
 20
6404308.0
 10
305558.91
 20
6404306.0
 10
305560.0
 20
6404305.41
 10
305561.95
 20
6404302.0
 10
305564.0
 20
6404301.01
 10
305566.0
 20
6404300.73
 10
305567.91
 20
6404300.0
  0
LWPOLYLINE
  5
3D6
330
17
100
AcDbEntity
  8
HOJDKURVOR_GRUND
100
AcDbPolyline
 90
16
 70
0
 10
305307.23
 20
6404300.0
 10
305305.85
 20
6404302.0
 10
305304.0
 20
6404303.8
 10
305302.0
 20
6404304.6
 10
305300.6
 20
6404306.0
 10
305302.0
 20
6404307.22
 10
305304.05
 20
6404308.0
 10
305302.0
 20
6404310.0
 10
305300.0
 20
6404308.2
 10
305296.0
 20
6404307.24
 10
305294.0
 20
6404304.66
 10
305292.0
 20
6404305.48
 10
305290.0
 20
6404305.47
 10
305289.21
 20
6404304.0
 10
305289.42
 20
6404302.0
 10
305288.56
 20
6404300.0
  0
LWPOLYLINE
  5
3D7
330
17
100
AcDbEntity
  8
HOJDKURVOR_GRUND
100
AcDbPolyline
 90
5
 70
0
 10
305514.35
 20
6404300.0
 10
305510.0
 20
6404303.58
 10
305506.0
 20
6404304.65
 10
305500.0
 20
6404303.27
 10
305493.55
 20
6404300.0
  0
LWPOLYLINE
  5
3D8
330
17
100
AcDbEntity
  8
HOJDKURVOR_GRUND
100
AcDbPolyline
 90
30
 70
0
 10
305592.5
 20
6404300.0
 10
305594.0
 20
6404301.51
 10
305596.0
 20
6404302.81
 10
305598.0
 20
6404303.7
 10
305600.0
 20
6404303.49
 10
305602.1
 20
6404304.0
 10
305605.11
 20
6404306.0
 10
305606.0
 20
6404307.0
 10
305608.0
 20
6404306.45
 10
305610.0
 20
6404307.07
 10
305611.61
 20
6404308.0
 10
305612.0
 20
6404308.92
 10
305612.27
 20
6404308.0
 10
305614.0
 20
6404305.63
 10
305616.0
 20
6404305.22
 10
305618.0
 20
6404305.22
 10
305620.0
 20
6404305.69
 10
305624.0
 20
6404307.38
 10
305628.0
 20
6404307.48
 10
305632.0
 20
6404310.97
 10
305634.0
 20
6404310.63
 10
305636.0
 20
6404311.0
 10
305638.0
 20
6404310.96
 10
305638.63
 20
6404310.0
 10
305638.0
 20
6404309.64
 10
305636.0
 20
6404306.97
 10
305634.0
 20
6404306.12
 10
305630.0
 20
6404303.08
 10
305629.05
 20
6404302.0
 10
305628.28
 20
6404300.0
  0
LWPOLYLINE
  5
3D9
330
17
100
AcDbEntity
  8
HOJDKURVOR_GRUND
100
AcDbPolyline
 90
102
 70
0
 10
305644.14
 20
6404300.0
 10
305646.0
 20
6404300.21
 10
305649.57
 20
6404302.0
 10
305652.0
 20
6404302.44
 10
305656.0
 20
6404304.98
 10
305658.0
 20
6404305.5
 10
305660.0
 20
6404308.36
 10
305662.71
 20
6404310.0
 10
305662.0
 20
6404310.5
 10
305658.0
 20
6404310.44
 10
305654.0
 20
6404312.3
 10
305650.0
 20
6404313.35
 10
305648.0
 20
6404312.96
 10
305646.0
 20
6404313.1
 10
305643.62
 20
6404312.0
 10
305640.0
 20
6404311.21
 10
305638.87
 20
6404312.0
 10
305640.0
 20
6404312.65
 10
305642.0
 20
6404312.87
 10
305644.88
 20
6404316.0
 10
305646.0
 20
6404316.88
 10
305648.0
 20
6404317.73
 10
305650.0
 20
6404319.3
 10
305654.0
 20
6404319.87
 10
305658.0
 20
6404318.74
 10
305662.0
 20
6404318.18
 10
305664.0
 20
6404317.16
 10
305666.0
 20
6404317.39
 10
305668.48
 20
6404318.0
 10
305670.86
 20
6404320.0
 10
305672.26
 20
6404322.0
 10
305670.71
 20
6404324.0
 10
305669.76
 20
6404326.0
 10
305668.0
 20
6404327.49
 10
305666.0
 20
6404327.74
 10
305661.6
 20
6404332.0
 10
305660.0
 20
6404334.32
 10
305658.0
 20
6404334.97
 10
305656.0
 20
6404336.4
 10
305654.0
 20
6404336.9
 10
305650.09
 20
6404336.0
 10
305646.0
 20
6404334.1
 10
305640.0
 20
6404332.44
 10
305638.0
 20
6404331.38
 10
305636.73
 20
6404328.0
 10
305635.87
 20
6404322.0
 10
305634.0
 20
6404320.77
 10
305632.78
 20
6404322.0
 10
305629.38
 20
6404324.0
 10
305626.0
 20
6404326.63
 10
305624.0
 20
6404326.57
 10
305622.0
 20
6404326.38
 10
305621.33
 20
6404326.0
 10
305621.12
 20
6404324.0
 10
305620.0
 20
6404321.48
 10
305616.0
 20
6404322.43
 10
305614.0
 20
6404321.29
 10
305612.0
 20
6404319.54
 10
305610.0
 20
6404319.09
 10
305607.21
 20
6404322.0
 10
305610.0
 20
6404325.56
 10
305612.0
 20
6404325.54
 10
305614.0
 20
6404326.65
 10
305616.49
 20
6404330.0
 10
305616.89
 20
6404332.0
 10
305616.9
 20
6404334.0
 10
305616.0
 20
6404335.21
 10
305614.0
 20
6404336.46
 10
305612.0
 20
6404338.34
 10
305610.0
 20
6404338.57
 10
305604.0
 20
6404337.75
 10
305600.71
 20
6404334.0
 10
305600.25
 20
6404332.0
 10
305598.0
 20
6404327.93
 10
305594.77
 20
6404330.0
 10
305592.0
 20
6404332.58
 10
305589.41
 20
6404334.0
 10
305588.0
 20
6404334.63
 10
305584.0
 20
6404335.53
 10
305582.0
 20
6404335.44
 10
305574.95
 20
6404332.0
 10
305573.88
 20
6404330.0
 10
305572.31
 20
6404328.0
 10
305572.17
 20
6404324.0
 10
305570.3
 20
6404320.0
 10
305570.2
 20
6404318.0
 10
305571.16
 20
6404316.0
 10
305571.09
 20
6404314.0
 10
305569.25
 20
6404312.0
 10
305568.0
 20
6404310.77
 10
305566.0
 20
6404310.1
 10
305564.0
 20
6404310.05
 10
305562.0
 20
6404310.67
 10
305560.0
 20
6404310.78
 10
305557.75
 20
6404310.0
 10
305558.39
 20
6404308.0
 10
305560.0
 20
6404306.25
 10
305562.0
 20
6404303.0
 10
305563.21
 20
6404302.0
 10
305564.0
 20
6404301.62
 10
305570.0
 20
6404300.67
 10
305570.61
 20
6404300.0
  0
LWPOLYLINE
  5
3DA
330
17
100
AcDbEntity
  8
HOJDKURVOR_GRUND
100
AcDbPolyline
 90
8
 70
0
 10
305669.92
 20
6404300.0
 10
305666.0
 20
6404302.7
 10
305664.0
 20
6404302.86
 10
305662.0
 20
6404301.84
 10
305660.0
 20
6404301.4
 10
305658.0
 20
6404300.22
 10
305656.0
 20
6404300.26
 10
305655.46
 20
6404300.0
  0
LWPOLYLINE
  5
3DB
330
17
100
AcDbEntity
  8
HOJDKURVOR_GRUND
100
AcDbPolyline
 90
11
 70
0
 10
305303.47
 20
6404300.0
 10
305300.0
 20
6404302.59
 10
305298.0
 20
6404303.28
 10
305296.0
 20
6404305.53
 10
305295.41
 20
6404304.0
 10
305294.0
 20
6404302.06
 10
305292.73
 20
6404304.0
 10
305292.0
 20
6404304.39
 10
305289.93
 20
6404304.0
 10
305291.26
 20
6404302.0
 10
305291.33
 20
6404300.0
  0
LWPOLYLINE
  5
3DC
330
17
100
AcDbEntity
  8
HOJDKURVOR_GRUND
100
AcDbPolyline
 90
6
 70
0
 10
305511.49
 20
6404300.0
 10
305509.56
 20
6404302.0
 10
305508.0
 20
6404303.06
 10
305506.0
 20
6404303.53
 10
305500.0
 20
6404302.67
 10
305494.65
 20
6404300.0
  0
LWPOLYLINE
  5
3DD
330
17
100
AcDbEntity
  8
HOJDKURVOR_GRUND
100
AcDbPolyline
 90
45
 70
0
 10
305587.22
 20
6404300.0
 10
305588.0
 20
6404301.0
 10
305589.64
 20
6404302.0
 10
305590.0
 20
6404302.67
 10
305592.0
 20
6404302.33
 10
305593.43
 20
6404304.0
 10
305594.0
 20
6404306.0
 10
305596.0
 20
6404304.56
 10
305598.0
 20
6404305.79
 10
305599.11
 20
6404306.0
 10
305598.0
 20
6404306.56
 10
305596.38
 20
6404308.0
 10
305596.44
 20
6404310.0
 10
305595.47
 20
6404312.0
 10
305596.43
 20
6404314.0
 10
305598.0
 20
6404314.62
 10
305599.57
 20
6404316.0
 10
305602.0
 20
6404318.94
 10
305604.0
 20
6404320.17
 10
305605.46
 20
6404324.0
 10
305606.0
 20
6404324.88
 10
305608.0
 20
6404326.0
 10
305608.44
 20
6404328.0
 10
305610.0
 20
6404328.88
 10
305610.67
 20
6404328.0
 10
305612.0
 20
6404327.42
 10
305614.0
 20
6404329.0
 10
305614.69
 20
6404330.0
 10
305614.84
 20
6404332.0
 10
305614.07
 20
6404334.0
 10
305612.0
 20
6404336.48
 10
305610.0
 20
6404337.16
 10
305606.0
 20
6404334.62
 10
305602.55
 20
6404334.0
 10
305604.27
 20
6404332.0
 10
305604.0
 20
6404331.2
 10
305602.0
 20
6404330.48
 10
305601.59
 20
6404330.0
 10
305600.91
 20
6404328.0
 10
305601.93
 20
6404326.0
 10
305602.1
 20
6404324.0
 10
305600.0
 20
6404323.24
 10
305598.84
 20
6404324.0
 10
305598.39
 20
6404326.0
 10
305596.47
 20
6404328.0
  0
LWPOLYLINE
  5
3DE
330
17
100
AcDbEntity
  8
HOJDKURVOR_GRUND
100
AcDbPolyline
 90
32
 70
0
 10
305585.82
 20
6404334.0
 10
305584.0
 20
6404334.58
 10
305582.0
 20
6404334.54
 10
305580.0
 20
6404333.05
 10
305576.0
 20
6404331.09
 10
305575.14
 20
6404330.0
 10
305574.47
 20
6404328.0
 10
305574.79
 20
6404326.0
 10
305574.27
 20
6404324.0
 10
305572.98
 20
6404322.0
 10
305572.54
 20
6404320.0
 10
305573.07
 20
6404318.0
 10
305573.17
 20
6404314.0
 10
305572.19
 20
6404312.0
 10
305570.0
 20
6404310.89
 10
305568.0
 20
6404309.23
 10
305566.0
 20
6404308.66
 10
305564.0
 20
6404308.8
 10
305562.0
 20
6404309.8
 10
305560.0
 20
6404309.85
 10
305559.69
 20
6404308.0
 10
305562.0
 20
6404304.08
 10
305564.0
 20
6404302.61
 10
305565.41
 20
6404302.0
 10
305568.0
 20
6404301.76
 10
305570.0
 20
6404302.69
 10
305572.0
 20
6404301.31
 10
305574.0
 20
6404301.22
 10
305576.0
 20
6404300.12
 10
305578.0
 20
6404300.4
 10
305579.23
 20
6404300.0
 10
305587.22
 20
6404300.0
  0
LWPOLYLINE
  5
3DF
330
17
100
AcDbEntity
  8
HOJDKURVOR_GRUND
100
AcDbPolyline
 90
16
 70
0
 10
305641.95
 20
6404300.0
 10
305644.0
 20
6404301.03
 10
305646.0
 20
6404301.0
 10
305648.0
 20
6404302.05
 10
305652.0
 20
6404303.13
 10
305656.47
 20
6404306.0
 10
305658.33
 20
6404308.0
 10
305656.88
 20
6404310.0
 10
305652.67
 20
6404312.0
 10
305650.0
 20
6404312.68
 10
305646.0
 20
6404312.08
 10
305642.0
 20
6404310.72
 10
305638.0
 20
6404308.12
 10
305636.0
 20
6404306.02
 10
305630.35
 20
6404302.0
 10
305629.37
 20
6404300.0
  0
LWPOLYLINE
  5
3E0
330
17
100
AcDbEntity
  8
HOJDKURVOR_GRUND
100
AcDbPolyline
 90
5
 70
0
 10
305667.86
 20
6404300.0
 10
305666.0
 20
6404301.54
 10
305664.0
 20
6404301.82
 10
305660.0
 20
6404300.78
 10
305658.79
 20
6404300.0
  0
LWPOLYLINE
  5
3E1
330
17
100
AcDbEntity
  8
HOJDKURVOR_GRUND
100
AcDbPolyline
 90
5
 70
0
 10
305509.21
 20
6404300.0
 10
305507.6
 20
6404302.0
 10
305506.0
 20
6404302.55
 10
305500.0
 20
6404302.07
 10
305495.59
 20
6404300.0
  0
LWPOLYLINE
  5
3E2
330
17
100
AcDbEntity
  8
HOJDKURVOR_GRUND
100
AcDbPolyline
 90
22
 70
0
 10
305641.07
 20
6404300.0
 10
305642.0
 20
6404301.63
 10
305644.0
 20
6404302.11
 10
305646.0
 20
6404301.79
 10
305648.0
 20
6404302.9
 10
305650.0
 20
6404303.18
 10
305652.26
 20
6404304.0
 10
305654.81
 20
6404306.0
 10
305656.23
 20
6404308.0
 10
305655.11
 20
6404310.0
 10
305650.0
 20
6404312.0
 10
305648.0
 20
6404311.76
 10
305642.53
 20
6404310.0
 10
305642.0
 20
6404309.41
 10
305639.42
 20
6404308.0
 10
305640.46
 20
6404304.0
 10
305640.0
 20
6404303.53
 10
305638.0
 20
6404304.08
 10
305636.0
 20
6404304.0
 10
305634.0
 20
6404302.36
 10
305632.0
 20
6404301.56
 10
305630.91
 20
6404300.0
  0
LWPOLYLINE
  5
3E3
330
17
100
AcDbEntity
  8
HOJDKURVOR_STOD
100
AcDbPolyline
 90
5
 70
0
 10
305507.29
 20
6404300.0
 10
305506.0
 20
6404301.2
 10
305504.0
 20
6404301.65
 10
305500.0
 20
6404301.23
 10
305496.78
 20
6404300.0
  0
LWPOLYLINE
  5
3E4
330
17
100
AcDbEntity
  8
HOJDKURVOR_STOD
100
AcDbPolyline
 90
5
 70
0
 10
305640.19
 20
6404300.0
 10
305639.23
 20
6404302.0
 10
305638.0
 20
6404302.87
 10
305636.0
 20
6404302.33
 10
305634.51
 20
6404300.0
  0
ENDSEC
  0
SECTION
  2
OBJECTS
  0
DICTIONARY
  5
A
330
0
100
AcDbDictionary
281
1
  3
ACAD_COLOR
350
B
  3
ACAD_GROUP
350
C
  3
ACAD_LAYOUT
350
D
  3
ACAD_MATERIAL
350
E
  3
ACAD_MLEADERSTYLE
350
F
  3
ACAD_MLINESTYLE
350
10
  3
ACAD_PLOTSETTINGS
350
11
  3
ACAD_PLOTSTYLENAME
350
12
  3
ACAD_SCALELIST
350
14
  3
ACAD_TABLESTYLE
350
15
  3
ACAD_VISUALSTYLE
350
16
  3
EZDXF_META
350
2D
  0
DICTIONARY
  5
B
330
A
100
AcDbDictionary
281
1
  0
DICTIONARY
  5
C
330
A
100
AcDbDictionary
281
1
  0
DICTIONARY
  5
D
330
A
100
AcDbDictionary
281
1
  3
Model
350
1A
  3
Layout1
350
1E
  0
DICTIONARY
  5
E
330
A
100
AcDbDictionary
281
1
  3
ByBlock
350
1F
  3
ByLayer
350
20
  3
Global
350
21
  0
DICTIONARY
  5
F
330
A
100
AcDbDictionary
281
1
  3
Standard
350
2C
  0
DICTIONARY
  5
10
330
A
100
AcDbDictionary
281
1
  3
Standard
350
22
  0
DICTIONARY
  5
11
330
A
100
AcDbDictionary
281
1
  0
ACDBDICTIONARYWDFLT
  5
12
330
A
100
AcDbDictionary
281
1
  3
Normal
350
13
100
AcDbDictionaryWithDefault
340
13
  0
ACDBPLACEHOLDER
  5
13
330
12
  0
DICTIONARY
  5
14
330
A
100
AcDbDictionary
281
1
  0
DICTIONARY
  5
15
330
A
100
AcDbDictionary
281
1
  0
DICTIONARY
  5
16
330
A
100
AcDbDictionary
281
1
  0
LAYOUT
  5
1A
330
D
100
AcDbPlotSettings
  1

  4
A3
  6

 40
7.5
 41
20.0
 42
7.5
 43
20.0
 44
420.0
 45
297.0
 46
0.0
 47
0.0
 48
0.0
 49
0.0
140
0.0
141
0.0
142
1.0
143
1.0
 70
1024
 72
1
 73
0
 74
5
  7

 75
16
 76
0
 77
2
 78
300
147
1.0
148
0.0
149
0.0
100
AcDbLayout
  1
Model
 70
1
 71
0
 10
0.0
 20
0.0
 11
420.0
 21
297.0
 12
0.0
 22
0.0
 32
0.0
 14
304729.202
 24
6403920.173
 34
0.0
 15
308942.374
 25
6405836.213
 35
0.0
146
0.0
 13
0.0
 23
0.0
 33
0.0
 16
1.0
 26
0.0
 36
0.0
 17
0.0
 27
1.0
 37
0.0
 76
1
330
17
  0
LAYOUT
  5
1E
330
D
100
AcDbPlotSettings
  1

  4
A3
  6

 40
7.5
 41
20.0
 42
7.5
 43
20.0
 44
420.0
 45
297.0
 46
0.0
 47
0.0
 48
0.0
 49
0.0
140
0.0
141
0.0
142
1.0
143
1.0
 70
0
 72
1
 73
0
 74
5
  7

 75
16
 76
0
 77
2
 78
300
147
1.0
148
0.0
149
0.0
100
AcDbLayout
  1
Layout1
 70
1
 71
1
 10
0.0
 20
0.0
 11
420.0
 21
297.0
 12
0.0
 22
0.0
 32
0.0
 14
1e+20
 24
1e+20
 34
1e+20
 15
-1e+20
 25
-1e+20
 35
-1e+20
146
0.0
 13
0.0
 23
0.0
 33
0.0
 16
1.0
 26
0.0
 36
0.0
 17
0.0
 27
1.0
 37
0.0
 76
1
330
1B
  0
MATERIAL
  5
1F
102
{ACAD_REACTORS
330
E
102
}
330
E
100
AcDbMaterial
  1
ByBlock
  2

 70
0
 40
1.0
 71
1
 41
1.0
 91
-1023410177
 42
1.0
 72
1
  3

 73
1
 74
1
 75
1
 44
0.5
 73
0
 45
1.0
 46
1.0
 77
1
  4

 78
1
 79
1
170
1
 48
1.0
171
1
  6

172
1
173
1
174
1
140
1.0
141
1.0
175
1
  7

176
1
177
1
178
1
143
1.0
179
1
  8

270
1
271
1
272
1
145
1.0
146
1.0
273
1
  9

274
1
275
1
276
1
 42
1.0
 72
1
  3

 73
1
 74
1
 75
1
 94
63
  0
MATERIAL
  5
20
102
{ACAD_REACTORS
330
E
102
}
330
E
100
AcDbMaterial
  1
ByLayer
  2

 70
0
 40
1.0
 71
1
 41
1.0
 91
-1023410177
 42
1.0
 72
1
  3

 73
1
 74
1
 75
1
 44
0.5
 73
0
 45
1.0
 46
1.0
 77
1
  4

 78
1
 79
1
170
1
 48
1.0
171
1
  6

172
1
173
1
174
1
140
1.0
141
1.0
175
1
  7

176
1
177
1
178
1
143
1.0
179
1
  8

270
1
271
1
272
1
145
1.0
146
1.0
273
1
  9

274
1
275
1
276
1
 42
1.0
 72
1
  3

 73
1
 74
1
 75
1
 94
63
  0
MATERIAL
  5
21
102
{ACAD_REACTORS
330
E
102
}
330
E
100
AcDbMaterial
  1
Global
  2

 70
0
 40
1.0
 71
1
 41
1.0
 91
-1023410177
 42
1.0
 72
1
  3

 73
1
 74
1
 75
1
 44
0.5
 73
0
 45
1.0
 46
1.0
 77
1
  4

 78
1
 79
1
170
1
 48
1.0
171
1
  6

172
1
173
1
174
1
140
1.0
141
1.0
175
1
  7

176
1
177
1
178
1
143
1.0
179
1
  8

270
1
271
1
272
1
145
1.0
146
1.0
273
1
  9

274
1
275
1
276
1
 42
1.0
 72
1
  3

 73
1
 74
1
 75
1
 94
63
  0
MLINESTYLE
  5
22
102
{ACAD_REACTORS
330
10
102
}
330
10
100
AcDbMlineStyle
  2
Standard
 70
0
  3

 62
256
 51
90.0
 52
90.0
 71
2
 49
0.5
 62
256
  6
BYLAYER
 49
-0.5
 62
256
  6
BYLAYER
  0
MLEADERSTYLE
  5
2C
102
{ACAD_REACTORS
330
F
102
}
330
F
100
AcDbMLeaderStyle
179
2
170
2
171
1
172
0
 90
2
 40
0.0
 41
0.0
173
1
 91
-1056964608
 92
-2
290
1
 42
2.0
291
1
 43
8.0
  3
Standard
 44
4.0
300

342
29
174
1
175
1
176
0
178
1
 93
-1056964608
 45
4.0
292
0
297
0
 46
4.0
 94
-1056964608
 47
1.0
 49
1.0
140
1.0
294
1
141
0.0
177
0
142
1.0
295
0
296
0
143
3.75
271
0
272
9
273
9
  0
DICTIONARY
  5
2D
330
A
100
AcDbDictionary
280
1
281
1
  3
CREATED_BY_EZDXF
350
2E
  3
WRITTEN_BY_EZDXF
350
3E8
  0
DICTIONARYVAR
  5
2E
330
2D
100
DictionaryVariables
280
0
  1
1.4.2 @ 2026-10-02T08:29:23.484503+00:00
  0
DICTIONARYVAR
  5
3E8
330
2D
100
DictionaryVariables
280
0
  1
1.4.2 @ 2026-10-02T08:29:24.029240+00:00
  0
ENDSEC
  0
EOF
