Easting_SWEREF99TM,Northing_SWEREF99TM,Hojd_RH2000_m
305150.0,6404300.0,4.06
305152.0,6404300.0,4.03
305154.0,6404300.0,4.01
305156.0,6404300.0,4.02
305158.0,6404300.0,4.03
305160.0,6404300.0,4.02
305162.0,6404300.0,4.01
305164.0,6404300.0,3.98
305166.0,6404300.0,3.97
305168.0,6404300.0,4.01
305170.0,6404300.0,4.02
305172.0,6404300.0,4.06
305174.0,6404300.0,4.14
305176.0,6404300.0,4.25
305178.0,6404300.0,4.57
305180.0,6404300.0,4.72
305182.0,6404300.0,5.01
305184.0,6404300.0,5.67
305186.0,6404300.0,6.95
305188.0,6404300.0,7.96
305190.0,6404300.0,8.86
305192.0,6404300.0,10.1
305194.0,6404300.0,11.42
305196.0,6404300.0,11.88
305198.0,6404300.0,12.29
305200.0,6404300.0,12.62
305202.0,6404300.0,12.71
305204.0,6404300.0,12.97
305206.0,6404300.0,13.2
305208.0,6404300.0,13.49
305210.0,6404300.0,13.78
305212.0,6404300.0,13.96
305214.0,6404300.0,14.41
305216.0,6404300.0,14.71
305218.0,6404300.0,14.15
305220.0,6404300.0,12.84
305222.0,6404300.0,11.62
305224.0,6404300.0,10.52
305226.0,6404300.0,10.47
305228.0,6404300.0,10.3
305230.0,6404300.0,11.38
305232.0,6404300.0,12.83
305234.0,6404300.0,13.34
305236.0,6404300.0,14.37
305238.0,6404300.0,14.75
305240.0,6404300.0,15.18
305242.0,6404300.0,16.02
305244.0,6404300.0,16.59
305246.0,6404300.0,17.18
305248.0,6404300.0,17.61
305250.0,6404300.0,19.27
305252.0,6404300.0,19.91
305254.0,6404300.0,20.62
305256.0,6404300.0,21.3
305258.0,6404300.0,22.43
305260.0,6404300.0,23.1
305262.0,6404300.0,24.15
305264.0,6404300.0,24.94
305266.0,6404300.0,25.22
305268.0,6404300.0,25.77
305270.0,6404300.0,26.39
305272.0,6404300.0,26.12
305274.0,6404300.0,26.67
305276.0,6404300.0,27.82
305278.0,6404300.0,27.75
305280.0,6404300.0,27.69
305282.0,6404300.0,27.52
305284.0,6404300.0,27.73
305286.0,6404300.0,27.98
305288.0,6404300.0,28.33
305290.0,6404300.0,28.94
305292.0,6404300.0,29.03
305294.0,6404300.0,29.19
305296.0,6404300.0,29.46
305298.0,6404300.0,29.56
305300.0,6404300.0,29.42
305302.0,6404300.0,29.22
305304.0,6404300.0,28.92
305306.0,6404300.0,28.69
305308.0,6404300.0,28.38
305310.0,6404300.0,27.91
305312.0,6404300.0,27.78
305314.0,6404300.0,27.48
305316.0,6404300.0,27.42
305318.0,6404300.0,26.99
305320.0,6404300.0,26.32
305322.0,6404300.0,25.54
305324.0,6404300.0,24.94
305326.0,6404300.0,24.83
305328.0,6404300.0,24.59
305330.0,6404300.0,24.58
305332.0,6404300.0,24.76
305334.0,6404300.0,24.82
305336.0,6404300.0,24.95
305338.0,6404300.0,25.05
305340.0,6404300.0,25.2
305342.0,6404300.0,25.2
305344.0,6404300.0,25.38
305346.0,6404300.0,25.35
305348.0,6404300.0,24.93
305350.0,6404300.0,25.22
305352.0,6404300.0,25.4
305354.0,6404300.0,25.36
305356.0,6404300.0,25.73
305358.0,6404300.0,25.8
305360.0,6404300.0,25.82
305362.0,6404300.0,26.03
305364.0,6404300.0,25.96
305366.0,6404300.0,25.9
305368.0,6404300.0,26.01
305370.0,6404300.0,26.02
305372.0,6404300.0,25.68
305374.0,6404300.0,25.42
305376.0,6404300.0,25.04
305378.0,6404300.0,24.18
305380.0,6404300.0,24.58
305382.0,6404300.0,24.87
305384.0,6404300.0,24.74
305386.0,6404300.0,24.33
305388.0,6404300.0,23.62
305390.0,6404300.0,23.4
305392.0,6404300.0,23.32
305394.0,6404300.0,23.34
305396.0,6404300.0,23.51
305398.0,6404300.0,23.64
305400.0,6404300.0,23.59
305402.0,6404300.0,23.6
305404.0,6404300.0,23.86
305406.0,6404300.0,23.8
305408.0,6404300.0,24.42
305410.0,6404300.0,24.93
305412.0,6404300.0,24.93
305414.0,6404300.0,24.6
305416.0,6404300.0,24.35
305418.0,6404300.0,24.35
305420.0,6404300.0,24.4
305422.0,6404300.0,24.82
305424.0,6404300.0,25.66
305426.0,6404300.0,26.0
305428.0,6404300.0,26.02
305430.0,6404300.0,25.62
305432.0,6404300.0,25.55
305434.0,6404300.0,25.63
305436.0,6404300.0,25.75
305438.0,6404300.0,26.51
305440.0,6404300.0,26.37
305442.0,6404300.0,26.17
305444.0,6404300.0,26.06
305446.0,6404300.0,25.6
305448.0,6404300.0,25.34
305450.0,6404300.0,25.22
305452.0,6404300.0,25.09
305454.0,6404300.0,25.22
305456.0,6404300.0,25.29
305458.0,6404300.0,25.26
305460.0,6404300.0,25.45
305462.0,6404300.0,25.95
305464.0,6404300.0,26.14
305466.0,6404300.0,25.86
305468.0,6404300.0,25.76
305470.0,6404300.0,25.92
305472.0,6404300.0,26.25
305474.0,6404300.0,26.25
305476.0,6404300.0,26.1
305478.0,6404300.0,25.79
305480.0,6404300.0,24.85
305482.0,6404300.0,24.67
305484.0,6404300.0,25.49
305486.0,6404300.0,26.63
305488.0,6404300.0,27.14
305490.0,6404300.0,27.67
305492.0,6404300.0,27.98
305494.0,6404300.0,28.65
305496.0,6404300.0,29.72
305498.0,6404300.0,30.44
305500.0,6404300.0,30.71
305502.0,6404300.0,30.91
305504.0,6404300.0,30.71
305506.0,6404300.0,30.33
305508.0,6404300.0,29.82
305510.0,6404300.0,29.29
305512.0,6404300.0,28.9
305514.0,6404300.0,28.56
305516.0,6404300.0,28.22
305518.0,6404300.0,27.82
305520.0,6404300.0,27.57
305522.0,6404300.0,27.62
305524.0,6404300.0,27.8
305526.0,6404300.0,27.14
305528.0,6404300.0,26.79
305530.0,6404300.0,26.68
305532.0,6404300.0,26.97
305534.0,6404300.0,27.03
305536.0,6404300.0,27.15
305538.0,6404300.0,27.23
305540.0,6404300.0,27.16
305542.0,6404300.0,27.07
305544.0,6404300.0,26.97
305546.0,6404300.0,26.81
305548.0,6404300.0,26.77
305550.0,6404300.0,26.61
305552.0,6404300.0,26.46
305554.0,6404300.0,26.36
305556.0,6404300.0,26.29
305558.0,6404300.0,26.17
305560.0,6404300.0,25.98
305562.0,6404300.0,26.41
305564.0,6404300.0,27.18
305566.0,6404300.0,27.38
305568.0,6404300.0,28.03
305570.0,6404300.0,28.43
305572.0,6404300.0,28.66
305574.0,6404300.0,28.58
305576.0,6404300.0,28.94
305578.0,6404300.0,28.84
305580.0,6404300.0,29.1
305582.0,6404300.0,29.38
305584.0,6404300.0,29.25
305586.0,6404300.0,29.14
305588.0,6404300.0,28.91
305590.0,6404300.0,28.92
305592.0,6404300.0,28.77
305594.0,6404300.0,27.69
305596.0,6404300.0,27.38
305598.0,6404300.0,27.26
305600.0,6404300.0,27.37
305602.0,6404300.0,27.11
305604.0,6404300.0,27.05
305606.0,6404300.0,27.03
305608.0,6404300.0,27.12
305610.0,6404300.0,27.2
305612.0,6404300.0,27.65
305614.0,6404300.0,27.97
305616.0,6404300.0,28.12
305618.0,6404300.0,28.04
305620.0,6404300.0,28.13
305622.0,6404300.0,27.96
305624.0,6404300.0,28.07
305626.0,6404300.0,28.07
305628.0,6404300.0,28.37
305630.0,6404300.0,29.29
305632.0,6404300.0,29.75
305634.0,6404300.0,29.88
305636.0,6404300.0,30.35
305638.0,6404300.0,30.59
305640.0,6404300.0,30.11
305642.0,6404300.0,28.97
305644.0,6404300.0,28.51
305646.0,6404300.0,28.37
305648.0,6404300.0,27.9
305650.0,6404300.0,28.22
305652.0,6404300.0,28.1
305654.0,6404300.0,28.2
305656.0,6404300.0,28.61
305658.0,6404300.0,28.59
305660.0,6404300.0,29.63
305662.0,6404300.0,29.75
305664.0,6404300.0,29.8
305666.0,6404300.0,29.54
305668.0,6404300.0,28.96
305670.0,6404300.0,28.48
305672.0,6404300.0,28.73
305674.0,6404300.0,28.88
305676.0,6404300.0,28.61
305678.0,6404300.0,28.58
305680.0,6404300.0,28.09
305150.0,6404302.0,4.03
305152.0,6404302.0,4.02
305154.0,6404302.0,4.02
305156.0,6404302.0,3.99
305158.0,6404302.0,3.98
305160.0,6404302.0,3.96
305162.0,6404302.0,3.97
305164.0,6404302.0,3.92
305166.0,6404302.0,3.92
305168.0,6404302.0,3.98
305170.0,6404302.0,4.0
305172.0,6404302.0,4.04
305174.0,6404302.0,4.13
305176.0,6404302.0,4.27
305178.0,6404302.0,4.62
305180.0,6404302.0,4.77
305182.0,6404302.0,5.14
305184.0,6404302.0,5.88
305186.0,6404302.0,6.72
305188.0,6404302.0,7.79
305190.0,6404302.0,9.01
305192.0,6404302.0,10.47
305194.0,6404302.0,11.17
305196.0,6404302.0,11.67
305198.0,6404302.0,12.14
305200.0,6404302.0,12.69
305202.0,6404302.0,12.9
305204.0,6404302.0,12.93
305206.0,6404302.0,13.15
305208.0,6404302.0,13.2
305210.0,6404302.0,13.37
305212.0,6404302.0,13.51
305214.0,6404302.0,13.63
305216.0,6404302.0,14.04
305218.0,6404302.0,13.46
305220.0,6404302.0,12.19
305222.0,6404302.0,10.9
305224.0,6404302.0,10.4
305226.0,6404302.0,10.15
305228.0,6404302.0,10.22
305230.0,6404302.0,10.65
305232.0,6404302.0,12.34
305234.0,6404302.0,13.2
305236.0,6404302.0,14.2
305238.0,6404302.0,14.6
305240.0,6404302.0,14.78
305242.0,6404302.0,15.73
305244.0,6404302.0,16.22
305246.0,6404302.0,16.66
305248.0,6404302.0,17.14
305250.0,6404302.0,17.89
305252.0,6404302.0,19.54
305254.0,6404302.0,20.52
305256.0,6404302.0,20.98
305258.0,6404302.0,21.27
305260.0,6404302.0,22.97
305262.0,6404302.0,24.31
305264.0,6404302.0,24.73
305266.0,6404302.0,25.13
305268.0,6404302.0,25.57
305270.0,6404302.0,25.8
305272.0,6404302.0,25.85
305274.0,6404302.0,26.39
305276.0,6404302.0,27.45
305278.0,6404302.0,27.15
305280.0,6404302.0,26.75
305282.0,6404302.0,26.78
305284.0,6404302.0,27.55
305286.0,6404302.0,27.69
305288.0,6404302.0,27.81
305290.0,6404302.0,28.78
305292.0,6404302.0,29.13
305294.0,6404302.0,29.01
305296.0,6404302.0,29.12
305298.0,6404302.0,29.16
305300.0,6404302.0,29.08
305302.0,6404302.0,28.88
305304.0,6404302.0,28.86
305306.0,6404302.0,28.47
305308.0,6404302.0,28.02
305310.0,6404302.0,27.62
305312.0,6404302.0,27.41
305314.0,6404302.0,27.38
305316.0,6404302.0,27.47
305318.0,6404302.0,26.84
305320.0,6404302.0,26.14
305322.0,6404302.0,25.49
305324.0,6404302.0,24.94
305326.0,6404302.0,24.61
305328.0,6404302.0,24.57
305330.0,6404302.0,24.64
305332.0,6404302.0,24.61
305334.0,6404302.0,24.43
305336.0,6404302.0,24.48
305338.0,6404302.0,24.58
305340.0,6404302.0,24.6
305342.0,6404302.0,24.79
305344.0,6404302.0,24.89
305346.0,6404302.0,24.99
305348.0,6404302.0,24.71
305350.0,6404302.0,24.82
305352.0,6404302.0,24.97
305354.0,6404302.0,24.87
305356.0,6404302.0,24.92
305358.0,6404302.0,25.33
305360.0,6404302.0,25.52
305362.0,6404302.0,25.62
305364.0,6404302.0,25.64
305366.0,6404302.0,25.6
305368.0,6404302.0,25.65
305370.0,6404302.0,25.64
305372.0,6404302.0,25.57
305374.0,6404302.0,25.38
305376.0,6404302.0,25.29
305378.0,6404302.0,25.16
305380.0,6404302.0,24.5
305382.0,6404302.0,24.11
305384.0,6404302.0,24.1
305386.0,6404302.0,23.8
305388.0,6404302.0,23.39
305390.0,6404302.0,23.18
305392.0,6404302.0,22.98
305394.0,6404302.0,23.14
305396.0,6404302.0,23.1
305398.0,6404302.0,23.29
305400.0,6404302.0,23.43
305402.0,6404302.0,23.35
305404.0,6404302.0,23.62
305406.0,6404302.0,23.55
305408.0,6404302.0,23.92
305410.0,6404302.0,24.61
305412.0,6404302.0,24.63
305414.0,6404302.0,24.38
305416.0,6404302.0,24.38
305418.0,6404302.0,24.3
305420.0,6404302.0,24.06
305422.0,6404302.0,24.31
305424.0,6404302.0,25.01
305426.0,6404302.0,25.86
305428.0,6404302.0,25.81
305430.0,6404302.0,25.52
305432.0,6404302.0,25.16
305434.0,6404302.0,25.41
305436.0,6404302.0,25.53
305438.0,6404302.0,26.17
305440.0,6404302.0,25.83
305442.0,6404302.0,25.89
305444.0,6404302.0,25.88
305446.0,6404302.0,25.6
305448.0,6404302.0,25.41
305450.0,6404302.0,25.18
305452.0,6404302.0,25.21
305454.0,6404302.0,25.16
305456.0,6404302.0,25.39
305458.0,6404302.0,25.4
305460.0,6404302.0,25.72
305462.0,6404302.0,26.01
305464.0,6404302.0,26.12
305466.0,6404302.0,26.13
305468.0,6404302.0,26.03
305470.0,6404302.0,26.07
305472.0,6404302.0,26.25
305474.0,6404302.0,26.42
305476.0,6404302.0,26.16
305478.0,6404302.0,26.04
305480.0,6404302.0,25.67
305482.0,6404302.0,24.89
305484.0,6404302.0,24.53
305486.0,6404302.0,25.31
305488.0,6404302.0,26.34
305490.0,6404302.0,26.77
305492.0,6404302.0,26.79
305494.0,6404302.0,27.22
305496.0,6404302.0,28.01
305498.0,6404302.0,28.76
305500.0,6404302.0,29.56
305502.0,6404302.0,29.67
305504.0,6404302.0,29.85
305506.0,6404302.0,29.78
305508.0,6404302.0,29.43
305510.0,6404302.0,28.88
305512.0,6404302.0,28.47
305514.0,6404302.0,28.16
305516.0,6404302.0,27.72
305518.0,6404302.0,27.4
305520.0,6404302.0,27.39
305522.0,6404302.0,27.08
305524.0,6404302.0,26.93
305526.0,6404302.0,26.72
305528.0,6404302.0,26.74
305530.0,6404302.0,26.75
305532.0,6404302.0,26.79
305534.0,6404302.0,26.86
305536.0,6404302.0,26.98
305538.0,6404302.0,27.0
305540.0,6404302.0,26.85
305542.0,6404302.0,26.78
305544.0,6404302.0,26.71
305546.0,6404302.0,26.58
305548.0,6404302.0,26.44
305550.0,6404302.0,26.16
305552.0,6404302.0,26.0
305554.0,6404302.0,25.82
305556.0,6404302.0,25.77
305558.0,6404302.0,25.8
305560.0,6404302.0,26.85
305562.0,6404302.0,28.03
305564.0,6404302.0,28.81
305566.0,6404302.0,29.08
305568.0,6404302.0,29.13
305570.0,6404302.0,28.64
305572.0,6404302.0,29.18
305574.0,6404302.0,29.27
305576.0,6404302.0,29.97
305578.0,6404302.0,29.65
305580.0,6404302.0,29.19
305582.0,6404302.0,29.12
305584.0,6404302.0,29.19
305586.0,6404302.0,29.28
305588.0,6404302.0,29.09
305590.0,6404302.0,28.98
305592.0,6404302.0,28.99
305594.0,6404302.0,28.76
305596.0,6404302.0,28.21
305598.0,6404302.0,28.11
305600.0,6404302.0,27.95
305602.0,6404302.0,27.47
305604.0,6404302.0,27.25
305606.0,6404302.0,27.61
305608.0,6404302.0,27.43
305610.0,6404302.0,27.51
305612.0,6404302.0,27.97
305614.0,6404302.0,27.99
305616.0,6404302.0,28.07
305618.0,6404302.0,28.02
305620.0,6404302.0,28.02
305622.0,6404302.0,28.06
305624.0,6404302.0,28.01
305626.0,6404302.0,28.08
305628.0,6404302.0,28.05
305630.0,6404302.0,28.91
305632.0,6404302.0,29.43
305634.0,6404302.0,29.58
305636.0,6404302.0,30.1
305638.0,6404302.0,30.38
305640.0,6404302.0,29.76
305642.0,6404302.0,29.62
305644.0,6404302.0,29.46
305646.0,6404302.0,29.63
305648.0,6404302.0,28.97
305650.0,6404302.0,28.37
305652.0,6404302.0,28.18
305654.0,6404302.0,27.83
305656.0,6404302.0,27.76
305658.0,6404302.0,27.78
305660.0,6404302.0,28.01
305662.0,6404302.0,28.39
305664.0,6404302.0,28.92
305666.0,6404302.0,28.84
305668.0,6404302.0,28.25
305670.0,6404302.0,28.05
305672.0,6404302.0,28.55
305674.0,6404302.0,29.06
305676.0,6404302.0,28.94
305678.0,6404302.0,27.65
305680.0,6404302.0,27.03
305150.0,6404304.0,3.98
305152.0,6404304.0,3.94
305154.0,6404304.0,3.92
305156.0,6404304.0,3.93
305158.0,6404304.0,3.92
305160.0,6404304.0,3.91
305162.0,6404304.0,3.91
305164.0,6404304.0,3.88
305166.0,6404304.0,3.93
305168.0,6404304.0,3.98
305170.0,6404304.0,3.99
305172.0,6404304.0,4.06
305174.0,6404304.0,4.14
305176.0,6404304.0,4.34
305178.0,6404304.0,4.65
305180.0,6404304.0,4.81
305182.0,6404304.0,5.13
305184.0,6404304.0,5.84
305186.0,6404304.0,6.72
305188.0,6404304.0,7.96
305190.0,6404304.0,9.25
305192.0,6404304.0,10.55
305194.0,6404304.0,11.19
305196.0,6404304.0,12.0
305198.0,6404304.0,12.51
305200.0,6404304.0,12.76
305202.0,6404304.0,12.91
305204.0,6404304.0,12.98
305206.0,6404304.0,13.17
305208.0,6404304.0,12.98
305210.0,6404304.0,12.9
305212.0,6404304.0,13.06
305214.0,6404304.0,12.98
305216.0,6404304.0,13.18
305218.0,6404304.0,12.77
305220.0,6404304.0,11.38
305222.0,6404304.0,10.09
305224.0,6404304.0,10.09
305226.0,6404304.0,10.01
305228.0,6404304.0,9.93
305230.0,6404304.0,10.38
305232.0,6404304.0,12.02
305234.0,6404304.0,12.56
305236.0,6404304.0,13.93
305238.0,6404304.0,14.3
305240.0,6404304.0,14.64
305242.0,6404304.0,15.36
305244.0,6404304.0,15.91
305246.0,6404304.0,16.26
305248.0,6404304.0,17.17
305250.0,6404304.0,18.22
305252.0,6404304.0,19.28
305254.0,6404304.0,20.23
305256.0,6404304.0,20.72
305258.0,6404304.0,21.53
305260.0,6404304.0,23.78
305262.0,6404304.0,24.55
305264.0,6404304.0,25.21
305266.0,6404304.0,25.29
305268.0,6404304.0,25.75
305270.0,6404304.0,25.83
305272.0,6404304.0,25.85
305274.0,6404304.0,26.23
305276.0,6404304.0,26.66
305278.0,6404304.0,25.87
305280.0,6404304.0,26.02
305282.0,6404304.0,26.39
305284.0,6404304.0,27.02
305286.0,6404304.0,27.27
305288.0,6404304.0,27.66
305290.0,6404304.0,29.05
305292.0,6404304.0,29.18
305294.0,6404304.0,28.69
305296.0,6404304.0,29.13
305298.0,6404304.0,28.91
305300.0,6404304.0,28.81
305302.0,6404304.0,28.56
305304.0,6404304.0,28.46
305306.0,6404304.0,28.3
305308.0,6404304.0,28.0
305310.0,6404304.0,27.51
305312.0,6404304.0,27.23
305314.0,6404304.0,27.02
305316.0,6404304.0,27.26
305318.0,6404304.0,26.76
305320.0,6404304.0,25.55
305322.0,6404304.0,25.08
305324.0,6404304.0,24.68
305326.0,6404304.0,24.5
305328.0,6404304.0,24.56
305330.0,6404304.0,24.6
305332.0,6404304.0,24.62
305334.0,6404304.0,24.44
305336.0,6404304.0,24.34
305338.0,6404304.0,24.23
305340.0,6404304.0,24.19
305342.0,6404304.0,24.24
305344.0,6404304.0,24.42
305346.0,6404304.0,24.57
305348.0,6404304.0,24.57
305350.0,6404304.0,24.62
305352.0,6404304.0,24.85
305354.0,6404304.0,25.44
305356.0,6404304.0,25.9
305358.0,6404304.0,26.24
305360.0,6404304.0,25.89
305362.0,6404304.0,25.43
305364.0,6404304.0,25.43
305366.0,6404304.0,25.48
305368.0,6404304.0,25.61
305370.0,6404304.0,25.72
305372.0,6404304.0,25.77
305374.0,6404304.0,25.47
305376.0,6404304.0,25.1
305378.0,6404304.0,24.86
305380.0,6404304.0,24.45
305382.0,6404304.0,23.99
305384.0,6404304.0,23.59
305386.0,6404304.0,23.25
305388.0,6404304.0,23.08
305390.0,6404304.0,23.06
305392.0,6404304.0,22.98
305394.0,6404304.0,22.93
305396.0,6404304.0,23.05
305398.0,6404304.0,23.53
305400.0,6404304.0,23.35
305402.0,6404304.0,23.54
305404.0,6404304.0,23.42
305406.0,6404304.0,23.81
305408.0,6404304.0,23.91
305410.0,6404304.0,24.25
305412.0,6404304.0,24.4
305414.0,6404304.0,24.33
305416.0,6404304.0,24.45
305418.0,6404304.0,24.28
305420.0,6404304.0,24.02
305422.0,6404304.0,24.02
305424.0,6404304.0,24.51
305426.0,6404304.0,25.29
305428.0,6404304.0,25.39
305430.0,6404304.0,25.15
305432.0,6404304.0,25.22
305434.0,6404304.0,25.18
305436.0,6404304.0,25.28
305438.0,6404304.0,25.88
305440.0,6404304.0,25.59
305442.0,6404304.0,25.57
305444.0,6404304.0,25.52
305446.0,6404304.0,25.47
305448.0,6404304.0,25.48
305450.0,6404304.0,25.45
305452.0,6404304.0,25.4
305454.0,6404304.0,25.55
305456.0,6404304.0,25.63
305458.0,6404304.0,25.67
305460.0,6404304.0,25.82
305462.0,6404304.0,26.21
305464.0,6404304.0,26.34
305466.0,6404304.0,26.22
305468.0,6404304.0,26.07
305470.0,6404304.0,26.03
305472.0,6404304.0,26.03
305474.0,6404304.0,25.83
305476.0,6404304.0,25.68
305478.0,6404304.0,25.71
305480.0,6404304.0,25.44
305482.0,6404304.0,25.09
305484.0,6404304.0,24.78
305486.0,6404304.0,24.53
305488.0,6404304.0,25.09
305490.0,6404304.0,26.02
305492.0,6404304.0,26.18
305494.0,6404304.0,26.55
305496.0,6404304.0,26.74
305498.0,6404304.0,27.44
305500.0,6404304.0,27.89
305502.0,6404304.0,28.22
305504.0,6404304.0,28.57
305506.0,6404304.0,28.76
305508.0,6404304.0,28.62
305510.0,6404304.0,28.4
305512.0,6404304.0,28.25
305514.0,6404304.0,27.76
305516.0,6404304.0,27.78
305518.0,6404304.0,27.69
305520.0,6404304.0,27.3
305522.0,6404304.0,26.98
305524.0,6404304.0,26.82
305526.0,6404304.0,26.75
305528.0,6404304.0,26.69
305530.0,6404304.0,26.79
305532.0,6404304.0,26.81
305534.0,6404304.0,26.58
305536.0,6404304.0,26.51
305538.0,6404304.0,26.47
305540.0,6404304.0,26.61
305542.0,6404304.0,26.39
305544.0,6404304.0,26.28
305546.0,6404304.0,25.92
305548.0,6404304.0,25.7
305550.0,6404304.0,25.38
305552.0,6404304.0,25.26
305554.0,6404304.0,25.68
305556.0,6404304.0,25.97
305558.0,6404304.0,26.53
305560.0,6404304.0,27.01
305562.0,6404304.0,28.97
305564.0,6404304.0,29.43
305566.0,6404304.0,29.5
305568.0,6404304.0,29.61
305570.0,6404304.0,29.68
305572.0,6404304.0,29.82
305574.0,6404304.0,30.01
305576.0,6404304.0,30.02
305578.0,6404304.0,30.02
305580.0,6404304.0,29.82
305582.0,6404304.0,29.57
305584.0,6404304.0,29.24
305586.0,6404304.0,29.13
305588.0,6404304.0,29.07
305590.0,6404304.0,29.04
305592.0,6404304.0,29.05
305594.0,6404304.0,28.98
305596.0,6404304.0,28.93
305598.0,6404304.0,28.57
305600.0,6404304.0,28.69
305602.0,6404304.0,28.52
305604.0,6404304.0,28.12
305606.0,6404304.0,27.93
305608.0,6404304.0,27.87
305610.0,6404304.0,27.88
305612.0,6404304.0,28.15
305614.0,6404304.0,28.15
305616.0,6404304.0,28.06
305618.0,6404304.0,28.14
305620.0,6404304.0,28.07
305622.0,6404304.0,27.99
305624.0,6404304.0,28.04
305626.0,6404304.0,28.03
305628.0,6404304.0,28.12
305630.0,6404304.0,28.15
305632.0,6404304.0,28.71
305634.0,6404304.0,29.13
305636.0,6404304.0,29.5
305638.0,6404304.0,29.51
305640.0,6404304.0,29.42
305642.0,6404304.0,29.77
305644.0,6404304.0,30.19
305646.0,6404304.0,30.08
305648.0,6404304.0,30.15
305650.0,6404304.0,30.28
305652.0,6404304.0,29.63
305654.0,6404304.0,28.62
305656.0,6404304.0,27.95
305658.0,6404304.0,27.68
305660.0,6404304.0,27.3
305662.0,6404304.0,27.13
305664.0,6404304.0,27.94
305666.0,6404304.0,27.87
305668.0,6404304.0,27.49
305670.0,6404304.0,27.31
305672.0,6404304.0,27.66
305674.0,6404304.0,28.29
305676.0,6404304.0,28.53
305678.0,6404304.0,27.28
305680.0,6404304.0,26.81
305150.0,6404306.0,3.88
305152.0,6404306.0,3.85
305154.0,6404306.0,3.9
305156.0,6404306.0,3.93
305158.0,6404306.0,3.93
305160.0,6404306.0,3.87
305162.0,6404306.0,3.92
305164.0,6404306.0,3.94
305166.0,6404306.0,3.97
305168.0,6404306.0,4.0
305170.0,6404306.0,4.07
305172.0,6404306.0,4.2
305174.0,6404306.0,4.24
305176.0,6404306.0,4.42
305178.0,6404306.0,4.69
305180.0,6404306.0,4.83
305182.0,6404306.0,4.9
305184.0,6404306.0,5.73
305186.0,6404306.0,6.75
305188.0,6404306.0,8.12
305190.0,6404306.0,9.16
305192.0,6404306.0,10.4
305194.0,6404306.0,11.27
305196.0,6404306.0,11.83
305198.0,6404306.0,12.14
305200.0,6404306.0,12.39
305202.0,6404306.0,12.57
305204.0,6404306.0,12.92
305206.0,6404306.0,13.04
305208.0,6404306.0,12.83
305210.0,6404306.0,12.69
305212.0,6404306.0,12.71
305214.0,6404306.0,12.65
305216.0,6404306.0,12.79
305218.0,6404306.0,11.3
305220.0,6404306.0,10.08
305222.0,6404306.0,9.5
305224.0,6404306.0,9.61
305226.0,6404306.0,9.75
305228.0,6404306.0,9.71
305230.0,6404306.0,10.15
305232.0,6404306.0,11.39
305234.0,6404306.0,12.22
305236.0,6404306.0,13.08
305238.0,6404306.0,13.53
305240.0,6404306.0,14.39
305242.0,6404306.0,14.82
305244.0,6404306.0,15.6
305246.0,6404306.0,16.65
305248.0,6404306.0,17.27
305250.0,6404306.0,18.33
305252.0,6404306.0,18.91
305254.0,6404306.0,20.19
305256.0,6404306.0,20.9
305258.0,6404306.0,21.23
305260.0,6404306.0,22.2
305262.0,6404306.0,23.93
305264.0,6404306.0,24.83
305266.0,6404306.0,24.88
305268.0,6404306.0,25.18
305270.0,6404306.0,25.67
305272.0,6404306.0,25.71
305274.0,6404306.0,24.86
305276.0,6404306.0,24.62
305278.0,6404306.0,25.45
305280.0,6404306.0,25.64
305282.0,6404306.0,26.32
305284.0,6404306.0,26.92
305286.0,6404306.0,26.9
305288.0,6404306.0,27.17
305290.0,6404306.0,28.3
305292.0,6404306.0,28.26
305294.0,6404306.0,28.11
305296.0,6404306.0,28.96
305298.0,6404306.0,28.68
305300.0,6404306.0,28.56
305302.0,6404306.0,28.36
305304.0,6404306.0,28.33
305306.0,6404306.0,28.21
305308.0,6404306.0,27.9
305310.0,6404306.0,27.31
305312.0,6404306.0,26.76
305314.0,6404306.0,26.85
305316.0,6404306.0,26.72
305318.0,6404306.0,26.45
305320.0,6404306.0,25.08
305322.0,6404306.0,24.6
305324.0,6404306.0,25.29
305326.0,6404306.0,24.58
305328.0,6404306.0,25.82
305330.0,6404306.0,26.12
305332.0,6404306.0,25.69
305334.0,6404306.0,24.71
305336.0,6404306.0,24.5
305338.0,6404306.0,24.42
305340.0,6404306.0,24.3
305342.0,6404306.0,24.35
305344.0,6404306.0,24.38
305346.0,6404306.0,24.44
305348.0,6404306.0,24.49
305350.0,6404306.0,24.56
305352.0,6404306.0,24.73
305354.0,6404306.0,25.59
305356.0,6404306.0,26.02
305358.0,6404306.0,26.13
305360.0,6404306.0,25.89
305362.0,6404306.0,25.68
305364.0,6404306.0,25.22
305366.0,6404306.0,25.14
305368.0,6404306.0,25.26
305370.0,6404306.0,25.63
305372.0,6404306.0,25.55
305374.0,6404306.0,25.26
305376.0,6404306.0,24.82
305378.0,6404306.0,23.79
305380.0,6404306.0,23.87
305382.0,6404306.0,23.17
305384.0,6404306.0,23.05
305386.0,6404306.0,23.15
305388.0,6404306.0,23.01
305390.0,6404306.0,22.84
305392.0,6404306.0,22.87
305394.0,6404306.0,22.89
305396.0,6404306.0,23.23
305398.0,6404306.0,23.37
305400.0,6404306.0,23.44
305402.0,6404306.0,23.72
305404.0,6404306.0,23.71
305406.0,6404306.0,23.72
305408.0,6404306.0,23.69
305410.0,6404306.0,23.79
305412.0,6404306.0,24.53
305414.0,6404306.0,24.16
305416.0,6404306.0,24.21
305418.0,6404306.0,24.33
305420.0,6404306.0,24.35
305422.0,6404306.0,24.29
305424.0,6404306.0,24.57
305426.0,6404306.0,24.97
305428.0,6404306.0,25.0
305430.0,6404306.0,24.92
305432.0,6404306.0,24.94
305434.0,6404306.0,24.73
305436.0,6404306.0,24.75
305438.0,6404306.0,24.93
305440.0,6404306.0,25.43
305442.0,6404306.0,25.4
305444.0,6404306.0,25.45
305446.0,6404306.0,25.39
305448.0,6404306.0,25.51
305450.0,6404306.0,25.4
305452.0,6404306.0,25.47
305454.0,6404306.0,25.53
305456.0,6404306.0,25.77
305458.0,6404306.0,25.91
305460.0,6404306.0,25.88
305462.0,6404306.0,26.18
305464.0,6404306.0,26.49
305466.0,6404306.0,26.38
305468.0,6404306.0,26.51
305470.0,6404306.0,26.29
305472.0,6404306.0,26.0
305474.0,6404306.0,25.53
305476.0,6404306.0,25.31
305478.0,6404306.0,25.48
305480.0,6404306.0,25.19
305482.0,6404306.0,24.75
305484.0,6404306.0,24.61
305486.0,6404306.0,24.43
305488.0,6404306.0,24.4
305490.0,6404306.0,24.9
305492.0,6404306.0,25.55
305494.0,6404306.0,25.91
305496.0,6404306.0,25.99
305498.0,6404306.0,26.49
305500.0,6404306.0,26.92
305502.0,6404306.0,27.29
305504.0,6404306.0,27.97
305506.0,6404306.0,27.96
305508.0,6404306.0,27.87
305510.0,6404306.0,28.15
305512.0,6404306.0,27.81
305514.0,6404306.0,27.52
305516.0,6404306.0,27.61
305518.0,6404306.0,27.5
305520.0,6404306.0,27.25
305522.0,6404306.0,26.74
305524.0,6404306.0,26.44
305526.0,6404306.0,26.38
305528.0,6404306.0,26.52
305530.0,6404306.0,26.61
305532.0,6404306.0,26.64
305534.0,6404306.0,26.51
305536.0,6404306.0,26.32
305538.0,6404306.0,26.17
305540.0,6404306.0,25.94
305542.0,6404306.0,25.79
305544.0,6404306.0,25.54
305546.0,6404306.0,24.65
305548.0,6404306.0,24.82
305550.0,6404306.0,25.3
305552.0,6404306.0,25.87
305554.0,6404306.0,26.55
305556.0,6404306.0,26.96
305558.0,6404306.0,27.66
305560.0,6404306.0,28.41
305562.0,6404306.0,29.69
305564.0,6404306.0,29.75
305566.0,6404306.0,29.74
305568.0,6404306.0,29.72
305570.0,6404306.0,29.91
305572.0,6404306.0,30.15
305574.0,6404306.0,30.19
305576.0,6404306.0,30.28
305578.0,6404306.0,30.31
305580.0,6404306.0,30.42
305582.0,6404306.0,30.23
305584.0,6404306.0,30.03
305586.0,6404306.0,29.79
305588.0,6404306.0,29.23
305590.0,6404306.0,29.07
305592.0,6404306.0,29.11
305594.0,6404306.0,29.0
305596.0,6404306.0,29.18
305598.0,6404306.0,29.05
305600.0,6404306.0,28.96
305602.0,6404306.0,28.95
305604.0,6404306.0,28.71
305606.0,6404306.0,28.33
305608.0,6404306.0,28.43
305610.0,6404306.0,28.21
305612.0,6404306.0,28.26
305614.0,6404306.0,28.58
305616.0,6404306.0,28.78
305618.0,6404306.0,28.73
305620.0,6404306.0,28.58
305622.0,6404306.0,28.28
305624.0,6404306.0,28.21
305626.0,6404306.0,28.26
305628.0,6404306.0,28.13
305630.0,6404306.0,28.01
305632.0,6404306.0,28.06
305634.0,6404306.0,28.53
305636.0,6404306.0,29.01
305638.0,6404306.0,29.25
305640.0,6404306.0,29.51
305642.0,6404306.0,29.73
305644.0,6404306.0,30.02
305646.0,6404306.0,30.56
305648.0,6404306.0,30.68
305650.0,6404306.0,31.19
305652.0,6404306.0,30.67
305654.0,6404306.0,29.79
305656.0,6404306.0,29.07
305658.0,6404306.0,28.77
305660.0,6404306.0,27.75
305662.0,6404306.0,27.02
305664.0,6404306.0,26.89
305666.0,6404306.0,26.75
305668.0,6404306.0,26.9
305670.0,6404306.0,26.87
305672.0,6404306.0,27.08
305674.0,6404306.0,27.15
305676.0,6404306.0,27.71
305678.0,6404306.0,26.69
305680.0,6404306.0,26.35
305150.0,6404308.0,3.78
305152.0,6404308.0,3.77
305154.0,6404308.0,3.83
305156.0,6404308.0,3.84
305158.0,6404308.0,3.89
305160.0,6404308.0,3.92
305162.0,6404308.0,3.9
305164.0,6404308.0,3.94
305166.0,6404308.0,4.0
305168.0,6404308.0,4.0
305170.0,6404308.0,4.07
305172.0,6404308.0,4.14
305174.0,6404308.0,4.29
305176.0,6404308.0,4.42
305178.0,6404308.0,4.76
305180.0,6404308.0,4.83
305182.0,6404308.0,5.04
305184.0,6404308.0,5.75
305186.0,6404308.0,6.41
305188.0,6404308.0,7.56
305190.0,6404308.0,8.74
305192.0,6404308.0,9.61
305194.0,6404308.0,10.47
305196.0,6404308.0,11.01
305198.0,6404308.0,11.61
305200.0,6404308.0,11.98
305202.0,6404308.0,12.18
305204.0,6404308.0,12.41
305206.0,6404308.0,12.79
305208.0,6404308.0,12.54
305210.0,6404308.0,12.35
305212.0,6404308.0,12.36
305214.0,6404308.0,12.51
305216.0,6404308.0,12.23
305218.0,6404308.0,10.03
305220.0,6404308.0,9.28
305222.0,6404308.0,9.32
305224.0,6404308.0,9.32
305226.0,6404308.0,9.47
305228.0,6404308.0,9.55
305230.0,6404308.0,9.82
305232.0,6404308.0,10.69
305234.0,6404308.0,12.0
305236.0,6404308.0,12.84
305238.0,6404308.0,13.16
305240.0,6404308.0,14.24
305242.0,6404308.0,14.83
305244.0,6404308.0,15.62
305246.0,6404308.0,16.33
305248.0,6404308.0,17.41
305250.0,6404308.0,18.46
305252.0,6404308.0,19.19
305254.0,6404308.0,19.94
305256.0,6404308.0,20.84
305258.0,6404308.0,21.21
305260.0,6404308.0,21.56
305262.0,6404308.0,23.04
305264.0,6404308.0,22.67
305266.0,6404308.0,23.76
305268.0,6404308.0,24.62
305270.0,6404308.0,24.29
305272.0,6404308.0,24.62
305274.0,6404308.0,24.51
305276.0,6404308.0,24.52
305278.0,6404308.0,24.97
305280.0,6404308.0,25.61
305282.0,6404308.0,26.34
305284.0,6404308.0,26.74
305286.0,6404308.0,26.84
305288.0,6404308.0,27.13
305290.0,6404308.0,27.39
305292.0,6404308.0,27.64
305294.0,6404308.0,27.92
305296.0,6404308.0,28.22
305298.0,6404308.0,28.47
305300.0,6404308.0,28.53
305302.0,6404308.0,28.59
305304.0,6404308.0,28.51
305306.0,6404308.0,28.08
305308.0,6404308.0,27.48
305310.0,6404308.0,26.97
305312.0,6404308.0,26.3
305314.0,6404308.0,26.3
305316.0,6404308.0,26.5
305318.0,6404308.0,26.42
305320.0,6404308.0,25.83
305322.0,6404308.0,25.84
305324.0,6404308.0,26.04
305326.0,6404308.0,26.43
305328.0,6404308.0,26.85
305330.0,6404308.0,27.43
305332.0,6404308.0,26.82
305334.0,6404308.0,26.11
305336.0,6404308.0,25.68
305338.0,6404308.0,25.03
305340.0,6404308.0,24.88
305342.0,6404308.0,24.5
305344.0,6404308.0,24.51
305346.0,6404308.0,24.46
305348.0,6404308.0,24.55
305350.0,6404308.0,24.53
305352.0,6404308.0,24.41
305354.0,6404308.0,25.58
305356.0,6404308.0,25.97
305358.0,6404308.0,25.91
305360.0,6404308.0,25.68
305362.0,6404308.0,25.38
305364.0,6404308.0,25.1
305366.0,6404308.0,25.15
305368.0,6404308.0,25.05
305370.0,6404308.0,24.84
305372.0,6404308.0,24.96
305374.0,6404308.0,24.46
305376.0,6404308.0,23.89
305378.0,6404308.0,23.9
305380.0,6404308.0,23.91
305382.0,6404308.0,23.28
305384.0,6404308.0,22.98
305386.0,6404308.0,22.95
305388.0,6404308.0,22.79
305390.0,6404308.0,22.77
305392.0,6404308.0,22.71
305394.0,6404308.0,22.7
305396.0,6404308.0,23.17
305398.0,6404308.0,23.37
305400.0,6404308.0,23.52
305402.0,6404308.0,23.96
305404.0,6404308.0,24.14
305406.0,6404308.0,23.62
305408.0,6404308.0,23.85
305410.0,6404308.0,23.91
305412.0,6404308.0,23.91
305414.0,6404308.0,23.94
305416.0,6404308.0,24.18
305418.0,6404308.0,24.39
305420.0,6404308.0,24.39
305422.0,6404308.0,24.61
305424.0,6404308.0,25.0
305426.0,6404308.0,25.0
305428.0,6404308.0,24.96
305430.0,6404308.0,24.9
305432.0,6404308.0,24.81
305434.0,6404308.0,24.72
305436.0,6404308.0,24.76
305438.0,6404308.0,24.83
305440.0,6404308.0,24.71
305442.0,6404308.0,25.1
305444.0,6404308.0,25.33
305446.0,6404308.0,25.51
305448.0,6404308.0,25.59
305450.0,6404308.0,25.63
305452.0,6404308.0,25.6
305454.0,6404308.0,25.51
305456.0,6404308.0,25.68
305458.0,6404308.0,25.85
305460.0,6404308.0,25.76
305462.0,6404308.0,25.98
305464.0,6404308.0,26.42
305466.0,6404308.0,26.45
305468.0,6404308.0,26.43
305470.0,6404308.0,26.23
305472.0,6404308.0,25.93
305474.0,6404308.0,25.51
305476.0,6404308.0,25.26
305478.0,6404308.0,25.24
305480.0,6404308.0,24.8
305482.0,6404308.0,24.69
305484.0,6404308.0,24.72
305486.0,6404308.0,24.71
305488.0,6404308.0,24.43
305490.0,6404308.0,24.64
305492.0,6404308.0,24.66
305494.0,6404308.0,25.28
305496.0,6404308.0,25.38
305498.0,6404308.0,25.62
305500.0,6404308.0,26.0
305502.0,6404308.0,26.17
305504.0,6404308.0,26.66
305506.0,6404308.0,26.55
305508.0,6404308.0,27.62
305510.0,6404308.0,27.84
305512.0,6404308.0,27.3
305514.0,6404308.0,26.91
305516.0,6404308.0,26.77
305518.0,6404308.0,26.82
305520.0,6404308.0,26.67
305522.0,6404308.0,26.4
305524.0,6404308.0,26.16
305526.0,6404308.0,25.81
305528.0,6404308.0,25.81
305530.0,6404308.0,26.09
305532.0,6404308.0,26.35
305534.0,6404308.0,26.35
305536.0,6404308.0,26.13
305538.0,6404308.0,25.86
305540.0,6404308.0,25.6
305542.0,6404308.0,25.01
305544.0,6404308.0,24.45
305546.0,6404308.0,25.07
305548.0,6404308.0,25.42
305550.0,6404308.0,25.1
305552.0,6404308.0,25.2
305554.0,6404308.0,26.21
305556.0,6404308.0,27.63
305558.0,6404308.0,28.35
305560.0,6404308.0,29.12
305562.0,6404308.0,29.46
305564.0,6404308.0,29.32
305566.0,6404308.0,29.22
305568.0,6404308.0,29.48
305570.0,6404308.0,29.8
305572.0,6404308.0,29.96
305574.0,6404308.0,30.01
305576.0,6404308.0,30.18
305578.0,6404308.0,30.34
305580.0,6404308.0,30.44
305582.0,6404308.0,30.55
305584.0,6404308.0,30.27
305586.0,6404308.0,30.2
305588.0,6404308.0,29.96
305590.0,6404308.0,29.59
305592.0,6404308.0,29.48
305594.0,6404308.0,29.28
305596.0,6404308.0,29.03
305598.0,6404308.0,28.87
305600.0,6404308.0,29.11
305602.0,6404308.0,28.95
305604.0,6404308.0,28.72
305606.0,6404308.0,28.67
305608.0,6404308.0,28.74
305610.0,6404308.0,28.75
305612.0,6404308.0,28.44
305614.0,6404308.0,28.89
305616.0,6404308.0,29.43
305618.0,6404308.0,29.18
305620.0,6404308.0,28.99
305622.0,6404308.0,28.87
305624.0,6404308.0,28.63
305626.0,6404308.0,28.58
305628.0,6404308.0,28.63
305630.0,6404308.0,28.17
305632.0,6404308.0,28.02
305634.0,6404308.0,28.03
305636.0,6404308.0,27.96
305638.0,6404308.0,29.04
305640.0,6404308.0,29.69
305642.0,6404308.0,29.79
305644.0,6404308.0,30.19
305646.0,6404308.0,30.63
305648.0,6404308.0,30.89
305650.0,6404308.0,30.84
305652.0,6404308.0,30.51
305654.0,6404308.0,30.04
305656.0,6404308.0,29.55
305658.0,6404308.0,29.11
305660.0,6404308.0,28.45
305662.0,6404308.0,27.97
305664.0,6404308.0,27.61
305666.0,6404308.0,26.98
305668.0,6404308.0,26.76
305670.0,6404308.0,26.46
305672.0,6404308.0,26.04
305674.0,6404308.0,26.05
305676.0,6404308.0,25.96
305678.0,6404308.0,26.06
305680.0,6404308.0,26.0
305150.0,6404310.0,3.8
305152.0,6404310.0,3.82
305154.0,6404310.0,3.84
305156.0,6404310.0,3.87
305158.0,6404310.0,3.88
305160.0,6404310.0,3.93
305162.0,6404310.0,3.93
305164.0,6404310.0,3.93
305166.0,6404310.0,4.01
305168.0,6404310.0,4.06
305170.0,6404310.0,4.12
305172.0,6404310.0,4.19
305174.0,6404310.0,4.26
305176.0,6404310.0,4.5
305178.0,6404310.0,4.78
305180.0,6404310.0,4.84
305182.0,6404310.0,5.2
305184.0,6404310.0,5.71
305186.0,6404310.0,6.16
305188.0,6404310.0,7.19
305190.0,6404310.0,8.17
305192.0,6404310.0,9.16
305194.0,6404310.0,9.77
305196.0,6404310.0,10.4
305198.0,6404310.0,10.85
305200.0,6404310.0,11.3
305202.0,6404310.0,11.82
305204.0,6404310.0,12.05
305206.0,6404310.0,12.12
305208.0,6404310.0,12.13
305210.0,6404310.0,11.92
305212.0,6404310.0,12.12
305214.0,6404310.0,12.09
305216.0,6404310.0,10.93
305218.0,6404310.0,9.13
305220.0,6404310.0,9.2
305222.0,6404310.0,9.18
305224.0,6404310.0,9.26
305226.0,6404310.0,9.46
305228.0,6404310.0,9.56
305230.0,6404310.0,9.61
305232.0,6404310.0,10.5
305234.0,6404310.0,11.34
305236.0,6404310.0,12.21
305238.0,6404310.0,13.16
305240.0,6404310.0,13.99
305242.0,6404310.0,14.71
305244.0,6404310.0,15.86
305246.0,6404310.0,16.47
305248.0,6404310.0,17.33
305250.0,6404310.0,18.15
305252.0,6404310.0,19.04
305254.0,6404310.0,19.82
305256.0,6404310.0,20.54
305258.0,6404310.0,21.06
305260.0,6404310.0,21.61
305262.0,6404310.0,22.98
305264.0,6404310.0,23.19
305266.0,6404310.0,23.68
305268.0,6404310.0,23.68
305270.0,6404310.0,23.94
305272.0,6404310.0,23.86
305274.0,6404310.0,23.71
305276.0,6404310.0,23.99
305278.0,6404310.0,25.22
305280.0,6404310.0,25.8
305282.0,6404310.0,26.19
305284.0,6404310.0,26.38
305286.0,6404310.0,26.62
305288.0,6404310.0,26.91
305290.0,6404310.0,27.29
305292.0,6404310.0,27.52
305294.0,6404310.0,27.92
305296.0,6404310.0,28.14
305298.0,6404310.0,28.27
305300.0,6404310.0,28.23
305302.0,6404310.0,28.5
305304.0,6404310.0,28.36
305306.0,6404310.0,27.91
305308.0,6404310.0,27.22
305310.0,6404310.0,26.53
305312.0,6404310.0,26.03
305314.0,6404310.0,26.15
305316.0,6404310.0,26.38
305318.0,6404310.0,26.3
305320.0,6404310.0,26.3
305322.0,6404310.0,26.39
305324.0,6404310.0,26.55
305326.0,6404310.0,26.67
305328.0,6404310.0,27.12
305330.0,6404310.0,27.68
305332.0,6404310.0,27.36
305334.0,6404310.0,27.0
305336.0,6404310.0,26.47
305338.0,6404310.0,25.36
305340.0,6404310.0,25.45
305342.0,6404310.0,25.21
305344.0,6404310.0,25.11
305346.0,6404310.0,24.94
305348.0,6404310.0,24.93
305350.0,6404310.0,24.74
305352.0,6404310.0,24.78
305354.0,6404310.0,24.85
305356.0,6404310.0,25.11
305358.0,6404310.0,25.76
305360.0,6404310.0,25.38
305362.0,6404310.0,24.88
305364.0,6404310.0,24.47
305366.0,6404310.0,24.98
305368.0,6404310.0,25.04
305370.0,6404310.0,24.72
305372.0,6404310.0,24.24
305374.0,6404310.0,23.96
305376.0,6404310.0,23.63
305378.0,6404310.0,23.74
305380.0,6404310.0,23.85
305382.0,6404310.0,23.72
305384.0,6404310.0,23.49
305386.0,6404310.0,23.08
305388.0,6404310.0,22.61
305390.0,6404310.0,22.62
305392.0,6404310.0,22.29
305394.0,6404310.0,22.73
305396.0,6404310.0,23.23
305398.0,6404310.0,23.39
305400.0,6404310.0,23.59
305402.0,6404310.0,23.71
305404.0,6404310.0,24.09
305406.0,6404310.0,23.95
305408.0,6404310.0,23.83
305410.0,6404310.0,23.76
305412.0,6404310.0,23.75
305414.0,6404310.0,23.75
305416.0,6404310.0,24.06
305418.0,6404310.0,24.4
305420.0,6404310.0,24.33
305422.0,6404310.0,24.51
305424.0,6404310.0,25.13
305426.0,6404310.0,25.15
305428.0,6404310.0,24.84
305430.0,6404310.0,24.68
305432.0,6404310.0,24.76
305434.0,6404310.0,24.71
305436.0,6404310.0,24.76
305438.0,6404310.0,24.75
305440.0,6404310.0,24.53
305442.0,6404310.0,24.47
305444.0,6404310.0,25.0
305446.0,6404310.0,25.36
305448.0,6404310.0,25.55
305450.0,6404310.0,25.58
305452.0,6404310.0,25.52
305454.0,6404310.0,25.43
305456.0,6404310.0,25.35
305458.0,6404310.0,25.55
305460.0,6404310.0,25.58
305462.0,6404310.0,25.48
305464.0,6404310.0,26.03
305466.0,6404310.0,26.24
305468.0,6404310.0,26.18
305470.0,6404310.0,25.94
305472.0,6404310.0,25.72
305474.0,6404310.0,25.58
305476.0,6404310.0,25.33
305478.0,6404310.0,24.94
305480.0,6404310.0,24.75
305482.0,6404310.0,24.82
305484.0,6404310.0,24.8
305486.0,6404310.0,24.81
305488.0,6404310.0,24.57
305490.0,6404310.0,24.21
305492.0,6404310.0,24.3
305494.0,6404310.0,24.39
305496.0,6404310.0,24.4
305498.0,6404310.0,24.73
305500.0,6404310.0,24.92
305502.0,6404310.0,25.23
305504.0,6404310.0,25.46
305506.0,6404310.0,25.85
305508.0,6404310.0,27.25
305510.0,6404310.0,27.1
305512.0,6404310.0,26.69
305514.0,6404310.0,26.37
305516.0,6404310.0,26.14
305518.0,6404310.0,25.96
305520.0,6404310.0,25.68
305522.0,6404310.0,25.71
305524.0,6404310.0,25.8
305526.0,6404310.0,25.69
305528.0,6404310.0,25.19
305530.0,6404310.0,24.94
305532.0,6404310.0,25.27
305534.0,6404310.0,25.55
305536.0,6404310.0,25.58
305538.0,6404310.0,25.29
305540.0,6404310.0,24.09
305542.0,6404310.0,24.25
305544.0,6404310.0,24.96
305546.0,6404310.0,25.5
305548.0,6404310.0,25.38
305550.0,6404310.0,25.1
305552.0,6404310.0,25.13
305554.0,6404310.0,25.7
305556.0,6404310.0,27.58
305558.0,6404310.0,28.63
305560.0,6404310.0,28.99
305562.0,6404310.0,28.95
305564.0,6404310.0,28.52
305566.0,6404310.0,28.55
305568.0,6404310.0,28.7
305570.0,6404310.0,29.25
305572.0,6404310.0,29.58
305574.0,6404310.0,29.74
305576.0,6404310.0,29.93
305578.0,6404310.0,30.23
305580.0,6404310.0,30.41
305582.0,6404310.0,30.55
305584.0,6404310.0,30.49
305586.0,6404310.0,30.5
305588.0,6404310.0,30.32
305590.0,6404310.0,29.9
305592.0,6404310.0,29.27
305594.0,6404310.0,29.26
305596.0,6404310.0,29.04
305598.0,6404310.0,28.86
305600.0,6404310.0,28.67
305602.0,6404310.0,28.6
305604.0,6404310.0,28.8
305606.0,6404310.0,28.9
305608.0,6404310.0,28.77
305610.0,6404310.0,28.52
305612.0,6404310.0,28.57
305614.0,6404310.0,28.66
305616.0,6404310.0,29.46
305618.0,6404310.0,29.53
305620.0,6404310.0,29.28
305622.0,6404310.0,28.89
305624.0,6404310.0,28.84
305626.0,6404310.0,28.86
305628.0,6404310.0,29.0
305630.0,6404310.0,28.75
305632.0,6404310.0,28.11
305634.0,6404310.0,28.24
305636.0,6404310.0,28.14
305638.0,6404310.0,28.38
305640.0,6404310.0,28.76
305642.0,6404310.0,29.38
305644.0,6404310.0,29.83
305646.0,6404310.0,30.09
305648.0,6404310.0,30.22
305650.0,6404310.0,30.25
305652.0,6404310.0,30.32
305654.0,6404310.0,29.8
305656.0,6404310.0,29.26
305658.0,6404310.0,28.67
305660.0,6404310.0,28.73
305662.0,6404310.0,28.67
305664.0,6404310.0,28.19
305666.0,6404310.0,27.56
305668.0,6404310.0,27.71
305670.0,6404310.0,27.36
305672.0,6404310.0,26.79
305674.0,6404310.0,25.92
305676.0,6404310.0,25.81
305678.0,6404310.0,25.72
305680.0,6404310.0,25.75
305150.0,6404312.0,3.68
305152.0,6404312.0,3.79
305154.0,6404312.0,3.87
305156.0,6404312.0,3.88
305158.0,6404312.0,3.89
305160.0,6404312.0,3.89
305162.0,6404312.0,3.94
305164.0,6404312.0,4.03
305166.0,6404312.0,4.03
305168.0,6404312.0,4.06
305170.0,6404312.0,4.14
305172.0,6404312.0,4.23
305174.0,6404312.0,4.28
305176.0,6404312.0,4.56
305178.0,6404312.0,4.83
305180.0,6404312.0,4.86
305182.0,6404312.0,5.4
305184.0,6404312.0,5.7
305186.0,6404312.0,5.92
305188.0,6404312.0,6.86
305190.0,6404312.0,7.96
305192.0,6404312.0,8.91
305194.0,6404312.0,9.61
305196.0,6404312.0,10.02
305198.0,6404312.0,10.47
305200.0,6404312.0,10.94
305202.0,6404312.0,11.28
305204.0,6404312.0,11.61
305206.0,6404312.0,11.65
305208.0,6404312.0,11.52
305210.0,6404312.0,11.57
305212.0,6404312.0,11.7
305214.0,6404312.0,10.46
305216.0,6404312.0,9.2
305218.0,6404312.0,9.12
305220.0,6404312.0,9.12
305222.0,6404312.0,9.04
305224.0,6404312.0,9.18
305226.0,6404312.0,9.51
305228.0,6404312.0,9.59
305230.0,6404312.0,9.54
305232.0,6404312.0,10.14
305234.0,6404312.0,11.22
305236.0,6404312.0,12.53
305238.0,6404312.0,13.11
305240.0,6404312.0,13.96
305242.0,6404312.0,14.85
305244.0,6404312.0,16.07
305246.0,6404312.0,16.56
305248.0,6404312.0,17.06
305250.0,6404312.0,17.75
305252.0,6404312.0,18.99
305254.0,6404312.0,19.96
305256.0,6404312.0,20.47
305258.0,6404312.0,21.12
305260.0,6404312.0,22.05
305262.0,6404312.0,23.09
305264.0,6404312.0,23.3
305266.0,6404312.0,23.37
305268.0,6404312.0,23.26
305270.0,6404312.0,23.47
305272.0,6404312.0,23.58
305274.0,6404312.0,23.28
305276.0,6404312.0,23.81
305278.0,6404312.0,24.78
305280.0,6404312.0,25.6
305282.0,6404312.0,25.92
305284.0,6404312.0,26.06
305286.0,6404312.0,26.38
305288.0,6404312.0,26.61
305290.0,6404312.0,26.85
305292.0,6404312.0,27.27
305294.0,6404312.0,27.98
305296.0,6404312.0,28.04
305298.0,6404312.0,28.04
305300.0,6404312.0,28.03
305302.0,6404312.0,28.13
305304.0,6404312.0,27.9
305306.0,6404312.0,27.67
305308.0,6404312.0,27.25
305310.0,6404312.0,26.85
305312.0,6404312.0,26.27
305314.0,6404312.0,26.03
305316.0,6404312.0,26.26
305318.0,6404312.0,26.55
305320.0,6404312.0,26.59
305322.0,6404312.0,27.29
305324.0,6404312.0,27.4
305326.0,6404312.0,27.06
305328.0,6404312.0,27.36
305330.0,6404312.0,27.35
305332.0,6404312.0,27.22
305334.0,6404312.0,26.92
305336.0,6404312.0,26.35
305338.0,6404312.0,25.7
305340.0,6404312.0,25.87
305342.0,6404312.0,25.86
305344.0,6404312.0,25.8
305346.0,6404312.0,25.69
305348.0,6404312.0,25.8
305350.0,6404312.0,25.39
305352.0,6404312.0,25.33
305354.0,6404312.0,25.4
305356.0,6404312.0,24.43
305358.0,6404312.0,24.19
305360.0,6404312.0,24.74
305362.0,6404312.0,24.5
305364.0,6404312.0,24.4
305366.0,6404312.0,24.54
305368.0,6404312.0,24.42
305370.0,6404312.0,23.78
305372.0,6404312.0,23.44
305374.0,6404312.0,23.53
305376.0,6404312.0,23.27
305378.0,6404312.0,23.41
305380.0,6404312.0,23.44
305382.0,6404312.0,23.58
305384.0,6404312.0,23.65
305386.0,6404312.0,23.1
305388.0,6404312.0,22.62
305390.0,6404312.0,22.37
305392.0,6404312.0,22.2
305394.0,6404312.0,22.71
305396.0,6404312.0,23.07
305398.0,6404312.0,23.51
305400.0,6404312.0,23.73
305402.0,6404312.0,23.61
305404.0,6404312.0,23.97
305406.0,6404312.0,23.9
305408.0,6404312.0,23.87
305410.0,6404312.0,23.63
305412.0,6404312.0,23.59
305414.0,6404312.0,23.75
305416.0,6404312.0,24.1
305418.0,6404312.0,24.09
305420.0,6404312.0,24.17
305422.0,6404312.0,24.57
305424.0,6404312.0,24.89
305426.0,6404312.0,24.94
305428.0,6404312.0,24.71
305430.0,6404312.0,24.5
305432.0,6404312.0,24.52
305434.0,6404312.0,24.63
305436.0,6404312.0,24.85
305438.0,6404312.0,24.62
305440.0,6404312.0,24.44
305442.0,6404312.0,24.26
305444.0,6404312.0,24.36
305446.0,6404312.0,24.5
305448.0,6404312.0,25.29
305450.0,6404312.0,25.47
305452.0,6404312.0,25.49
305454.0,6404312.0,25.26
305456.0,6404312.0,25.02
305458.0,6404312.0,25.08
305460.0,6404312.0,25.54
305462.0,6404312.0,25.42
305464.0,6404312.0,25.13
305466.0,6404312.0,25.46
305468.0,6404312.0,25.76
305470.0,6404312.0,25.84
305472.0,6404312.0,25.53
305474.0,6404312.0,25.25
305476.0,6404312.0,25.0
305478.0,6404312.0,24.75
305480.0,6404312.0,24.64
305482.0,6404312.0,25.11
305484.0,6404312.0,24.9
305486.0,6404312.0,24.66
305488.0,6404312.0,24.54
305490.0,6404312.0,24.53
305492.0,6404312.0,24.07
305494.0,6404312.0,23.8
305496.0,6404312.0,23.87
305498.0,6404312.0,23.93
305500.0,6404312.0,24.18
305502.0,6404312.0,24.35
305504.0,6404312.0,24.56
305506.0,6404312.0,25.27
305508.0,6404312.0,25.95
305510.0,6404312.0,25.96
305512.0,6404312.0,25.54
305514.0,6404312.0,25.24
305516.0,6404312.0,25.07
305518.0,6404312.0,25.02
305520.0,6404312.0,25.35
305522.0,6404312.0,25.59
305524.0,6404312.0,25.36
305526.0,6404312.0,24.93
305528.0,6404312.0,24.86
305530.0,6404312.0,24.64
305532.0,6404312.0,24.15
305534.0,6404312.0,24.21
305536.0,6404312.0,24.1
305538.0,6404312.0,23.8
305540.0,6404312.0,24.53
305542.0,6404312.0,24.64
305544.0,6404312.0,25.38
305546.0,6404312.0,25.71
305548.0,6404312.0,25.57
305550.0,6404312.0,25.55
305552.0,6404312.0,25.56
305554.0,6404312.0,26.55
305556.0,6404312.0,26.95
305558.0,6404312.0,27.6
305560.0,6404312.0,27.73
305562.0,6404312.0,27.61
305564.0,6404312.0,27.65
305566.0,6404312.0,27.58
305568.0,6404312.0,28.18
305570.0,6404312.0,28.69
305572.0,6404312.0,28.94
305574.0,6404312.0,29.57
305576.0,6404312.0,29.8
305578.0,6404312.0,30.1
305580.0,6404312.0,30.33
305582.0,6404312.0,30.73
305584.0,6404312.0,30.86
305586.0,6404312.0,30.69
305588.0,6404312.0,30.75
305590.0,6404312.0,30.51
305592.0,6404312.0,30.12
305594.0,6404312.0,29.11
305596.0,6404312.0,28.96
305598.0,6404312.0,28.8
305600.0,6404312.0,28.73
305602.0,6404312.0,28.68
305604.0,6404312.0,28.7
305606.0,6404312.0,28.75
305608.0,6404312.0,28.78
305610.0,6404312.0,28.48
305612.0,6404312.0,28.56
305614.0,6404312.0,28.3
305616.0,6404312.0,28.83
305618.0,6404312.0,29.33
305620.0,6404312.0,29.3
305622.0,6404312.0,28.79
305624.0,6404312.0,28.75
305626.0,6404312.0,28.66
305628.0,6404312.0,28.74
305630.0,6404312.0,28.83
305632.0,6404312.0,28.91
305634.0,6404312.0,29.07
305636.0,6404312.0,28.86
305638.0,6404312.0,28.63
305640.0,6404312.0,28.33
305642.0,6404312.0,28.33
305644.0,6404312.0,28.54
305646.0,6404312.0,29.04
305648.0,6404312.0,29.4
305650.0,6404312.0,29.5
305652.0,6404312.0,29.14
305654.0,6404312.0,28.72
305656.0,6404312.0,27.95
305658.0,6404312.0,27.89
305660.0,6404312.0,27.64
305662.0,6404312.0,27.99
305664.0,6404312.0,27.89
305666.0,6404312.0,27.85
305668.0,6404312.0,27.97
305670.0,6404312.0,28.02
305672.0,6404312.0,27.38
305674.0,6404312.0,26.26
305676.0,6404312.0,25.46
305678.0,6404312.0,25.44
305680.0,6404312.0,25.32
305150.0,6404314.0,3.9
305152.0,6404314.0,3.58
305154.0,6404314.0,3.76
305156.0,6404314.0,3.88
305158.0,6404314.0,3.94
305160.0,6404314.0,3.92
305162.0,6404314.0,3.99
305164.0,6404314.0,4.04
305166.0,6404314.0,4.08
305168.0,6404314.0,4.05
305170.0,6404314.0,4.14
305172.0,6404314.0,4.24
305174.0,6404314.0,4.28
305176.0,6404314.0,4.71
305178.0,6404314.0,4.88
305180.0,6404314.0,4.92
305182.0,6404314.0,5.5
305184.0,6404314.0,5.65
305186.0,6404314.0,5.86
305188.0,6404314.0,6.43
305190.0,6404314.0,7.43
305192.0,6404314.0,8.44
305194.0,6404314.0,9.27
305196.0,6404314.0,9.68
305198.0,6404314.0,10.04
305200.0,6404314.0,10.2
305202.0,6404314.0,10.95
305204.0,6404314.0,11.09
305206.0,6404314.0,11.2
305208.0,6404314.0,11.07
305210.0,6404314.0,11.08
305212.0,6404314.0,10.46
305214.0,6404314.0,9.26
305216.0,6404314.0,9.1
305218.0,6404314.0,9.2
305220.0,6404314.0,9.07
305222.0,6404314.0,9.0
305224.0,6404314.0,9.04
305226.0,6404314.0,9.26
305228.0,6404314.0,9.3
305230.0,6404314.0,9.26
305232.0,6404314.0,10.9
305234.0,6404314.0,12.19
305236.0,6404314.0,13.08
305238.0,6404314.0,13.99
305240.0,6404314.0,14.42
305242.0,6404314.0,15.04
305244.0,6404314.0,15.91
305246.0,6404314.0,16.44
305248.0,6404314.0,16.71
305250.0,6404314.0,17.37
305252.0,6404314.0,18.89
305254.0,6404314.0,20.03
305256.0,6404314.0,20.46
305258.0,6404314.0,21.01
305260.0,6404314.0,22.14
305262.0,6404314.0,22.85
305264.0,6404314.0,23.09
305266.0,6404314.0,22.95
305268.0,6404314.0,22.76
305270.0,6404314.0,23.16
305272.0,6404314.0,22.69
305274.0,6404314.0,22.97
305276.0,6404314.0,23.93
305278.0,6404314.0,24.54
305280.0,6404314.0,24.98
305282.0,6404314.0,25.49
305284.0,6404314.0,25.73
305286.0,6404314.0,26.07
305288.0,6404314.0,26.33
305290.0,6404314.0,26.68
305292.0,6404314.0,27.26
305294.0,6404314.0,27.95
305296.0,6404314.0,27.96
305298.0,6404314.0,27.84
305300.0,6404314.0,27.92
305302.0,6404314.0,27.78
305304.0,6404314.0,27.69
305306.0,6404314.0,27.4
305308.0,6404314.0,27.69
305310.0,6404314.0,27.47
305312.0,6404314.0,26.7
305314.0,6404314.0,26.17
305316.0,6404314.0,26.46
305318.0,6404314.0,26.93
305320.0,6404314.0,27.0
305322.0,6404314.0,27.67
305324.0,6404314.0,27.72
305326.0,6404314.0,27.43
305328.0,6404314.0,27.28
305330.0,6404314.0,27.15
305332.0,6404314.0,27.08
305334.0,6404314.0,26.86
305336.0,6404314.0,26.66
305338.0,6404314.0,25.95
305340.0,6404314.0,26.13
305342.0,6404314.0,26.02
305344.0,6404314.0,26.15
305346.0,6404314.0,26.13
305348.0,6404314.0,25.93
305350.0,6404314.0,25.59
305352.0,6404314.0,25.46
305354.0,6404314.0,25.71
305356.0,6404314.0,25.25
305358.0,6404314.0,24.43
305360.0,6404314.0,23.78
305362.0,6404314.0,23.91
305364.0,6404314.0,24.03
305366.0,6404314.0,24.22
305368.0,6404314.0,23.91
305370.0,6404314.0,23.19
305372.0,6404314.0,22.9
305374.0,6404314.0,22.91
305376.0,6404314.0,23.22
305378.0,6404314.0,23.38
305380.0,6404314.0,23.76
305382.0,6404314.0,23.87
305384.0,6404314.0,23.86
305386.0,6404314.0,23.54
305388.0,6404314.0,23.09
305390.0,6404314.0,22.44
305392.0,6404314.0,22.03
305394.0,6404314.0,22.38
305396.0,6404314.0,23.2
305398.0,6404314.0,23.58
305400.0,6404314.0,23.72
305402.0,6404314.0,23.57
305404.0,6404314.0,23.7
305406.0,6404314.0,23.73
305408.0,6404314.0,23.69
305410.0,6404314.0,23.59
305412.0,6404314.0,23.38
305414.0,6404314.0,23.47
305416.0,6404314.0,23.79
305418.0,6404314.0,24.08
305420.0,6404314.0,24.25
305422.0,6404314.0,24.35
305424.0,6404314.0,24.57
305426.0,6404314.0,24.55
305428.0,6404314.0,24.48
305430.0,6404314.0,24.47
305432.0,6404314.0,24.41
305434.0,6404314.0,24.69
305436.0,6404314.0,24.83
305438.0,6404314.0,24.69
305440.0,6404314.0,24.25
305442.0,6404314.0,24.05
305444.0,6404314.0,24.13
305446.0,6404314.0,24.13
305448.0,6404314.0,24.56
305450.0,6404314.0,24.81
305452.0,6404314.0,25.3
305454.0,6404314.0,25.17
305456.0,6404314.0,24.85
305458.0,6404314.0,24.77
305460.0,6404314.0,25.07
305462.0,6404314.0,24.97
305464.0,6404314.0,24.57
305466.0,6404314.0,24.93
305468.0,6404314.0,25.21
305470.0,6404314.0,25.4
305472.0,6404314.0,25.16
305474.0,6404314.0,25.16
305476.0,6404314.0,24.83
305478.0,6404314.0,24.6
305480.0,6404314.0,24.81
305482.0,6404314.0,25.06
305484.0,6404314.0,24.76
305486.0,6404314.0,24.51
305488.0,6404314.0,24.52
305490.0,6404314.0,24.46
305492.0,6404314.0,24.06
305494.0,6404314.0,23.92
305496.0,6404314.0,23.8
305498.0,6404314.0,23.57
305500.0,6404314.0,23.77
305502.0,6404314.0,23.68
305504.0,6404314.0,23.86
305506.0,6404314.0,24.18
305508.0,6404314.0,24.21
305510.0,6404314.0,24.05
305512.0,6404314.0,24.15
305514.0,6404314.0,24.16
305516.0,6404314.0,24.39
305518.0,6404314.0,24.67
305520.0,6404314.0,24.61
305522.0,6404314.0,24.54
305524.0,6404314.0,24.87
305526.0,6404314.0,24.79
305528.0,6404314.0,24.24
305530.0,6404314.0,23.96
305532.0,6404314.0,23.82
305534.0,6404314.0,23.62
305536.0,6404314.0,23.72
305538.0,6404314.0,24.01
305540.0,6404314.0,24.44
305542.0,6404314.0,24.46
305544.0,6404314.0,24.6
305546.0,6404314.0,25.2
305548.0,6404314.0,25.39
305550.0,6404314.0,25.42
305552.0,6404314.0,25.6
305554.0,6404314.0,26.35
305556.0,6404314.0,26.75
305558.0,6404314.0,26.71
305560.0,6404314.0,26.53
305562.0,6404314.0,26.74
305564.0,6404314.0,27.0
305566.0,6404314.0,27.32
305568.0,6404314.0,27.67
305570.0,6404314.0,28.31
305572.0,6404314.0,28.66
305574.0,6404314.0,29.24
305576.0,6404314.0,29.67
305578.0,6404314.0,30.1
305580.0,6404314.0,30.8
305582.0,6404314.0,31.0
305584.0,6404314.0,30.93
305586.0,6404314.0,30.96
305588.0,6404314.0,30.95
305590.0,6404314.0,30.81
305592.0,6404314.0,30.63
305594.0,6404314.0,30.11
305596.0,6404314.0,29.05
305598.0,6404314.0,28.82
305600.0,6404314.0,28.62
305602.0,6404314.0,28.77
305604.0,6404314.0,28.74
305606.0,6404314.0,28.56
305608.0,6404314.0,28.77
305610.0,6404314.0,28.84
305612.0,6404314.0,28.72
305614.0,6404314.0,28.45
305616.0,6404314.0,28.3
305618.0,6404314.0,28.85
305620.0,6404314.0,29.11
305622.0,6404314.0,28.65
305624.0,6404314.0,28.73
305626.0,6404314.0,28.76
305628.0,6404314.0,28.9
305630.0,6404314.0,28.84
305632.0,6404314.0,28.82
305634.0,6404314.0,29.01
305636.0,6404314.0,28.73
305638.0,6404314.0,28.62
305640.0,6404314.0,28.85
305642.0,6404314.0,28.72
305644.0,6404314.0,28.25
305646.0,6404314.0,28.06
305648.0,6404314.0,27.53
305650.0,6404314.0,28.02
305652.0,6404314.0,27.42
305654.0,6404314.0,27.23
305656.0,6404314.0,27.31
305658.0,6404314.0,27.18
305660.0,6404314.0,27.12
305662.0,6404314.0,27.53
305664.0,6404314.0,27.04
305666.0,6404314.0,26.73
305668.0,6404314.0,27.32
305670.0,6404314.0,27.7
305672.0,6404314.0,27.36
305674.0,6404314.0,26.83
305676.0,6404314.0,25.98
305678.0,6404314.0,25.24
305680.0,6404314.0,25.24
305150.0,6404316.0,4.46
305152.0,6404316.0,4.04
305154.0,6404316.0,3.66
305156.0,6404316.0,3.81
305158.0,6404316.0,3.91
305160.0,6404316.0,3.91
305162.0,6404316.0,3.98
305164.0,6404316.0,4.1
305166.0,6404316.0,4.07
305168.0,6404316.0,4.07
305170.0,6404316.0,4.11
305172.0,6404316.0,4.25
305174.0,6404316.0,4.41
305176.0,6404316.0,4.85
305178.0,6404316.0,4.94
305180.0,6404316.0,4.95
305182.0,6404316.0,5.4
305184.0,6404316.0,5.6
305186.0,6404316.0,5.85
305188.0,6404316.0,6.23
305190.0,6404316.0,6.95
305192.0,6404316.0,7.82
305194.0,6404316.0,8.88
305196.0,6404316.0,9.66
305198.0,6404316.0,9.71
305200.0,6404316.0,9.87
305202.0,6404316.0,10.24
305204.0,6404316.0,10.65
305206.0,6404316.0,10.71
305208.0,6404316.0,10.19
305210.0,6404316.0,9.9
305212.0,6404316.0,9.37
305214.0,6404316.0,9.02
305216.0,6404316.0,9.09
305218.0,6404316.0,9.17
305220.0,6404316.0,9.08
305222.0,6404316.0,9.05
305224.0,6404316.0,8.97
305226.0,6404316.0,8.89
305228.0,6404316.0,9.04
305230.0,6404316.0,9.07
305232.0,6404316.0,11.2
305234.0,6404316.0,12.48
305236.0,6404316.0,13.3
305238.0,6404316.0,13.86
305240.0,6404316.0,14.53
305242.0,6404316.0,15.32
305244.0,6404316.0,15.9
305246.0,6404316.0,16.1
305248.0,6404316.0,16.41
305250.0,6404316.0,17.22
305252.0,6404316.0,18.24
305254.0,6404316.0,19.74
305256.0,6404316.0,20.41
305258.0,6404316.0,21.09
305260.0,6404316.0,21.91
305262.0,6404316.0,22.69
305264.0,6404316.0,22.71
305266.0,6404316.0,22.56
305268.0,6404316.0,22.61
305270.0,6404316.0,23.15
305272.0,6404316.0,23.08
305274.0,6404316.0,23.23
305276.0,6404316.0,23.82
305278.0,6404316.0,24.14
305280.0,6404316.0,24.63
305282.0,6404316.0,25.11
305284.0,6404316.0,25.49
305286.0,6404316.0,25.54
305288.0,6404316.0,25.95
305290.0,6404316.0,26.36
305292.0,6404316.0,27.05
305294.0,6404316.0,27.43
305296.0,6404316.0,27.52
305298.0,6404316.0,27.58
305300.0,6404316.0,27.68
305302.0,6404316.0,27.65
305304.0,6404316.0,27.54
305306.0,6404316.0,27.5
305308.0,6404316.0,27.55
305310.0,6404316.0,27.2
305312.0,6404316.0,26.61
305314.0,6404316.0,26.26
305316.0,6404316.0,26.71
305318.0,6404316.0,26.96
305320.0,6404316.0,27.13
305322.0,6404316.0,27.8
305324.0,6404316.0,27.7
305326.0,6404316.0,27.39
305328.0,6404316.0,27.22
305330.0,6404316.0,27.15
305332.0,6404316.0,27.29
305334.0,6404316.0,27.05
305336.0,6404316.0,26.79
305338.0,6404316.0,26.42
305340.0,6404316.0,26.38
305342.0,6404316.0,26.3
305344.0,6404316.0,26.28
305346.0,6404316.0,26.15
305348.0,6404316.0,25.99
305350.0,6404316.0,25.84
305352.0,6404316.0,25.65
305354.0,6404316.0,25.66
305356.0,6404316.0,25.42
305358.0,6404316.0,24.57
305360.0,6404316.0,24.13
305362.0,6404316.0,23.73
305364.0,6404316.0,23.88
305366.0,6404316.0,23.74
305368.0,6404316.0,23.59
305370.0,6404316.0,22.78
305372.0,6404316.0,22.69
305374.0,6404316.0,22.7
305376.0,6404316.0,23.17
305378.0,6404316.0,23.33
305380.0,6404316.0,23.77
305382.0,6404316.0,23.79
305384.0,6404316.0,23.37
305386.0,6404316.0,23.02
305388.0,6404316.0,23.54
305390.0,6404316.0,22.74
305392.0,6404316.0,22.07
305394.0,6404316.0,22.05
305396.0,6404316.0,22.39
305398.0,6404316.0,23.23
305400.0,6404316.0,23.71
305402.0,6404316.0,23.56
305404.0,6404316.0,23.56
305406.0,6404316.0,23.6
305408.0,6404316.0,23.59
305410.0,6404316.0,23.57
305412.0,6404316.0,23.45
305414.0,6404316.0,23.37
305416.0,6404316.0,23.52
305418.0,6404316.0,23.65
305420.0,6404316.0,23.88
305422.0,6404316.0,24.03
305424.0,6404316.0,24.0
305426.0,6404316.0,24.28
305428.0,6404316.0,24.38
305430.0,6404316.0,24.3
305432.0,6404316.0,24.27
305434.0,6404316.0,24.44
305436.0,6404316.0,24.43
305438.0,6404316.0,24.23
305440.0,6404316.0,24.0
305442.0,6404316.0,23.92
305444.0,6404316.0,23.89
305446.0,6404316.0,23.91
305448.0,6404316.0,24.01
305450.0,6404316.0,24.05
305452.0,6404316.0,24.2
305454.0,6404316.0,24.68
305456.0,6404316.0,24.8
305458.0,6404316.0,24.49
305460.0,6404316.0,24.64
305462.0,6404316.0,24.74
305464.0,6404316.0,24.59
305466.0,6404316.0,24.36
305468.0,6404316.0,24.57
305470.0,6404316.0,24.85
305472.0,6404316.0,24.7
305474.0,6404316.0,24.67
305476.0,6404316.0,24.4
305478.0,6404316.0,24.52
305480.0,6404316.0,24.76
305482.0,6404316.0,24.76
305484.0,6404316.0,24.69
305486.0,6404316.0,24.66
305488.0,6404316.0,24.51
305490.0,6404316.0,24.08
305492.0,6404316.0,23.91
305494.0,6404316.0,24.11
305496.0,6404316.0,24.22
305498.0,6404316.0,24.06
305500.0,6404316.0,23.6
305502.0,6404316.0,23.36
305504.0,6404316.0,23.49
305506.0,6404316.0,23.85
305508.0,6404316.0,23.83
305510.0,6404316.0,23.83
305512.0,6404316.0,23.56
305514.0,6404316.0,23.39
305516.0,6404316.0,23.33
305518.0,6404316.0,23.46
305520.0,6404316.0,23.65
305522.0,6404316.0,23.59
305524.0,6404316.0,23.8
305526.0,6404316.0,23.8
305528.0,6404316.0,23.21
305530.0,6404316.0,23.17
305532.0,6404316.0,23.37
305534.0,6404316.0,23.51
305536.0,6404316.0,23.65
305538.0,6404316.0,24.26
305540.0,6404316.0,24.61
305542.0,6404316.0,24.85
305544.0,6404316.0,24.45
305546.0,6404316.0,24.57
305548.0,6404316.0,24.79
305550.0,6404316.0,24.65
305552.0,6404316.0,25.32
305554.0,6404316.0,26.06
305556.0,6404316.0,26.4
305558.0,6404316.0,26.09
305560.0,6404316.0,26.38
305562.0,6404316.0,26.52
305564.0,6404316.0,26.81
305566.0,6404316.0,27.12
305568.0,6404316.0,27.56
305570.0,6404316.0,28.14
305572.0,6404316.0,28.76
305574.0,6404316.0,29.18
305576.0,6404316.0,29.63
305578.0,6404316.0,30.25
305580.0,6404316.0,31.01
305582.0,6404316.0,31.43
305584.0,6404316.0,31.21
305586.0,6404316.0,31.11
305588.0,6404316.0,30.99
305590.0,6404316.0,30.82
305592.0,6404316.0,30.8
305594.0,6404316.0,30.49
305596.0,6404316.0,29.84
305598.0,6404316.0,29.4
305600.0,6404316.0,28.89
305602.0,6404316.0,28.82
305604.0,6404316.0,28.75
305606.0,6404316.0,28.65
305608.0,6404316.0,28.58
305610.0,6404316.0,28.78
305612.0,6404316.0,28.81
305614.0,6404316.0,28.42
305616.0,6404316.0,28.38
305618.0,6404316.0,28.58
305620.0,6404316.0,28.88
305622.0,6404316.0,28.76
305624.0,6404316.0,28.73
305626.0,6404316.0,28.97
305628.0,6404316.0,29.06
305630.0,6404316.0,29.39
305632.0,6404316.0,29.22
305634.0,6404316.0,28.85
305636.0,6404316.0,28.86
305638.0,6404316.0,28.61
305640.0,6404316.0,28.86
305642.0,6404316.0,29.17
305644.0,6404316.0,28.65
305646.0,6404316.0,28.31
305648.0,6404316.0,28.12
305650.0,6404316.0,27.68
305652.0,6404316.0,27.39
305654.0,6404316.0,27.34
305656.0,6404316.0,27.4
305658.0,6404316.0,27.5
305660.0,6404316.0,27.7
305662.0,6404316.0,27.95
305664.0,6404316.0,27.97
305666.0,6404316.0,27.59
305668.0,6404316.0,27.03
305670.0,6404316.0,26.66
305672.0,6404316.0,26.51
305674.0,6404316.0,26.32
305676.0,6404316.0,25.49
305678.0,6404316.0,25.23
305680.0,6404316.0,25.14
305150.0,6404318.0,5.04
305152.0,6404318.0,4.4
305154.0,6404318.0,3.78
305156.0,6404318.0,3.7
305158.0,6404318.0,3.86
305160.0,6404318.0,3.76
305162.0,6404318.0,3.77
305164.0,6404318.0,4.09
305166.0,6404318.0,4.09
305168.0,6404318.0,4.12
305170.0,6404318.0,4.15
305172.0,6404318.0,4.28
305174.0,6404318.0,4.45
305176.0,6404318.0,4.88
305178.0,6404318.0,4.96
305180.0,6404318.0,4.97
305182.0,6404318.0,5.15
305184.0,6404318.0,5.48
305186.0,6404318.0,5.81
305188.0,6404318.0,6.09
305190.0,6404318.0,6.57
305192.0,6404318.0,7.57
305194.0,6404318.0,8.46
305196.0,6404318.0,9.18
305198.0,6404318.0,9.62
305200.0,6404318.0,9.81
305202.0,6404318.0,9.82
305204.0,6404318.0,9.92
305206.0,6404318.0,9.98
305208.0,6404318.0,9.56
305210.0,6404318.0,9.19
305212.0,6404318.0,8.92
305214.0,6404318.0,8.78
305216.0,6404318.0,8.83
305218.0,6404318.0,8.93
305220.0,6404318.0,9.01
305222.0,6404318.0,8.97
305224.0,6404318.0,8.81
305226.0,6404318.0,8.67
305228.0,6404318.0,8.85
305230.0,6404318.0,8.88
305232.0,6404318.0,10.65
305234.0,6404318.0,12.35
305236.0,6404318.0,13.29
305238.0,6404318.0,13.7
305240.0,6404318.0,13.77
305242.0,6404318.0,15.16
305244.0,6404318.0,15.99
305246.0,6404318.0,16.07
305248.0,6404318.0,16.41
305250.0,6404318.0,16.75
305252.0,6404318.0,17.93
305254.0,6404318.0,18.45
305256.0,6404318.0,19.82
305258.0,6404318.0,20.44
305260.0,6404318.0,21.02
305262.0,6404318.0,22.43
305264.0,6404318.0,22.02
305266.0,6404318.0,21.92
305268.0,6404318.0,22.83
305270.0,6404318.0,22.94
305272.0,6404318.0,22.91
305274.0,6404318.0,23.14
305276.0,6404318.0,23.6
305278.0,6404318.0,23.89
305280.0,6404318.0,24.31
305282.0,6404318.0,24.81
305284.0,6404318.0,25.02
305286.0,6404318.0,25.25
305288.0,6404318.0,25.53
305290.0,6404318.0,26.02
305292.0,6404318.0,26.57
305294.0,6404318.0,26.78
305296.0,6404318.0,26.93
305298.0,6404318.0,27.15
305300.0,6404318.0,27.19
305302.0,6404318.0,27.32
305304.0,6404318.0,27.31
305306.0,6404318.0,27.25
305308.0,6404318.0,27.19
305310.0,6404318.0,27.06
305312.0,6404318.0,26.67
305314.0,6404318.0,26.34
305316.0,6404318.0,26.69
305318.0,6404318.0,26.97
305320.0,6404318.0,27.38
305322.0,6404318.0,27.96
305324.0,6404318.0,27.81
305326.0,6404318.0,27.41
305328.0,6404318.0,27.25
305330.0,6404318.0,27.29
305332.0,6404318.0,27.34
305334.0,6404318.0,27.09
305336.0,6404318.0,26.7
305338.0,6404318.0,26.58
305340.0,6404318.0,26.64
305342.0,6404318.0,26.51
305344.0,6404318.0,26.21
305346.0,6404318.0,26.17
305348.0,6404318.0,25.9
305350.0,6404318.0,25.83
305352.0,6404318.0,25.45
305354.0,6404318.0,24.84
305356.0,6404318.0,24.27
305358.0,6404318.0,24.5
305360.0,6404318.0,24.53
305362.0,6404318.0,24.19
305364.0,6404318.0,23.97
305366.0,6404318.0,23.56
305368.0,6404318.0,23.3
305370.0,6404318.0,23.1
305372.0,6404318.0,22.61
305374.0,6404318.0,22.54
305376.0,6404318.0,22.51
305378.0,6404318.0,23.03
305380.0,6404318.0,23.19
305382.0,6404318.0,23.07
305384.0,6404318.0,23.0
305386.0,6404318.0,23.26
305388.0,6404318.0,23.61
305390.0,6404318.0,22.55
305392.0,6404318.0,22.25
305394.0,6404318.0,22.15
305396.0,6404318.0,22.45
305398.0,6404318.0,22.55
305400.0,6404318.0,22.72
305402.0,6404318.0,23.38
305404.0,6404318.0,23.55
305406.0,6404318.0,23.43
305408.0,6404318.0,23.54
305410.0,6404318.0,23.5
305412.0,6404318.0,23.41
305414.0,6404318.0,23.36
305416.0,6404318.0,23.43
305418.0,6404318.0,23.57
305420.0,6404318.0,23.52
305422.0,6404318.0,23.56
305424.0,6404318.0,23.4
305426.0,6404318.0,23.79
305428.0,6404318.0,24.08
305430.0,6404318.0,24.12
305432.0,6404318.0,24.09
305434.0,6404318.0,24.14
305436.0,6404318.0,24.05
305438.0,6404318.0,24.0
305440.0,6404318.0,23.77
305442.0,6404318.0,23.85
305444.0,6404318.0,23.72
305446.0,6404318.0,23.31
305448.0,6404318.0,23.25
305450.0,6404318.0,23.51
305452.0,6404318.0,23.66
305454.0,6404318.0,23.95
305456.0,6404318.0,24.4
305458.0,6404318.0,23.9
305460.0,6404318.0,24.11
305462.0,6404318.0,24.42
305464.0,6404318.0,24.44
305466.0,6404318.0,24.2
305468.0,6404318.0,24.23
305470.0,6404318.0,24.27
305472.0,6404318.0,24.24
305474.0,6404318.0,24.22
305476.0,6404318.0,24.34
305478.0,6404318.0,24.39
305480.0,6404318.0,24.5
305482.0,6404318.0,24.62
305484.0,6404318.0,24.61
305486.0,6404318.0,24.42
305488.0,6404318.0,24.32
305490.0,6404318.0,23.98
305492.0,6404318.0,23.91
305494.0,6404318.0,24.21
305496.0,6404318.0,24.42
305498.0,6404318.0,23.98
305500.0,6404318.0,23.3
305502.0,6404318.0,22.9
305504.0,6404318.0,23.02
305506.0,6404318.0,23.14
305508.0,6404318.0,23.22
305510.0,6404318.0,23.1
305512.0,6404318.0,23.02
305514.0,6404318.0,23.05
305516.0,6404318.0,23.13
305518.0,6404318.0,23.09
305520.0,6404318.0,23.03
305522.0,6404318.0,22.94
305524.0,6404318.0,22.79
305526.0,6404318.0,22.67
305528.0,6404318.0,22.66
305530.0,6404318.0,22.98
305532.0,6404318.0,23.05
305534.0,6404318.0,23.55
305536.0,6404318.0,23.73
305538.0,6404318.0,23.51
305540.0,6404318.0,23.63
305542.0,6404318.0,24.07
305544.0,6404318.0,24.47
305546.0,6404318.0,24.18
305548.0,6404318.0,24.25
305550.0,6404318.0,24.32
305552.0,6404318.0,25.07
305554.0,6404318.0,25.81
305556.0,6404318.0,25.47
305558.0,6404318.0,25.47
305560.0,6404318.0,26.2
305562.0,6404318.0,26.42
305564.0,6404318.0,26.5
305566.0,6404318.0,26.97
305568.0,6404318.0,27.54
305570.0,6404318.0,28.47
305572.0,6404318.0,28.77
305574.0,6404318.0,29.2
305576.0,6404318.0,29.64
305578.0,6404318.0,30.53
305580.0,6404318.0,31.39
305582.0,6404318.0,31.49
305584.0,6404318.0,31.77
305586.0,6404318.0,31.45
305588.0,6404318.0,31.01
305590.0,6404318.0,30.91
305592.0,6404318.0,30.85
305594.0,6404318.0,30.66
305596.0,6404318.0,30.01
305598.0,6404318.0,29.44
305600.0,6404318.0,29.28
305602.0,6404318.0,28.83
305604.0,6404318.0,28.71
305606.0,6404318.0,28.72
305608.0,6404318.0,28.62
305610.0,6404318.0,28.62
305612.0,6404318.0,28.6
305614.0,6404318.0,28.8
305616.0,6404318.0,28.69
305618.0,6404318.0,28.48
305620.0,6404318.0,28.8
305622.0,6404318.0,28.91
305624.0,6404318.0,28.97
305626.0,6404318.0,28.96
305628.0,6404318.0,28.99
305630.0,6404318.0,29.12
305632.0,6404318.0,29.52
305634.0,6404318.0,29.12
305636.0,6404318.0,28.99
305638.0,6404318.0,28.65
305640.0,6404318.0,29.04
305642.0,6404318.0,29.37
305644.0,6404318.0,29.04
305646.0,6404318.0,28.74
305648.0,6404318.0,28.56
305650.0,6404318.0,27.98
305652.0,6404318.0,27.66
305654.0,6404318.0,27.63
305656.0,6404318.0,27.97
305658.0,6404318.0,28.2
305660.0,6404318.0,28.24
305662.0,6404318.0,28.45
305664.0,6404318.0,28.88
305666.0,6404318.0,28.9
305668.0,6404318.0,28.78
305670.0,6404318.0,27.61
305672.0,6404318.0,26.53
305674.0,6404318.0,26.13
305676.0,6404318.0,25.58
305678.0,6404318.0,25.13
305680.0,6404318.0,25.35
305150.0,6404320.0,4.67
305152.0,6404320.0,4.11
305154.0,6404320.0,3.91
305156.0,6404320.0,3.62
305158.0,6404320.0,3.89
305160.0,6404320.0,3.8
305162.0,6404320.0,4.04
305164.0,6404320.0,4.05
305166.0,6404320.0,4.11
305168.0,6404320.0,4.13
305170.0,6404320.0,4.24
305172.0,6404320.0,4.29
305174.0,6404320.0,4.47
305176.0,6404320.0,4.91
305178.0,6404320.0,5.0
305180.0,6404320.0,4.98
305182.0,6404320.0,5.15
305184.0,6404320.0,5.45
305186.0,6404320.0,5.84
305188.0,6404320.0,6.24
305190.0,6404320.0,6.52
305192.0,6404320.0,7.1
305194.0,6404320.0,7.67
305196.0,6404320.0,8.46
305198.0,6404320.0,9.17
305200.0,6404320.0,9.57
305202.0,6404320.0,9.69
305204.0,6404320.0,9.57
305206.0,6404320.0,9.45
305208.0,6404320.0,8.71
305210.0,6404320.0,8.62
305212.0,6404320.0,8.31
305214.0,6404320.0,8.37
305216.0,6404320.0,8.5
305218.0,6404320.0,8.7
305220.0,6404320.0,8.9
305222.0,6404320.0,8.81
305224.0,6404320.0,8.6
305226.0,6404320.0,8.57
305228.0,6404320.0,8.78
305230.0,6404320.0,9.07
305232.0,6404320.0,9.75
305234.0,6404320.0,11.36
305236.0,6404320.0,12.92
305238.0,6404320.0,13.37
305240.0,6404320.0,13.34
305242.0,6404320.0,15.26
305244.0,6404320.0,15.77
305246.0,6404320.0,15.9
305248.0,6404320.0,16.19
305250.0,6404320.0,16.59
305252.0,6404320.0,17.64
305254.0,6404320.0,18.21
305256.0,6404320.0,19.17
305258.0,6404320.0,19.68
305260.0,6404320.0,20.32
305262.0,6404320.0,21.22
305264.0,6404320.0,21.88
305266.0,6404320.0,22.57
305268.0,6404320.0,23.0
305270.0,6404320.0,22.82
305272.0,6404320.0,22.65
305274.0,6404320.0,22.96
305276.0,6404320.0,23.43
305278.0,6404320.0,23.73
305280.0,6404320.0,24.26
305282.0,6404320.0,24.47
305284.0,6404320.0,24.69
305286.0,6404320.0,24.94
305288.0,6404320.0,25.27
305290.0,6404320.0,25.79
305292.0,6404320.0,25.98
305294.0,6404320.0,26.12
305296.0,6404320.0,26.35
305298.0,6404320.0,26.81
305300.0,6404320.0,26.75
305302.0,6404320.0,26.88
305304.0,6404320.0,26.84
305306.0,6404320.0,26.88
305308.0,6404320.0,26.96
305310.0,6404320.0,26.84
305312.0,6404320.0,26.48
305314.0,6404320.0,25.9
305316.0,6404320.0,26.39
305318.0,6404320.0,26.74
305320.0,6404320.0,27.41
305322.0,6404320.0,27.48
305324.0,6404320.0,27.08
305326.0,6404320.0,27.41
305328.0,6404320.0,27.25
305330.0,6404320.0,27.17
305332.0,6404320.0,27.1
305334.0,6404320.0,26.87
305336.0,6404320.0,26.45
305338.0,6404320.0,26.29
305340.0,6404320.0,26.37
305342.0,6404320.0,26.31
305344.0,6404320.0,26.16
305346.0,6404320.0,26.1
305348.0,6404320.0,25.93
305350.0,6404320.0,25.3
305352.0,6404320.0,24.57
305354.0,6404320.0,24.13
305356.0,6404320.0,24.05
305358.0,6404320.0,24.26
305360.0,6404320.0,24.4
305362.0,6404320.0,24.11
305364.0,6404320.0,23.67
305366.0,6404320.0,23.69
305368.0,6404320.0,23.31
305370.0,6404320.0,23.47
305372.0,6404320.0,23.07
305374.0,6404320.0,22.51
305376.0,6404320.0,22.47
305378.0,6404320.0,22.47
305380.0,6404320.0,22.69
305382.0,6404320.0,22.55
305384.0,6404320.0,22.76
305386.0,6404320.0,23.02
305388.0,6404320.0,22.83
305390.0,6404320.0,21.96
305392.0,6404320.0,22.19
305394.0,6404320.0,21.98
305396.0,6404320.0,22.01
305398.0,6404320.0,22.35
305400.0,6404320.0,22.73
305402.0,6404320.0,22.52
305404.0,6404320.0,23.21
305406.0,6404320.0,23.45
305408.0,6404320.0,23.26
305410.0,6404320.0,23.17
305412.0,6404320.0,23.16
305414.0,6404320.0,23.7
305416.0,6404320.0,23.64
305418.0,6404320.0,23.76
305420.0,6404320.0,23.38
305422.0,6404320.0,23.47
305424.0,6404320.0,23.39
305426.0,6404320.0,23.57
305428.0,6404320.0,23.7
305430.0,6404320.0,23.73
305432.0,6404320.0,23.82
305434.0,6404320.0,23.73
305436.0,6404320.0,23.76
305438.0,6404320.0,23.48
305440.0,6404320.0,23.27
305442.0,6404320.0,23.47
305444.0,6404320.0,23.42
305446.0,6404320.0,23.22
305448.0,6404320.0,22.99
305450.0,6404320.0,23.04
305452.0,6404320.0,23.19
305454.0,6404320.0,23.74
305456.0,6404320.0,23.69
305458.0,6404320.0,23.34
305460.0,6404320.0,23.44
305462.0,6404320.0,23.84
305464.0,6404320.0,24.22
305466.0,6404320.0,24.04
305468.0,6404320.0,24.02
305470.0,6404320.0,23.99
305472.0,6404320.0,24.03
305474.0,6404320.0,24.29
305476.0,6404320.0,24.15
305478.0,6404320.0,24.46
305480.0,6404320.0,24.48
305482.0,6404320.0,24.53
305484.0,6404320.0,24.5
305486.0,6404320.0,24.36
305488.0,6404320.0,24.0
305490.0,6404320.0,23.85
305492.0,6404320.0,24.14
305494.0,6404320.0,24.01
305496.0,6404320.0,23.66
305498.0,6404320.0,23.09
305500.0,6404320.0,22.69
305502.0,6404320.0,22.67
305504.0,6404320.0,22.59
305506.0,6404320.0,22.57
305508.0,6404320.0,22.46
305510.0,6404320.0,22.72
305512.0,6404320.0,22.65
305514.0,6404320.0,22.82
305516.0,6404320.0,22.84
305518.0,6404320.0,22.82
305520.0,6404320.0,22.67
305522.0,6404320.0,22.59
305524.0,6404320.0,22.51
305526.0,6404320.0,22.44
305528.0,6404320.0,22.54
305530.0,6404320.0,22.58
305532.0,6404320.0,22.66
305534.0,6404320.0,23.02
305536.0,6404320.0,23.33
305538.0,6404320.0,23.46
305540.0,6404320.0,23.4
305542.0,6404320.0,23.31
305544.0,6404320.0,23.92
305546.0,6404320.0,24.09
305548.0,6404320.0,24.17
305550.0,6404320.0,24.36
305552.0,6404320.0,24.26
305554.0,6404320.0,24.91
305556.0,6404320.0,24.59
305558.0,6404320.0,24.73
305560.0,6404320.0,25.23
305562.0,6404320.0,25.86
305564.0,6404320.0,26.36
305566.0,6404320.0,26.89
305568.0,6404320.0,27.72
305570.0,6404320.0,28.43
305572.0,6404320.0,28.89
305574.0,6404320.0,29.3
305576.0,6404320.0,29.67
305578.0,6404320.0,30.43
305580.0,6404320.0,31.26
305582.0,6404320.0,31.5
305584.0,6404320.0,32.02
305586.0,6404320.0,31.76
305588.0,6404320.0,31.33
305590.0,6404320.0,30.97
305592.0,6404320.0,30.74
305594.0,6404320.0,30.52
305596.0,6404320.0,30.18
305598.0,6404320.0,29.52
305600.0,6404320.0,29.2
305602.0,6404320.0,29.19
305604.0,6404320.0,28.98
305606.0,6404320.0,28.57
305608.0,6404320.0,28.66
305610.0,6404320.0,28.4
305612.0,6404320.0,28.47
305614.0,6404320.0,28.61
305616.0,6404320.0,28.72
305618.0,6404320.0,28.71
305620.0,6404320.0,28.67
305622.0,6404320.0,28.96
305624.0,6404320.0,29.03
305626.0,6404320.0,28.92
305628.0,6404320.0,28.92
305630.0,6404320.0,28.91
305632.0,6404320.0,29.14
305634.0,6404320.0,28.86
305636.0,6404320.0,28.89
305638.0,6404320.0,29.05
305640.0,6404320.0,28.98
305642.0,6404320.0,29.58
305644.0,6404320.0,29.7
305646.0,6404320.0,29.61
305648.0,6404320.0,29.15
305650.0,6404320.0,28.78
305652.0,6404320.0,28.64
305654.0,6404320.0,28.56
305656.0,6404320.0,28.78
305658.0,6404320.0,29.01
305660.0,6404320.0,29.12
305662.0,6404320.0,29.0
305664.0,6404320.0,29.04
305666.0,6404320.0,29.03
305668.0,6404320.0,29.1
305670.0,6404320.0,28.85
305672.0,6404320.0,28.04
305674.0,6404320.0,27.15
305676.0,6404320.0,26.19
305678.0,6404320.0,25.33
305680.0,6404320.0,25.78
305150.0,6404322.0,4.18
305152.0,6404322.0,4.32
305154.0,6404322.0,4.22
305156.0,6404322.0,3.66
305158.0,6404322.0,3.83
305160.0,6404322.0,4.03
305162.0,6404322.0,4.05
305164.0,6404322.0,4.01
305166.0,6404322.0,4.09
305168.0,6404322.0,4.09
305170.0,6404322.0,4.28
305172.0,6404322.0,4.33
305174.0,6404322.0,4.64
305176.0,6404322.0,4.82
305178.0,6404322.0,5.0
305180.0,6404322.0,5.06
305182.0,6404322.0,5.26
305184.0,6404322.0,5.46
305186.0,6404322.0,5.92
305188.0,6404322.0,6.42
305190.0,6404322.0,6.67
305192.0,6404322.0,6.99
305194.0,6404322.0,7.29
305196.0,6404322.0,7.78
305198.0,6404322.0,8.39
305200.0,6404322.0,8.99
305202.0,6404322.0,9.18
305204.0,6404322.0,9.23
305206.0,6404322.0,9.12
305208.0,6404322.0,7.91
305210.0,6404322.0,7.8
305212.0,6404322.0,7.94
305214.0,6404322.0,8.06
305216.0,6404322.0,8.26
305218.0,6404322.0,8.46
305220.0,6404322.0,8.67
305222.0,6404322.0,8.72
305224.0,6404322.0,8.34
305226.0,6404322.0,8.43
305228.0,6404322.0,8.58
305230.0,6404322.0,9.1
305232.0,6404322.0,9.08
305234.0,6404322.0,9.3
305236.0,6404322.0,9.35
305238.0,6404322.0,11.01
305240.0,6404322.0,11.88
305242.0,6404322.0,14.9
305244.0,6404322.0,15.74
305246.0,6404322.0,15.48
305248.0,6404322.0,15.74
305250.0,6404322.0,16.26
305252.0,6404322.0,17.17
305254.0,6404322.0,18.06
305256.0,6404322.0,18.52
305258.0,6404322.0,18.88
305260.0,6404322.0,20.15
305262.0,6404322.0,21.99
305264.0,6404322.0,22.35
305266.0,6404322.0,22.66
305268.0,6404322.0,22.76
305270.0,6404322.0,22.62
305272.0,6404322.0,22.58
305274.0,6404322.0,22.9
305276.0,6404322.0,23.05
305278.0,6404322.0,23.44
305280.0,6404322.0,24.04
305282.0,6404322.0,24.23
305284.0,6404322.0,24.43
305286.0,6404322.0,24.7
305288.0,6404322.0,25.43
305290.0,6404322.0,25.56
305292.0,6404322.0,25.73
305294.0,6404322.0,25.84
305296.0,6404322.0,26.13
305298.0,6404322.0,26.5
305300.0,6404322.0,26.54
305302.0,6404322.0,26.73
305304.0,6404322.0,26.61
305306.0,6404322.0,26.74
305308.0,6404322.0,26.8
305310.0,6404322.0,26.61
305312.0,6404322.0,26.55
305314.0,6404322.0,25.89
305316.0,6404322.0,26.1
305318.0,6404322.0,26.66
305320.0,6404322.0,27.1
305322.0,6404322.0,26.86
305324.0,6404322.0,27.07
305326.0,6404322.0,27.08
305328.0,6404322.0,26.74
305330.0,6404322.0,26.62
305332.0,6404322.0,26.6
305334.0,6404322.0,26.37
305336.0,6404322.0,25.91
305338.0,6404322.0,25.65
305340.0,6404322.0,25.88
305342.0,6404322.0,25.96
305344.0,6404322.0,26.0
305346.0,6404322.0,25.79
305348.0,6404322.0,25.49
305350.0,6404322.0,24.85
305352.0,6404322.0,23.48
305354.0,6404322.0,23.43
305356.0,6404322.0,23.59
305358.0,6404322.0,23.96
305360.0,6404322.0,24.31
305362.0,6404322.0,24.0
305364.0,6404322.0,23.91
305366.0,6404322.0,23.8
305368.0,6404322.0,23.69
305370.0,6404322.0,24.02
305372.0,6404322.0,23.93
305374.0,6404322.0,23.62
305376.0,6404322.0,23.19
305378.0,6404322.0,22.52
305380.0,6404322.0,22.47
305382.0,6404322.0,22.28
305384.0,6404322.0,22.3
305386.0,6404322.0,22.36
305388.0,6404322.0,22.05
305390.0,6404322.0,21.57
305392.0,6404322.0,21.64
305394.0,6404322.0,21.75
305396.0,6404322.0,22.14
305398.0,6404322.0,22.5
305400.0,6404322.0,23.17
305402.0,6404322.0,23.22
305404.0,6404322.0,22.72
305406.0,6404322.0,22.75
305408.0,6404322.0,22.98
305410.0,6404322.0,22.84
305412.0,6404322.0,23.19
305414.0,6404322.0,23.28
305416.0,6404322.0,23.31
305418.0,6404322.0,23.48
305420.0,6404322.0,23.33
305422.0,6404322.0,23.44
305424.0,6404322.0,23.57
305426.0,6404322.0,23.67
305428.0,6404322.0,23.79
305430.0,6404322.0,23.54
305432.0,6404322.0,23.06
305434.0,6404322.0,23.28
305436.0,6404322.0,23.28
305438.0,6404322.0,22.92
305440.0,6404322.0,22.95
305442.0,6404322.0,23.13
305444.0,6404322.0,23.13
305446.0,6404322.0,22.92
305448.0,6404322.0,22.66
305450.0,6404322.0,22.41
305452.0,6404322.0,22.48
305454.0,6404322.0,22.36
305456.0,6404322.0,22.84
305458.0,6404322.0,22.46
305460.0,6404322.0,22.68
305462.0,6404322.0,22.92
305464.0,6404322.0,23.33
305466.0,6404322.0,23.48
305468.0,6404322.0,23.54
305470.0,6404322.0,23.56
305472.0,6404322.0,23.58
305474.0,6404322.0,23.83
305476.0,6404322.0,23.91
305478.0,6404322.0,24.47
305480.0,6404322.0,24.56
305482.0,6404322.0,24.71
305484.0,6404322.0,24.86
305486.0,6404322.0,24.53
305488.0,6404322.0,23.73
305490.0,6404322.0,23.61
305492.0,6404322.0,23.49
305494.0,6404322.0,23.02
305496.0,6404322.0,22.89
305498.0,6404322.0,22.55
305500.0,6404322.0,22.8
305502.0,6404322.0,22.88
305504.0,6404322.0,22.51
305506.0,6404322.0,22.15
305508.0,6404322.0,22.19
305510.0,6404322.0,22.43
305512.0,6404322.0,22.56
305514.0,6404322.0,22.64
305516.0,6404322.0,22.84
305518.0,6404322.0,22.73
305520.0,6404322.0,22.42
305522.0,6404322.0,22.29
305524.0,6404322.0,22.19
305526.0,6404322.0,22.24
305528.0,6404322.0,22.25
305530.0,6404322.0,22.41
305532.0,6404322.0,22.44
305534.0,6404322.0,22.35
305536.0,6404322.0,22.63
305538.0,6404322.0,22.87
305540.0,6404322.0,23.06
305542.0,6404322.0,23.35
305544.0,6404322.0,23.68
305546.0,6404322.0,23.86
305548.0,6404322.0,24.13
305550.0,6404322.0,24.37
305552.0,6404322.0,24.24
305554.0,6404322.0,24.13
305556.0,6404322.0,24.18
305558.0,6404322.0,24.57
305560.0,6404322.0,25.2
305562.0,6404322.0,25.87
305564.0,6404322.0,26.26
305566.0,6404322.0,26.85
305568.0,6404322.0,27.58
305570.0,6404322.0,28.22
305572.0,6404322.0,28.75
305574.0,6404322.0,29.26
305576.0,6404322.0,29.58
305578.0,6404322.0,30.2
305580.0,6404322.0,31.19
305582.0,6404322.0,31.45
305584.0,6404322.0,31.84
305586.0,6404322.0,31.76
305588.0,6404322.0,31.43
305590.0,6404322.0,30.98
305592.0,6404322.0,30.55
305594.0,6404322.0,30.22
305596.0,6404322.0,29.87
305598.0,6404322.0,29.29
305600.0,6404322.0,29.18
305602.0,6404322.0,29.12
305604.0,6404322.0,29.22
305606.0,6404322.0,28.73
305608.0,6404322.0,28.35
305610.0,6404322.0,28.1
305612.0,6404322.0,28.35
305614.0,6404322.0,28.44
305616.0,6404322.0,28.56
305618.0,6404322.0,28.48
305620.0,6404322.0,28.44
305622.0,6404322.0,28.79
305624.0,6404322.0,28.92
305626.0,6404322.0,28.84
305628.0,6404322.0,28.79
305630.0,6404322.0,28.87
305632.0,6404322.0,28.87
305634.0,6404322.0,27.92
305636.0,6404322.0,28.54
305638.0,6404322.0,29.43
305640.0,6404322.0,29.53
305642.0,6404322.0,29.75
305644.0,6404322.0,29.91
305646.0,6404322.0,29.81
305648.0,6404322.0,29.48
305650.0,6404322.0,29.22
305652.0,6404322.0,29.27
305654.0,6404322.0,29.26
305656.0,6404322.0,29.21
305658.0,6404322.0,29.42
305660.0,6404322.0,29.49
305662.0,6404322.0,29.47
305664.0,6404322.0,29.16
305666.0,6404322.0,29.35
305668.0,6404322.0,29.03
305670.0,6404322.0,28.7
305672.0,6404322.0,28.53
305674.0,6404322.0,28.3
305676.0,6404322.0,27.85
305678.0,6404322.0,25.29
305680.0,6404322.0,25.98
305150.0,6404324.0,4.14
305152.0,6404324.0,4.31
305154.0,6404324.0,4.57
305156.0,6404324.0,4.02
305158.0,6404324.0,3.66
305160.0,6404324.0,4.03
305162.0,6404324.0,4.11
305164.0,6404324.0,4.02
305166.0,6404324.0,4.05
305168.0,6404324.0,4.08
305170.0,6404324.0,4.24
305172.0,6404324.0,4.39
305174.0,6404324.0,4.61
305176.0,6404324.0,4.85
305178.0,6404324.0,5.07
305180.0,6404324.0,5.11
305182.0,6404324.0,5.37
305184.0,6404324.0,5.49
305186.0,6404324.0,6.03
305188.0,6404324.0,6.45
305190.0,6404324.0,6.62
305192.0,6404324.0,7.11
305194.0,6404324.0,7.26
305196.0,6404324.0,7.2
305198.0,6404324.0,7.53
305200.0,6404324.0,8.25
305202.0,6404324.0,8.47
305204.0,6404324.0,8.52
305206.0,6404324.0,8.37
305208.0,6404324.0,7.73
305210.0,6404324.0,7.67
305212.0,6404324.0,7.81
305214.0,6404324.0,7.88
305216.0,6404324.0,8.02
305218.0,6404324.0,8.23
305220.0,6404324.0,8.35
305222.0,6404324.0,8.31
305224.0,6404324.0,8.22
305226.0,6404324.0,8.34
305228.0,6404324.0,8.42
305230.0,6404324.0,8.94
305232.0,6404324.0,8.97
305234.0,6404324.0,9.28
305236.0,6404324.0,9.18
305238.0,6404324.0,9.25
305240.0,6404324.0,10.16
305242.0,6404324.0,12.7
305244.0,6404324.0,14.99
305246.0,6404324.0,15.15
305248.0,6404324.0,15.26
305250.0,6404324.0,16.1
305252.0,6404324.0,16.85
305254.0,6404324.0,17.77
305256.0,6404324.0,18.27
305258.0,6404324.0,19.01
305260.0,6404324.0,20.16
305262.0,6404324.0,21.43
305264.0,6404324.0,21.89
305266.0,6404324.0,22.11
305268.0,6404324.0,22.25
305270.0,6404324.0,22.18
305272.0,6404324.0,22.14
305274.0,6404324.0,22.73
305276.0,6404324.0,22.99
305278.0,6404324.0,23.11
305280.0,6404324.0,23.64
305282.0,6404324.0,23.86
305284.0,6404324.0,24.17
305286.0,6404324.0,24.53
305288.0,6404324.0,24.97
305290.0,6404324.0,25.22
305292.0,6404324.0,25.42
305294.0,6404324.0,25.92
305296.0,6404324.0,26.13
305298.0,6404324.0,26.27
305300.0,6404324.0,26.32
305302.0,6404324.0,26.43
305304.0,6404324.0,26.67
305306.0,6404324.0,26.65
305308.0,6404324.0,26.46
305310.0,6404324.0,26.37
305312.0,6404324.0,26.5
305314.0,6404324.0,26.26
305316.0,6404324.0,26.14
305318.0,6404324.0,26.49
305320.0,6404324.0,26.55
305322.0,6404324.0,26.6
305324.0,6404324.0,26.64
305326.0,6404324.0,26.41
305328.0,6404324.0,26.25
305330.0,6404324.0,26.37
305332.0,6404324.0,26.18
305334.0,6404324.0,25.37
305336.0,6404324.0,25.41
305338.0,6404324.0,25.26
305340.0,6404324.0,25.17
305342.0,6404324.0,25.33
305344.0,6404324.0,25.57
305346.0,6404324.0,25.1
305348.0,6404324.0,24.07
305350.0,6404324.0,23.34
305352.0,6404324.0,23.59
305354.0,6404324.0,23.55
305356.0,6404324.0,23.84
305358.0,6404324.0,24.3
305360.0,6404324.0,24.15
305362.0,6404324.0,23.97
305364.0,6404324.0,23.67
305366.0,6404324.0,23.56
305368.0,6404324.0,24.29
305370.0,6404324.0,24.45
305372.0,6404324.0,24.48
305374.0,6404324.0,24.1
305376.0,6404324.0,23.6
305378.0,6404324.0,22.9
305380.0,6404324.0,22.64
305382.0,6404324.0,22.42
305384.0,6404324.0,22.36
305386.0,6404324.0,22.16
305388.0,6404324.0,21.93
305390.0,6404324.0,21.72
305392.0,6404324.0,21.19
305394.0,6404324.0,21.06
305396.0,6404324.0,21.57
305398.0,6404324.0,22.25
305400.0,6404324.0,23.38
305402.0,6404324.0,23.8
305404.0,6404324.0,23.89
305406.0,6404324.0,23.31
305408.0,6404324.0,22.62
305410.0,6404324.0,22.46
305412.0,6404324.0,22.72
305414.0,6404324.0,22.91
305416.0,6404324.0,23.04
305418.0,6404324.0,23.21
305420.0,6404324.0,23.13
305422.0,6404324.0,23.1
305424.0,6404324.0,23.37
305426.0,6404324.0,23.57
305428.0,6404324.0,23.8
305430.0,6404324.0,23.67
305432.0,6404324.0,23.21
305434.0,6404324.0,22.93
305436.0,6404324.0,22.72
305438.0,6404324.0,22.67
305440.0,6404324.0,22.75
305442.0,6404324.0,22.76
305444.0,6404324.0,22.89
305446.0,6404324.0,22.77
305448.0,6404324.0,22.56
305450.0,6404324.0,22.1
305452.0,6404324.0,21.91
305454.0,6404324.0,21.89
305456.0,6404324.0,22.03
305458.0,6404324.0,21.84
305460.0,6404324.0,22.39
305462.0,6404324.0,22.57
305464.0,6404324.0,22.57
305466.0,6404324.0,22.72
305468.0,6404324.0,23.11
305470.0,6404324.0,23.53
305472.0,6404324.0,23.51
305474.0,6404324.0,23.3
305476.0,6404324.0,23.67
305478.0,6404324.0,24.37
305480.0,6404324.0,24.49
305482.0,6404324.0,24.59
305484.0,6404324.0,24.58
305486.0,6404324.0,24.22
305488.0,6404324.0,23.44
305490.0,6404324.0,22.94
305492.0,6404324.0,22.58
305494.0,6404324.0,22.46
305496.0,6404324.0,22.84
305498.0,6404324.0,22.81
305500.0,6404324.0,22.55
305502.0,6404324.0,22.43
305504.0,6404324.0,22.22
305506.0,6404324.0,22.01
305508.0,6404324.0,22.03
305510.0,6404324.0,22.21
305512.0,6404324.0,22.38
305514.0,6404324.0,22.38
305516.0,6404324.0,22.47
305518.0,6404324.0,22.43
305520.0,6404324.0,22.39
305522.0,6404324.0,22.17
305524.0,6404324.0,22.16
305526.0,6404324.0,22.05
305528.0,6404324.0,22.23
305530.0,6404324.0,22.42
305532.0,6404324.0,22.47
305534.0,6404324.0,22.62
305536.0,6404324.0,22.66
305538.0,6404324.0,22.64
305540.0,6404324.0,22.61
305542.0,6404324.0,22.84
305544.0,6404324.0,23.66
305546.0,6404324.0,24.05
305548.0,6404324.0,24.03
305550.0,6404324.0,24.23
305552.0,6404324.0,24.22
305554.0,6404324.0,24.12
305556.0,6404324.0,24.32
305558.0,6404324.0,24.62
305560.0,6404324.0,25.19
305562.0,6404324.0,25.79
305564.0,6404324.0,26.28
305566.0,6404324.0,26.86
305568.0,6404324.0,27.58
305570.0,6404324.0,28.05
305572.0,6404324.0,28.46
305574.0,6404324.0,28.93
305576.0,6404324.0,29.45
305578.0,6404324.0,29.91
305580.0,6404324.0,30.89
305582.0,6404324.0,31.28
305584.0,6404324.0,31.53
305586.0,6404324.0,31.52
305588.0,6404324.0,31.3
305590.0,6404324.0,30.78
305592.0,6404324.0,30.37
305594.0,6404324.0,30.09
305596.0,6404324.0,29.61
305598.0,6404324.0,29.08
305600.0,6404324.0,28.89
305602.0,6404324.0,28.99
305604.0,6404324.0,29.19
305606.0,6404324.0,28.93
305608.0,6404324.0,28.68
305610.0,6404324.0,28.22
305612.0,6404324.0,27.97
305614.0,6404324.0,28.34
305616.0,6404324.0,28.28
305618.0,6404324.0,28.28
305620.0,6404324.0,28.32
305622.0,6404324.0,28.64
305624.0,6404324.0,28.76
305626.0,6404324.0,28.69
305628.0,6404324.0,28.61
305630.0,6404324.0,28.45
305632.0,6404324.0,27.34
305634.0,6404324.0,27.51
305636.0,6404324.0,28.39
305638.0,6404324.0,29.48
305640.0,6404324.0,30.1
305642.0,6404324.0,30.13
305644.0,6404324.0,29.78
305646.0,6404324.0,29.74
305648.0,6404324.0,29.64
305650.0,6404324.0,29.59
305652.0,6404324.0,29.54
305654.0,6404324.0,29.59
305656.0,6404324.0,29.79
305658.0,6404324.0,29.66
305660.0,6404324.0,29.68
305662.0,6404324.0,29.54
305664.0,6404324.0,29.44
305666.0,6404324.0,29.36
305668.0,6404324.0,29.18
305670.0,6404324.0,28.8
305672.0,6404324.0,27.96
305674.0,6404324.0,27.34
305676.0,6404324.0,25.98
305678.0,6404324.0,25.24
305680.0,6404324.0,25.59
305150.0,6404326.0,4.14
305152.0,6404326.0,4.14
305154.0,6404326.0,4.87
305156.0,6404326.0,4.3
305158.0,6404326.0,3.66
305160.0,6404326.0,3.91
305162.0,6404326.0,4.03
305164.0,6404326.0,4.04
305166.0,6404326.0,4.06
305168.0,6404326.0,4.13
305170.0,6404326.0,4.23
305172.0,6404326.0,4.42
305174.0,6404326.0,4.51
305176.0,6404326.0,4.8
305178.0,6404326.0,5.13
305180.0,6404326.0,5.29
305182.0,6404326.0,5.49
305184.0,6404326.0,5.64
305186.0,6404326.0,6.0
305188.0,6404326.0,6.39
305190.0,6404326.0,6.72
305192.0,6404326.0,7.2
305194.0,6404326.0,7.37
305196.0,6404326.0,7.23
305198.0,6404326.0,7.18
305200.0,6404326.0,7.25
305202.0,6404326.0,7.63
305204.0,6404326.0,7.86
305206.0,6404326.0,7.54
305208.0,6404326.0,7.49
305210.0,6404326.0,7.54
305212.0,6404326.0,7.64
305214.0,6404326.0,7.73
305216.0,6404326.0,7.76
305218.0,6404326.0,7.99
305220.0,6404326.0,8.13
305222.0,6404326.0,8.01
305224.0,6404326.0,8.0
305226.0,6404326.0,8.11
305228.0,6404326.0,8.21
305230.0,6404326.0,8.48
305232.0,6404326.0,8.8
305234.0,6404326.0,9.19
305236.0,6404326.0,9.17
305238.0,6404326.0,9.59
305240.0,6404326.0,10.26
305242.0,6404326.0,11.08
305244.0,6404326.0,12.02
305246.0,6404326.0,14.3
305248.0,6404326.0,14.98
305250.0,6404326.0,15.72
305252.0,6404326.0,16.71
305254.0,6404326.0,17.54
305256.0,6404326.0,18.41
305258.0,6404326.0,19.19
305260.0,6404326.0,20.18
305262.0,6404326.0,20.64
305264.0,6404326.0,21.6
305266.0,6404326.0,21.91
305268.0,6404326.0,21.85
305270.0,6404326.0,21.94
305272.0,6404326.0,22.03
305274.0,6404326.0,22.51
305276.0,6404326.0,22.61
305278.0,6404326.0,22.59
305280.0,6404326.0,22.89
305282.0,6404326.0,23.29
305284.0,6404326.0,24.04
305286.0,6404326.0,24.32
305288.0,6404326.0,24.4
305290.0,6404326.0,24.62
305292.0,6404326.0,24.78
305294.0,6404326.0,25.57
305296.0,6404326.0,25.92
305298.0,6404326.0,26.19
305300.0,6404326.0,26.3
305302.0,6404326.0,26.53
305304.0,6404326.0,26.67
305306.0,6404326.0,26.48
305308.0,6404326.0,26.21
305310.0,6404326.0,26.07
305312.0,6404326.0,26.09
305314.0,6404326.0,25.71
305316.0,6404326.0,25.99
305318.0,6404326.0,26.2
305320.0,6404326.0,26.3
305322.0,6404326.0,26.4
305324.0,6404326.0,26.25
305326.0,6404326.0,25.88
305328.0,6404326.0,26.03
305330.0,6404326.0,26.08
305332.0,6404326.0,25.5
305334.0,6404326.0,25.08
305336.0,6404326.0,25.42
305338.0,6404326.0,25.27
305340.0,6404326.0,24.65
305342.0,6404326.0,24.51
305344.0,6404326.0,24.03
305346.0,6404326.0,23.88
305348.0,6404326.0,23.82
305350.0,6404326.0,23.96
305352.0,6404326.0,23.9
305354.0,6404326.0,23.99
305356.0,6404326.0,24.14
305358.0,6404326.0,24.21
305360.0,6404326.0,24.12
305362.0,6404326.0,23.92
305364.0,6404326.0,23.73
305366.0,6404326.0,23.77
305368.0,6404326.0,24.35
305370.0,6404326.0,24.35
305372.0,6404326.0,24.41
305374.0,6404326.0,24.38
305376.0,6404326.0,23.48
305378.0,6404326.0,22.8
305380.0,6404326.0,22.57
305382.0,6404326.0,22.38
305384.0,6404326.0,22.36
305386.0,6404326.0,22.33
305388.0,6404326.0,22.08
305390.0,6404326.0,22.09
305392.0,6404326.0,21.63
305394.0,6404326.0,20.72
305396.0,6404326.0,20.92
305398.0,6404326.0,21.33
305400.0,6404326.0,22.1
305402.0,6404326.0,23.32
305404.0,6404326.0,24.07
305406.0,6404326.0,23.91
305408.0,6404326.0,23.03
305410.0,6404326.0,22.4
305412.0,6404326.0,22.44
305414.0,6404326.0,22.46
305416.0,6404326.0,22.78
305418.0,6404326.0,23.05
305420.0,6404326.0,23.01
305422.0,6404326.0,23.15
305424.0,6404326.0,23.25
305426.0,6404326.0,23.01
305428.0,6404326.0,23.34
305430.0,6404326.0,23.42
305432.0,6404326.0,23.28
305434.0,6404326.0,23.1
305436.0,6404326.0,22.94
305438.0,6404326.0,22.59
305440.0,6404326.0,22.53
305442.0,6404326.0,22.08
305444.0,6404326.0,22.21
305446.0,6404326.0,22.44
305448.0,6404326.0,22.29
305450.0,6404326.0,21.89
305452.0,6404326.0,21.85
305454.0,6404326.0,21.71
305456.0,6404326.0,21.79
305458.0,6404326.0,21.9
305460.0,6404326.0,22.33
305462.0,6404326.0,22.08
305464.0,6404326.0,22.24
305466.0,6404326.0,22.34
305468.0,6404326.0,22.47
305470.0,6404326.0,22.87
305472.0,6404326.0,22.94
305474.0,6404326.0,22.88
305476.0,6404326.0,23.65
305478.0,6404326.0,23.8
305480.0,6404326.0,23.79
305482.0,6404326.0,23.6
305484.0,6404326.0,23.9
305486.0,6404326.0,23.2
305488.0,6404326.0,22.37
305490.0,6404326.0,22.28
305492.0,6404326.0,22.35
305494.0,6404326.0,22.62
305496.0,6404326.0,22.61
305498.0,6404326.0,22.32
305500.0,6404326.0,22.07
305502.0,6404326.0,22.21
305504.0,6404326.0,21.88
305506.0,6404326.0,21.84
305508.0,6404326.0,22.13
305510.0,6404326.0,22.16
305512.0,6404326.0,22.18
305514.0,6404326.0,22.37
305516.0,6404326.0,22.27
305518.0,6404326.0,22.21
305520.0,6404326.0,22.23
305522.0,6404326.0,22.2
305524.0,6404326.0,22.12
305526.0,6404326.0,21.98
305528.0,6404326.0,22.39
305530.0,6404326.0,22.41
305532.0,6404326.0,22.96
305534.0,6404326.0,22.91
305536.0,6404326.0,23.0
305538.0,6404326.0,23.05
305540.0,6404326.0,23.12
305542.0,6404326.0,22.72
305544.0,6404326.0,22.98
305546.0,6404326.0,23.54
305548.0,6404326.0,23.81
305550.0,6404326.0,24.05
305552.0,6404326.0,23.96
305554.0,6404326.0,24.1
305556.0,6404326.0,24.22
305558.0,6404326.0,24.52
305560.0,6404326.0,24.81
305562.0,6404326.0,25.39
305564.0,6404326.0,26.12
305566.0,6404326.0,26.55
305568.0,6404326.0,27.51
305570.0,6404326.0,28.01
305572.0,6404326.0,28.47
305574.0,6404326.0,28.7
305576.0,6404326.0,29.46
305578.0,6404326.0,30.13
305580.0,6404326.0,30.36
305582.0,6404326.0,30.63
305584.0,6404326.0,30.71
305586.0,6404326.0,30.86
305588.0,6404326.0,30.74
305590.0,6404326.0,30.46
305592.0,6404326.0,30.24
305594.0,6404326.0,29.85
305596.0,6404326.0,29.48
305598.0,6404326.0,29.07
305600.0,6404326.0,28.71
305602.0,6404326.0,29.01
305604.0,6404326.0,29.3
305606.0,6404326.0,29.09
305608.0,6404326.0,29.0
305610.0,6404326.0,28.58
305612.0,6404326.0,28.66
305614.0,6404326.0,28.34
305616.0,6404326.0,28.27
305618.0,6404326.0,28.29
305620.0,6404326.0,28.36
305622.0,6404326.0,28.57
305624.0,6404326.0,28.62
305626.0,6404326.0,28.56
305628.0,6404326.0,28.42
305630.0,6404326.0,28.23
305632.0,6404326.0,27.34
305634.0,6404326.0,27.41
305636.0,6404326.0,28.29
305638.0,6404326.0,29.52
305640.0,6404326.0,29.96
305642.0,6404326.0,29.93
305644.0,6404326.0,29.71
305646.0,6404326.0,29.77
305648.0,6404326.0,30.12
305650.0,6404326.0,30.36
305652.0,6404326.0,29.92
305654.0,6404326.0,29.79
305656.0,6404326.0,29.78
305658.0,6404326.0,29.76
305660.0,6404326.0,29.79
305662.0,6404326.0,29.79
305664.0,6404326.0,29.56
305666.0,6404326.0,29.09
305668.0,6404326.0,28.94
305670.0,6404326.0,28.44
305672.0,6404326.0,27.38
305674.0,6404326.0,26.49
305676.0,6404326.0,24.78
305678.0,6404326.0,24.84
305680.0,6404326.0,25.62
305150.0,6404328.0,4.15
305152.0,6404328.0,4.16
305154.0,6404328.0,4.53
305156.0,6404328.0,4.71
305158.0,6404328.0,4.14
305160.0,6404328.0,3.69
305162.0,6404328.0,4.09
305164.0,6404328.0,4.05
305166.0,6404328.0,4.1
305168.0,6404328.0,4.16
305170.0,6404328.0,4.26
305172.0,6404328.0,4.37
305174.0,6404328.0,4.51
305176.0,6404328.0,4.8
305178.0,6404328.0,5.18
305180.0,6404328.0,5.47
305182.0,6404328.0,5.72
305184.0,6404328.0,5.92
305186.0,6404328.0,5.98
305188.0,6404328.0,6.36
305190.0,6404328.0,6.94
305192.0,6404328.0,7.24
305194.0,6404328.0,7.39
305196.0,6404328.0,7.26
305198.0,6404328.0,7.16
305200.0,6404328.0,7.18
305202.0,6404328.0,7.25
305204.0,6404328.0,7.3
305206.0,6404328.0,7.4
305208.0,6404328.0,7.4
305210.0,6404328.0,7.42
305212.0,6404328.0,7.47
305214.0,6404328.0,7.56
305216.0,6404328.0,7.6
305218.0,6404328.0,7.6
305220.0,6404328.0,7.79
305222.0,6404328.0,7.8
305224.0,6404328.0,7.88
305226.0,6404328.0,7.87
305228.0,6404328.0,8.04
305230.0,6404328.0,8.24
305232.0,6404328.0,8.28
305234.0,6404328.0,8.58
305236.0,6404328.0,8.97
305238.0,6404328.0,9.77
305240.0,6404328.0,10.29
305242.0,6404328.0,11.3
305244.0,6404328.0,12.54
305246.0,6404328.0,13.75
305248.0,6404328.0,14.68
305250.0,6404328.0,15.69
305252.0,6404328.0,16.47
305254.0,6404328.0,17.32
305256.0,6404328.0,17.81
305258.0,6404328.0,18.41
305260.0,6404328.0,18.9
305262.0,6404328.0,19.16
305264.0,6404328.0,19.83
305266.0,6404328.0,21.24
305268.0,6404328.0,21.72
305270.0,6404328.0,21.7
305272.0,6404328.0,21.67
305274.0,6404328.0,21.89
305276.0,6404328.0,22.11
305278.0,6404328.0,22.19
305280.0,6404328.0,22.23
305282.0,6404328.0,22.82
305284.0,6404328.0,23.41
305286.0,6404328.0,23.7
305288.0,6404328.0,23.88
305290.0,6404328.0,24.08
305292.0,6404328.0,24.39
305294.0,6404328.0,24.92
305296.0,6404328.0,25.68
305298.0,6404328.0,25.94
305300.0,6404328.0,26.13
305302.0,6404328.0,26.43
305304.0,6404328.0,26.5
305306.0,6404328.0,26.45
305308.0,6404328.0,26.08
305310.0,6404328.0,25.89
305312.0,6404328.0,25.93
305314.0,6404328.0,25.68
305316.0,6404328.0,25.78
305318.0,6404328.0,25.68
305320.0,6404328.0,26.01
305322.0,6404328.0,25.85
305324.0,6404328.0,25.57
305326.0,6404328.0,25.79
305328.0,6404328.0,25.79
305330.0,6404328.0,24.81
305332.0,6404328.0,24.51
305334.0,6404328.0,24.53
305336.0,6404328.0,24.24
305338.0,6404328.0,23.47
305340.0,6404328.0,23.19
305342.0,6404328.0,23.04
305344.0,6404328.0,23.28
305346.0,6404328.0,23.79
305348.0,6404328.0,24.15
305350.0,6404328.0,24.56
305352.0,6404328.0,24.34
305354.0,6404328.0,23.86
305356.0,6404328.0,24.13
305358.0,6404328.0,24.09
305360.0,6404328.0,23.9
305362.0,6404328.0,23.59
305364.0,6404328.0,23.69
305366.0,6404328.0,24.03
305368.0,6404328.0,24.51
305370.0,6404328.0,23.99
305372.0,6404328.0,23.92
305374.0,6404328.0,24.14
305376.0,6404328.0,23.52
305378.0,6404328.0,22.82
305380.0,6404328.0,22.49
305382.0,6404328.0,22.39
305384.0,6404328.0,22.09
305386.0,6404328.0,21.81
305388.0,6404328.0,21.75
305390.0,6404328.0,21.96
305392.0,6404328.0,21.3
305394.0,6404328.0,20.42
305396.0,6404328.0,20.65
305398.0,6404328.0,20.43
305400.0,6404328.0,20.51
305402.0,6404328.0,21.98
305404.0,6404328.0,23.39
305406.0,6404328.0,23.61
305408.0,6404328.0,23.24
305410.0,6404328.0,22.76
305412.0,6404328.0,22.54
305414.0,6404328.0,22.35
305416.0,6404328.0,22.17
305418.0,6404328.0,22.35
305420.0,6404328.0,23.0
305422.0,6404328.0,22.95
305424.0,6404328.0,22.87
305426.0,6404328.0,22.92
305428.0,6404328.0,23.01
305430.0,6404328.0,22.99
305432.0,6404328.0,23.08
305434.0,6404328.0,23.07
305436.0,6404328.0,22.83
305438.0,6404328.0,22.45
305440.0,6404328.0,22.22
305442.0,6404328.0,21.88
305444.0,6404328.0,21.69
305446.0,6404328.0,21.44
305448.0,6404328.0,21.73
305450.0,6404328.0,21.51
305452.0,6404328.0,21.56
305454.0,6404328.0,21.71
305456.0,6404328.0,21.72
305458.0,6404328.0,21.77
305460.0,6404328.0,22.05
305462.0,6404328.0,21.9
305464.0,6404328.0,21.64
305466.0,6404328.0,21.81
305468.0,6404328.0,22.13
305470.0,6404328.0,22.21
305472.0,6404328.0,22.19
305474.0,6404328.0,22.34
305476.0,6404328.0,22.48
305478.0,6404328.0,22.91
305480.0,6404328.0,22.74
305482.0,6404328.0,22.66
305484.0,6404328.0,22.74
305486.0,6404328.0,22.3
305488.0,6404328.0,22.01
305490.0,6404328.0,21.94
305492.0,6404328.0,22.36
305494.0,6404328.0,22.13
305496.0,6404328.0,21.7
305498.0,6404328.0,21.27
305500.0,6404328.0,21.31
305502.0,6404328.0,21.44
305504.0,6404328.0,21.72
305506.0,6404328.0,21.91
305508.0,6404328.0,22.48
305510.0,6404328.0,22.71
305512.0,6404328.0,22.63
305514.0,6404328.0,22.34
305516.0,6404328.0,22.39
305518.0,6404328.0,22.24
305520.0,6404328.0,22.18
305522.0,6404328.0,21.89
305524.0,6404328.0,21.78
305526.0,6404328.0,21.79
305528.0,6404328.0,21.99
305530.0,6404328.0,22.26
305532.0,6404328.0,23.08
305534.0,6404328.0,23.14
305536.0,6404328.0,23.1
305538.0,6404328.0,23.11
305540.0,6404328.0,23.16
305542.0,6404328.0,23.15
305544.0,6404328.0,22.99
305546.0,6404328.0,22.86
305548.0,6404328.0,22.9
305550.0,6404328.0,23.49
305552.0,6404328.0,23.68
305554.0,6404328.0,23.74
305556.0,6404328.0,23.91
305558.0,6404328.0,24.09
305560.0,6404328.0,24.32
305562.0,6404328.0,25.07
305564.0,6404328.0,25.51
305566.0,6404328.0,26.15
305568.0,6404328.0,26.95
305570.0,6404328.0,27.47
305572.0,6404328.0,28.44
305574.0,6404328.0,28.83
305576.0,6404328.0,29.56
305578.0,6404328.0,30.11
305580.0,6404328.0,30.02
305582.0,6404328.0,30.09
305584.0,6404328.0,29.9
305586.0,6404328.0,30.01
305588.0,6404328.0,29.93
305590.0,6404328.0,30.0
305592.0,6404328.0,29.86
305594.0,6404328.0,29.56
305596.0,6404328.0,29.16
305598.0,6404328.0,28.48
305600.0,6404328.0,28.76
305602.0,6404328.0,29.29
305604.0,6404328.0,29.16
305606.0,6404328.0,29.3
305608.0,6404328.0,29.02
305610.0,6404328.0,28.93
305612.0,6404328.0,29.14
305614.0,6404328.0,28.83
305616.0,6404328.0,28.01
305618.0,6404328.0,28.05
305620.0,6404328.0,28.24
305622.0,6404328.0,28.2
305624.0,6404328.0,28.2
305626.0,6404328.0,28.37
305628.0,6404328.0,28.24
305630.0,6404328.0,28.01
305632.0,6404328.0,27.6
305634.0,6404328.0,27.39
305636.0,6404328.0,28.16
305638.0,6404328.0,29.09
305640.0,6404328.0,29.33
305642.0,6404328.0,29.39
305644.0,6404328.0,29.74
305646.0,6404328.0,30.63
305648.0,6404328.0,30.82
305650.0,6404328.0,30.76
305652.0,6404328.0,30.56
305654.0,6404328.0,30.06
305656.0,6404328.0,29.99
305658.0,6404328.0,29.95
305660.0,6404328.0,29.72
305662.0,6404328.0,29.96
305664.0,6404328.0,29.54
305666.0,6404328.0,28.41
305668.0,6404328.0,28.35
305670.0,6404328.0,27.92
305672.0,6404328.0,26.84
305674.0,6404328.0,25.87
305676.0,6404328.0,24.78
305678.0,6404328.0,24.78
305680.0,6404328.0,25.51
305150.0,6404330.0,4.22
305152.0,6404330.0,4.2
305154.0,6404330.0,4.24
305156.0,6404330.0,4.8
305158.0,6404330.0,4.3
305160.0,6404330.0,3.63
305162.0,6404330.0,3.84
305164.0,6404330.0,4.03
305166.0,6404330.0,4.1
305168.0,6404330.0,4.2
305170.0,6404330.0,4.24
305172.0,6404330.0,4.31
305174.0,6404330.0,4.44
305176.0,6404330.0,4.87
305178.0,6404330.0,5.3
305180.0,6404330.0,5.64
305182.0,6404330.0,5.86
305184.0,6404330.0,6.06
305186.0,6404330.0,6.21
305188.0,6404330.0,6.43
305190.0,6404330.0,6.9
305192.0,6404330.0,7.13
305194.0,6404330.0,7.36
305196.0,6404330.0,7.4
305198.0,6404330.0,7.17
305200.0,6404330.0,7.19
305202.0,6404330.0,7.22
305204.0,6404330.0,7.31
305206.0,6404330.0,7.8
305208.0,6404330.0,7.43
305210.0,6404330.0,7.31
305212.0,6404330.0,7.32
305214.0,6404330.0,7.38
305216.0,6404330.0,7.45
305218.0,6404330.0,7.48
305220.0,6404330.0,7.55
305222.0,6404330.0,7.67
305224.0,6404330.0,7.71
305226.0,6404330.0,7.77
305228.0,6404330.0,7.88
305230.0,6404330.0,8.21
305232.0,6404330.0,8.23
305234.0,6404330.0,8.62
305236.0,6404330.0,9.03
305238.0,6404330.0,9.73
305240.0,6404330.0,10.89
305242.0,6404330.0,11.95
305244.0,6404330.0,12.62
305246.0,6404330.0,13.57
305248.0,6404330.0,14.52
305250.0,6404330.0,15.34
305252.0,6404330.0,16.15
305254.0,6404330.0,17.02
305256.0,6404330.0,17.49
305258.0,6404330.0,18.19
305260.0,6404330.0,18.58
305262.0,6404330.0,18.65
305264.0,6404330.0,20.16
305266.0,6404330.0,21.31
305268.0,6404330.0,21.72
305270.0,6404330.0,21.53
305272.0,6404330.0,21.54
305274.0,6404330.0,21.6
305276.0,6404330.0,21.74
305278.0,6404330.0,21.92
305280.0,6404330.0,21.95
305282.0,6404330.0,22.3
305284.0,6404330.0,22.81
305286.0,6404330.0,23.22
305288.0,6404330.0,23.34
305290.0,6404330.0,23.61
305292.0,6404330.0,24.14
305294.0,6404330.0,24.59
305296.0,6404330.0,25.17
305298.0,6404330.0,25.57
305300.0,6404330.0,25.86
305302.0,6404330.0,26.22
305304.0,6404330.0,26.35
305306.0,6404330.0,26.24
305308.0,6404330.0,25.89
305310.0,6404330.0,25.78
305312.0,6404330.0,25.5
305314.0,6404330.0,25.36
305316.0,6404330.0,25.41
305318.0,6404330.0,25.19
305320.0,6404330.0,25.42
305322.0,6404330.0,25.4
305324.0,6404330.0,25.0
305326.0,6404330.0,24.62
305328.0,6404330.0,24.55
305330.0,6404330.0,23.82
305332.0,6404330.0,24.15
305334.0,6404330.0,23.31
305336.0,6404330.0,22.98
305338.0,6404330.0,22.8
305340.0,6404330.0,22.97
305342.0,6404330.0,23.03
305344.0,6404330.0,23.24
305346.0,6404330.0,24.04
305348.0,6404330.0,24.14
305350.0,6404330.0,24.55
305352.0,6404330.0,23.31
305354.0,6404330.0,23.59
305356.0,6404330.0,23.78
305358.0,6404330.0,24.03
305360.0,6404330.0,23.77
305362.0,6404330.0,23.52
305364.0,6404330.0,23.64
305366.0,6404330.0,23.76
305368.0,6404330.0,24.36
305370.0,6404330.0,23.79
305372.0,6404330.0,23.7
305374.0,6404330.0,23.52
305376.0,6404330.0,23.16
305378.0,6404330.0,22.82
305380.0,6404330.0,22.64
305382.0,6404330.0,22.7
305384.0,6404330.0,22.32
305386.0,6404330.0,21.7
305388.0,6404330.0,21.66
305390.0,6404330.0,21.14
305392.0,6404330.0,20.69
305394.0,6404330.0,20.24
305396.0,6404330.0,19.96
305398.0,6404330.0,19.62
305400.0,6404330.0,19.72
305402.0,6404330.0,20.89
305404.0,6404330.0,21.81
305406.0,6404330.0,22.15
305408.0,6404330.0,23.24
305410.0,6404330.0,23.62
305412.0,6404330.0,22.86
305414.0,6404330.0,22.61
305416.0,6404330.0,22.15
305418.0,6404330.0,22.14
305420.0,6404330.0,22.85
305422.0,6404330.0,23.01
305424.0,6404330.0,23.06
305426.0,6404330.0,22.9
305428.0,6404330.0,22.72
305430.0,6404330.0,22.42
305432.0,6404330.0,22.48
305434.0,6404330.0,22.69
305436.0,6404330.0,23.1
305438.0,6404330.0,23.2
305440.0,6404330.0,22.37
305442.0,6404330.0,21.98
305444.0,6404330.0,21.57
305446.0,6404330.0,21.34
305448.0,6404330.0,21.33
305450.0,6404330.0,20.81
305452.0,6404330.0,20.98
305454.0,6404330.0,21.63
305456.0,6404330.0,21.74
305458.0,6404330.0,21.53
305460.0,6404330.0,21.17
305462.0,6404330.0,20.86
305464.0,6404330.0,21.19
305466.0,6404330.0,21.29
305468.0,6404330.0,21.51
305470.0,6404330.0,21.54
305472.0,6404330.0,21.33
305474.0,6404330.0,21.11
305476.0,6404330.0,21.33
305478.0,6404330.0,21.87
305480.0,6404330.0,21.82
305482.0,6404330.0,22.35
305484.0,6404330.0,22.4
305486.0,6404330.0,22.06
305488.0,6404330.0,21.25
305490.0,6404330.0,21.19
305492.0,6404330.0,21.48
305494.0,6404330.0,21.05
305496.0,6404330.0,21.16
305498.0,6404330.0,21.69
305500.0,6404330.0,22.0
305502.0,6404330.0,22.31
305504.0,6404330.0,22.46
305506.0,6404330.0,22.8
305508.0,6404330.0,23.03
305510.0,6404330.0,23.29
305512.0,6404330.0,23.66
305514.0,6404330.0,23.71
305516.0,6404330.0,23.83
305518.0,6404330.0,23.72
305520.0,6404330.0,22.68
305522.0,6404330.0,22.65
305524.0,6404330.0,22.01
305526.0,6404330.0,21.61
305528.0,6404330.0,21.63
305530.0,6404330.0,22.0
305532.0,6404330.0,22.34
305534.0,6404330.0,22.8
305536.0,6404330.0,22.91
305538.0,6404330.0,22.96
305540.0,6404330.0,23.03
305542.0,6404330.0,23.15
305544.0,6404330.0,23.08
305546.0,6404330.0,23.01
305548.0,6404330.0,23.11
305550.0,6404330.0,22.97
305552.0,6404330.0,22.95
305554.0,6404330.0,23.13
305556.0,6404330.0,23.2
305558.0,6404330.0,23.83
305560.0,6404330.0,24.42
305562.0,6404330.0,24.29
305564.0,6404330.0,24.73
305566.0,6404330.0,25.26
305568.0,6404330.0,25.89
305570.0,6404330.0,26.87
305572.0,6404330.0,27.89
305574.0,6404330.0,28.54
305576.0,6404330.0,29.35
305578.0,6404330.0,29.63
305580.0,6404330.0,29.7
305582.0,6404330.0,29.78
305584.0,6404330.0,29.84
305586.0,6404330.0,29.72
305588.0,6404330.0,29.52
305590.0,6404330.0,29.4
305592.0,6404330.0,29.15
305594.0,6404330.0,28.78
305596.0,6404330.0,28.05
305598.0,6404330.0,28.12
305600.0,6404330.0,28.73
305602.0,6404330.0,29.07
305604.0,6404330.0,29.03
305606.0,6404330.0,29.12
305608.0,6404330.0,28.99
305610.0,6404330.0,29.09
305612.0,6404330.0,29.51
305614.0,6404330.0,29.17
305616.0,6404330.0,28.68
305618.0,6404330.0,27.94
305620.0,6404330.0,27.69
305622.0,6404330.0,27.63
305624.0,6404330.0,27.66
305626.0,6404330.0,27.83
305628.0,6404330.0,27.76
305630.0,6404330.0,27.64
305632.0,6404330.0,27.45
305634.0,6404330.0,27.32
305636.0,6404330.0,27.95
305638.0,6404330.0,28.72
305640.0,6404330.0,29.05
305642.0,6404330.0,29.23
305644.0,6404330.0,29.33
305646.0,6404330.0,29.65
305648.0,6404330.0,30.2
305650.0,6404330.0,30.47
305652.0,6404330.0,30.59
305654.0,6404330.0,30.58
305656.0,6404330.0,30.44
305658.0,6404330.0,30.19
305660.0,6404330.0,29.85
305662.0,6404330.0,29.55
305664.0,6404330.0,28.16
305666.0,6404330.0,27.69
305668.0,6404330.0,27.7
305670.0,6404330.0,27.1
305672.0,6404330.0,26.63
305674.0,6404330.0,25.31
305676.0,6404330.0,24.58
305678.0,6404330.0,24.9
305680.0,6404330.0,25.42
305150.0,6404332.0,4.26
305152.0,6404332.0,4.38
305154.0,6404332.0,4.33
305156.0,6404332.0,4.98
305158.0,6404332.0,4.65
305160.0,6404332.0,3.82
305162.0,6404332.0,3.66
305164.0,6404332.0,4.09
305166.0,6404332.0,4.06
305168.0,6404332.0,4.12
305170.0,6404332.0,4.23
305172.0,6404332.0,4.26
305174.0,6404332.0,4.43
305176.0,6404332.0,4.87
305178.0,6404332.0,5.46
305180.0,6404332.0,5.59
305182.0,6404332.0,5.82
305184.0,6404332.0,6.14
305186.0,6404332.0,6.34
305188.0,6404332.0,6.58
305190.0,6404332.0,6.75
305192.0,6404332.0,6.96
305194.0,6404332.0,7.18
305196.0,6404332.0,7.21
305198.0,6404332.0,7.18
305200.0,6404332.0,7.43
305202.0,6404332.0,7.37
305204.0,6404332.0,7.63
305206.0,6404332.0,7.62
305208.0,6404332.0,7.34
305210.0,6404332.0,7.29
305212.0,6404332.0,7.25
305214.0,6404332.0,7.28
305216.0,6404332.0,7.31
305218.0,6404332.0,7.39
305220.0,6404332.0,7.45
305222.0,6404332.0,7.43
305224.0,6404332.0,7.58
305226.0,6404332.0,7.68
305228.0,6404332.0,7.99
305230.0,6404332.0,8.27
305232.0,6404332.0,8.23
305234.0,6404332.0,8.83
305236.0,6404332.0,9.33
305238.0,6404332.0,9.78
305240.0,6404332.0,10.9
305242.0,6404332.0,11.71
305244.0,6404332.0,12.52
305246.0,6404332.0,13.46
305248.0,6404332.0,13.95
305250.0,6404332.0,14.93
305252.0,6404332.0,16.21
305254.0,6404332.0,16.9
305256.0,6404332.0,17.61
305258.0,6404332.0,17.98
305260.0,6404332.0,18.52
305262.0,6404332.0,18.94
305264.0,6404332.0,20.53
305266.0,6404332.0,21.34
305268.0,6404332.0,21.43
305270.0,6404332.0,21.26
305272.0,6404332.0,21.09
305274.0,6404332.0,21.33
305276.0,6404332.0,21.62
305278.0,6404332.0,21.68
305280.0,6404332.0,21.74
305282.0,6404332.0,21.81
305284.0,6404332.0,22.01
305286.0,6404332.0,22.37
305288.0,6404332.0,22.35
305290.0,6404332.0,22.85
305292.0,6404332.0,23.78
305294.0,6404332.0,24.36
305296.0,6404332.0,25.03
305298.0,6404332.0,25.49
305300.0,6404332.0,25.71
305302.0,6404332.0,25.98
305304.0,6404332.0,25.95
305306.0,6404332.0,25.7
305308.0,6404332.0,25.26
305310.0,6404332.0,25.48
305312.0,6404332.0,25.4
305314.0,6404332.0,24.98
305316.0,6404332.0,24.99
305318.0,6404332.0,25.25
305320.0,6404332.0,25.1
305322.0,6404332.0,24.93
305324.0,6404332.0,24.4
305326.0,6404332.0,23.77
305328.0,6404332.0,23.62
305330.0,6404332.0,23.15
305332.0,6404332.0,22.75
305334.0,6404332.0,22.64
305336.0,6404332.0,22.79
305338.0,6404332.0,22.91
305340.0,6404332.0,22.89
305342.0,6404332.0,22.93
305344.0,6404332.0,23.63
305346.0,6404332.0,24.24
305348.0,6404332.0,24.2
305350.0,6404332.0,24.05
305352.0,6404332.0,23.27
305354.0,6404332.0,23.61
305356.0,6404332.0,23.97
305358.0,6404332.0,23.88
305360.0,6404332.0,23.81
305362.0,6404332.0,23.62
305364.0,6404332.0,23.3
305366.0,6404332.0,23.67
305368.0,6404332.0,24.01
305370.0,6404332.0,23.61
305372.0,6404332.0,23.08
305374.0,6404332.0,23.09
305376.0,6404332.0,22.83
305378.0,6404332.0,22.81
305380.0,6404332.0,22.56
305382.0,6404332.0,22.53
305384.0,6404332.0,22.4
305386.0,6404332.0,22.02
305388.0,6404332.0,21.68
305390.0,6404332.0,21.25
305392.0,6404332.0,21.17
305394.0,6404332.0,20.77
305396.0,6404332.0,19.55
305398.0,6404332.0,19.26
305400.0,6404332.0,19.41
305402.0,6404332.0,20.42
305404.0,6404332.0,21.39
305406.0,6404332.0,22.41
305408.0,6404332.0,23.61
305410.0,6404332.0,23.62
305412.0,6404332.0,23.08
305414.0,6404332.0,22.93
305416.0,6404332.0,22.31
305418.0,6404332.0,21.99
305420.0,6404332.0,22.05
305422.0,6404332.0,22.64
305424.0,6404332.0,22.62
305426.0,6404332.0,22.3
305428.0,6404332.0,22.25
305430.0,6404332.0,21.95
305432.0,6404332.0,21.99
305434.0,6404332.0,22.51
305436.0,6404332.0,22.86
305438.0,6404332.0,23.04
305440.0,6404332.0,23.11
305442.0,6404332.0,22.36
305444.0,6404332.0,21.44
305446.0,6404332.0,21.14
305448.0,6404332.0,20.92
305450.0,6404332.0,20.55
305452.0,6404332.0,20.48
305454.0,6404332.0,20.88
305456.0,6404332.0,20.82
305458.0,6404332.0,20.88
305460.0,6404332.0,20.05
305462.0,6404332.0,19.98
305464.0,6404332.0,20.39
305466.0,6404332.0,20.95
305468.0,6404332.0,21.2
305470.0,6404332.0,21.05
305472.0,6404332.0,20.34
305474.0,6404332.0,20.12
305476.0,6404332.0,20.46
305478.0,6404332.0,19.85
305480.0,6404332.0,20.76
305482.0,6404332.0,21.14
305484.0,6404332.0,21.56
305486.0,6404332.0,20.64
305488.0,6404332.0,20.02
305490.0,6404332.0,20.42
305492.0,6404332.0,21.37
305494.0,6404332.0,21.98
305496.0,6404332.0,22.34
305498.0,6404332.0,22.39
305500.0,6404332.0,22.38
305502.0,6404332.0,22.72
305504.0,6404332.0,22.85
305506.0,6404332.0,23.18
305508.0,6404332.0,23.34
305510.0,6404332.0,23.79
305512.0,6404332.0,24.71
305514.0,6404332.0,25.35
305516.0,6404332.0,25.44
305518.0,6404332.0,25.06
305520.0,6404332.0,24.56
305522.0,6404332.0,23.63
305524.0,6404332.0,22.69
305526.0,6404332.0,22.08
305528.0,6404332.0,21.64
305530.0,6404332.0,21.77
305532.0,6404332.0,21.77
305534.0,6404332.0,21.82
305536.0,6404332.0,21.92
305538.0,6404332.0,22.4
305540.0,6404332.0,22.61
305542.0,6404332.0,22.77
305544.0,6404332.0,23.01
305546.0,6404332.0,22.96
305548.0,6404332.0,23.09
305550.0,6404332.0,22.98
305552.0,6404332.0,22.81
305554.0,6404332.0,22.89
305556.0,6404332.0,22.63
305558.0,6404332.0,22.73
305560.0,6404332.0,23.63
305562.0,6404332.0,23.96
305564.0,6404332.0,24.37
305566.0,6404332.0,24.86
305568.0,6404332.0,25.48
305570.0,6404332.0,26.21
305572.0,6404332.0,27.11
305574.0,6404332.0,28.31
305576.0,6404332.0,28.71
305578.0,6404332.0,29.11
305580.0,6404332.0,29.34
305582.0,6404332.0,29.67
305584.0,6404332.0,29.65
305586.0,6404332.0,29.4
305588.0,6404332.0,29.23
305590.0,6404332.0,28.9
305592.0,6404332.0,28.68
305594.0,6404332.0,27.99
305596.0,6404332.0,27.81
305598.0,6404332.0,28.14
305600.0,6404332.0,28.46
305602.0,6404332.0,28.78
305604.0,6404332.0,28.98
305606.0,6404332.0,29.13
305608.0,6404332.0,29.21
305610.0,6404332.0,29.32
305612.0,6404332.0,29.53
305614.0,6404332.0,29.18
305616.0,6404332.0,28.75
305618.0,6404332.0,28.19
305620.0,6404332.0,27.66
305622.0,6404332.0,27.4
305624.0,6404332.0,27.36
305626.0,6404332.0,27.78
305628.0,6404332.0,27.48
305630.0,6404332.0,27.28
305632.0,6404332.0,27.23
305634.0,6404332.0,27.19
305636.0,6404332.0,27.73
305638.0,6404332.0,28.4
305640.0,6404332.0,28.65
305642.0,6404332.0,28.73
305644.0,6404332.0,28.81
305646.0,6404332.0,28.95
305648.0,6404332.0,29.02
305650.0,6404332.0,29.41
305652.0,6404332.0,29.85
305654.0,6404332.0,30.12
305656.0,6404332.0,30.12
305658.0,6404332.0,30.1
305660.0,6404332.0,29.58
305662.0,6404332.0,28.23
305664.0,6404332.0,27.38
305666.0,6404332.0,27.21
305668.0,6404332.0,27.16
305670.0,6404332.0,26.89
305672.0,6404332.0,26.65
305674.0,6404332.0,25.6
305676.0,6404332.0,24.46
305678.0,6404332.0,24.92
305680.0,6404332.0,25.49
305150.0,6404334.0,4.94
305152.0,6404334.0,4.98
305154.0,6404334.0,4.87
305156.0,6404334.0,4.87
305158.0,6404334.0,4.84
305160.0,6404334.0,4.24
305162.0,6404334.0,3.76
305164.0,6404334.0,4.13
305166.0,6404334.0,4.15
305168.0,6404334.0,4.2
305170.0,6404334.0,4.26
305172.0,6404334.0,4.32
305174.0,6404334.0,4.7
305176.0,6404334.0,4.82
305178.0,6404334.0,5.27
305180.0,6404334.0,5.28
305182.0,6404334.0,5.47
305184.0,6404334.0,5.69
305186.0,6404334.0,6.01
305188.0,6404334.0,6.48
305190.0,6404334.0,6.76
305192.0,6404334.0,6.91
305194.0,6404334.0,7.01
305196.0,6404334.0,7.15
305198.0,6404334.0,7.26
305200.0,6404334.0,7.39
305202.0,6404334.0,7.59
305204.0,6404334.0,7.66
305206.0,6404334.0,7.45
305208.0,6404334.0,7.31
305210.0,6404334.0,7.32
305212.0,6404334.0,7.35
305214.0,6404334.0,7.26
305216.0,6404334.0,7.22
305218.0,6404334.0,7.32
305220.0,6404334.0,7.37
305222.0,6404334.0,7.51
305224.0,6404334.0,7.46
305226.0,6404334.0,7.52
305228.0,6404334.0,7.92
305230.0,6404334.0,8.15
305232.0,6404334.0,8.48
305234.0,6404334.0,9.07
305236.0,6404334.0,9.4
305238.0,6404334.0,9.89
305240.0,6404334.0,10.48
305242.0,6404334.0,11.53
305244.0,6404334.0,11.75
305246.0,6404334.0,12.59
305248.0,6404334.0,13.47
305250.0,6404334.0,14.2
305252.0,6404334.0,15.33
305254.0,6404334.0,16.28
305256.0,6404334.0,16.83
305258.0,6404334.0,17.91
305260.0,6404334.0,18.42
305262.0,6404334.0,19.68
305264.0,6404334.0,20.61
305266.0,6404334.0,20.9
305268.0,6404334.0,20.95
305270.0,6404334.0,20.75
305272.0,6404334.0,20.91
305274.0,6404334.0,21.11
305276.0,6404334.0,21.3
305278.0,6404334.0,21.46
305280.0,6404334.0,21.31
305282.0,6404334.0,21.32
305284.0,6404334.0,21.52
305286.0,6404334.0,21.66
305288.0,6404334.0,21.88
305290.0,6404334.0,22.44
305292.0,6404334.0,23.2
305294.0,6404334.0,23.61
305296.0,6404334.0,24.32
305298.0,6404334.0,25.08
305300.0,6404334.0,25.07
305302.0,6404334.0,25.12
305304.0,6404334.0,24.82
305306.0,6404334.0,24.68
305308.0,6404334.0,24.71
305310.0,6404334.0,24.93
305312.0,6404334.0,24.91
305314.0,6404334.0,24.47
305316.0,6404334.0,24.82
305318.0,6404334.0,24.9
305320.0,6404334.0,24.53
305322.0,6404334.0,24.4
305324.0,6404334.0,23.57
305326.0,6404334.0,22.97
305328.0,6404334.0,22.97
305330.0,6404334.0,22.74
305332.0,6404334.0,22.54
305334.0,6404334.0,22.72
305336.0,6404334.0,23.13
305338.0,6404334.0,23.08
305340.0,6404334.0,22.75
305342.0,6404334.0,23.06
305344.0,6404334.0,23.56
305346.0,6404334.0,23.53
305348.0,6404334.0,23.24
305350.0,6404334.0,23.12
305352.0,6404334.0,23.53
305354.0,6404334.0,24.18
305356.0,6404334.0,24.31
305358.0,6404334.0,24.24
305360.0,6404334.0,23.55
305362.0,6404334.0,23.29
305364.0,6404334.0,23.16
305366.0,6404334.0,23.71
305368.0,6404334.0,24.06
305370.0,6404334.0,23.56
305372.0,6404334.0,22.91
305374.0,6404334.0,22.79
305376.0,6404334.0,22.69
305378.0,6404334.0,22.68
305380.0,6404334.0,22.3
305382.0,6404334.0,22.41
305384.0,6404334.0,22.47
305386.0,6404334.0,22.06
305388.0,6404334.0,21.81
305390.0,6404334.0,21.65
305392.0,6404334.0,21.62
305394.0,6404334.0,20.87
305396.0,6404334.0,19.52
305398.0,6404334.0,19.18
305400.0,6404334.0,19.47
305402.0,6404334.0,20.21
305404.0,6404334.0,20.89
305406.0,6404334.0,22.47
305408.0,6404334.0,23.58
305410.0,6404334.0,23.5
305412.0,6404334.0,23.07
305414.0,6404334.0,22.6
305416.0,6404334.0,22.49
305418.0,6404334.0,22.02
305420.0,6404334.0,21.99
305422.0,6404334.0,22.01
305424.0,6404334.0,21.72
305426.0,6404334.0,21.41
305428.0,6404334.0,21.36
305430.0,6404334.0,21.22
305432.0,6404334.0,21.49
305434.0,6404334.0,21.9
305436.0,6404334.0,22.26
305438.0,6404334.0,22.3
305440.0,6404334.0,22.29
305442.0,6404334.0,21.9
305444.0,6404334.0,21.25
305446.0,6404334.0,20.84
305448.0,6404334.0,20.69
305450.0,6404334.0,20.14
305452.0,6404334.0,20.23
305454.0,6404334.0,19.92
305456.0,6404334.0,19.92
305458.0,6404334.0,19.62
305460.0,6404334.0,19.33
305462.0,6404334.0,19.27
305464.0,6404334.0,19.51
305466.0,6404334.0,20.06
305468.0,6404334.0,20.36
305470.0,6404334.0,20.27
305472.0,6404334.0,19.98
305474.0,6404334.0,19.42
305476.0,6404334.0,18.9
305478.0,6404334.0,18.68
305480.0,6404334.0,19.0
305482.0,6404334.0,19.39
305484.0,6404334.0,19.75
305486.0,6404334.0,20.19
305488.0,6404334.0,20.7
305490.0,6404334.0,20.9
305492.0,6404334.0,22.14
305494.0,6404334.0,22.25
305496.0,6404334.0,22.46
305498.0,6404334.0,22.51
305500.0,6404334.0,22.65
305502.0,6404334.0,22.89
305504.0,6404334.0,23.23
305506.0,6404334.0,23.39
305508.0,6404334.0,23.65
305510.0,6404334.0,24.03
305512.0,6404334.0,24.74
305514.0,6404334.0,25.14
305516.0,6404334.0,25.39
305518.0,6404334.0,25.27
305520.0,6404334.0,24.8
305522.0,6404334.0,23.87
305524.0,6404334.0,23.17
305526.0,6404334.0,22.64
305528.0,6404334.0,22.07
305530.0,6404334.0,22.28
305532.0,6404334.0,22.18
305534.0,6404334.0,22.14
305536.0,6404334.0,21.75
305538.0,6404334.0,21.57
305540.0,6404334.0,21.6
305542.0,6404334.0,21.82
305544.0,6404334.0,22.2
305546.0,6404334.0,22.69
305548.0,6404334.0,22.71
305550.0,6404334.0,22.63
305552.0,6404334.0,22.46
305554.0,6404334.0,22.39
305556.0,6404334.0,22.48
305558.0,6404334.0,22.57
305560.0,6404334.0,22.84
305562.0,6404334.0,23.79
305564.0,6404334.0,24.19
305566.0,6404334.0,24.65
305568.0,6404334.0,25.16
305570.0,6404334.0,25.5
305572.0,6404334.0,26.1
305574.0,6404334.0,27.55
305576.0,6404334.0,27.94
305578.0,6404334.0,28.19
305580.0,6404334.0,28.69
305582.0,6404334.0,29.3
305584.0,6404334.0,29.31
305586.0,6404334.0,28.97
305588.0,6404334.0,28.76
305590.0,6404334.0,28.39
305592.0,6404334.0,28.06
305594.0,6404334.0,27.72
305596.0,6404334.0,27.83
305598.0,6404334.0,28.14
305600.0,6404334.0,28.24
305602.0,6404334.0,28.97
305604.0,6404334.0,29.08
305606.0,6404334.0,29.05
305608.0,6404334.0,29.15
305610.0,6404334.0,29.47
305612.0,6404334.0,29.38
305614.0,6404334.0,29.01
305616.0,6404334.0,28.73
305618.0,6404334.0,28.22
305620.0,6404334.0,27.39
305622.0,6404334.0,26.98
305624.0,6404334.0,26.66
305626.0,6404334.0,26.74
305628.0,6404334.0,26.52
305630.0,6404334.0,26.5
305632.0,6404334.0,26.23
305634.0,6404334.0,26.63
305636.0,6404334.0,27.18
305638.0,6404334.0,27.74
305640.0,6404334.0,27.97
305642.0,6404334.0,28.25
305644.0,6404334.0,28.35
305646.0,6404334.0,28.54
305648.0,6404334.0,28.75
305650.0,6404334.0,29.1
305652.0,6404334.0,29.56
305654.0,6404334.0,29.74
305656.0,6404334.0,29.49
305658.0,6404334.0,29.04
305660.0,6404334.0,28.79
305662.0,6404334.0,26.96
305664.0,6404334.0,26.75
305666.0,6404334.0,27.0
305668.0,6404334.0,27.15
305670.0,6404334.0,26.86
305672.0,6404334.0,26.09
305674.0,6404334.0,24.4
305676.0,6404334.0,24.28
305678.0,6404334.0,24.79
305680.0,6404334.0,25.66
305150.0,6404336.0,5.48
305152.0,6404336.0,5.47
305154.0,6404336.0,5.31
305156.0,6404336.0,4.96
305158.0,6404336.0,4.78
305160.0,6404336.0,4.41
305162.0,6404336.0,4.13
305164.0,6404336.0,4.17
305166.0,6404336.0,4.19
305168.0,6404336.0,4.24
305170.0,6404336.0,4.23
305172.0,6404336.0,4.33
305174.0,6404336.0,4.79
305176.0,6404336.0,4.98
305178.0,6404336.0,5.16
305180.0,6404336.0,5.07
305182.0,6404336.0,5.27
305184.0,6404336.0,5.57
305186.0,6404336.0,5.48
305188.0,6404336.0,5.84
305190.0,6404336.0,6.28
305192.0,6404336.0,6.78
305194.0,6404336.0,7.04
305196.0,6404336.0,7.16
305198.0,6404336.0,7.24
305200.0,6404336.0,7.33
305202.0,6404336.0,7.4
305204.0,6404336.0,7.43
305206.0,6404336.0,7.42
305208.0,6404336.0,7.54
305210.0,6404336.0,7.78
305212.0,6404336.0,7.68
305214.0,6404336.0,7.29
305216.0,6404336.0,7.19
305218.0,6404336.0,7.28
305220.0,6404336.0,7.31
305222.0,6404336.0,7.3
305224.0,6404336.0,7.39
305226.0,6404336.0,7.48
305228.0,6404336.0,8.0
305230.0,6404336.0,8.19
305232.0,6404336.0,8.62
305234.0,6404336.0,9.04
305236.0,6404336.0,9.46
305238.0,6404336.0,9.96
305240.0,6404336.0,10.51
305242.0,6404336.0,10.92
305244.0,6404336.0,11.24
305246.0,6404336.0,11.77
305248.0,6404336.0,12.29
305250.0,6404336.0,13.23
305252.0,6404336.0,14.03
305254.0,6404336.0,15.18
305256.0,6404336.0,16.96
305258.0,6404336.0,18.17
305260.0,6404336.0,19.28
305262.0,6404336.0,20.22
305264.0,6404336.0,20.3
305266.0,6404336.0,20.39
305268.0,6404336.0,20.42
305270.0,6404336.0,20.42
305272.0,6404336.0,20.84
305274.0,6404336.0,20.98
305276.0,6404336.0,20.92
305278.0,6404336.0,20.85
305280.0,6404336.0,20.83
305282.0,6404336.0,20.81
305284.0,6404336.0,20.86
305286.0,6404336.0,21.12
305288.0,6404336.0,21.76
305290.0,6404336.0,22.1
305292.0,6404336.0,22.11
305294.0,6404336.0,22.19
305296.0,6404336.0,22.68
305298.0,6404336.0,23.23
305300.0,6404336.0,23.9
305302.0,6404336.0,23.75
305304.0,6404336.0,23.97
305306.0,6404336.0,24.01
305308.0,6404336.0,23.82
305310.0,6404336.0,23.86
305312.0,6404336.0,23.74
305314.0,6404336.0,23.86
305316.0,6404336.0,24.35
305318.0,6404336.0,24.19
305320.0,6404336.0,23.4
305322.0,6404336.0,23.02
305324.0,6404336.0,22.13
305326.0,6404336.0,22.02
305328.0,6404336.0,22.1
305330.0,6404336.0,22.29
305332.0,6404336.0,22.55
305334.0,6404336.0,23.1
305336.0,6404336.0,23.31
305338.0,6404336.0,23.19
305340.0,6404336.0,22.94
305342.0,6404336.0,23.12
305344.0,6404336.0,23.35
305346.0,6404336.0,23.18
305348.0,6404336.0,22.93
305350.0,6404336.0,22.89
305352.0,6404336.0,23.31
305354.0,6404336.0,23.62
305356.0,6404336.0,23.88
305358.0,6404336.0,23.94
305360.0,6404336.0,23.37
305362.0,6404336.0,23.18
305364.0,6404336.0,23.0
305366.0,6404336.0,23.78
305368.0,6404336.0,24.16
305370.0,6404336.0,23.91
305372.0,6404336.0,23.26
305374.0,6404336.0,22.85
305376.0,6404336.0,22.81
305378.0,6404336.0,22.57
305380.0,6404336.0,22.4
305382.0,6404336.0,22.6
305384.0,6404336.0,22.61
305386.0,6404336.0,22.38
305388.0,6404336.0,22.22
305390.0,6404336.0,22.26
305392.0,6404336.0,21.63
305394.0,6404336.0,21.09
305396.0,6404336.0,20.13
305398.0,6404336.0,19.23
305400.0,6404336.0,18.72
305402.0,6404336.0,19.12
305404.0,6404336.0,20.1
305406.0,6404336.0,21.1
305408.0,6404336.0,22.69
305410.0,6404336.0,23.07
305412.0,6404336.0,22.7
305414.0,6404336.0,22.35
305416.0,6404336.0,22.02
305418.0,6404336.0,22.04
305420.0,6404336.0,21.82
305422.0,6404336.0,22.15
305424.0,6404336.0,22.03
305426.0,6404336.0,21.58
305428.0,6404336.0,21.23
305430.0,6404336.0,21.06
305432.0,6404336.0,20.88
305434.0,6404336.0,20.9
305436.0,6404336.0,21.37
305438.0,6404336.0,21.61
305440.0,6404336.0,21.45
305442.0,6404336.0,21.05
305444.0,6404336.0,20.62
305446.0,6404336.0,20.42
305448.0,6404336.0,20.17
305450.0,6404336.0,19.67
305452.0,6404336.0,19.56
305454.0,6404336.0,19.44
305456.0,6404336.0,19.38
305458.0,6404336.0,19.0
305460.0,6404336.0,18.78
305462.0,6404336.0,18.66
305464.0,6404336.0,18.96
305466.0,6404336.0,19.18
305468.0,6404336.0,19.33
305470.0,6404336.0,19.35
305472.0,6404336.0,18.95
305474.0,6404336.0,18.57
305476.0,6404336.0,18.62
305478.0,6404336.0,18.93
305480.0,6404336.0,19.37
305482.0,6404336.0,19.93
305484.0,6404336.0,20.73
305486.0,6404336.0,21.11
305488.0,6404336.0,21.26
305490.0,6404336.0,21.59
305492.0,6404336.0,22.11
305494.0,6404336.0,22.37
305496.0,6404336.0,22.53
305498.0,6404336.0,22.63
305500.0,6404336.0,22.82
305502.0,6404336.0,23.15
305504.0,6404336.0,23.4
305506.0,6404336.0,23.52
305508.0,6404336.0,23.83
305510.0,6404336.0,24.09
305512.0,6404336.0,24.63
305514.0,6404336.0,24.84
305516.0,6404336.0,24.98
305518.0,6404336.0,24.89
305520.0,6404336.0,24.5
305522.0,6404336.0,23.91
305524.0,6404336.0,23.29
305526.0,6404336.0,22.82
305528.0,6404336.0,22.29
305530.0,6404336.0,22.36
305532.0,6404336.0,22.6
305534.0,6404336.0,22.62
305536.0,6404336.0,22.41
305538.0,6404336.0,21.96
305540.0,6404336.0,21.81
305542.0,6404336.0,21.75
305544.0,6404336.0,21.59
305546.0,6404336.0,21.89
305548.0,6404336.0,22.22
305550.0,6404336.0,22.42
305552.0,6404336.0,22.42
305554.0,6404336.0,22.34
305556.0,6404336.0,22.41
305558.0,6404336.0,22.4
305560.0,6404336.0,22.39
305562.0,6404336.0,22.62
305564.0,6404336.0,23.51
305566.0,6404336.0,24.31
305568.0,6404336.0,24.97
305570.0,6404336.0,25.34
305572.0,6404336.0,25.69
305574.0,6404336.0,26.3
305576.0,6404336.0,27.0
305578.0,6404336.0,27.42
305580.0,6404336.0,27.51
305582.0,6404336.0,28.19
305584.0,6404336.0,28.25
305586.0,6404336.0,28.11
305588.0,6404336.0,27.93
305590.0,6404336.0,27.57
305592.0,6404336.0,27.37
305594.0,6404336.0,27.36
305596.0,6404336.0,27.68
305598.0,6404336.0,27.85
305600.0,6404336.0,28.08
305602.0,6404336.0,28.39
305604.0,6404336.0,28.71
305606.0,6404336.0,28.89
305608.0,6404336.0,28.99
305610.0,6404336.0,29.36
305612.0,6404336.0,29.11
305614.0,6404336.0,28.62
305616.0,6404336.0,28.35
305618.0,6404336.0,27.83
305620.0,6404336.0,27.13
305622.0,6404336.0,26.52
305624.0,6404336.0,26.15
305626.0,6404336.0,25.91
305628.0,6404336.0,25.82
305630.0,6404336.0,25.37
305632.0,6404336.0,25.73
305634.0,6404336.0,26.18
305636.0,6404336.0,26.56
305638.0,6404336.0,26.93
305640.0,6404336.0,27.3
305642.0,6404336.0,27.47
305644.0,6404336.0,27.5
305646.0,6404336.0,27.71
305648.0,6404336.0,28.23
305650.0,6404336.0,28.49
305652.0,6404336.0,28.72
305654.0,6404336.0,28.92
305656.0,6404336.0,28.68
305658.0,6404336.0,27.93
305660.0,6404336.0,26.99
305662.0,6404336.0,26.34
305664.0,6404336.0,26.03
305666.0,6404336.0,26.69
305668.0,6404336.0,27.23
305670.0,6404336.0,26.84
305672.0,6404336.0,25.5
305674.0,6404336.0,25.08
305676.0,6404336.0,23.99
305678.0,6404336.0,24.77
305680.0,6404336.0,25.52
305150.0,6404338.0,5.65
305152.0,6404338.0,5.68
305154.0,6404338.0,5.58
305156.0,6404338.0,5.29
305158.0,6404338.0,4.86
305160.0,6404338.0,4.73
305162.0,6404338.0,4.31
305164.0,6404338.0,4.13
305166.0,6404338.0,4.13
305168.0,6404338.0,4.24
305170.0,6404338.0,4.25
305172.0,6404338.0,4.34
305174.0,6404338.0,4.58
305176.0,6404338.0,4.87
305178.0,6404338.0,4.99
305180.0,6404338.0,4.89
305182.0,6404338.0,4.98
305184.0,6404338.0,5.15
305186.0,6404338.0,5.23
305188.0,6404338.0,5.52
305190.0,6404338.0,6.01
305192.0,6404338.0,6.42
305194.0,6404338.0,7.08
305196.0,6404338.0,7.22
305198.0,6404338.0,7.31
305200.0,6404338.0,7.33
305202.0,6404338.0,7.38
305204.0,6404338.0,7.46
305206.0,6404338.0,7.49
305208.0,6404338.0,7.59
305210.0,6404338.0,7.75
305212.0,6404338.0,7.48
305214.0,6404338.0,7.32
305216.0,6404338.0,7.29
305218.0,6404338.0,7.23
305220.0,6404338.0,7.21
305222.0,6404338.0,7.25
305224.0,6404338.0,7.48
305226.0,6404338.0,7.44
305228.0,6404338.0,7.79
305230.0,6404338.0,8.19
305232.0,6404338.0,8.56
305234.0,6404338.0,9.02
305236.0,6404338.0,9.52
305238.0,6404338.0,10.08
305240.0,6404338.0,10.67
305242.0,6404338.0,10.8
305244.0,6404338.0,11.17
305246.0,6404338.0,11.68
305248.0,6404338.0,12.05
305250.0,6404338.0,12.35
305252.0,6404338.0,12.53
305254.0,6404338.0,14.57
305256.0,6404338.0,17.31
305258.0,6404338.0,18.9
305260.0,6404338.0,19.97
305262.0,6404338.0,20.08
305264.0,6404338.0,20.01
305266.0,6404338.0,19.86
305268.0,6404338.0,19.83
305270.0,6404338.0,19.93
305272.0,6404338.0,20.28
305274.0,6404338.0,20.41
305276.0,6404338.0,20.45
305278.0,6404338.0,20.44
305280.0,6404338.0,20.4
305282.0,6404338.0,20.37
305284.0,6404338.0,20.41
305286.0,6404338.0,20.92
305288.0,6404338.0,21.4
305290.0,6404338.0,21.58
305292.0,6404338.0,21.61
305294.0,6404338.0,21.57
305296.0,6404338.0,21.26
305298.0,6404338.0,21.49
305300.0,6404338.0,22.45
305302.0,6404338.0,22.94
305304.0,6404338.0,23.26
305306.0,6404338.0,23.18
305308.0,6404338.0,22.98
305310.0,6404338.0,23.02
305312.0,6404338.0,23.21
305314.0,6404338.0,23.17
305316.0,6404338.0,23.33
305318.0,6404338.0,22.92
305320.0,6404338.0,21.78
305322.0,6404338.0,21.32
305324.0,6404338.0,21.51
305326.0,6404338.0,21.87
305328.0,6404338.0,22.06
305330.0,6404338.0,22.38
305332.0,6404338.0,23.17
305334.0,6404338.0,23.38
305336.0,6404338.0,23.27
305338.0,6404338.0,23.12
305340.0,6404338.0,23.14
305342.0,6404338.0,22.88
305344.0,6404338.0,22.94
305346.0,6404338.0,22.88
305348.0,6404338.0,22.65
305350.0,6404338.0,22.7
305352.0,6404338.0,22.89
305354.0,6404338.0,22.92
305356.0,6404338.0,22.92
305358.0,6404338.0,22.72
305360.0,6404338.0,22.55
305362.0,6404338.0,22.36
305364.0,6404338.0,22.08
305366.0,6404338.0,23.25
305368.0,6404338.0,24.53
305370.0,6404338.0,24.33
305372.0,6404338.0,23.42
305374.0,6404338.0,23.19
305376.0,6404338.0,22.9
305378.0,6404338.0,22.77
305380.0,6404338.0,22.73
305382.0,6404338.0,22.87
305384.0,6404338.0,22.64
305386.0,6404338.0,22.45
305388.0,6404338.0,22.62
305390.0,6404338.0,22.2
305392.0,6404338.0,21.56
305394.0,6404338.0,21.16
305396.0,6404338.0,20.12
305398.0,6404338.0,19.45
305400.0,6404338.0,18.92
305402.0,6404338.0,18.62
305404.0,6404338.0,18.65
305406.0,6404338.0,19.85
305408.0,6404338.0,20.78
305410.0,6404338.0,22.2
305412.0,6404338.0,22.29
305414.0,6404338.0,22.0
305416.0,6404338.0,21.75
305418.0,6404338.0,21.5
305420.0,6404338.0,21.69
305422.0,6404338.0,21.93
305424.0,6404338.0,21.72
305426.0,6404338.0,21.4
305428.0,6404338.0,21.48
305430.0,6404338.0,21.05
305432.0,6404338.0,20.45
305434.0,6404338.0,20.35
305436.0,6404338.0,20.4
305438.0,6404338.0,20.97
305440.0,6404338.0,20.91
305442.0,6404338.0,20.55
305444.0,6404338.0,20.07
305446.0,6404338.0,19.71
305448.0,6404338.0,18.98
305450.0,6404338.0,18.69
305452.0,6404338.0,18.81
305454.0,6404338.0,18.89
305456.0,6404338.0,18.64
305458.0,6404338.0,18.58
305460.0,6404338.0,18.32
305462.0,6404338.0,18.41
305464.0,6404338.0,18.59
305466.0,6404338.0,18.34
305468.0,6404338.0,18.38
305470.0,6404338.0,18.49
305472.0,6404338.0,18.55
305474.0,6404338.0,18.48
305476.0,6404338.0,18.96
305478.0,6404338.0,19.27
305480.0,6404338.0,19.63
305482.0,6404338.0,19.95
305484.0,6404338.0,20.56
305486.0,6404338.0,21.19
305488.0,6404338.0,21.54
305490.0,6404338.0,21.57
305492.0,6404338.0,22.03
305494.0,6404338.0,21.95
305496.0,6404338.0,22.01
305498.0,6404338.0,22.26
305500.0,6404338.0,22.59
305502.0,6404338.0,22.91
305504.0,6404338.0,23.19
305506.0,6404338.0,23.33
305508.0,6404338.0,23.54
305510.0,6404338.0,23.76
305512.0,6404338.0,24.07
305514.0,6404338.0,24.23
305516.0,6404338.0,24.24
305518.0,6404338.0,24.11
305520.0,6404338.0,23.84
305522.0,6404338.0,23.63
305524.0,6404338.0,23.34
305526.0,6404338.0,22.68
305528.0,6404338.0,22.49
305530.0,6404338.0,22.68
305532.0,6404338.0,22.73
305534.0,6404338.0,22.63
305536.0,6404338.0,22.56
305538.0,6404338.0,22.57
305540.0,6404338.0,22.27
305542.0,6404338.0,21.91
305544.0,6404338.0,21.69
305546.0,6404338.0,21.43
305548.0,6404338.0,21.51
305550.0,6404338.0,21.84
305552.0,6404338.0,21.79
305554.0,6404338.0,21.88
305556.0,6404338.0,21.98
305558.0,6404338.0,22.17
305560.0,6404338.0,22.16
305562.0,6404338.0,21.85
305564.0,6404338.0,22.33
305566.0,6404338.0,23.12
305568.0,6404338.0,23.81
305570.0,6404338.0,24.6
305572.0,6404338.0,25.04
305574.0,6404338.0,25.41
305576.0,6404338.0,26.36
305578.0,6404338.0,26.72
305580.0,6404338.0,26.72
305582.0,6404338.0,26.81
305584.0,6404338.0,26.99
305586.0,6404338.0,27.0
305588.0,6404338.0,27.01
305590.0,6404338.0,26.84
305592.0,6404338.0,26.99
305594.0,6404338.0,27.23
305596.0,6404338.0,27.25
305598.0,6404338.0,27.68
305600.0,6404338.0,27.93
305602.0,6404338.0,28.11
305604.0,6404338.0,28.47
305606.0,6404338.0,28.57
305608.0,6404338.0,28.67
305610.0,6404338.0,28.74
305612.0,6404338.0,28.65
305614.0,6404338.0,28.1
305616.0,6404338.0,27.6
305618.0,6404338.0,27.06
305620.0,6404338.0,26.73
305622.0,6404338.0,26.12
305624.0,6404338.0,26.12
305626.0,6404338.0,25.95
305628.0,6404338.0,25.69
305630.0,6404338.0,25.31
305632.0,6404338.0,25.39
305634.0,6404338.0,25.72
305636.0,6404338.0,26.12
305638.0,6404338.0,26.66
305640.0,6404338.0,26.73
305642.0,6404338.0,26.88
305644.0,6404338.0,27.08
305646.0,6404338.0,27.25
305648.0,6404338.0,27.7
305650.0,6404338.0,27.93
305652.0,6404338.0,28.01
305654.0,6404338.0,27.99
305656.0,6404338.0,27.78
305658.0,6404338.0,26.97
305660.0,6404338.0,26.4
305662.0,6404338.0,26.09
305664.0,6404338.0,26.17
305666.0,6404338.0,26.53
305668.0,6404338.0,26.97
305670.0,6404338.0,26.34
305672.0,6404338.0,25.12
305674.0,6404338.0,24.49
305676.0,6404338.0,24.15
305678.0,6404338.0,24.94
305680.0,6404338.0,25.58
305150.0,6404340.0,5.81
305152.0,6404340.0,5.72
305154.0,6404340.0,5.69
305156.0,6404340.0,5.52
305158.0,6404340.0,5.07
305160.0,6404340.0,4.6
305162.0,6404340.0,4.21
305164.0,6404340.0,4.08
305166.0,6404340.0,4.02
305168.0,6404340.0,4.24
305170.0,6404340.0,4.21
305172.0,6404340.0,4.34
305174.0,6404340.0,4.43
305176.0,6404340.0,4.59
305178.0,6404340.0,4.73
305180.0,6404340.0,4.72
305182.0,6404340.0,4.74
305184.0,6404340.0,4.93
305186.0,6404340.0,5.16
305188.0,6404340.0,5.31
305190.0,6404340.0,6.01
305192.0,6404340.0,6.48
305194.0,6404340.0,7.04
305196.0,6404340.0,7.25
305198.0,6404340.0,7.36
305200.0,6404340.0,7.4
305202.0,6404340.0,7.44
305204.0,6404340.0,7.46
305206.0,6404340.0,7.52
305208.0,6404340.0,7.62
305210.0,6404340.0,7.71
305212.0,6404340.0,7.73
305214.0,6404340.0,7.45
305216.0,6404340.0,7.18
305218.0,6404340.0,7.18
305220.0,6404340.0,7.3
305222.0,6404340.0,7.28
305224.0,6404340.0,7.39
305226.0,6404340.0,7.5
305228.0,6404340.0,7.64
305230.0,6404340.0,8.07
305232.0,6404340.0,8.58
305234.0,6404340.0,9.03
305236.0,6404340.0,9.56
305238.0,6404340.0,10.25
305240.0,6404340.0,10.73
305242.0,6404340.0,10.98
305244.0,6404340.0,11.23
305246.0,6404340.0,11.62
305248.0,6404340.0,11.94
305250.0,6404340.0,12.13
305252.0,6404340.0,12.25
305254.0,6404340.0,13.2
305256.0,6404340.0,16.53
305258.0,6404340.0,19.12
305260.0,6404340.0,19.57
305262.0,6404340.0,19.51
305264.0,6404340.0,19.28
305266.0,6404340.0,19.2
305268.0,6404340.0,19.32
305270.0,6404340.0,19.33
305272.0,6404340.0,19.57
305274.0,6404340.0,19.72
305276.0,6404340.0,19.81
305278.0,6404340.0,19.85
305280.0,6404340.0,19.93
305282.0,6404340.0,19.89
305284.0,6404340.0,20.16
305286.0,6404340.0,20.78
305288.0,6404340.0,20.86
305290.0,6404340.0,21.04
305292.0,6404340.0,21.15
305294.0,6404340.0,21.23
305296.0,6404340.0,21.14
305298.0,6404340.0,21.19
305300.0,6404340.0,21.48
305302.0,6404340.0,21.67
305304.0,6404340.0,22.04
305306.0,6404340.0,22.48
305308.0,6404340.0,22.24
305310.0,6404340.0,22.17
305312.0,6404340.0,22.27
305314.0,6404340.0,22.26
305316.0,6404340.0,22.13
305318.0,6404340.0,21.75
305320.0,6404340.0,21.03
305322.0,6404340.0,21.37
305324.0,6404340.0,21.71
305326.0,6404340.0,21.73
305328.0,6404340.0,22.16
305330.0,6404340.0,22.68
305332.0,6404340.0,23.13
305334.0,6404340.0,23.02
305336.0,6404340.0,22.63
305338.0,6404340.0,22.3
305340.0,6404340.0,22.6
305342.0,6404340.0,22.4
305344.0,6404340.0,22.36
305346.0,6404340.0,22.37
305348.0,6404340.0,22.53
305350.0,6404340.0,22.31
305352.0,6404340.0,22.53
305354.0,6404340.0,22.17
305356.0,6404340.0,21.83
305358.0,6404340.0,21.77
305360.0,6404340.0,21.59
305362.0,6404340.0,21.81
305364.0,6404340.0,22.16
305366.0,6404340.0,23.7
305368.0,6404340.0,24.76
305370.0,6404340.0,24.28
305372.0,6404340.0,23.82
305374.0,6404340.0,23.14
305376.0,6404340.0,22.88
305378.0,6404340.0,22.83
305380.0,6404340.0,22.92
305382.0,6404340.0,23.07
305384.0,6404340.0,22.85
305386.0,6404340.0,22.64
305388.0,6404340.0,22.75
305390.0,6404340.0,22.33
305392.0,6404340.0,21.89
305394.0,6404340.0,21.12
305396.0,6404340.0,19.97
305398.0,6404340.0,19.21
305400.0,6404340.0,18.73
305402.0,6404340.0,18.41
305404.0,6404340.0,18.28
305406.0,6404340.0,18.29
305408.0,6404340.0,19.08
305410.0,6404340.0,20.66
305412.0,6404340.0,21.48
305414.0,6404340.0,21.66
305416.0,6404340.0,21.92
305418.0,6404340.0,21.42
305420.0,6404340.0,21.39
305422.0,6404340.0,21.53
305424.0,6404340.0,21.01
305426.0,6404340.0,20.79
305428.0,6404340.0,20.9
305430.0,6404340.0,20.93
305432.0,6404340.0,20.84
305434.0,6404340.0,20.68
305436.0,6404340.0,20.75
305438.0,6404340.0,20.13
305440.0,6404340.0,20.45
305442.0,6404340.0,20.09
305444.0,6404340.0,19.47
305446.0,6404340.0,19.1
305448.0,6404340.0,18.72
305450.0,6404340.0,18.52
305452.0,6404340.0,18.54
305454.0,6404340.0,18.6
305456.0,6404340.0,18.36
305458.0,6404340.0,18.34
305460.0,6404340.0,18.3
305462.0,6404340.0,18.31
305464.0,6404340.0,18.75
305466.0,6404340.0,18.26
305468.0,6404340.0,18.35
305470.0,6404340.0,18.42
305472.0,6404340.0,18.51
305474.0,6404340.0,18.48
305476.0,6404340.0,18.69
305478.0,6404340.0,19.18
305480.0,6404340.0,19.34
305482.0,6404340.0,19.77
305484.0,6404340.0,20.55
305486.0,6404340.0,21.55
305488.0,6404340.0,21.93
305490.0,6404340.0,21.75
305492.0,6404340.0,21.66
305494.0,6404340.0,21.65
305496.0,6404340.0,21.81
305498.0,6404340.0,21.95
305500.0,6404340.0,22.11
305502.0,6404340.0,22.37
305504.0,6404340.0,22.6
305506.0,6404340.0,22.78
305508.0,6404340.0,23.14
305510.0,6404340.0,23.41
305512.0,6404340.0,23.55
305514.0,6404340.0,23.6
305516.0,6404340.0,23.5
305518.0,6404340.0,23.37
305520.0,6404340.0,23.14
305522.0,6404340.0,22.67
305524.0,6404340.0,22.23
305526.0,6404340.0,22.18
305528.0,6404340.0,22.61
305530.0,6404340.0,22.46
305532.0,6404340.0,22.5
305534.0,6404340.0,22.35
305536.0,6404340.0,22.56
305538.0,6404340.0,22.6
305540.0,6404340.0,22.37
305542.0,6404340.0,22.23
305544.0,6404340.0,21.83
305546.0,6404340.0,21.78
305548.0,6404340.0,21.46
305550.0,6404340.0,21.31
305552.0,6404340.0,21.21
305554.0,6404340.0,21.54
305556.0,6404340.0,21.62
305558.0,6404340.0,21.73
305560.0,6404340.0,22.01
305562.0,6404340.0,21.42
305564.0,6404340.0,21.37
305566.0,6404340.0,22.28
305568.0,6404340.0,23.07
305570.0,6404340.0,23.49
305572.0,6404340.0,24.05
305574.0,6404340.0,24.68
305576.0,6404340.0,25.7
305578.0,6404340.0,26.02
305580.0,6404340.0,25.99
305582.0,6404340.0,25.65
305584.0,6404340.0,25.79
305586.0,6404340.0,25.65
305588.0,6404340.0,25.98
305590.0,6404340.0,26.18
305592.0,6404340.0,26.85
305594.0,6404340.0,27.01
305596.0,6404340.0,26.83
305598.0,6404340.0,26.91
305600.0,6404340.0,27.36
305602.0,6404340.0,27.68
305604.0,6404340.0,27.77
305606.0,6404340.0,27.87
305608.0,6404340.0,27.84
305610.0,6404340.0,27.9
305612.0,6404340.0,27.76
305614.0,6404340.0,27.44
305616.0,6404340.0,26.94
305618.0,6404340.0,26.6
305620.0,6404340.0,26.2
305622.0,6404340.0,25.83
305624.0,6404340.0,25.81
305626.0,6404340.0,25.51
305628.0,6404340.0,24.98
305630.0,6404340.0,25.05
305632.0,6404340.0,25.6
305634.0,6404340.0,25.85
305636.0,6404340.0,25.76
305638.0,6404340.0,25.7
305640.0,6404340.0,26.0
305642.0,6404340.0,26.47
305644.0,6404340.0,26.43
305646.0,6404340.0,26.47
305648.0,6404340.0,26.84
305650.0,6404340.0,27.17
305652.0,6404340.0,27.16
305654.0,6404340.0,27.14
305656.0,6404340.0,26.92
305658.0,6404340.0,26.06
305660.0,6404340.0,26.53
305662.0,6404340.0,25.74
305664.0,6404340.0,25.89
305666.0,6404340.0,26.6
305668.0,6404340.0,26.33
305670.0,6404340.0,25.6
305672.0,6404340.0,24.46
305674.0,6404340.0,23.95
305676.0,6404340.0,24.25
305678.0,6404340.0,25.0
305680.0,6404340.0,25.7
305150.0,6404342.0,5.78
305152.0,6404342.0,5.55
305154.0,6404342.0,5.56
305156.0,6404342.0,5.36
305158.0,6404342.0,5.09
305160.0,6404342.0,4.6
305162.0,6404342.0,4.04
305164.0,6404342.0,3.81
305166.0,6404342.0,4.13
305168.0,6404342.0,4.15
305170.0,6404342.0,4.28
305172.0,6404342.0,4.32
305174.0,6404342.0,4.45
305176.0,6404342.0,4.58
305178.0,6404342.0,4.91
305180.0,6404342.0,5.03
305182.0,6404342.0,4.82
305184.0,6404342.0,4.87
305186.0,6404342.0,5.05
305188.0,6404342.0,5.39
305190.0,6404342.0,5.97
305192.0,6404342.0,6.38
305194.0,6404342.0,6.88
305196.0,6404342.0,7.22
305198.0,6404342.0,7.4
305200.0,6404342.0,7.49
305202.0,6404342.0,7.54
305204.0,6404342.0,7.5
305206.0,6404342.0,7.54
305208.0,6404342.0,7.63
305210.0,6404342.0,7.69
305212.0,6404342.0,7.7
305214.0,6404342.0,7.76
305216.0,6404342.0,7.79
305218.0,6404342.0,7.63
305220.0,6404342.0,7.29
305222.0,6404342.0,7.15
305224.0,6404342.0,7.22
305226.0,6404342.0,7.34
305228.0,6404342.0,7.8
305230.0,6404342.0,8.24
305232.0,6404342.0,8.88
305234.0,6404342.0,9.18
305236.0,6404342.0,9.54
305238.0,6404342.0,9.84
305240.0,6404342.0,10.84
305242.0,6404342.0,11.02
305244.0,6404342.0,11.22
305246.0,6404342.0,11.39
305248.0,6404342.0,11.55
305250.0,6404342.0,11.74
305252.0,6404342.0,12.04
305254.0,6404342.0,12.15
305256.0,6404342.0,14.49
305258.0,6404342.0,16.93
305260.0,6404342.0,18.48
305262.0,6404342.0,18.55
305264.0,6404342.0,18.67
305266.0,6404342.0,18.56
305268.0,6404342.0,18.72
305270.0,6404342.0,18.63
305272.0,6404342.0,18.75
305274.0,6404342.0,18.94
305276.0,6404342.0,19.12
305278.0,6404342.0,19.21
305280.0,6404342.0,19.45
305282.0,6404342.0,19.48
305284.0,6404342.0,19.89
305286.0,6404342.0,20.01
305288.0,6404342.0,20.13
305290.0,6404342.0,20.28
305292.0,6404342.0,20.44
305294.0,6404342.0,20.57
305296.0,6404342.0,20.89
305298.0,6404342.0,21.07
305300.0,6404342.0,21.1
305302.0,6404342.0,21.13
305304.0,6404342.0,21.18
305306.0,6404342.0,21.36
305308.0,6404342.0,21.48
305310.0,6404342.0,21.32
305312.0,6404342.0,21.22
305314.0,6404342.0,20.83
305316.0,6404342.0,20.78
305318.0,6404342.0,20.75
305320.0,6404342.0,20.82
305322.0,6404342.0,21.17
305324.0,6404342.0,21.3
305326.0,6404342.0,21.45
305328.0,6404342.0,21.53
305330.0,6404342.0,21.42
305332.0,6404342.0,21.73
305334.0,6404342.0,22.22
305336.0,6404342.0,21.93
305338.0,6404342.0,21.85
305340.0,6404342.0,22.24
305342.0,6404342.0,22.04
305344.0,6404342.0,22.01
305346.0,6404342.0,22.25
305348.0,6404342.0,22.4
305350.0,6404342.0,21.5
305352.0,6404342.0,21.38
305354.0,6404342.0,21.2
305356.0,6404342.0,20.99
305358.0,6404342.0,21.22
305360.0,6404342.0,21.49
305362.0,6404342.0,22.05
305364.0,6404342.0,22.74
305366.0,6404342.0,23.75
305368.0,6404342.0,23.79
305370.0,6404342.0,23.6
305372.0,6404342.0,23.21
305374.0,6404342.0,23.44
305376.0,6404342.0,23.51
305378.0,6404342.0,23.43
305380.0,6404342.0,23.52
305382.0,6404342.0,23.28
305384.0,6404342.0,22.8
305386.0,6404342.0,22.64
305388.0,6404342.0,22.62
305390.0,6404342.0,22.33
305392.0,6404342.0,21.57
305394.0,6404342.0,20.87
305396.0,6404342.0,19.95
305398.0,6404342.0,19.06
305400.0,6404342.0,18.56
305402.0,6404342.0,18.29
305404.0,6404342.0,18.0
305406.0,6404342.0,18.32
305408.0,6404342.0,18.58
305410.0,6404342.0,19.48
305412.0,6404342.0,20.77
305414.0,6404342.0,21.12
305416.0,6404342.0,21.49
305418.0,6404342.0,21.08
305420.0,6404342.0,20.66
305422.0,6404342.0,20.51
305424.0,6404342.0,20.3
305426.0,6404342.0,20.9
305428.0,6404342.0,21.25
305430.0,6404342.0,21.4
305432.0,6404342.0,21.16
305434.0,6404342.0,20.87
305436.0,6404342.0,20.76
305438.0,6404342.0,20.32
305440.0,6404342.0,19.94
305442.0,6404342.0,19.66
305444.0,6404342.0,19.13
305446.0,6404342.0,18.91
305448.0,6404342.0,18.72
305450.0,6404342.0,18.72
305452.0,6404342.0,18.64
305454.0,6404342.0,18.6
305456.0,6404342.0,18.31
305458.0,6404342.0,18.16
305460.0,6404342.0,18.04
305462.0,6404342.0,18.03
305464.0,6404342.0,18.14
305466.0,6404342.0,17.92
305468.0,6404342.0,18.08
305470.0,6404342.0,18.49
305472.0,6404342.0,18.71
305474.0,6404342.0,18.72
305476.0,6404342.0,18.51
305478.0,6404342.0,18.84
305480.0,6404342.0,19.19
305482.0,6404342.0,19.65
305484.0,6404342.0,20.56
305486.0,6404342.0,21.38
305488.0,6404342.0,21.69
305490.0,6404342.0,21.8
305492.0,6404342.0,21.79
305494.0,6404342.0,21.77
305496.0,6404342.0,21.85
305498.0,6404342.0,21.56
305500.0,6404342.0,21.51
305502.0,6404342.0,21.97
305504.0,6404342.0,22.29
305506.0,6404342.0,22.64
305508.0,6404342.0,22.91
305510.0,6404342.0,22.92
305512.0,6404342.0,23.11
305514.0,6404342.0,23.09
305516.0,6404342.0,22.89
305518.0,6404342.0,22.64
305520.0,6404342.0,22.32
305522.0,6404342.0,22.02
305524.0,6404342.0,21.95
305526.0,6404342.0,21.9
305528.0,6404342.0,21.83
305530.0,6404342.0,21.78
305532.0,6404342.0,21.84
305534.0,6404342.0,21.94
305536.0,6404342.0,21.93
305538.0,6404342.0,22.33
305540.0,6404342.0,22.24
305542.0,6404342.0,22.08
305544.0,6404342.0,22.03
305546.0,6404342.0,21.93
305548.0,6404342.0,21.7
305550.0,6404342.0,22.12
305552.0,6404342.0,21.77
305554.0,6404342.0,21.21
305556.0,6404342.0,21.19
305558.0,6404342.0,21.14
305560.0,6404342.0,21.21
305562.0,6404342.0,20.88
305564.0,6404342.0,20.95
305566.0,6404342.0,21.59
305568.0,6404342.0,22.27
305570.0,6404342.0,22.74
305572.0,6404342.0,23.28
305574.0,6404342.0,23.93
305576.0,6404342.0,24.57
305578.0,6404342.0,25.04
305580.0,6404342.0,25.16
305582.0,6404342.0,25.34
305584.0,6404342.0,25.63
305586.0,6404342.0,25.82
305588.0,6404342.0,25.98
305590.0,6404342.0,26.61
305592.0,6404342.0,26.9
305594.0,6404342.0,27.34
305596.0,6404342.0,27.28
305598.0,6404342.0,26.69
305600.0,6404342.0,26.46
305602.0,6404342.0,26.52
305604.0,6404342.0,26.67
305606.0,6404342.0,26.88
305608.0,6404342.0,26.98
305610.0,6404342.0,27.1
305612.0,6404342.0,27.2
305614.0,6404342.0,26.92
305616.0,6404342.0,26.45
305618.0,6404342.0,26.14
305620.0,6404342.0,25.79
305622.0,6404342.0,25.34
305624.0,6404342.0,24.94
305626.0,6404342.0,24.79
305628.0,6404342.0,24.87
305630.0,6404342.0,25.2
305632.0,6404342.0,25.7
305634.0,6404342.0,25.71
305636.0,6404342.0,25.5
305638.0,6404342.0,25.04
305640.0,6404342.0,25.12
305642.0,6404342.0,25.63
305644.0,6404342.0,25.86
305646.0,6404342.0,25.61
305648.0,6404342.0,25.85
305650.0,6404342.0,26.26
305652.0,6404342.0,26.31
305654.0,6404342.0,26.23
305656.0,6404342.0,25.73
305658.0,6404342.0,25.75
305660.0,6404342.0,25.99
305662.0,6404342.0,25.57
305664.0,6404342.0,25.65
305666.0,6404342.0,25.91
305668.0,6404342.0,25.42
305670.0,6404342.0,24.04
305672.0,6404342.0,23.4
305674.0,6404342.0,23.75
305676.0,6404342.0,23.9
305678.0,6404342.0,24.77
305680.0,6404342.0,25.21
305150.0,6404344.0,5.94
305152.0,6404344.0,5.9
305154.0,6404344.0,5.73
305156.0,6404344.0,5.47
305158.0,6404344.0,5.37
305160.0,6404344.0,4.82
305162.0,6404344.0,3.94
305164.0,6404344.0,3.74
305166.0,6404344.0,4.08
305168.0,6404344.0,4.08
305170.0,6404344.0,4.31
305172.0,6404344.0,4.27
305174.0,6404344.0,4.35
305176.0,6404344.0,4.67
305178.0,6404344.0,5.05
305180.0,6404344.0,5.22
305182.0,6404344.0,5.09
305184.0,6404344.0,4.95
305186.0,6404344.0,5.12
305188.0,6404344.0,5.5
305190.0,6404344.0,6.04
305192.0,6404344.0,6.35
305194.0,6404344.0,6.74
305196.0,6404344.0,6.95
305198.0,6404344.0,7.43
305200.0,6404344.0,7.53
305202.0,6404344.0,7.63
305204.0,6404344.0,7.61
305206.0,6404344.0,7.56
305208.0,6404344.0,7.52
305210.0,6404344.0,7.54
305212.0,6404344.0,7.61
305214.0,6404344.0,7.74
305216.0,6404344.0,7.85
305218.0,6404344.0,7.78
305220.0,6404344.0,7.79
305222.0,6404344.0,7.66
305224.0,6404344.0,7.41
305226.0,6404344.0,7.26
305228.0,6404344.0,7.81
305230.0,6404344.0,8.49
305232.0,6404344.0,8.94
305234.0,6404344.0,9.47
305236.0,6404344.0,9.94
305238.0,6404344.0,10.34
305240.0,6404344.0,10.86
305242.0,6404344.0,11.0
305244.0,6404344.0,11.07
305246.0,6404344.0,11.33
305248.0,6404344.0,11.56
305250.0,6404344.0,11.47
305252.0,6404344.0,11.81
305254.0,6404344.0,12.11
305256.0,6404344.0,13.06
305258.0,6404344.0,14.99
305260.0,6404344.0,17.25
305262.0,6404344.0,17.75
305264.0,6404344.0,17.96
305266.0,6404344.0,17.78
305268.0,6404344.0,17.97
305270.0,6404344.0,17.85
305272.0,6404344.0,18.05
305274.0,6404344.0,18.28
305276.0,6404344.0,18.46
305278.0,6404344.0,18.69
305280.0,6404344.0,18.77
305282.0,6404344.0,19.0
305284.0,6404344.0,19.24
305286.0,6404344.0,19.46
305288.0,6404344.0,19.6
305290.0,6404344.0,19.72
305292.0,6404344.0,19.83
305294.0,6404344.0,20.09
305296.0,6404344.0,20.31
305298.0,6404344.0,20.51
305300.0,6404344.0,20.8
305302.0,6404344.0,20.72
305304.0,6404344.0,20.98
305306.0,6404344.0,20.45
305308.0,6404344.0,20.19
305310.0,6404344.0,20.51
305312.0,6404344.0,20.38
305314.0,6404344.0,20.17
305316.0,6404344.0,20.11
305318.0,6404344.0,20.06
305320.0,6404344.0,20.05
305322.0,6404344.0,20.45
305324.0,6404344.0,20.68
305326.0,6404344.0,20.75
305328.0,6404344.0,20.69
305330.0,6404344.0,20.24
305332.0,6404344.0,19.94
305334.0,6404344.0,20.63
305336.0,6404344.0,20.6
305338.0,6404344.0,20.5
305340.0,6404344.0,21.08
305342.0,6404344.0,21.19
305344.0,6404344.0,20.83
305346.0,6404344.0,20.74
305348.0,6404344.0,20.95
305350.0,6404344.0,21.09
305352.0,6404344.0,21.25
305354.0,6404344.0,21.21
305356.0,6404344.0,21.06
305358.0,6404344.0,20.97
305360.0,6404344.0,21.28
305362.0,6404344.0,21.7
305364.0,6404344.0,22.15
305366.0,6404344.0,22.01
305368.0,6404344.0,22.77
305370.0,6404344.0,22.6
305372.0,6404344.0,23.48
305374.0,6404344.0,24.37
305376.0,6404344.0,24.11
305378.0,6404344.0,23.83
305380.0,6404344.0,23.41
305382.0,6404344.0,23.02
305384.0,6404344.0,22.87
305386.0,6404344.0,22.79
305388.0,6404344.0,22.36
305390.0,6404344.0,22.0
305392.0,6404344.0,21.49
305394.0,6404344.0,21.0
305396.0,6404344.0,20.15
305398.0,6404344.0,19.45
305400.0,6404344.0,18.51
305402.0,6404344.0,18.26
305404.0,6404344.0,17.85
305406.0,6404344.0,17.88
305408.0,6404344.0,17.94
305410.0,6404344.0,18.47
305412.0,6404344.0,19.63
305414.0,6404344.0,20.63
305416.0,6404344.0,20.62
305418.0,6404344.0,20.59
305420.0,6404344.0,20.96
305422.0,6404344.0,20.69
305424.0,6404344.0,21.05
305426.0,6404344.0,21.21
305428.0,6404344.0,21.41
305430.0,6404344.0,21.39
305432.0,6404344.0,21.02
305434.0,6404344.0,20.91
305436.0,6404344.0,20.36
305438.0,6404344.0,20.25
305440.0,6404344.0,19.99
305442.0,6404344.0,19.43
305444.0,6404344.0,18.9
305446.0,6404344.0,18.85
305448.0,6404344.0,19.03
305450.0,6404344.0,19.3
305452.0,6404344.0,18.74
305454.0,6404344.0,18.32
305456.0,6404344.0,18.32
305458.0,6404344.0,18.3
305460.0,6404344.0,18.26
305462.0,6404344.0,17.86
305464.0,6404344.0,17.22
305466.0,6404344.0,17.45
305468.0,6404344.0,18.05
305470.0,6404344.0,18.03
305472.0,6404344.0,18.27
305474.0,6404344.0,18.82
305476.0,6404344.0,18.75
305478.0,6404344.0,18.72
305480.0,6404344.0,19.02
305482.0,6404344.0,19.41
305484.0,6404344.0,20.34
305486.0,6404344.0,21.03
305488.0,6404344.0,21.31
305490.0,6404344.0,21.54
305492.0,6404344.0,21.61
305494.0,6404344.0,21.64
305496.0,6404344.0,21.76
305498.0,6404344.0,21.41
305500.0,6404344.0,21.34
305502.0,6404344.0,21.44
305504.0,6404344.0,21.93
305506.0,6404344.0,22.46
305508.0,6404344.0,22.65
305510.0,6404344.0,22.55
305512.0,6404344.0,22.55
305514.0,6404344.0,22.41
305516.0,6404344.0,22.22
305518.0,6404344.0,22.02
305520.0,6404344.0,21.72
305522.0,6404344.0,21.64
305524.0,6404344.0,21.5
305526.0,6404344.0,21.45
305528.0,6404344.0,21.32
305530.0,6404344.0,21.26
305532.0,6404344.0,21.41
305534.0,6404344.0,21.53
305536.0,6404344.0,21.6
305538.0,6404344.0,21.96
305540.0,6404344.0,22.19
305542.0,6404344.0,22.13
305544.0,6404344.0,22.32
305546.0,6404344.0,22.44
305548.0,6404344.0,22.19
305550.0,6404344.0,22.83
305552.0,6404344.0,22.7
305554.0,6404344.0,22.13
305556.0,6404344.0,21.69
305558.0,6404344.0,21.49
305560.0,6404344.0,20.99
305562.0,6404344.0,20.79
305564.0,6404344.0,20.78
305566.0,6404344.0,20.71
305568.0,6404344.0,21.15
305570.0,6404344.0,22.3
305572.0,6404344.0,22.83
305574.0,6404344.0,23.66
305576.0,6404344.0,23.86
305578.0,6404344.0,23.97
305580.0,6404344.0,24.38
305582.0,6404344.0,25.07
305584.0,6404344.0,25.87
305586.0,6404344.0,25.93
305588.0,6404344.0,25.78
305590.0,6404344.0,26.24
305592.0,6404344.0,26.83
305594.0,6404344.0,27.4
305596.0,6404344.0,27.78
305598.0,6404344.0,27.38
305600.0,6404344.0,26.68
305602.0,6404344.0,26.32
305604.0,6404344.0,26.53
305606.0,6404344.0,26.01
305608.0,6404344.0,26.42
305610.0,6404344.0,26.61
305612.0,6404344.0,26.61
305614.0,6404344.0,26.25
305616.0,6404344.0,25.99
305618.0,6404344.0,25.69
305620.0,6404344.0,25.36
305622.0,6404344.0,24.69
305624.0,6404344.0,24.48
305626.0,6404344.0,24.66
305628.0,6404344.0,24.82
305630.0,6404344.0,24.83
305632.0,6404344.0,24.82
305634.0,6404344.0,24.85
305636.0,6404344.0,24.9
305638.0,6404344.0,24.78
305640.0,6404344.0,24.29
305642.0,6404344.0,24.46
305644.0,6404344.0,24.74
305646.0,6404344.0,24.81
305648.0,6404344.0,24.86
305650.0,6404344.0,25.03
305652.0,6404344.0,25.4
305654.0,6404344.0,25.64
305656.0,6404344.0,25.33
305658.0,6404344.0,25.23
305660.0,6404344.0,25.34
305662.0,6404344.0,24.86
305664.0,6404344.0,25.13
305666.0,6404344.0,24.67
305668.0,6404344.0,24.16
305670.0,6404344.0,22.75
305672.0,6404344.0,23.12
305674.0,6404344.0,23.29
305676.0,6404344.0,23.47
305678.0,6404344.0,24.52
305680.0,6404344.0,24.88
305150.0,6404346.0,6.4
305152.0,6404346.0,6.75
305154.0,6404346.0,6.19
305156.0,6404346.0,5.96
305158.0,6404346.0,5.47
305160.0,6404346.0,4.95
305162.0,6404346.0,3.84
305164.0,6404346.0,3.83
305166.0,6404346.0,4.02
305168.0,6404346.0,4.14
305170.0,6404346.0,4.38
305172.0,6404346.0,4.21
305174.0,6404346.0,4.22
305176.0,6404346.0,4.47
305178.0,6404346.0,5.03
305180.0,6404346.0,5.33
305182.0,6404346.0,5.42
305184.0,6404346.0,5.32
305186.0,6404346.0,5.48
305188.0,6404346.0,5.88
305190.0,6404346.0,6.21
305192.0,6404346.0,6.48
305194.0,6404346.0,6.64
305196.0,6404346.0,6.92
305198.0,6404346.0,7.32
305200.0,6404346.0,7.52
305202.0,6404346.0,7.48
305204.0,6404346.0,7.57
305206.0,6404346.0,7.48
305208.0,6404346.0,7.36
305210.0,6404346.0,7.21
305212.0,6404346.0,7.04
305214.0,6404346.0,7.16
305216.0,6404346.0,7.49
305218.0,6404346.0,7.7
305220.0,6404346.0,7.78
305222.0,6404346.0,7.79
305224.0,6404346.0,7.82
305226.0,6404346.0,7.82
305228.0,6404346.0,8.17
305230.0,6404346.0,8.58
305232.0,6404346.0,8.97
305234.0,6404346.0,9.63
305236.0,6404346.0,10.21
305238.0,6404346.0,10.34
305240.0,6404346.0,10.6
305242.0,6404346.0,10.53
305244.0,6404346.0,10.78
305246.0,6404346.0,11.14
305248.0,6404346.0,11.51
305250.0,6404346.0,11.65
305252.0,6404346.0,11.79
305254.0,6404346.0,12.04
305256.0,6404346.0,12.37
305258.0,6404346.0,13.04
305260.0,6404346.0,14.0
305262.0,6404346.0,16.25
305264.0,6404346.0,16.93
305266.0,6404346.0,17.4
305268.0,6404346.0,17.3
305270.0,6404346.0,17.2
305272.0,6404346.0,17.49
305274.0,6404346.0,17.63
305276.0,6404346.0,17.86
305278.0,6404346.0,18.08
305280.0,6404346.0,18.41
305282.0,6404346.0,18.53
305284.0,6404346.0,18.7
305286.0,6404346.0,19.05
305288.0,6404346.0,19.14
305290.0,6404346.0,19.31
305292.0,6404346.0,19.45
305294.0,6404346.0,19.55
305296.0,6404346.0,19.95
305298.0,6404346.0,20.05
305300.0,6404346.0,20.27
305302.0,6404346.0,20.25
305304.0,6404346.0,19.93
305306.0,6404346.0,19.18
305308.0,6404346.0,19.14
305310.0,6404346.0,19.35
305312.0,6404346.0,18.51
305314.0,6404346.0,18.31
305316.0,6404346.0,18.36
305318.0,6404346.0,18.61
305320.0,6404346.0,19.1
305322.0,6404346.0,19.62
305324.0,6404346.0,19.81
305326.0,6404346.0,19.85
305328.0,6404346.0,19.28
305330.0,6404346.0,19.32
305332.0,6404346.0,19.23
305334.0,6404346.0,19.17
305336.0,6404346.0,19.15
305338.0,6404346.0,19.37
305340.0,6404346.0,19.68
305342.0,6404346.0,19.98
305344.0,6404346.0,20.35
305346.0,6404346.0,20.6
305348.0,6404346.0,20.45
305350.0,6404346.0,20.59
305352.0,6404346.0,21.78
305354.0,6404346.0,22.04
305356.0,6404346.0,21.76
305358.0,6404346.0,21.52
305360.0,6404346.0,21.08
305362.0,6404346.0,21.17
305364.0,6404346.0,21.3
305366.0,6404346.0,21.64
305368.0,6404346.0,22.32
305370.0,6404346.0,22.77
305372.0,6404346.0,23.7
305374.0,6404346.0,24.15
305376.0,6404346.0,23.81
305378.0,6404346.0,23.6
305380.0,6404346.0,22.98
305382.0,6404346.0,22.98
305384.0,6404346.0,22.98
305386.0,6404346.0,22.7
305388.0,6404346.0,22.22
305390.0,6404346.0,21.77
305392.0,6404346.0,21.24
305394.0,6404346.0,20.77
305396.0,6404346.0,20.11
305398.0,6404346.0,19.38
305400.0,6404346.0,18.75
305402.0,6404346.0,18.27
305404.0,6404346.0,17.94
305406.0,6404346.0,17.76
305408.0,6404346.0,17.87
305410.0,6404346.0,18.07
305412.0,6404346.0,18.64
305414.0,6404346.0,19.17
305416.0,6404346.0,19.89
305418.0,6404346.0,20.47
305420.0,6404346.0,20.5
305422.0,6404346.0,21.41
305424.0,6404346.0,21.41
305426.0,6404346.0,21.23
305428.0,6404346.0,21.4
305430.0,6404346.0,21.54
305432.0,6404346.0,20.99
305434.0,6404346.0,20.18
305436.0,6404346.0,20.8
305438.0,6404346.0,20.65
305440.0,6404346.0,20.43
305442.0,6404346.0,19.98
305444.0,6404346.0,19.58
305446.0,6404346.0,19.57
305448.0,6404346.0,19.75
305450.0,6404346.0,19.86
305452.0,6404346.0,19.61
305454.0,6404346.0,18.37
305456.0,6404346.0,18.03
305458.0,6404346.0,18.52
305460.0,6404346.0,18.43
305462.0,6404346.0,17.95
305464.0,6404346.0,17.16
305466.0,6404346.0,16.55
305468.0,6404346.0,17.09
305470.0,6404346.0,17.57
305472.0,6404346.0,17.53
305474.0,6404346.0,17.78
305476.0,6404346.0,18.32
305478.0,6404346.0,18.32
305480.0,6404346.0,18.47
305482.0,6404346.0,18.89
305484.0,6404346.0,19.21
305486.0,6404346.0,19.95
305488.0,6404346.0,20.67
305490.0,6404346.0,20.9
305492.0,6404346.0,21.14
305494.0,6404346.0,21.26
305496.0,6404346.0,21.24
305498.0,6404346.0,21.24
305500.0,6404346.0,21.15
305502.0,6404346.0,21.3
305504.0,6404346.0,21.75
305506.0,6404346.0,22.12
305508.0,6404346.0,22.08
305510.0,6404346.0,21.95
305512.0,6404346.0,21.76
305514.0,6404346.0,21.62
305516.0,6404346.0,21.59
305518.0,6404346.0,21.56
305520.0,6404346.0,21.36
305522.0,6404346.0,21.22
305524.0,6404346.0,21.02
305526.0,6404346.0,21.02
305528.0,6404346.0,20.78
305530.0,6404346.0,20.83
305532.0,6404346.0,21.19
305534.0,6404346.0,21.43
305536.0,6404346.0,21.34
305538.0,6404346.0,21.36
305540.0,6404346.0,21.81
305542.0,6404346.0,22.26
305544.0,6404346.0,22.88
305546.0,6404346.0,22.88
305548.0,6404346.0,22.74
305550.0,6404346.0,22.92
305552.0,6404346.0,23.02
305554.0,6404346.0,22.67
305556.0,6404346.0,22.07
305558.0,6404346.0,21.55
305560.0,6404346.0,20.94
305562.0,6404346.0,20.68
305564.0,6404346.0,20.59
305566.0,6404346.0,20.57
305568.0,6404346.0,20.49
305570.0,6404346.0,20.82
305572.0,6404346.0,21.92
305574.0,6404346.0,22.77
305576.0,6404346.0,23.47
305578.0,6404346.0,23.71
305580.0,6404346.0,24.35
305582.0,6404346.0,25.34
305584.0,6404346.0,25.84
305586.0,6404346.0,25.95
305588.0,6404346.0,25.94
305590.0,6404346.0,26.09
305592.0,6404346.0,26.58
305594.0,6404346.0,27.38
305596.0,6404346.0,27.76
305598.0,6404346.0,27.6
305600.0,6404346.0,27.11
305602.0,6404346.0,26.67
305604.0,6404346.0,26.5
305606.0,6404346.0,26.09
305608.0,6404346.0,26.31
305610.0,6404346.0,26.6
305612.0,6404346.0,26.08
305614.0,6404346.0,25.55
305616.0,6404346.0,25.53
305618.0,6404346.0,25.17
305620.0,6404346.0,24.57
305622.0,6404346.0,24.03
305624.0,6404346.0,24.36
305626.0,6404346.0,24.37
305628.0,6404346.0,24.23
305630.0,6404346.0,24.12
305632.0,6404346.0,23.98
305634.0,6404346.0,24.04
305636.0,6404346.0,23.92
305638.0,6404346.0,23.85
305640.0,6404346.0,23.44
305642.0,6404346.0,23.09
305644.0,6404346.0,23.8
305646.0,6404346.0,24.47
305648.0,6404346.0,24.52
305650.0,6404346.0,24.45
305652.0,6404346.0,24.44
305654.0,6404346.0,24.63
305656.0,6404346.0,24.5
305658.0,6404346.0,24.39
305660.0,6404346.0,24.17
305662.0,6404346.0,23.74
305664.0,6404346.0,23.74
305666.0,6404346.0,23.0
305668.0,6404346.0,22.39
305670.0,6404346.0,22.42
305672.0,6404346.0,23.09
305674.0,6404346.0,23.04
305676.0,6404346.0,23.35
305678.0,6404346.0,23.54
305680.0,6404346.0,23.69
305150.0,6404348.0,6.52
305152.0,6404348.0,7.01
305154.0,6404348.0,6.68
305156.0,6404348.0,6.16
305158.0,6404348.0,5.23
305160.0,6404348.0,4.0
305162.0,6404348.0,3.84
305164.0,6404348.0,3.94
305166.0,6404348.0,3.8
305168.0,6404348.0,4.07
305170.0,6404348.0,4.16
305172.0,6404348.0,4.15
305174.0,6404348.0,4.21
305176.0,6404348.0,5.05
305178.0,6404348.0,6.02
305180.0,6404348.0,6.28
305182.0,6404348.0,6.11
305184.0,6404348.0,5.97
305186.0,6404348.0,6.37
305188.0,6404348.0,6.35
305190.0,6404348.0,6.48
305192.0,6404348.0,6.69
305194.0,6404348.0,6.88
305196.0,6404348.0,6.99
305198.0,6404348.0,7.42
305200.0,6404348.0,7.53
305202.0,6404348.0,7.46
305204.0,6404348.0,7.47
305206.0,6404348.0,7.37
305208.0,6404348.0,7.18
305210.0,6404348.0,7.04
305212.0,6404348.0,6.83
305214.0,6404348.0,6.84
305216.0,6404348.0,6.97
305218.0,6404348.0,7.26
305220.0,6404348.0,7.67
305222.0,6404348.0,7.79
305224.0,6404348.0,7.87
305226.0,6404348.0,8.0
305228.0,6404348.0,8.13
305230.0,6404348.0,8.43
305232.0,6404348.0,8.75
305234.0,6404348.0,9.55
305236.0,6404348.0,10.08
305238.0,6404348.0,10.19
305240.0,6404348.0,10.19
305242.0,6404348.0,10.29
305244.0,6404348.0,10.72
305246.0,6404348.0,10.98
305248.0,6404348.0,10.98
305250.0,6404348.0,11.4
305252.0,6404348.0,11.72
305254.0,6404348.0,11.96
305256.0,6404348.0,11.99
305258.0,6404348.0,12.8
305260.0,6404348.0,12.63
305262.0,6404348.0,13.25
305264.0,6404348.0,14.31
305266.0,6404348.0,15.79
305268.0,6404348.0,16.38
305270.0,6404348.0,16.65
305272.0,6404348.0,16.7
305274.0,6404348.0,16.82
305276.0,6404348.0,17.19
305278.0,6404348.0,17.58
305280.0,6404348.0,17.82
305282.0,6404348.0,18.05
305284.0,6404348.0,18.19
305286.0,6404348.0,18.57
305288.0,6404348.0,18.68
305290.0,6404348.0,18.81
305292.0,6404348.0,19.04
305294.0,6404348.0,19.23
305296.0,6404348.0,19.45
305298.0,6404348.0,19.35
305300.0,6404348.0,19.28
305302.0,6404348.0,19.53
305304.0,6404348.0,18.53
305306.0,6404348.0,18.2
305308.0,6404348.0,18.51
305310.0,6404348.0,18.39
305312.0,6404348.0,17.82
305314.0,6404348.0,17.57
305316.0,6404348.0,17.57
305318.0,6404348.0,17.89
305320.0,6404348.0,17.84
305322.0,6404348.0,18.76
305324.0,6404348.0,19.19
305326.0,6404348.0,18.96
305328.0,6404348.0,18.74
305330.0,6404348.0,18.8
305332.0,6404348.0,18.82
305334.0,6404348.0,18.73
305336.0,6404348.0,18.8
305338.0,6404348.0,18.99
305340.0,6404348.0,19.27
305342.0,6404348.0,19.8
305344.0,6404348.0,20.47
305346.0,6404348.0,20.05
305348.0,6404348.0,19.38
305350.0,6404348.0,20.09
305352.0,6404348.0,21.42
305354.0,6404348.0,21.86
305356.0,6404348.0,21.67
305358.0,6404348.0,21.41
305360.0,6404348.0,21.0
305362.0,6404348.0,21.13
305364.0,6404348.0,21.32
305366.0,6404348.0,21.9
305368.0,6404348.0,22.44
305370.0,6404348.0,22.73
305372.0,6404348.0,23.06
305374.0,6404348.0,23.4
305376.0,6404348.0,23.55
305378.0,6404348.0,22.35
305380.0,6404348.0,22.81
305382.0,6404348.0,22.95
305384.0,6404348.0,22.91
305386.0,6404348.0,22.54
305388.0,6404348.0,22.0
305390.0,6404348.0,21.32
305392.0,6404348.0,21.01
305394.0,6404348.0,20.51
305396.0,6404348.0,20.0
305398.0,6404348.0,19.27
305400.0,6404348.0,18.57
305402.0,6404348.0,18.44
305404.0,6404348.0,17.73
305406.0,6404348.0,17.76
305408.0,6404348.0,17.68
305410.0,6404348.0,18.02
305412.0,6404348.0,18.55
305414.0,6404348.0,18.97
305416.0,6404348.0,19.55
305418.0,6404348.0,19.83
305420.0,6404348.0,20.12
305422.0,6404348.0,20.69
305424.0,6404348.0,20.98
305426.0,6404348.0,20.7
305428.0,6404348.0,21.07
305430.0,6404348.0,21.06
305432.0,6404348.0,20.41
305434.0,6404348.0,21.49
305436.0,6404348.0,21.81
305438.0,6404348.0,21.53
305440.0,6404348.0,21.37
305442.0,6404348.0,21.08
305444.0,6404348.0,20.75
305446.0,6404348.0,20.71
305448.0,6404348.0,20.38
305450.0,6404348.0,20.17
305452.0,6404348.0,19.89
305454.0,6404348.0,19.47
305456.0,6404348.0,18.38
305458.0,6404348.0,18.19
305460.0,6404348.0,18.38
305462.0,6404348.0,17.97
305464.0,6404348.0,17.08
305466.0,6404348.0,16.7
305468.0,6404348.0,16.7
305470.0,6404348.0,16.26
305472.0,6404348.0,16.76
305474.0,6404348.0,16.84
305476.0,6404348.0,16.84
305478.0,6404348.0,17.61
305480.0,6404348.0,17.6
305482.0,6404348.0,18.03
305484.0,6404348.0,18.79
305486.0,6404348.0,19.08
305488.0,6404348.0,19.11
305490.0,6404348.0,19.95
305492.0,6404348.0,20.78
305494.0,6404348.0,20.77
305496.0,6404348.0,20.58
305498.0,6404348.0,20.47
305500.0,6404348.0,20.71
305502.0,6404348.0,21.03
305504.0,6404348.0,21.49
305506.0,6404348.0,21.53
305508.0,6404348.0,21.5
305510.0,6404348.0,21.33
305512.0,6404348.0,21.51
305514.0,6404348.0,21.37
305516.0,6404348.0,21.1
305518.0,6404348.0,21.02
305520.0,6404348.0,20.97
305522.0,6404348.0,20.82
305524.0,6404348.0,20.74
305526.0,6404348.0,20.54
305528.0,6404348.0,20.36
305530.0,6404348.0,20.58
305532.0,6404348.0,20.66
305534.0,6404348.0,20.68
305536.0,6404348.0,20.73
305538.0,6404348.0,21.01
305540.0,6404348.0,21.29
305542.0,6404348.0,21.63
305544.0,6404348.0,22.79
305546.0,6404348.0,22.83
305548.0,6404348.0,22.71
305550.0,6404348.0,22.49
305552.0,6404348.0,22.63
305554.0,6404348.0,22.61
305556.0,6404348.0,22.24
305558.0,6404348.0,21.78
305560.0,6404348.0,21.15
305562.0,6404348.0,20.8
305564.0,6404348.0,20.49
305566.0,6404348.0,20.43
305568.0,6404348.0,20.33
305570.0,6404348.0,20.46
305572.0,6404348.0,21.03
305574.0,6404348.0,21.67
305576.0,6404348.0,22.35
305578.0,6404348.0,23.18
305580.0,6404348.0,24.91
305582.0,6404348.0,25.49
305584.0,6404348.0,25.82
305586.0,6404348.0,25.87
305588.0,6404348.0,26.01
305590.0,6404348.0,26.22
305592.0,6404348.0,26.54
305594.0,6404348.0,27.22
305596.0,6404348.0,27.5
305598.0,6404348.0,27.49
305600.0,6404348.0,27.16
305602.0,6404348.0,26.71
305604.0,6404348.0,26.33
305606.0,6404348.0,26.12
305608.0,6404348.0,25.95
305610.0,6404348.0,25.71
305612.0,6404348.0,25.1
305614.0,6404348.0,24.4
305616.0,6404348.0,23.93
305618.0,6404348.0,23.74
305620.0,6404348.0,23.77
305622.0,6404348.0,23.71
305624.0,6404348.0,23.52
305626.0,6404348.0,23.55
305628.0,6404348.0,23.53
305630.0,6404348.0,23.31
305632.0,6404348.0,23.15
305634.0,6404348.0,22.85
305636.0,6404348.0,23.02
305638.0,6404348.0,22.78
305640.0,6404348.0,22.85
305642.0,6404348.0,22.26
305644.0,6404348.0,22.18
305646.0,6404348.0,22.64
305648.0,6404348.0,23.28
305650.0,6404348.0,23.43
305652.0,6404348.0,23.44
305654.0,6404348.0,23.09
305656.0,6404348.0,23.09
305658.0,6404348.0,23.17
305660.0,6404348.0,23.0
305662.0,6404348.0,23.04
305664.0,6404348.0,22.4
305666.0,6404348.0,22.31
305668.0,6404348.0,22.01
305670.0,6404348.0,21.91
305672.0,6404348.0,22.01
305674.0,6404348.0,22.28
305676.0,6404348.0,22.13
305678.0,6404348.0,21.9
305680.0,6404348.0,22.17
305150.0,6404350.0,5.92
305152.0,6404350.0,6.05
305154.0,6404350.0,6.35
305156.0,6404350.0,5.88
305158.0,6404350.0,4.38
305160.0,6404350.0,3.59
305162.0,6404350.0,3.71
305164.0,6404350.0,3.77
305166.0,6404350.0,3.73
305168.0,6404350.0,4.04
305170.0,6404350.0,4.11
305172.0,6404350.0,4.18
305174.0,6404350.0,5.25
305176.0,6404350.0,6.2
305178.0,6404350.0,6.63
305180.0,6404350.0,6.9
305182.0,6404350.0,6.74
305184.0,6404350.0,6.66
305186.0,6404350.0,6.84
305188.0,6404350.0,6.83
305190.0,6404350.0,6.94
305192.0,6404350.0,7.03
305194.0,6404350.0,7.02
305196.0,6404350.0,7.1
305198.0,6404350.0,7.34
305200.0,6404350.0,7.43
305202.0,6404350.0,7.36
305204.0,6404350.0,7.37
305206.0,6404350.0,7.21
305208.0,6404350.0,6.98
305210.0,6404350.0,7.01
305212.0,6404350.0,6.98
305214.0,6404350.0,6.78
305216.0,6404350.0,6.75
305218.0,6404350.0,7.08
305220.0,6404350.0,7.45
305222.0,6404350.0,7.67
305224.0,6404350.0,7.84
305226.0,6404350.0,8.02
305228.0,6404350.0,8.21
305230.0,6404350.0,8.47
305232.0,6404350.0,8.75
305234.0,6404350.0,9.23
305236.0,6404350.0,9.92
305238.0,6404350.0,10.19
305240.0,6404350.0,10.14
305242.0,6404350.0,10.28
305244.0,6404350.0,10.59
305246.0,6404350.0,10.79
305248.0,6404350.0,10.54
305250.0,6404350.0,10.86
305252.0,6404350.0,11.35
305254.0,6404350.0,11.75
305256.0,6404350.0,11.78
305258.0,6404350.0,11.73
305260.0,6404350.0,11.58
305262.0,6404350.0,11.97
305264.0,6404350.0,12.74
305266.0,6404350.0,13.68
305268.0,6404350.0,14.27
305270.0,6404350.0,15.57
305272.0,6404350.0,16.0
305274.0,6404350.0,16.29
305276.0,6404350.0,16.76
305278.0,6404350.0,17.08
305280.0,6404350.0,17.36
305282.0,6404350.0,17.58
305284.0,6404350.0,17.73
305286.0,6404350.0,17.88
305288.0,6404350.0,18.01
305290.0,6404350.0,18.22
305292.0,6404350.0,18.36
305294.0,6404350.0,18.58
305296.0,6404350.0,18.76
305298.0,6404350.0,18.78
305300.0,6404350.0,18.76
305302.0,6404350.0,18.34
305304.0,6404350.0,17.97
305306.0,6404350.0,17.74
305308.0,6404350.0,18.04
305310.0,6404350.0,17.6
305312.0,6404350.0,17.07
305314.0,6404350.0,17.15
305316.0,6404350.0,17.07
305318.0,6404350.0,17.03
305320.0,6404350.0,16.93
305322.0,6404350.0,17.21
305324.0,6404350.0,17.94
305326.0,6404350.0,18.55
305328.0,6404350.0,18.51
305330.0,6404350.0,18.48
305332.0,6404350.0,18.27
305334.0,6404350.0,18.39
305336.0,6404350.0,18.6
305338.0,6404350.0,18.64
305340.0,6404350.0,19.01
305342.0,6404350.0,19.67
305344.0,6404350.0,19.93
305346.0,6404350.0,19.45
305348.0,6404350.0,19.19
305350.0,6404350.0,19.32
305352.0,6404350.0,20.4
305354.0,6404350.0,20.84
305356.0,6404350.0,20.18
305358.0,6404350.0,20.63
305360.0,6404350.0,20.96
305362.0,6404350.0,21.48
305364.0,6404350.0,21.86
305366.0,6404350.0,22.36
305368.0,6404350.0,22.58
305370.0,6404350.0,22.64
305372.0,6404350.0,22.9
305374.0,6404350.0,22.83
305376.0,6404350.0,22.26
305378.0,6404350.0,22.28
305380.0,6404350.0,22.49
305382.0,6404350.0,22.82
305384.0,6404350.0,22.75
305386.0,6404350.0,22.2
305388.0,6404350.0,21.34
305390.0,6404350.0,20.87
305392.0,6404350.0,20.73
305394.0,6404350.0,20.34
305396.0,6404350.0,19.84
305398.0,6404350.0,19.1
305400.0,6404350.0,18.43
305402.0,6404350.0,18.21
305404.0,6404350.0,17.61
305406.0,6404350.0,17.51
305408.0,6404350.0,17.58
305410.0,6404350.0,18.34
305412.0,6404350.0,19.35
305414.0,6404350.0,19.66
305416.0,6404350.0,19.96
305418.0,6404350.0,20.23
305420.0,6404350.0,20.63
305422.0,6404350.0,20.71
305424.0,6404350.0,20.53
305426.0,6404350.0,20.95
305428.0,6404350.0,21.24
305430.0,6404350.0,21.64
305432.0,6404350.0,22.58
305434.0,6404350.0,22.88
305436.0,6404350.0,22.29
305438.0,6404350.0,21.77
305440.0,6404350.0,21.6
305442.0,6404350.0,21.49
305444.0,6404350.0,21.19
305446.0,6404350.0,21.1
305448.0,6404350.0,20.86
305450.0,6404350.0,20.66
305452.0,6404350.0,20.48
305454.0,6404350.0,20.29
305456.0,6404350.0,19.42
305458.0,6404350.0,18.03
305460.0,6404350.0,17.77
305462.0,6404350.0,17.6
305464.0,6404350.0,17.17
305466.0,6404350.0,17.09
305468.0,6404350.0,16.7
305470.0,6404350.0,16.15
305472.0,6404350.0,16.24
305474.0,6404350.0,16.16
305476.0,6404350.0,16.43
305478.0,6404350.0,16.41
305480.0,6404350.0,16.69
305482.0,6404350.0,17.26
305484.0,6404350.0,18.12
305486.0,6404350.0,18.46
305488.0,6404350.0,18.71
305490.0,6404350.0,18.73
305492.0,6404350.0,19.4
305494.0,6404350.0,20.07
305496.0,6404350.0,19.98
305498.0,6404350.0,20.1
305500.0,6404350.0,20.51
305502.0,6404350.0,20.75
305504.0,6404350.0,20.94
305506.0,6404350.0,21.02
305508.0,6404350.0,21.07
305510.0,6404350.0,20.98
305512.0,6404350.0,20.92
305514.0,6404350.0,20.99
305516.0,6404350.0,20.97
305518.0,6404350.0,20.75
305520.0,6404350.0,20.5
305522.0,6404350.0,20.29
305524.0,6404350.0,20.26
305526.0,6404350.0,20.17
305528.0,6404350.0,20.09
305530.0,6404350.0,20.16
305532.0,6404350.0,19.9
305534.0,6404350.0,19.94
305536.0,6404350.0,19.89
305538.0,6404350.0,20.3
305540.0,6404350.0,20.42
305542.0,6404350.0,21.0
305544.0,6404350.0,21.03
305546.0,6404350.0,21.14
305548.0,6404350.0,21.99
305550.0,6404350.0,22.11
305552.0,6404350.0,22.23
305554.0,6404350.0,22.82
305556.0,6404350.0,22.77
305558.0,6404350.0,22.41
305560.0,6404350.0,21.62
305562.0,6404350.0,21.1
305564.0,6404350.0,20.48
305566.0,6404350.0,20.12
305568.0,6404350.0,20.34
305570.0,6404350.0,20.49
305572.0,6404350.0,20.41
305574.0,6404350.0,20.83
305576.0,6404350.0,21.47
305578.0,6404350.0,22.71
305580.0,6404350.0,24.14
305582.0,6404350.0,24.91
305584.0,6404350.0,25.76
305586.0,6404350.0,25.92
305588.0,6404350.0,26.27
305590.0,6404350.0,26.59
305592.0,6404350.0,26.99
305594.0,6404350.0,27.07
305596.0,6404350.0,27.07
305598.0,6404350.0,27.05
305600.0,6404350.0,26.89
305602.0,6404350.0,26.49
305604.0,6404350.0,25.94
305606.0,6404350.0,25.88
305608.0,6404350.0,25.51
305610.0,6404350.0,24.44
305612.0,6404350.0,24.27
305614.0,6404350.0,23.83
305616.0,6404350.0,23.97
305618.0,6404350.0,23.5
305620.0,6404350.0,23.36
305622.0,6404350.0,23.43
305624.0,6404350.0,23.42
305626.0,6404350.0,23.08
305628.0,6404350.0,22.93
305630.0,6404350.0,22.76
305632.0,6404350.0,22.89
305634.0,6404350.0,22.76
305636.0,6404350.0,22.53
305638.0,6404350.0,22.2
305640.0,6404350.0,22.28
305642.0,6404350.0,21.95
305644.0,6404350.0,21.47
305646.0,6404350.0,21.2
305648.0,6404350.0,21.76
305650.0,6404350.0,22.04
305652.0,6404350.0,22.08
305654.0,6404350.0,22.17
305656.0,6404350.0,22.09
305658.0,6404350.0,22.1
305660.0,6404350.0,22.11
305662.0,6404350.0,22.14
305664.0,6404350.0,21.93
305666.0,6404350.0,21.91
305668.0,6404350.0,21.84
305670.0,6404350.0,21.65
305672.0,6404350.0,21.6
305674.0,6404350.0,21.29
305676.0,6404350.0,21.57
305678.0,6404350.0,21.6
305680.0,6404350.0,21.97
305150.0,6404352.0,5.12
305152.0,6404352.0,5.01
305154.0,6404352.0,5.53
305156.0,6404352.0,4.77
305158.0,6404352.0,3.49
305160.0,6404352.0,3.62
305162.0,6404352.0,3.66
305164.0,6404352.0,3.54
305166.0,6404352.0,3.75
305168.0,6404352.0,3.99
305170.0,6404352.0,4.58
305172.0,6404352.0,5.2
305174.0,6404352.0,6.44
305176.0,6404352.0,7.01
305178.0,6404352.0,7.22
305180.0,6404352.0,7.27
305182.0,6404352.0,7.26
305184.0,6404352.0,7.11
305186.0,6404352.0,7.1
305188.0,6404352.0,7.22
305190.0,6404352.0,7.34
305192.0,6404352.0,7.28
305194.0,6404352.0,7.29
305196.0,6404352.0,7.19
305198.0,6404352.0,7.34
305200.0,6404352.0,7.3
305202.0,6404352.0,7.27
305204.0,6404352.0,7.3
305206.0,6404352.0,7.17
305208.0,6404352.0,6.95
305210.0,6404352.0,6.95
305212.0,6404352.0,6.97
305214.0,6404352.0,6.91
305216.0,6404352.0,6.95
305218.0,6404352.0,6.99
305220.0,6404352.0,7.24
305222.0,6404352.0,7.47
305224.0,6404352.0,7.76
305226.0,6404352.0,7.93
305228.0,6404352.0,8.36
305230.0,6404352.0,8.58
305232.0,6404352.0,8.83
305234.0,6404352.0,9.11
305236.0,6404352.0,9.26
305238.0,6404352.0,9.58
305240.0,6404352.0,9.91
305242.0,6404352.0,9.96
305244.0,6404352.0,10.01
305246.0,6404352.0,10.24
305248.0,6404352.0,10.31
305250.0,6404352.0,10.34
305252.0,6404352.0,10.65
305254.0,6404352.0,11.55
305256.0,6404352.0,11.88
305258.0,6404352.0,11.91
305260.0,6404352.0,11.59
305262.0,6404352.0,11.55
305264.0,6404352.0,11.43
305266.0,6404352.0,12.25
305268.0,6404352.0,12.79
305270.0,6404352.0,13.53
305272.0,6404352.0,14.89
305274.0,6404352.0,15.0
305276.0,6404352.0,15.94
305278.0,6404352.0,16.53
305280.0,6404352.0,16.69
305282.0,6404352.0,16.92
305284.0,6404352.0,17.36
305286.0,6404352.0,17.36
305288.0,6404352.0,17.34
305290.0,6404352.0,17.42
305292.0,6404352.0,17.76
305294.0,6404352.0,17.92
305296.0,6404352.0,18.12
305298.0,6404352.0,18.02
305300.0,6404352.0,18.01
305302.0,6404352.0,17.89
305304.0,6404352.0,17.55
305306.0,6404352.0,17.65
305308.0,6404352.0,17.28
305310.0,6404352.0,16.86
305312.0,6404352.0,16.69
305314.0,6404352.0,16.51
305316.0,6404352.0,16.39
305318.0,6404352.0,16.64
305320.0,6404352.0,16.44
305322.0,6404352.0,16.62
305324.0,6404352.0,17.3
305326.0,6404352.0,17.53
305328.0,6404352.0,17.42
305330.0,6404352.0,17.83
305332.0,6404352.0,17.94
305334.0,6404352.0,17.94
305336.0,6404352.0,18.27
305338.0,6404352.0,18.29
305340.0,6404352.0,18.71
305342.0,6404352.0,19.06
305344.0,6404352.0,18.94
305346.0,6404352.0,19.01
305348.0,6404352.0,19.57
305350.0,6404352.0,19.08
305352.0,6404352.0,19.49
305354.0,6404352.0,20.0
305356.0,6404352.0,20.76
305358.0,6404352.0,21.13
305360.0,6404352.0,21.51
305362.0,6404352.0,22.13
305364.0,6404352.0,22.16
305366.0,6404352.0,22.38
305368.0,6404352.0,22.48
305370.0,6404352.0,22.33
305372.0,6404352.0,22.11
305374.0,6404352.0,21.92
305376.0,6404352.0,21.73
305378.0,6404352.0,21.69
305380.0,6404352.0,21.66
305382.0,6404352.0,22.13
305384.0,6404352.0,21.76
305386.0,6404352.0,20.88
305388.0,6404352.0,20.64
305390.0,6404352.0,20.84
305392.0,6404352.0,20.55
305394.0,6404352.0,20.22
305396.0,6404352.0,19.56
305398.0,6404352.0,18.93
305400.0,6404352.0,18.39
305402.0,6404352.0,18.03
305404.0,6404352.0,17.39
305406.0,6404352.0,17.22
305408.0,6404352.0,17.44
305410.0,6404352.0,18.29
305412.0,6404352.0,19.79
305414.0,6404352.0,20.48
305416.0,6404352.0,20.88
305418.0,6404352.0,20.94
305420.0,6404352.0,20.95
305422.0,6404352.0,21.14
305424.0,6404352.0,21.07
305426.0,6404352.0,20.91
305428.0,6404352.0,21.16
305430.0,6404352.0,22.01
305432.0,6404352.0,22.69
305434.0,6404352.0,22.59
305436.0,6404352.0,22.16
305438.0,6404352.0,21.62
305440.0,6404352.0,21.92
305442.0,6404352.0,21.67
305444.0,6404352.0,21.37
305446.0,6404352.0,21.14
305448.0,6404352.0,21.17
305450.0,6404352.0,20.95
305452.0,6404352.0,20.72
305454.0,6404352.0,20.68
305456.0,6404352.0,20.21
305458.0,6404352.0,19.57
305460.0,6404352.0,18.36
305462.0,6404352.0,17.26
305464.0,6404352.0,16.96
305466.0,6404352.0,17.1
305468.0,6404352.0,16.47
305470.0,6404352.0,16.02
305472.0,6404352.0,16.11
305474.0,6404352.0,16.03
305476.0,6404352.0,15.98
305478.0,6404352.0,15.93
305480.0,6404352.0,16.02
305482.0,6404352.0,15.91
305484.0,6404352.0,16.25
305486.0,6404352.0,16.97
305488.0,6404352.0,17.59
305490.0,6404352.0,17.88
305492.0,6404352.0,17.91
305494.0,6404352.0,18.1
305496.0,6404352.0,18.14
305498.0,6404352.0,19.69
305500.0,6404352.0,19.61
305502.0,6404352.0,19.66
305504.0,6404352.0,19.98
305506.0,6404352.0,20.17
305508.0,6404352.0,20.3
305510.0,6404352.0,20.29
305512.0,6404352.0,20.37
305514.0,6404352.0,20.44
305516.0,6404352.0,20.43
305518.0,6404352.0,20.3
305520.0,6404352.0,20.12
305522.0,6404352.0,19.95
305524.0,6404352.0,19.91
305526.0,6404352.0,19.75
305528.0,6404352.0,19.72
305530.0,6404352.0,19.51
305532.0,6404352.0,19.52
305534.0,6404352.0,19.74
305536.0,6404352.0,19.91
305538.0,6404352.0,20.08
305540.0,6404352.0,20.2
305542.0,6404352.0,20.25
305544.0,6404352.0,20.53
305546.0,6404352.0,21.08
305548.0,6404352.0,21.31
305550.0,6404352.0,21.7
305552.0,6404352.0,21.95
305554.0,6404352.0,22.4
305556.0,6404352.0,22.5
305558.0,6404352.0,22.49
305560.0,6404352.0,21.89
305562.0,6404352.0,20.8
305564.0,6404352.0,20.01
305566.0,6404352.0,19.86
305568.0,6404352.0,19.82
305570.0,6404352.0,20.33
305572.0,6404352.0,20.4
305574.0,6404352.0,20.48
305576.0,6404352.0,20.57
305578.0,6404352.0,21.01
305580.0,6404352.0,22.84
305582.0,6404352.0,23.96
305584.0,6404352.0,24.95
305586.0,6404352.0,25.72
305588.0,6404352.0,26.25
305590.0,6404352.0,26.49
305592.0,6404352.0,26.63
305594.0,6404352.0,26.6
305596.0,6404352.0,26.51
305598.0,6404352.0,26.5
305600.0,6404352.0,26.26
305602.0,6404352.0,25.77
305604.0,6404352.0,25.16
305606.0,6404352.0,24.89
305608.0,6404352.0,23.89
305610.0,6404352.0,23.76
305612.0,6404352.0,23.77
305614.0,6404352.0,23.83
305616.0,6404352.0,23.95
305618.0,6404352.0,23.75
305620.0,6404352.0,23.5
305622.0,6404352.0,23.16
305624.0,6404352.0,23.02
305626.0,6404352.0,22.57
305628.0,6404352.0,22.48
305630.0,6404352.0,22.47
305632.0,6404352.0,22.67
305634.0,6404352.0,22.37
305636.0,6404352.0,22.04
305638.0,6404352.0,21.93
305640.0,6404352.0,21.67
305642.0,6404352.0,21.22
305644.0,6404352.0,20.78
305646.0,6404352.0,20.76
305648.0,6404352.0,20.79
305650.0,6404352.0,21.0
305652.0,6404352.0,21.27
305654.0,6404352.0,21.68
305656.0,6404352.0,21.44
305658.0,6404352.0,21.43
305660.0,6404352.0,21.57
305662.0,6404352.0,22.23
305664.0,6404352.0,22.43
305666.0,6404352.0,21.88
305668.0,6404352.0,21.52
305670.0,6404352.0,21.43
305672.0,6404352.0,21.34
305674.0,6404352.0,21.31
305676.0,6404352.0,21.54
305678.0,6404352.0,21.94
305680.0,6404352.0,22.59
305150.0,6404354.0,4.86
305152.0,6404354.0,4.45
305154.0,6404354.0,4.42
305156.0,6404354.0,3.6
305158.0,6404354.0,3.54
305160.0,6404354.0,3.62
305162.0,6404354.0,3.62
305164.0,6404354.0,3.44
305166.0,6404354.0,3.89
305168.0,6404354.0,4.69
305170.0,6404354.0,5.58
305172.0,6404354.0,5.94
305174.0,6404354.0,6.9
305176.0,6404354.0,7.21
305178.0,6404354.0,7.42
305180.0,6404354.0,7.66
305182.0,6404354.0,8.04
305184.0,6404354.0,8.09
305186.0,6404354.0,7.9
305188.0,6404354.0,7.88
305190.0,6404354.0,7.83
305192.0,6404354.0,7.64
305194.0,6404354.0,7.35
305196.0,6404354.0,7.36
305198.0,6404354.0,7.42
305200.0,6404354.0,7.39
305202.0,6404354.0,7.29
305204.0,6404354.0,7.26
305206.0,6404354.0,7.08
305208.0,6404354.0,7.08
305210.0,6404354.0,6.99
305212.0,6404354.0,6.98
305214.0,6404354.0,6.96
305216.0,6404354.0,6.85
305218.0,6404354.0,6.89
305220.0,6404354.0,7.05
305222.0,6404354.0,7.52
305224.0,6404354.0,7.87
305226.0,6404354.0,7.93
305228.0,6404354.0,8.18
305230.0,6404354.0,8.49
305232.0,6404354.0,8.96
305234.0,6404354.0,9.14
305236.0,6404354.0,9.26
305238.0,6404354.0,9.32
305240.0,6404354.0,9.38
305242.0,6404354.0,9.51
305244.0,6404354.0,9.57
305246.0,6404354.0,9.74
305248.0,6404354.0,9.94
305250.0,6404354.0,10.15
305252.0,6404354.0,10.33
305254.0,6404354.0,10.75
305256.0,6404354.0,11.39
305258.0,6404354.0,11.76
305260.0,6404354.0,12.01
305262.0,6404354.0,11.52
305264.0,6404354.0,11.3
305266.0,6404354.0,11.32
305268.0,6404354.0,11.5
305270.0,6404354.0,12.36
305272.0,6404354.0,13.34
305274.0,6404354.0,12.89
305276.0,6404354.0,13.19
305278.0,6404354.0,14.47
305280.0,6404354.0,15.37
305282.0,6404354.0,15.8
305284.0,6404354.0,16.25
305286.0,6404354.0,16.56
305288.0,6404354.0,16.8
305290.0,6404354.0,16.85
305292.0,6404354.0,16.98
305294.0,6404354.0,17.16
305296.0,6404354.0,17.39
305298.0,6404354.0,17.31
305300.0,6404354.0,17.25
305302.0,6404354.0,17.44
305304.0,6404354.0,17.18
305306.0,6404354.0,17.02
305308.0,6404354.0,16.55
305310.0,6404354.0,16.25
305312.0,6404354.0,15.98
305314.0,6404354.0,15.82
305316.0,6404354.0,15.63
305318.0,6404354.0,16.03
305320.0,6404354.0,16.13
305322.0,6404354.0,16.35
305324.0,6404354.0,16.86
305326.0,6404354.0,17.16
305328.0,6404354.0,17.16
305330.0,6404354.0,17.4
305332.0,6404354.0,17.59
305334.0,6404354.0,17.61
305336.0,6404354.0,17.75
305338.0,6404354.0,18.09
305340.0,6404354.0,18.23
305342.0,6404354.0,18.64
305344.0,6404354.0,18.88
305346.0,6404354.0,19.47
305348.0,6404354.0,19.6
305350.0,6404354.0,20.0
305352.0,6404354.0,20.22
305354.0,6404354.0,20.77
305356.0,6404354.0,21.2
305358.0,6404354.0,21.44
305360.0,6404354.0,21.59
305362.0,6404354.0,21.72
305364.0,6404354.0,21.21
305366.0,6404354.0,21.26
305368.0,6404354.0,22.21
305370.0,6404354.0,22.12
305372.0,6404354.0,21.93
305374.0,6404354.0,21.75
305376.0,6404354.0,21.66
305378.0,6404354.0,21.45
305380.0,6404354.0,21.15
305382.0,6404354.0,21.09
305384.0,6404354.0,20.63
305386.0,6404354.0,20.29
305388.0,6404354.0,20.54
305390.0,6404354.0,20.56
305392.0,6404354.0,20.25
305394.0,6404354.0,20.03
305396.0,6404354.0,19.87
305398.0,6404354.0,19.47
305400.0,6404354.0,18.64
305402.0,6404354.0,17.74
305404.0,6404354.0,17.0
305406.0,6404354.0,16.83
305408.0,6404354.0,17.59
305410.0,6404354.0,18.73
305412.0,6404354.0,19.73
305414.0,6404354.0,20.39
305416.0,6404354.0,20.92
305418.0,6404354.0,21.23
305420.0,6404354.0,21.31
305422.0,6404354.0,21.32
305424.0,6404354.0,21.03
305426.0,6404354.0,21.17
305428.0,6404354.0,21.24
305430.0,6404354.0,21.42
305432.0,6404354.0,21.92
305434.0,6404354.0,22.05
305436.0,6404354.0,21.83
305438.0,6404354.0,21.85
305440.0,6404354.0,21.86
305442.0,6404354.0,21.61
305444.0,6404354.0,21.35
305446.0,6404354.0,21.08
305448.0,6404354.0,21.01
305450.0,6404354.0,20.78
305452.0,6404354.0,20.67
305454.0,6404354.0,20.55
305456.0,6404354.0,20.17
305458.0,6404354.0,19.6
305460.0,6404354.0,18.78
305462.0,6404354.0,18.16
305464.0,6404354.0,17.22
305466.0,6404354.0,16.26
305468.0,6404354.0,16.01
305470.0,6404354.0,15.8
305472.0,6404354.0,15.82
305474.0,6404354.0,15.83
305476.0,6404354.0,15.82
305478.0,6404354.0,15.79
305480.0,6404354.0,15.64
305482.0,6404354.0,15.36
305484.0,6404354.0,15.39
305486.0,6404354.0,15.09
305488.0,6404354.0,14.93
305490.0,6404354.0,16.1
305492.0,6404354.0,16.3
305494.0,6404354.0,16.77
305496.0,6404354.0,17.21
305498.0,6404354.0,17.76
305500.0,6404354.0,18.25
305502.0,6404354.0,19.02
305504.0,6404354.0,19.02
305506.0,6404354.0,19.16
305508.0,6404354.0,19.57
305510.0,6404354.0,19.8
305512.0,6404354.0,20.06
305514.0,6404354.0,20.01
305516.0,6404354.0,19.94
305518.0,6404354.0,19.89
305520.0,6404354.0,19.66
305522.0,6404354.0,19.47
305524.0,6404354.0,19.34
305526.0,6404354.0,19.08
305528.0,6404354.0,18.89
305530.0,6404354.0,18.7
305532.0,6404354.0,18.75
305534.0,6404354.0,19.22
305536.0,6404354.0,19.3
305538.0,6404354.0,19.1
305540.0,6404354.0,19.36
305542.0,6404354.0,19.17
305544.0,6404354.0,19.9
305546.0,6404354.0,20.72
305548.0,6404354.0,21.1
305550.0,6404354.0,21.49
305552.0,6404354.0,21.6
305554.0,6404354.0,21.97
305556.0,6404354.0,22.13
305558.0,6404354.0,22.1
305560.0,6404354.0,21.94
305562.0,6404354.0,21.52
305564.0,6404354.0,20.29
305566.0,6404354.0,19.48
305568.0,6404354.0,19.35
305570.0,6404354.0,19.68
305572.0,6404354.0,20.31
305574.0,6404354.0,20.41
305576.0,6404354.0,20.44
305578.0,6404354.0,20.66
305580.0,6404354.0,20.36
305582.0,6404354.0,21.19
305584.0,6404354.0,22.88
305586.0,6404354.0,24.58
305588.0,6404354.0,25.1
305590.0,6404354.0,25.6
305592.0,6404354.0,25.95
305594.0,6404354.0,26.07
305596.0,6404354.0,25.96
305598.0,6404354.0,25.72
305600.0,6404354.0,25.38
305602.0,6404354.0,24.61
305604.0,6404354.0,24.35
305606.0,6404354.0,24.03
305608.0,6404354.0,22.94
305610.0,6404354.0,23.41
305612.0,6404354.0,23.51
305614.0,6404354.0,23.53
305616.0,6404354.0,23.85
305618.0,6404354.0,23.65
305620.0,6404354.0,23.2
305622.0,6404354.0,22.87
305624.0,6404354.0,22.67
305626.0,6404354.0,22.64
305628.0,6404354.0,22.68
305630.0,6404354.0,22.67
305632.0,6404354.0,22.49
305634.0,6404354.0,22.13
305636.0,6404354.0,21.66
305638.0,6404354.0,21.39
305640.0,6404354.0,21.0
305642.0,6404354.0,20.8
305644.0,6404354.0,20.23
305646.0,6404354.0,20.19
305648.0,6404354.0,20.27
305650.0,6404354.0,20.35
305652.0,6404354.0,20.8
305654.0,6404354.0,21.22
305656.0,6404354.0,20.98
305658.0,6404354.0,20.97
305660.0,6404354.0,21.39
305662.0,6404354.0,22.02
305664.0,6404354.0,22.26
305666.0,6404354.0,21.14
305668.0,6404354.0,21.17
305670.0,6404354.0,21.51
305672.0,6404354.0,21.7
305674.0,6404354.0,22.08
305676.0,6404354.0,22.3
305678.0,6404354.0,22.91
305680.0,6404354.0,23.6
305150.0,6404356.0,4.04
305152.0,6404356.0,3.61
305154.0,6404356.0,3.4
305156.0,6404356.0,3.42
305158.0,6404356.0,3.39
305160.0,6404356.0,3.41
305162.0,6404356.0,3.33
305164.0,6404356.0,3.61
305166.0,6404356.0,4.67
305168.0,6404356.0,5.84
305170.0,6404356.0,6.45
305172.0,6404356.0,6.79
305174.0,6404356.0,7.55
305176.0,6404356.0,7.52
305178.0,6404356.0,7.68
305180.0,6404356.0,7.93
305182.0,6404356.0,8.1
305184.0,6404356.0,8.25
305186.0,6404356.0,8.41
305188.0,6404356.0,8.39
305190.0,6404356.0,8.32
305192.0,6404356.0,8.33
305194.0,6404356.0,7.6
305196.0,6404356.0,7.36
305198.0,6404356.0,7.35
305200.0,6404356.0,7.34
305202.0,6404356.0,7.28
305204.0,6404356.0,7.02
305206.0,6404356.0,7.0
305208.0,6404356.0,7.06
305210.0,6404356.0,7.03
305212.0,6404356.0,7.01
305214.0,6404356.0,6.94
305216.0,6404356.0,6.76
305218.0,6404356.0,6.76
305220.0,6404356.0,7.07
305222.0,6404356.0,7.62
305224.0,6404356.0,7.78
305226.0,6404356.0,7.95
305228.0,6404356.0,7.99
305230.0,6404356.0,8.07
305232.0,6404356.0,8.6
305234.0,6404356.0,8.98
305236.0,6404356.0,9.21
305238.0,6404356.0,9.33
305240.0,6404356.0,9.37
305242.0,6404356.0,9.5
305244.0,6404356.0,9.46
305246.0,6404356.0,9.59
305248.0,6404356.0,9.7
305250.0,6404356.0,9.97
305252.0,6404356.0,10.08
305254.0,6404356.0,10.48
305256.0,6404356.0,10.88
305258.0,6404356.0,11.28
305260.0,6404356.0,11.65
305262.0,6404356.0,11.73
305264.0,6404356.0,11.38
305266.0,6404356.0,11.28
305268.0,6404356.0,11.48
305270.0,6404356.0,11.3
305272.0,6404356.0,11.96
305274.0,6404356.0,12.29
305276.0,6404356.0,12.03
305278.0,6404356.0,12.55
305280.0,6404356.0,13.68
305282.0,6404356.0,14.12
305284.0,6404356.0,14.34
305286.0,6404356.0,15.23
305288.0,6404356.0,15.3
305290.0,6404356.0,15.63
305292.0,6404356.0,16.29
305294.0,6404356.0,16.62
305296.0,6404356.0,16.38
305298.0,6404356.0,16.12
305300.0,6404356.0,16.35
305302.0,6404356.0,16.73
305304.0,6404356.0,16.72
305306.0,6404356.0,16.34
305308.0,6404356.0,16.28
305310.0,6404356.0,15.88
305312.0,6404356.0,15.48
305314.0,6404356.0,15.62
305316.0,6404356.0,15.45
305318.0,6404356.0,15.47
305320.0,6404356.0,15.55
305322.0,6404356.0,15.83
305324.0,6404356.0,16.53
305326.0,6404356.0,16.96
305328.0,6404356.0,17.08
305330.0,6404356.0,17.07
305332.0,6404356.0,17.35
305334.0,6404356.0,17.56
305336.0,6404356.0,17.61
305338.0,6404356.0,17.93
305340.0,6404356.0,18.02
305342.0,6404356.0,18.51
305344.0,6404356.0,18.94
305346.0,6404356.0,19.76
305348.0,6404356.0,20.18
305350.0,6404356.0,20.26
305352.0,6404356.0,20.72
305354.0,6404356.0,21.11
305356.0,6404356.0,21.46
305358.0,6404356.0,21.41
305360.0,6404356.0,21.48
305362.0,6404356.0,20.88
305364.0,6404356.0,20.92
305366.0,6404356.0,20.64
305368.0,6404356.0,21.17
305370.0,6404356.0,21.88
305372.0,6404356.0,21.75
305374.0,6404356.0,21.55
305376.0,6404356.0,21.64
305378.0,6404356.0,21.45
305380.0,6404356.0,21.14
305382.0,6404356.0,20.55
305384.0,6404356.0,20.2
305386.0,6404356.0,20.44
305388.0,6404356.0,20.34
305390.0,6404356.0,20.16
305392.0,6404356.0,19.74
305394.0,6404356.0,19.92
305396.0,6404356.0,19.78
305398.0,6404356.0,19.45
305400.0,6404356.0,18.89
305402.0,6404356.0,17.65
305404.0,6404356.0,16.86
305406.0,6404356.0,16.61
305408.0,6404356.0,17.23
305410.0,6404356.0,18.17
305412.0,6404356.0,19.03
305414.0,6404356.0,19.73
305416.0,6404356.0,20.57
305418.0,6404356.0,20.96
305420.0,6404356.0,21.27
305422.0,6404356.0,21.5
305424.0,6404356.0,21.5
305426.0,6404356.0,21.26
305428.0,6404356.0,21.19
305430.0,6404356.0,21.14
305432.0,6404356.0,21.3
305434.0,6404356.0,21.84
305436.0,6404356.0,21.61
305438.0,6404356.0,21.65
305440.0,6404356.0,21.63
305442.0,6404356.0,21.29
305444.0,6404356.0,21.43
305446.0,6404356.0,21.14
305448.0,6404356.0,20.91
305450.0,6404356.0,20.78
305452.0,6404356.0,20.45
305454.0,6404356.0,20.25
305456.0,6404356.0,19.9
305458.0,6404356.0,19.47
305460.0,6404356.0,18.77
305462.0,6404356.0,18.24
305464.0,6404356.0,17.49
305466.0,6404356.0,16.36
305468.0,6404356.0,15.95
305470.0,6404356.0,15.87
305472.0,6404356.0,15.9
305474.0,6404356.0,15.91
305476.0,6404356.0,15.65
305478.0,6404356.0,15.38
305480.0,6404356.0,15.27
305482.0,6404356.0,15.3
305484.0,6404356.0,15.2
305486.0,6404356.0,15.07
305488.0,6404356.0,14.8
305490.0,6404356.0,14.65
305492.0,6404356.0,14.9
305494.0,6404356.0,15.56
305496.0,6404356.0,16.41
305498.0,6404356.0,16.53
305500.0,6404356.0,16.62
305502.0,6404356.0,17.01
305504.0,6404356.0,17.65
305506.0,6404356.0,18.06
305508.0,6404356.0,18.89
305510.0,6404356.0,19.28
305512.0,6404356.0,19.56
305514.0,6404356.0,19.51
305516.0,6404356.0,19.34
305518.0,6404356.0,19.2
305520.0,6404356.0,18.96
305522.0,6404356.0,18.6
305524.0,6404356.0,18.62
305526.0,6404356.0,18.46
305528.0,6404356.0,18.31
305530.0,6404356.0,17.74
305532.0,6404356.0,17.48
305534.0,6404356.0,17.43
305536.0,6404356.0,17.45
305538.0,6404356.0,18.02
305540.0,6404356.0,18.03
305542.0,6404356.0,18.04
305544.0,6404356.0,18.66
305546.0,6404356.0,20.01
305548.0,6404356.0,20.87
305550.0,6404356.0,21.32
305552.0,6404356.0,21.38
305554.0,6404356.0,21.53
305556.0,6404356.0,21.54
305558.0,6404356.0,21.57
305560.0,6404356.0,22.02
305562.0,6404356.0,21.75
305564.0,6404356.0,20.45
305566.0,6404356.0,19.73
305568.0,6404356.0,19.12
305570.0,6404356.0,19.23
305572.0,6404356.0,19.75
305574.0,6404356.0,20.16
305576.0,6404356.0,20.52
305578.0,6404356.0,20.44
305580.0,6404356.0,20.25
305582.0,6404356.0,20.1
305584.0,6404356.0,20.77
305586.0,6404356.0,23.15
305588.0,6404356.0,23.63
305590.0,6404356.0,24.22
305592.0,6404356.0,24.48
305594.0,6404356.0,24.81
305596.0,6404356.0,24.75
305598.0,6404356.0,24.25
305600.0,6404356.0,23.83
305602.0,6404356.0,23.4
305604.0,6404356.0,23.53
305606.0,6404356.0,22.93
305608.0,6404356.0,22.56
305610.0,6404356.0,22.83
305612.0,6404356.0,22.83
305614.0,6404356.0,22.84
305616.0,6404356.0,22.95
305618.0,6404356.0,22.76
305620.0,6404356.0,22.83
305622.0,6404356.0,22.64
305624.0,6404356.0,22.46
305626.0,6404356.0,22.48
305628.0,6404356.0,22.62
305630.0,6404356.0,22.7
305632.0,6404356.0,22.59
305634.0,6404356.0,22.45
305636.0,6404356.0,22.22
305638.0,6404356.0,21.81
305640.0,6404356.0,21.09
305642.0,6404356.0,20.6
305644.0,6404356.0,20.24
305646.0,6404356.0,20.04
305648.0,6404356.0,19.87
305650.0,6404356.0,19.72
305652.0,6404356.0,20.22
305654.0,6404356.0,20.37
305656.0,6404356.0,20.17
305658.0,6404356.0,20.22
305660.0,6404356.0,20.65
305662.0,6404356.0,20.34
305664.0,6404356.0,20.43
305666.0,6404356.0,20.7
305668.0,6404356.0,21.11
305670.0,6404356.0,21.43
305672.0,6404356.0,21.65
305674.0,6404356.0,22.65
305676.0,6404356.0,23.15
305678.0,6404356.0,23.41
305680.0,6404356.0,24.12
305150.0,6404358.0,3.33
305152.0,6404358.0,3.09
305154.0,6404358.0,3.1
305156.0,6404358.0,3.15
305158.0,6404358.0,3.26
305160.0,6404358.0,3.13
305162.0,6404358.0,3.18
305164.0,6404358.0,4.26
305166.0,6404358.0,5.69
305168.0,6404358.0,6.48
305170.0,6404358.0,6.86
305172.0,6404358.0,6.92
305174.0,6404358.0,7.47
305176.0,6404358.0,7.53
305178.0,6404358.0,7.8
305180.0,6404358.0,7.98
305182.0,6404358.0,8.14
305184.0,6404358.0,8.3
305186.0,6404358.0,8.36
305188.0,6404358.0,8.36
305190.0,6404358.0,8.6
305192.0,6404358.0,8.45
305194.0,6404358.0,8.2
305196.0,6404358.0,8.16
305198.0,6404358.0,7.28
305200.0,6404358.0,7.18
305202.0,6404358.0,6.99
305204.0,6404358.0,6.92
305206.0,6404358.0,6.77
305208.0,6404358.0,6.97
305210.0,6404358.0,6.99
305212.0,6404358.0,6.88
305214.0,6404358.0,6.71
305216.0,6404358.0,6.71
305218.0,6404358.0,6.71
305220.0,6404358.0,7.44
305222.0,6404358.0,7.49
305224.0,6404358.0,7.73
305226.0,6404358.0,7.91
305228.0,6404358.0,8.1
305230.0,6404358.0,8.04
305232.0,6404358.0,8.1
305234.0,6404358.0,8.25
305236.0,6404358.0,8.91
305238.0,6404358.0,9.32
305240.0,6404358.0,9.37
305242.0,6404358.0,9.45
305244.0,6404358.0,9.54
305246.0,6404358.0,9.61
305248.0,6404358.0,9.72
305250.0,6404358.0,9.77
305252.0,6404358.0,9.93
305254.0,6404358.0,10.15
305256.0,6404358.0,10.48
305258.0,6404358.0,11.0
305260.0,6404358.0,11.19
305262.0,6404358.0,11.35
305264.0,6404358.0,11.47
305266.0,6404358.0,11.38
305268.0,6404358.0,11.7
305270.0,6404358.0,11.41
305272.0,6404358.0,11.47
305274.0,6404358.0,11.41
305276.0,6404358.0,11.5
305278.0,6404358.0,11.77
305280.0,6404358.0,12.42
305282.0,6404358.0,13.57
305284.0,6404358.0,13.68
305286.0,6404358.0,13.48
305288.0,6404358.0,13.47
305290.0,6404358.0,14.11
305292.0,6404358.0,14.99
305294.0,6404358.0,15.63
305296.0,6404358.0,15.51
305298.0,6404358.0,15.55
305300.0,6404358.0,15.77
305302.0,6404358.0,15.95
305304.0,6404358.0,15.74
305306.0,6404358.0,15.43
305308.0,6404358.0,15.59
305310.0,6404358.0,15.24
305312.0,6404358.0,15.1
305314.0,6404358.0,15.3
305316.0,6404358.0,15.51
305318.0,6404358.0,15.38
305320.0,6404358.0,15.4
305322.0,6404358.0,15.7
305324.0,6404358.0,16.27
305326.0,6404358.0,16.76
305328.0,6404358.0,16.91
305330.0,6404358.0,16.92
305332.0,6404358.0,17.0
305334.0,6404358.0,17.14
305336.0,6404358.0,17.45
305338.0,6404358.0,17.83
305340.0,6404358.0,17.65
305342.0,6404358.0,18.34
305344.0,6404358.0,19.07
305346.0,6404358.0,19.18
305348.0,6404358.0,19.83
305350.0,6404358.0,20.19
305352.0,6404358.0,20.93
305354.0,6404358.0,20.87
305356.0,6404358.0,20.83
305358.0,6404358.0,20.91
305360.0,6404358.0,20.84
305362.0,6404358.0,20.53
305364.0,6404358.0,20.44
305366.0,6404358.0,20.06
305368.0,6404358.0,20.41
305370.0,6404358.0,21.43
305372.0,6404358.0,21.79
305374.0,6404358.0,21.58
305376.0,6404358.0,21.18
305378.0,6404358.0,20.77
305380.0,6404358.0,20.69
305382.0,6404358.0,20.18
305384.0,6404358.0,20.4
305386.0,6404358.0,20.5
305388.0,6404358.0,20.06
305390.0,6404358.0,19.65
305392.0,6404358.0,19.95
305394.0,6404358.0,19.78
305396.0,6404358.0,19.7
305398.0,6404358.0,19.43
305400.0,6404358.0,18.52
305402.0,6404358.0,16.72
305404.0,6404358.0,16.42
305406.0,6404358.0,16.3
305408.0,6404358.0,17.05
305410.0,6404358.0,17.71
305412.0,6404358.0,18.48
305414.0,6404358.0,19.34
305416.0,6404358.0,20.12
305418.0,6404358.0,20.67
305420.0,6404358.0,21.16
305422.0,6404358.0,21.39
305424.0,6404358.0,21.49
305426.0,6404358.0,21.26
305428.0,6404358.0,21.16
305430.0,6404358.0,21.59
305432.0,6404358.0,21.77
305434.0,6404358.0,21.51
305436.0,6404358.0,21.12
305438.0,6404358.0,21.1
305440.0,6404358.0,21.09
305442.0,6404358.0,20.92
305444.0,6404358.0,20.85
305446.0,6404358.0,20.73
305448.0,6404358.0,20.6
305450.0,6404358.0,20.51
305452.0,6404358.0,20.25
305454.0,6404358.0,19.83
305456.0,6404358.0,19.17
305458.0,6404358.0,18.59
305460.0,6404358.0,18.06
305462.0,6404358.0,17.25
305464.0,6404358.0,16.98
305466.0,6404358.0,15.78
305468.0,6404358.0,15.57
305470.0,6404358.0,15.64
305472.0,6404358.0,15.8
305474.0,6404358.0,15.54
305476.0,6404358.0,15.5
305478.0,6404358.0,15.37
305480.0,6404358.0,15.2
305482.0,6404358.0,15.18
305484.0,6404358.0,15.16
305486.0,6404358.0,14.99
305488.0,6404358.0,14.88
305490.0,6404358.0,14.71
305492.0,6404358.0,14.5
305494.0,6404358.0,14.32
305496.0,6404358.0,14.43
305498.0,6404358.0,14.92
305500.0,6404358.0,15.18
305502.0,6404358.0,15.1
305504.0,6404358.0,15.87
305506.0,6404358.0,16.42
305508.0,6404358.0,18.29
305510.0,6404358.0,18.6
305512.0,6404358.0,18.89
305514.0,6404358.0,18.94
305516.0,6404358.0,18.56
305518.0,6404358.0,18.13
305520.0,6404358.0,17.66
305522.0,6404358.0,17.17
305524.0,6404358.0,17.04
305526.0,6404358.0,16.84
305528.0,6404358.0,16.78
305530.0,6404358.0,16.63
305532.0,6404358.0,16.5
305534.0,6404358.0,16.26
305536.0,6404358.0,16.41
305538.0,6404358.0,16.53
305540.0,6404358.0,16.65
305542.0,6404358.0,17.18
305544.0,6404358.0,17.98
305546.0,6404358.0,19.17
305548.0,6404358.0,20.01
305550.0,6404358.0,20.65
305552.0,6404358.0,20.84
305554.0,6404358.0,20.71
305556.0,6404358.0,20.44
305558.0,6404358.0,20.88
305560.0,6404358.0,21.1
305562.0,6404358.0,20.86
305564.0,6404358.0,20.22
305566.0,6404358.0,19.88
305568.0,6404358.0,19.52
305570.0,6404358.0,18.98
305572.0,6404358.0,19.36
305574.0,6404358.0,19.96
305576.0,6404358.0,20.2
305578.0,6404358.0,20.38
305580.0,6404358.0,20.36
305582.0,6404358.0,20.3
305584.0,6404358.0,20.18
305586.0,6404358.0,20.08
305588.0,6404358.0,21.6
305590.0,6404358.0,22.72
305592.0,6404358.0,23.38
305594.0,6404358.0,23.28
305596.0,6404358.0,22.73
305598.0,6404358.0,22.58
305600.0,6404358.0,22.46
305602.0,6404358.0,22.71
305604.0,6404358.0,22.62
305606.0,6404358.0,21.91
305608.0,6404358.0,22.17
305610.0,6404358.0,22.39
305612.0,6404358.0,22.75
305614.0,6404358.0,22.83
305616.0,6404358.0,22.78
305618.0,6404358.0,22.8
305620.0,6404358.0,22.7
305622.0,6404358.0,22.63
305624.0,6404358.0,22.65
305626.0,6404358.0,22.66
305628.0,6404358.0,22.6
305630.0,6404358.0,22.74
305632.0,6404358.0,22.58
305634.0,6404358.0,22.4
305636.0,6404358.0,22.35
305638.0,6404358.0,22.32
305640.0,6404358.0,22.08
305642.0,6404358.0,21.65
305644.0,6404358.0,21.5
305646.0,6404358.0,20.66
305648.0,6404358.0,19.89
305650.0,6404358.0,19.93
305652.0,6404358.0,20.17
305654.0,6404358.0,20.09
305656.0,6404358.0,19.72
305658.0,6404358.0,19.8
305660.0,6404358.0,19.91
305662.0,6404358.0,20.14
305664.0,6404358.0,20.3
305666.0,6404358.0,20.51
305668.0,6404358.0,20.94
305670.0,6404358.0,21.41
305672.0,6404358.0,21.56
305674.0,6404358.0,21.63
305676.0,6404358.0,22.3
305678.0,6404358.0,23.22
305680.0,6404358.0,23.57
305150.0,6404360.0,2.87
305152.0,6404360.0,2.87
305154.0,6404360.0,3.02
305156.0,6404360.0,3.06
305158.0,6404360.0,2.95
305160.0,6404360.0,3.06
305162.0,6404360.0,3.56
305164.0,6404360.0,4.51
305166.0,6404360.0,6.01
305168.0,6404360.0,6.51
305170.0,6404360.0,6.99
305172.0,6404360.0,7.17
305174.0,6404360.0,7.5
305176.0,6404360.0,7.44
305178.0,6404360.0,7.91
305180.0,6404360.0,8.02
305182.0,6404360.0,8.19
305184.0,6404360.0,8.3
305186.0,6404360.0,8.29
305188.0,6404360.0,8.35
305190.0,6404360.0,8.56
305192.0,6404360.0,8.31
305194.0,6404360.0,8.35
305196.0,6404360.0,7.58
305198.0,6404360.0,7.31
305200.0,6404360.0,7.14
305202.0,6404360.0,6.95
305204.0,6404360.0,6.73
305206.0,6404360.0,6.53
305208.0,6404360.0,6.51
305210.0,6404360.0,6.55
305212.0,6404360.0,6.56
305214.0,6404360.0,6.63
305216.0,6404360.0,6.66
305218.0,6404360.0,7.02
305220.0,6404360.0,7.54
305222.0,6404360.0,7.73
305224.0,6404360.0,7.75
305226.0,6404360.0,7.85
305228.0,6404360.0,8.08
305230.0,6404360.0,8.05
305232.0,6404360.0,8.13
305234.0,6404360.0,8.19
305236.0,6404360.0,8.37
305238.0,6404360.0,9.07
305240.0,6404360.0,9.33
305242.0,6404360.0,9.41
305244.0,6404360.0,9.5
305246.0,6404360.0,9.5
305248.0,6404360.0,9.63
305250.0,6404360.0,9.82
305252.0,6404360.0,9.94
305254.0,6404360.0,10.04
305256.0,6404360.0,10.16
305258.0,6404360.0,10.34
305260.0,6404360.0,10.76
305262.0,6404360.0,10.91
305264.0,6404360.0,11.13
305266.0,6404360.0,11.07
305268.0,6404360.0,10.86
305270.0,6404360.0,10.71
305272.0,6404360.0,11.57
305274.0,6404360.0,11.35
305276.0,6404360.0,11.06
305278.0,6404360.0,11.3
305280.0,6404360.0,11.58
305282.0,6404360.0,12.23
305284.0,6404360.0,12.81
305286.0,6404360.0,13.05
305288.0,6404360.0,12.99
305290.0,6404360.0,13.59
305292.0,6404360.0,13.97
305294.0,6404360.0,14.28
305296.0,6404360.0,14.67
305298.0,6404360.0,15.11
305300.0,6404360.0,15.1
305302.0,6404360.0,15.08
305304.0,6404360.0,15.11
305306.0,6404360.0,15.03
305308.0,6404360.0,14.57
305310.0,6404360.0,14.47
305312.0,6404360.0,14.53
305314.0,6404360.0,14.86
305316.0,6404360.0,15.0
305318.0,6404360.0,15.39
305320.0,6404360.0,15.38
305322.0,6404360.0,15.56
305324.0,6404360.0,15.92
305326.0,6404360.0,16.52
305328.0,6404360.0,16.76
305330.0,6404360.0,16.75
305332.0,6404360.0,16.94
305334.0,6404360.0,17.01
305336.0,6404360.0,17.02
305338.0,6404360.0,17.33
305340.0,6404360.0,17.08
305342.0,6404360.0,18.05
305344.0,6404360.0,18.89
305346.0,6404360.0,19.15
305348.0,6404360.0,19.57
305350.0,6404360.0,20.65
305352.0,6404360.0,20.82
305354.0,6404360.0,20.74
305356.0,6404360.0,20.29
305358.0,6404360.0,20.1
305360.0,6404360.0,19.88
305362.0,6404360.0,20.15
305364.0,6404360.0,20.1
305366.0,6404360.0,19.74
305368.0,6404360.0,19.98
305370.0,6404360.0,21.07
305372.0,6404360.0,21.31
305374.0,6404360.0,21.18
305376.0,6404360.0,20.86
305378.0,6404360.0,20.51
305380.0,6404360.0,20.32
305382.0,6404360.0,20.16
305384.0,6404360.0,20.17
305386.0,6404360.0,19.86
305388.0,6404360.0,19.82
305390.0,6404360.0,20.31
305392.0,6404360.0,20.62
305394.0,6404360.0,20.27
305396.0,6404360.0,19.6
305398.0,6404360.0,18.8
305400.0,6404360.0,17.54
305402.0,6404360.0,17.11
305404.0,6404360.0,16.32
305406.0,6404360.0,16.03
305408.0,6404360.0,16.44
305410.0,6404360.0,17.26
305412.0,6404360.0,18.32
305414.0,6404360.0,19.1
305416.0,6404360.0,19.92
305418.0,6404360.0,20.45
305420.0,6404360.0,20.84
305422.0,6404360.0,21.18
305424.0,6404360.0,21.36
305426.0,6404360.0,21.38
305428.0,6404360.0,21.21
305430.0,6404360.0,21.5
305432.0,6404360.0,21.83
305434.0,6404360.0,22.02
305436.0,6404360.0,22.04
305438.0,6404360.0,21.66
305440.0,6404360.0,20.91
305442.0,6404360.0,20.4
305444.0,6404360.0,20.14
305446.0,6404360.0,20.16
305448.0,6404360.0,20.19
305450.0,6404360.0,20.31
305452.0,6404360.0,20.07
305454.0,6404360.0,19.63
305456.0,6404360.0,18.83
305458.0,6404360.0,17.81
305460.0,6404360.0,17.28
305462.0,6404360.0,16.78
305464.0,6404360.0,16.54
305466.0,6404360.0,16.32
305468.0,6404360.0,15.83
305470.0,6404360.0,15.3
305472.0,6404360.0,15.04
305474.0,6404360.0,15.07
305476.0,6404360.0,14.72
305478.0,6404360.0,14.84
305480.0,6404360.0,14.99
305482.0,6404360.0,15.08
305484.0,6404360.0,15.24
305486.0,6404360.0,15.45
305488.0,6404360.0,15.26
305490.0,6404360.0,14.87
305492.0,6404360.0,14.64
305494.0,6404360.0,14.58
305496.0,6404360.0,14.1
305498.0,6404360.0,13.82
305500.0,6404360.0,13.63
305502.0,6404360.0,13.53
305504.0,6404360.0,13.93
305506.0,6404360.0,15.66
305508.0,6404360.0,17.42
305510.0,6404360.0,17.71
305512.0,6404360.0,17.76
305514.0,6404360.0,17.93
305516.0,6404360.0,17.59
305518.0,6404360.0,17.16
305520.0,6404360.0,16.93
305522.0,6404360.0,16.45
305524.0,6404360.0,16.19
305526.0,6404360.0,16.04
305528.0,6404360.0,15.88
305530.0,6404360.0,15.77
305532.0,6404360.0,15.64
305534.0,6404360.0,15.49
305536.0,6404360.0,15.44
305538.0,6404360.0,15.64
305540.0,6404360.0,15.64
305542.0,6404360.0,16.29
305544.0,6404360.0,16.97
305546.0,6404360.0,18.15
305548.0,6404360.0,18.39
305550.0,6404360.0,18.57
305552.0,6404360.0,19.28
305554.0,6404360.0,19.09
305556.0,6404360.0,19.3
305558.0,6404360.0,20.01
305560.0,6404360.0,19.76
305562.0,6404360.0,19.84
305564.0,6404360.0,20.0
305566.0,6404360.0,19.78
305568.0,6404360.0,19.07
305570.0,6404360.0,18.85
305572.0,6404360.0,18.75
305574.0,6404360.0,19.18
305576.0,6404360.0,19.85
305578.0,6404360.0,20.01
305580.0,6404360.0,20.09
305582.0,6404360.0,20.25
305584.0,6404360.0,20.42
305586.0,6404360.0,20.2
305588.0,6404360.0,19.97
305590.0,6404360.0,20.25
305592.0,6404360.0,20.67
305594.0,6404360.0,20.95
305596.0,6404360.0,21.42
305598.0,6404360.0,21.46
305600.0,6404360.0,21.4
305602.0,6404360.0,21.7
305604.0,6404360.0,21.6
305606.0,6404360.0,21.57
305608.0,6404360.0,22.03
305610.0,6404360.0,22.31
305612.0,6404360.0,22.58
305614.0,6404360.0,22.58
305616.0,6404360.0,22.66
305618.0,6404360.0,22.71
305620.0,6404360.0,22.74
305622.0,6404360.0,22.74
305624.0,6404360.0,22.85
305626.0,6404360.0,22.67
305628.0,6404360.0,22.69
305630.0,6404360.0,22.55
305632.0,6404360.0,22.65
305634.0,6404360.0,22.66
305636.0,6404360.0,22.36
305638.0,6404360.0,22.45
305640.0,6404360.0,22.2
305642.0,6404360.0,21.99
305644.0,6404360.0,21.5
305646.0,6404360.0,21.1
305648.0,6404360.0,20.43
305650.0,6404360.0,20.27
305652.0,6404360.0,20.07
305654.0,6404360.0,19.76
305656.0,6404360.0,19.44
305658.0,6404360.0,19.34
305660.0,6404360.0,19.9
305662.0,6404360.0,20.04
305664.0,6404360.0,20.27
305666.0,6404360.0,20.37
305668.0,6404360.0,21.38
305670.0,6404360.0,21.61
305672.0,6404360.0,21.14
305674.0,6404360.0,21.1
305676.0,6404360.0,21.69
305678.0,6404360.0,22.06
305680.0,6404360.0,22.46
305150.0,6404362.0,2.8
305152.0,6404362.0,2.73
305154.0,6404362.0,2.74
305156.0,6404362.0,2.73
305158.0,6404362.0,2.95
305160.0,6404362.0,3.06
305162.0,6404362.0,3.94
305164.0,6404362.0,4.89
305166.0,6404362.0,5.99
305168.0,6404362.0,6.79
305170.0,6404362.0,7.11
305172.0,6404362.0,7.32
305174.0,6404362.0,7.39
305176.0,6404362.0,7.33
305178.0,6404362.0,7.74
305180.0,6404362.0,8.12
305182.0,6404362.0,8.2
305184.0,6404362.0,8.23
305186.0,6404362.0,8.21
305188.0,6404362.0,8.34
305190.0,6404362.0,7.98
305192.0,6404362.0,7.62
305194.0,6404362.0,7.38
305196.0,6404362.0,7.26
305198.0,6404362.0,7.28
305200.0,6404362.0,7.2
305202.0,6404362.0,7.06
305204.0,6404362.0,6.63
305206.0,6404362.0,6.53
305208.0,6404362.0,6.48
305210.0,6404362.0,6.5
305212.0,6404362.0,6.55
305214.0,6404362.0,6.6
305216.0,6404362.0,6.62
305218.0,6404362.0,7.48
305220.0,6404362.0,7.84
305222.0,6404362.0,7.91
305224.0,6404362.0,7.9
305226.0,6404362.0,7.99
305228.0,6404362.0,8.05
305230.0,6404362.0,8.1
305232.0,6404362.0,8.16
305234.0,6404362.0,8.13
305236.0,6404362.0,8.43
305238.0,6404362.0,9.22
305240.0,6404362.0,9.31
305242.0,6404362.0,9.34
305244.0,6404362.0,9.4
305246.0,6404362.0,9.36
305248.0,6404362.0,9.34
305250.0,6404362.0,9.62
305252.0,6404362.0,9.9
305254.0,6404362.0,10.08
305256.0,6404362.0,10.18
305258.0,6404362.0,10.23
305260.0,6404362.0,10.34
305262.0,6404362.0,10.53
305264.0,6404362.0,10.52
305266.0,6404362.0,10.93
305268.0,6404362.0,10.43
305270.0,6404362.0,10.24
305272.0,6404362.0,10.22
305274.0,6404362.0,10.31
305276.0,6404362.0,10.44
305278.0,6404362.0,10.93
305280.0,6404362.0,11.4
305282.0,6404362.0,11.48
305284.0,6404362.0,12.21
305286.0,6404362.0,12.5
305288.0,6404362.0,12.67
305290.0,6404362.0,13.43
305292.0,6404362.0,13.62
305294.0,6404362.0,13.92
305296.0,6404362.0,14.13
305298.0,6404362.0,14.25
305300.0,6404362.0,14.2
305302.0,6404362.0,14.23
305304.0,6404362.0,14.25
305306.0,6404362.0,14.15
305308.0,6404362.0,14.05
305310.0,6404362.0,14.04
305312.0,6404362.0,13.99
305314.0,6404362.0,14.35
305316.0,6404362.0,14.61
305318.0,6404362.0,15.09
305320.0,6404362.0,15.22
305322.0,6404362.0,15.67
305324.0,6404362.0,15.88
305326.0,6404362.0,16.17
305328.0,6404362.0,16.45
305330.0,6404362.0,16.38
305332.0,6404362.0,16.78
305334.0,6404362.0,16.66
305336.0,6404362.0,16.74
305338.0,6404362.0,16.99
305340.0,6404362.0,16.75
305342.0,6404362.0,17.14
305344.0,6404362.0,18.05
305346.0,6404362.0,18.87
305348.0,6404362.0,19.59
305350.0,6404362.0,20.12
305352.0,6404362.0,20.18
305354.0,6404362.0,20.08
305356.0,6404362.0,19.8
305358.0,6404362.0,19.43
305360.0,6404362.0,19.38
305362.0,6404362.0,19.36
305364.0,6404362.0,19.17
305366.0,6404362.0,19.2
305368.0,6404362.0,19.6
305370.0,6404362.0,20.52
305372.0,6404362.0,20.97
305374.0,6404362.0,20.63
305376.0,6404362.0,20.53
305378.0,6404362.0,20.16
305380.0,6404362.0,20.11
305382.0,6404362.0,20.11
305384.0,6404362.0,20.0
305386.0,6404362.0,20.24
305388.0,6404362.0,20.14
305390.0,6404362.0,20.78
305392.0,6404362.0,20.5
305394.0,6404362.0,20.03
305396.0,6404362.0,18.94
305398.0,6404362.0,18.6
305400.0,6404362.0,18.81
305402.0,6404362.0,17.9
305404.0,6404362.0,16.72
305406.0,6404362.0,16.03
305408.0,6404362.0,16.2
305410.0,6404362.0,16.8
305412.0,6404362.0,17.5
305414.0,6404362.0,18.24
305416.0,6404362.0,18.57
305418.0,6404362.0,19.43
305420.0,6404362.0,20.45
305422.0,6404362.0,20.99
305424.0,6404362.0,20.99
305426.0,6404362.0,21.08
305428.0,6404362.0,21.2
305430.0,6404362.0,20.94
305432.0,6404362.0,20.94
305434.0,6404362.0,21.59
305436.0,6404362.0,21.84
305438.0,6404362.0,21.83
305440.0,6404362.0,21.23
305442.0,6404362.0,20.61
305444.0,6404362.0,19.78
305446.0,6404362.0,19.37
305448.0,6404362.0,19.74
305450.0,6404362.0,19.9
305452.0,6404362.0,19.67
305454.0,6404362.0,19.11
305456.0,6404362.0,18.43
305458.0,6404362.0,18.02
305460.0,6404362.0,17.66
305462.0,6404362.0,16.76
305464.0,6404362.0,16.48
305466.0,6404362.0,16.34
305468.0,6404362.0,15.88
305470.0,6404362.0,15.4
305472.0,6404362.0,15.01
305474.0,6404362.0,14.74
305476.0,6404362.0,14.56
305478.0,6404362.0,14.49
305480.0,6404362.0,14.6
305482.0,6404362.0,14.55
305484.0,6404362.0,14.58
305486.0,6404362.0,14.88
305488.0,6404362.0,14.98
305490.0,6404362.0,14.77
305492.0,6404362.0,14.41
305494.0,6404362.0,14.41
305496.0,6404362.0,14.04
305498.0,6404362.0,13.93
305500.0,6404362.0,13.33
305502.0,6404362.0,12.94
305504.0,6404362.0,12.63
305506.0,6404362.0,12.68
305508.0,6404362.0,13.95
305510.0,6404362.0,15.91
305512.0,6404362.0,16.23
305514.0,6404362.0,16.11
305516.0,6404362.0,16.01
305518.0,6404362.0,15.61
305520.0,6404362.0,15.78
305522.0,6404362.0,15.69
305524.0,6404362.0,15.42
305526.0,6404362.0,15.34
305528.0,6404362.0,15.27
305530.0,6404362.0,15.45
305532.0,6404362.0,15.02
305534.0,6404362.0,14.89
305536.0,6404362.0,14.35
305538.0,6404362.0,14.37
305540.0,6404362.0,14.51
305542.0,6404362.0,15.09
305544.0,6404362.0,15.83
305546.0,6404362.0,16.52
305548.0,6404362.0,16.91
305550.0,6404362.0,17.11
305552.0,6404362.0,17.45
305554.0,6404362.0,17.29
305556.0,6404362.0,17.79
305558.0,6404362.0,18.35
305560.0,6404362.0,18.53
305562.0,6404362.0,18.6
305564.0,6404362.0,19.1
305566.0,6404362.0,18.98
305568.0,6404362.0,18.69
305570.0,6404362.0,18.46
305572.0,6404362.0,18.48
305574.0,6404362.0,18.65
305576.0,6404362.0,19.18
305578.0,6404362.0,19.64
305580.0,6404362.0,19.95
305582.0,6404362.0,19.93
305584.0,6404362.0,20.48
305586.0,6404362.0,20.63
305588.0,6404362.0,20.36
305590.0,6404362.0,19.84
305592.0,6404362.0,19.65
305594.0,6404362.0,19.6
305596.0,6404362.0,20.02
305598.0,6404362.0,20.25
305600.0,6404362.0,20.43
305602.0,6404362.0,20.61
305604.0,6404362.0,21.29
305606.0,6404362.0,21.37
305608.0,6404362.0,21.98
305610.0,6404362.0,22.34
305612.0,6404362.0,22.79
305614.0,6404362.0,22.65
305616.0,6404362.0,22.51
305618.0,6404362.0,22.31
305620.0,6404362.0,22.0
305622.0,6404362.0,22.04
305624.0,6404362.0,22.06
305626.0,6404362.0,22.4
305628.0,6404362.0,22.55
305630.0,6404362.0,22.49
305632.0,6404362.0,22.57
305634.0,6404362.0,22.39
305636.0,6404362.0,22.23
305638.0,6404362.0,22.24
305640.0,6404362.0,21.94
305642.0,6404362.0,21.68
305644.0,6404362.0,21.14
305646.0,6404362.0,20.75
305648.0,6404362.0,20.18
305650.0,6404362.0,20.29
305652.0,6404362.0,19.86
305654.0,6404362.0,19.47
305656.0,6404362.0,19.12
305658.0,6404362.0,18.83
305660.0,6404362.0,18.96
305662.0,6404362.0,19.55
305664.0,6404362.0,19.63
305666.0,6404362.0,19.8
305668.0,6404362.0,20.1
305670.0,6404362.0,20.34
305672.0,6404362.0,20.02
305674.0,6404362.0,20.19
305676.0,6404362.0,20.85
305678.0,6404362.0,21.73
305680.0,6404362.0,21.52
305150.0,6404364.0,2.78
305152.0,6404364.0,2.53
305154.0,6404364.0,2.59
305156.0,6404364.0,2.74
305158.0,6404364.0,2.96
305160.0,6404364.0,3.08
305162.0,6404364.0,4.04
305164.0,6404364.0,5.02
305166.0,6404364.0,5.98
305168.0,6404364.0,6.6
305170.0,6404364.0,6.87
305172.0,6404364.0,7.17
305174.0,6404364.0,7.44
305176.0,6404364.0,7.62
305178.0,6404364.0,7.88
305180.0,6404364.0,8.08
305182.0,6404364.0,8.16
305184.0,6404364.0,8.14
305186.0,6404364.0,8.12
305188.0,6404364.0,7.77
305190.0,6404364.0,7.48
305192.0,6404364.0,7.16
305194.0,6404364.0,7.04
305196.0,6404364.0,7.24
305198.0,6404364.0,7.15
305200.0,6404364.0,6.77
305202.0,6404364.0,6.78
305204.0,6404364.0,6.67
305206.0,6404364.0,6.42
305208.0,6404364.0,6.32
305210.0,6404364.0,6.33
305212.0,6404364.0,6.46
305214.0,6404364.0,6.54
305216.0,6404364.0,6.83
305218.0,6404364.0,7.6
305220.0,6404364.0,7.92
305222.0,6404364.0,7.9
305224.0,6404364.0,7.95
305226.0,6404364.0,8.0
305228.0,6404364.0,8.04
305230.0,6404364.0,8.1
305232.0,6404364.0,8.18
305234.0,6404364.0,8.02
305236.0,6404364.0,9.12
305238.0,6404364.0,9.21
305240.0,6404364.0,9.24
305242.0,6404364.0,9.31
305244.0,6404364.0,9.34
305246.0,6404364.0,9.39
305248.0,6404364.0,9.32
305250.0,6404364.0,9.33
305252.0,6404364.0,9.52
305254.0,6404364.0,9.87
305256.0,6404364.0,10.1
305258.0,6404364.0,10.23
305260.0,6404364.0,10.31
305262.0,6404364.0,10.36
305264.0,6404364.0,10.27
305266.0,6404364.0,10.29
305268.0,6404364.0,10.18
305270.0,6404364.0,10.23
305272.0,6404364.0,10.11
305274.0,6404364.0,10.21
305276.0,6404364.0,10.26
305278.0,6404364.0,10.38
305280.0,6404364.0,10.89
305282.0,6404364.0,11.47
305284.0,6404364.0,11.83
305286.0,6404364.0,12.07
305288.0,6404364.0,12.15
305290.0,6404364.0,12.79
305292.0,6404364.0,13.06
305294.0,6404364.0,13.23
305296.0,6404364.0,13.4
305298.0,6404364.0,13.48
305300.0,6404364.0,13.18
305302.0,6404364.0,13.71
305304.0,6404364.0,13.84
305306.0,6404364.0,13.81
305308.0,6404364.0,14.0
305310.0,6404364.0,13.99
305312.0,6404364.0,14.0
305314.0,6404364.0,14.03
305316.0,6404364.0,14.1
305318.0,6404364.0,14.45
305320.0,6404364.0,15.01
305322.0,6404364.0,15.39
305324.0,6404364.0,15.8
305326.0,6404364.0,15.94
305328.0,6404364.0,15.91
305330.0,6404364.0,16.01
305332.0,6404364.0,16.23
305334.0,6404364.0,16.33
305336.0,6404364.0,16.7
305338.0,6404364.0,16.6
305340.0,6404364.0,16.23
305342.0,6404364.0,16.14
305344.0,6404364.0,17.26
305346.0,6404364.0,17.73
305348.0,6404364.0,18.42
305350.0,6404364.0,18.89
305352.0,6404364.0,19.2
305354.0,6404364.0,19.17
305356.0,6404364.0,19.38
305358.0,6404364.0,19.3
305360.0,6404364.0,19.18
305362.0,6404364.0,18.66
305364.0,6404364.0,18.45
305366.0,6404364.0,18.8
305368.0,6404364.0,19.17
305370.0,6404364.0,19.32
305372.0,6404364.0,19.52
305374.0,6404364.0,19.6
305376.0,6404364.0,19.54
305378.0,6404364.0,19.88
305380.0,6404364.0,20.1
305382.0,6404364.0,20.29
305384.0,6404364.0,20.22
305386.0,6404364.0,20.21
305388.0,6404364.0,20.43
305390.0,6404364.0,20.27
305392.0,6404364.0,19.84
305394.0,6404364.0,19.95
305396.0,6404364.0,20.65
305398.0,6404364.0,20.27
305400.0,6404364.0,19.5
305402.0,6404364.0,18.27
305404.0,6404364.0,16.92
305406.0,6404364.0,16.16
305408.0,6404364.0,16.06
305410.0,6404364.0,16.47
305412.0,6404364.0,16.85
305414.0,6404364.0,17.19
305416.0,6404364.0,17.72
305418.0,6404364.0,18.63
305420.0,6404364.0,19.74
305422.0,6404364.0,20.38
305424.0,6404364.0,20.68
305426.0,6404364.0,20.7
305428.0,6404364.0,20.78
305430.0,6404364.0,20.35
305432.0,6404364.0,20.12
305434.0,6404364.0,20.16
305436.0,6404364.0,20.45
305438.0,6404364.0,20.98
305440.0,6404364.0,20.96
305442.0,6404364.0,20.51
305444.0,6404364.0,20.07
305446.0,6404364.0,19.34
305448.0,6404364.0,18.67
305450.0,6404364.0,18.75
305452.0,6404364.0,19.0
305454.0,6404364.0,18.69
305456.0,6404364.0,17.84
305458.0,6404364.0,17.45
305460.0,6404364.0,17.2
305462.0,6404364.0,16.88
305464.0,6404364.0,16.52
305466.0,6404364.0,16.4
305468.0,6404364.0,16.3
305470.0,6404364.0,16.0
305472.0,6404364.0,15.62
305474.0,6404364.0,14.76
305476.0,6404364.0,14.58
305478.0,6404364.0,14.57
305480.0,6404364.0,14.7
305482.0,6404364.0,14.19
305484.0,6404364.0,14.23
305486.0,6404364.0,14.11
305488.0,6404364.0,14.35
305490.0,6404364.0,14.38
305492.0,6404364.0,14.12
305494.0,6404364.0,14.05
305496.0,6404364.0,13.91
305498.0,6404364.0,13.55
305500.0,6404364.0,13.04
305502.0,6404364.0,12.69
305504.0,6404364.0,12.35
305506.0,6404364.0,12.1
305508.0,6404364.0,11.86
305510.0,6404364.0,11.82
305512.0,6404364.0,12.33
305514.0,6404364.0,13.59
305516.0,6404364.0,14.27
305518.0,6404364.0,14.72
305520.0,6404364.0,14.82
305522.0,6404364.0,14.87
305524.0,6404364.0,14.73
305526.0,6404364.0,14.74
305528.0,6404364.0,14.56
305530.0,6404364.0,14.59
305532.0,6404364.0,14.36
305534.0,6404364.0,13.74
305536.0,6404364.0,13.35
305538.0,6404364.0,13.17
305540.0,6404364.0,13.27
305542.0,6404364.0,13.42
305544.0,6404364.0,14.11
305546.0,6404364.0,15.16
305548.0,6404364.0,15.77
305550.0,6404364.0,16.23
305552.0,6404364.0,16.29
305554.0,6404364.0,16.21
305556.0,6404364.0,16.45
305558.0,6404364.0,17.01
305560.0,6404364.0,17.4
305562.0,6404364.0,18.09
305564.0,6404364.0,18.21
305566.0,6404364.0,18.19
305568.0,6404364.0,18.1
305570.0,6404364.0,18.18
305572.0,6404364.0,18.25
305574.0,6404364.0,18.32
305576.0,6404364.0,18.77
305578.0,6404364.0,19.06
305580.0,6404364.0,19.31
305582.0,6404364.0,19.49
305584.0,6404364.0,19.79
305586.0,6404364.0,19.47
305588.0,6404364.0,19.55
305590.0,6404364.0,19.32
305592.0,6404364.0,19.36
305594.0,6404364.0,19.52
305596.0,6404364.0,19.51
305598.0,6404364.0,19.8
305600.0,6404364.0,19.58
305602.0,6404364.0,20.32
305604.0,6404364.0,20.83
305606.0,6404364.0,21.25
305608.0,6404364.0,22.19
305610.0,6404364.0,22.56
305612.0,6404364.0,22.58
305614.0,6404364.0,22.39
305616.0,6404364.0,22.15
305618.0,6404364.0,21.88
305620.0,6404364.0,21.61
305622.0,6404364.0,21.69
305624.0,6404364.0,21.79
305626.0,6404364.0,22.15
305628.0,6404364.0,22.23
305630.0,6404364.0,22.27
305632.0,6404364.0,22.3
305634.0,6404364.0,22.11
305636.0,6404364.0,21.87
305638.0,6404364.0,21.57
305640.0,6404364.0,21.15
305642.0,6404364.0,20.6
305644.0,6404364.0,20.49
305646.0,6404364.0,20.14
305648.0,6404364.0,20.18
305650.0,6404364.0,20.34
305652.0,6404364.0,19.69
305654.0,6404364.0,19.31
305656.0,6404364.0,18.93
305658.0,6404364.0,18.86
305660.0,6404364.0,18.81
305662.0,6404364.0,18.79
305664.0,6404364.0,18.76
305666.0,6404364.0,18.75
305668.0,6404364.0,18.78
305670.0,6404364.0,19.28
305672.0,6404364.0,19.53
305674.0,6404364.0,19.81
305676.0,6404364.0,20.38
305678.0,6404364.0,21.03
305680.0,6404364.0,21.22
305150.0,6404366.0,2.5
305152.0,6404366.0,2.46
305154.0,6404366.0,2.57
305156.0,6404366.0,2.4
305158.0,6404366.0,2.77
305160.0,6404366.0,2.83
305162.0,6404366.0,3.9
305164.0,6404366.0,4.85
305166.0,6404366.0,5.48
305168.0,6404366.0,6.36
305170.0,6404366.0,6.55
305172.0,6404366.0,6.72
305174.0,6404366.0,7.02
305176.0,6404366.0,7.08
305178.0,6404366.0,7.41
305180.0,6404366.0,7.76
305182.0,6404366.0,7.87
305184.0,6404366.0,8.12
305186.0,6404366.0,8.08
305188.0,6404366.0,7.85
305190.0,6404366.0,7.46
305192.0,6404366.0,7.32
305194.0,6404366.0,7.05
305196.0,6404366.0,7.05
305198.0,6404366.0,6.97
305200.0,6404366.0,6.55
305202.0,6404366.0,6.41
305204.0,6404366.0,6.32
305206.0,6404366.0,6.31
305208.0,6404366.0,6.26
305210.0,6404366.0,6.35
305212.0,6404366.0,6.37
305214.0,6404366.0,6.4
305216.0,6404366.0,7.38
305218.0,6404366.0,7.9
305220.0,6404366.0,7.95
305222.0,6404366.0,7.96
305224.0,6404366.0,7.98
305226.0,6404366.0,8.02
305228.0,6404366.0,8.03
305230.0,6404366.0,8.03
305232.0,6404366.0,8.09
305234.0,6404366.0,8.51
305236.0,6404366.0,9.11
305238.0,6404366.0,9.21
305240.0,6404366.0,9.3
305242.0,6404366.0,9.27
305244.0,6404366.0,9.3
305246.0,6404366.0,9.26
305248.0,6404366.0,9.14
305250.0,6404366.0,9.25
305252.0,6404366.0,9.39
305254.0,6404366.0,9.69
305256.0,6404366.0,9.74
305258.0,6404366.0,10.09
305260.0,6404366.0,10.39
305262.0,6404366.0,10.41
305264.0,6404366.0,10.46
305266.0,6404366.0,10.39
305268.0,6404366.0,10.29
305270.0,6404366.0,10.2
305272.0,6404366.0,10.2
305274.0,6404366.0,10.18
305276.0,6404366.0,10.15
305278.0,6404366.0,10.23
305280.0,6404366.0,10.34
305282.0,6404366.0,11.19
305284.0,6404366.0,11.71
305286.0,6404366.0,11.93
305288.0,6404366.0,11.79
305290.0,6404366.0,12.04
305292.0,6404366.0,12.09
305294.0,6404366.0,12.09
305296.0,6404366.0,12.15
305298.0,6404366.0,12.29
305300.0,6404366.0,12.52
305302.0,6404366.0,12.84
305304.0,6404366.0,13.3
305306.0,6404366.0,13.64
305308.0,6404366.0,13.79
305310.0,6404366.0,13.52
305312.0,6404366.0,13.71
305314.0,6404366.0,13.73
305316.0,6404366.0,13.92
305318.0,6404366.0,14.41
305320.0,6404366.0,14.99
305322.0,6404366.0,15.37
305324.0,6404366.0,15.54
305326.0,6404366.0,15.86
305328.0,6404366.0,15.97
305330.0,6404366.0,15.86
305332.0,6404366.0,15.85
305334.0,6404366.0,15.86
305336.0,6404366.0,15.93
305338.0,6404366.0,15.72
305340.0,6404366.0,15.72
305342.0,6404366.0,15.95
305344.0,6404366.0,16.82
305346.0,6404366.0,17.4
305348.0,6404366.0,17.67
305350.0,6404366.0,17.98
305352.0,6404366.0,18.13
305354.0,6404366.0,18.35
305356.0,6404366.0,18.69
305358.0,6404366.0,18.64
305360.0,6404366.0,18.35
305362.0,6404366.0,18.1
305364.0,6404366.0,17.9
305366.0,6404366.0,18.35
305368.0,6404366.0,18.64
305370.0,6404366.0,18.27
305372.0,6404366.0,18.41
305374.0,6404366.0,19.05
305376.0,6404366.0,19.4
305378.0,6404366.0,19.69
305380.0,6404366.0,19.8
305382.0,6404366.0,20.0
305384.0,6404366.0,20.16
305386.0,6404366.0,19.96
305388.0,6404366.0,19.63
305390.0,6404366.0,19.78
305392.0,6404366.0,20.17
305394.0,6404366.0,21.04
305396.0,6404366.0,20.85
305398.0,6404366.0,20.36
305400.0,6404366.0,19.4
305402.0,6404366.0,18.18
305404.0,6404366.0,17.04
305406.0,6404366.0,16.32
305408.0,6404366.0,15.87
305410.0,6404366.0,16.0
305412.0,6404366.0,16.4
305414.0,6404366.0,16.94
305416.0,6404366.0,17.34
305418.0,6404366.0,18.1
305420.0,6404366.0,18.94
305422.0,6404366.0,19.52
305424.0,6404366.0,19.79
305426.0,6404366.0,20.0
305428.0,6404366.0,20.14
305430.0,6404366.0,19.98
305432.0,6404366.0,19.09
305434.0,6404366.0,18.83
305436.0,6404366.0,19.46
305438.0,6404366.0,19.78
305440.0,6404366.0,20.02
305442.0,6404366.0,19.98
305444.0,6404366.0,20.18
305446.0,6404366.0,19.59
305448.0,6404366.0,19.02
305450.0,6404366.0,18.29
305452.0,6404366.0,17.96
305454.0,6404366.0,17.77
305456.0,6404366.0,17.12
305458.0,6404366.0,16.67
305460.0,6404366.0,16.45
305462.0,6404366.0,16.41
305464.0,6404366.0,16.25
305466.0,6404366.0,16.46
305468.0,6404366.0,16.1
305470.0,6404366.0,15.8
305472.0,6404366.0,15.47
305474.0,6404366.0,15.17
305476.0,6404366.0,14.75
305478.0,6404366.0,14.51
305480.0,6404366.0,14.41
305482.0,6404366.0,14.44
305484.0,6404366.0,14.31
305486.0,6404366.0,14.01
305488.0,6404366.0,13.79
305490.0,6404366.0,13.81
305492.0,6404366.0,13.9
305494.0,6404366.0,13.99
305496.0,6404366.0,14.05
305498.0,6404366.0,13.51
305500.0,6404366.0,12.85
305502.0,6404366.0,12.46
305504.0,6404366.0,12.24
305506.0,6404366.0,12.18
305508.0,6404366.0,11.87
305510.0,6404366.0,11.68
305512.0,6404366.0,11.43
305514.0,6404366.0,11.29
305516.0,6404366.0,12.73
305518.0,6404366.0,13.41
305520.0,6404366.0,13.41
305522.0,6404366.0,13.61
305524.0,6404366.0,14.18
305526.0,6404366.0,13.93
305528.0,6404366.0,13.78
305530.0,6404366.0,13.35
305532.0,6404366.0,12.89
305534.0,6404366.0,12.68
305536.0,6404366.0,12.38
305538.0,6404366.0,12.38
305540.0,6404366.0,12.3
305542.0,6404366.0,12.2
305544.0,6404366.0,12.39
305546.0,6404366.0,13.12
305548.0,6404366.0,14.1
305550.0,6404366.0,14.51
305552.0,6404366.0,14.92
305554.0,6404366.0,15.18
305556.0,6404366.0,15.35
305558.0,6404366.0,16.06
305560.0,6404366.0,16.75
305562.0,6404366.0,17.6
305564.0,6404366.0,17.95
305566.0,6404366.0,17.88
305568.0,6404366.0,17.84
305570.0,6404366.0,17.73
305572.0,6404366.0,17.78
305574.0,6404366.0,18.05
305576.0,6404366.0,18.27
305578.0,6404366.0,18.79
305580.0,6404366.0,18.9
305582.0,6404366.0,18.82
305584.0,6404366.0,19.34
305586.0,6404366.0,19.74
305588.0,6404366.0,20.1
305590.0,6404366.0,20.19
305592.0,6404366.0,20.07
305594.0,6404366.0,19.73
305596.0,6404366.0,19.68
305598.0,6404366.0,19.99
305600.0,6404366.0,19.8
305602.0,6404366.0,19.78
305604.0,6404366.0,19.8
305606.0,6404366.0,21.05
305608.0,6404366.0,21.57
305610.0,6404366.0,21.79
305612.0,6404366.0,21.85
305614.0,6404366.0,21.71
305616.0,6404366.0,21.68
305618.0,6404366.0,21.59
305620.0,6404366.0,21.41
305622.0,6404366.0,21.5
305624.0,6404366.0,21.55
305626.0,6404366.0,21.62
305628.0,6404366.0,21.67
305630.0,6404366.0,21.36
305632.0,6404366.0,21.24
305634.0,6404366.0,21.37
305636.0,6404366.0,21.38
305638.0,6404366.0,21.19
305640.0,6404366.0,20.7
305642.0,6404366.0,20.06
305644.0,6404366.0,19.81
305646.0,6404366.0,19.97
305648.0,6404366.0,20.26
305650.0,6404366.0,20.37
305652.0,6404366.0,20.03
305654.0,6404366.0,19.14
305656.0,6404366.0,18.89
305658.0,6404366.0,18.95
305660.0,6404366.0,19.03
305662.0,6404366.0,18.79
305664.0,6404366.0,17.62
305666.0,6404366.0,17.62
305668.0,6404366.0,17.75
305670.0,6404366.0,18.53
305672.0,6404366.0,18.67
305674.0,6404366.0,18.84
305676.0,6404366.0,19.51
305678.0,6404366.0,19.69
305680.0,6404366.0,20.29
305150.0,6404368.0,2.34
305152.0,6404368.0,2.2
305154.0,6404368.0,2.26
305156.0,6404368.0,2.23
305158.0,6404368.0,2.2
305160.0,6404368.0,2.34
305162.0,6404368.0,3.32
305164.0,6404368.0,4.39
305166.0,6404368.0,5.41
305168.0,6404368.0,5.83
305170.0,6404368.0,6.06
305172.0,6404368.0,6.22
305174.0,6404368.0,6.49
305176.0,6404368.0,6.46
305178.0,6404368.0,6.48
305180.0,6404368.0,6.8
305182.0,6404368.0,6.72
305184.0,6404368.0,6.98
305186.0,6404368.0,6.54
305188.0,6404368.0,6.65
305190.0,6404368.0,7.45
305192.0,6404368.0,7.38
305194.0,6404368.0,6.86
305196.0,6404368.0,6.95
305198.0,6404368.0,6.83
305200.0,6404368.0,6.34
305202.0,6404368.0,6.12
305204.0,6404368.0,6.14
305206.0,6404368.0,6.2
305208.0,6404368.0,6.2
305210.0,6404368.0,6.33
305212.0,6404368.0,6.37
305214.0,6404368.0,6.63
305216.0,6404368.0,7.78
305218.0,6404368.0,7.95
305220.0,6404368.0,8.01
305222.0,6404368.0,8.13
305224.0,6404368.0,7.92
305226.0,6404368.0,7.95
305228.0,6404368.0,7.95
305230.0,6404368.0,8.07
305232.0,6404368.0,8.2
305234.0,6404368.0,8.71
305236.0,6404368.0,9.31
305238.0,6404368.0,9.35
305240.0,6404368.0,9.46
305242.0,6404368.0,9.41
305244.0,6404368.0,9.26
305246.0,6404368.0,9.22
305248.0,6404368.0,9.17
305250.0,6404368.0,9.28
305252.0,6404368.0,9.37
305254.0,6404368.0,9.51
305256.0,6404368.0,9.57
305258.0,6404368.0,9.79
305260.0,6404368.0,10.06
305262.0,6404368.0,10.4
305264.0,6404368.0,10.46
305266.0,6404368.0,10.49
305268.0,6404368.0,10.5
305270.0,6404368.0,10.51
305272.0,6404368.0,10.46
305274.0,6404368.0,10.23
305276.0,6404368.0,10.13
305278.0,6404368.0,10.11
305280.0,6404368.0,10.21
305282.0,6404368.0,10.49
305284.0,6404368.0,11.19
305286.0,6404368.0,11.57
305288.0,6404368.0,11.55
305290.0,6404368.0,11.54
305292.0,6404368.0,11.85
305294.0,6404368.0,11.69
305296.0,6404368.0,11.76
305298.0,6404368.0,11.73
305300.0,6404368.0,11.91
305302.0,6404368.0,12.18
305304.0,6404368.0,12.98
305306.0,6404368.0,13.27
305308.0,6404368.0,13.36
305310.0,6404368.0,13.15
305312.0,6404368.0,13.41
305314.0,6404368.0,13.33
305316.0,6404368.0,13.37
305318.0,6404368.0,14.55
305320.0,6404368.0,14.94
305322.0,6404368.0,15.06
305324.0,6404368.0,15.06
305326.0,6404368.0,16.17
305328.0,6404368.0,16.02
305330.0,6404368.0,15.81
305332.0,6404368.0,15.58
305334.0,6404368.0,15.35
305336.0,6404368.0,15.01
305338.0,6404368.0,15.32
305340.0,6404368.0,15.64
305342.0,6404368.0,15.97
305344.0,6404368.0,16.49
305346.0,6404368.0,16.72
305348.0,6404368.0,17.0
305350.0,6404368.0,17.33
305352.0,6404368.0,17.61
305354.0,6404368.0,17.74
305356.0,6404368.0,17.83
305358.0,6404368.0,18.05
305360.0,6404368.0,17.9
305362.0,6404368.0,17.79
305364.0,6404368.0,17.9
305366.0,6404368.0,18.15
305368.0,6404368.0,18.13
305370.0,6404368.0,18.21
305372.0,6404368.0,18.5
305374.0,6404368.0,19.21
305376.0,6404368.0,19.41
305378.0,6404368.0,19.51
305380.0,6404368.0,19.52
305382.0,6404368.0,19.85
305384.0,6404368.0,19.55
305386.0,6404368.0,19.53
305388.0,6404368.0,19.34
305390.0,6404368.0,20.11
305392.0,6404368.0,20.78
305394.0,6404368.0,20.86
305396.0,6404368.0,20.72
305398.0,6404368.0,20.18
305400.0,6404368.0,19.04
305402.0,6404368.0,18.06
305404.0,6404368.0,16.89
305406.0,6404368.0,16.53
305408.0,6404368.0,16.24
305410.0,6404368.0,16.0
305412.0,6404368.0,16.09
305414.0,6404368.0,15.86
305416.0,6404368.0,16.25
305418.0,6404368.0,16.87
305420.0,6404368.0,17.65
305422.0,6404368.0,18.29
305424.0,6404368.0,18.45
305426.0,6404368.0,18.95
305428.0,6404368.0,19.04
305430.0,6404368.0,18.76
305432.0,6404368.0,17.77
305434.0,6404368.0,17.9
305436.0,6404368.0,18.93
305438.0,6404368.0,19.23
305440.0,6404368.0,19.4
305442.0,6404368.0,19.58
305444.0,6404368.0,19.79
305446.0,6404368.0,19.42
305448.0,6404368.0,19.04
305450.0,6404368.0,18.51
305452.0,6404368.0,17.78
305454.0,6404368.0,17.23
305456.0,6404368.0,16.34
305458.0,6404368.0,16.23
305460.0,6404368.0,15.71
305462.0,6404368.0,15.57
305464.0,6404368.0,15.76
305466.0,6404368.0,15.76
305468.0,6404368.0,15.64
305470.0,6404368.0,15.28
305472.0,6404368.0,14.96
305474.0,6404368.0,14.88
305476.0,6404368.0,14.56
305478.0,6404368.0,14.46
305480.0,6404368.0,14.25
305482.0,6404368.0,14.17
305484.0,6404368.0,14.68
305486.0,6404368.0,14.61
305488.0,6404368.0,14.2
305490.0,6404368.0,13.95
305492.0,6404368.0,13.76
305494.0,6404368.0,13.62
305496.0,6404368.0,13.23
305498.0,6404368.0,13.09
305500.0,6404368.0,12.83
305502.0,6404368.0,12.7
305504.0,6404368.0,12.28
305506.0,6404368.0,12.11
305508.0,6404368.0,12.14
305510.0,6404368.0,11.97
305512.0,6404368.0,11.52
305514.0,6404368.0,11.3
305516.0,6404368.0,11.08
305518.0,6404368.0,11.88
305520.0,6404368.0,12.11
305522.0,6404368.0,12.32
305524.0,6404368.0,12.5
305526.0,6404368.0,12.52
305528.0,6404368.0,12.23
305530.0,6404368.0,12.13
305532.0,6404368.0,12.03
305534.0,6404368.0,11.26
305536.0,6404368.0,11.24
305538.0,6404368.0,10.94
305540.0,6404368.0,10.68
305542.0,6404368.0,10.7
305544.0,6404368.0,11.19
305546.0,6404368.0,11.3
305548.0,6404368.0,11.83
305550.0,6404368.0,11.39
305552.0,6404368.0,11.56
305554.0,6404368.0,12.52
305556.0,6404368.0,13.93
305558.0,6404368.0,14.81
305560.0,6404368.0,15.72
305562.0,6404368.0,16.47
305564.0,6404368.0,17.06
305566.0,6404368.0,17.17
305568.0,6404368.0,16.84
305570.0,6404368.0,16.43
305572.0,6404368.0,16.85
305574.0,6404368.0,17.2
305576.0,6404368.0,17.4
305578.0,6404368.0,18.62
305580.0,6404368.0,18.78
305582.0,6404368.0,19.24
305584.0,6404368.0,19.76
305586.0,6404368.0,20.29
305588.0,6404368.0,20.69
305590.0,6404368.0,20.45
305592.0,6404368.0,20.53
305594.0,6404368.0,20.31
305596.0,6404368.0,19.91
305598.0,6404368.0,20.37
305600.0,6404368.0,20.41
305602.0,6404368.0,19.8
305604.0,6404368.0,18.65
305606.0,6404368.0,19.32
305608.0,6404368.0,20.86
305610.0,6404368.0,20.96
305612.0,6404368.0,20.9
305614.0,6404368.0,20.81
305616.0,6404368.0,20.68
305618.0,6404368.0,20.57
305620.0,6404368.0,20.85
305622.0,6404368.0,20.8
305624.0,6404368.0,20.55
305626.0,6404368.0,20.3
305628.0,6404368.0,20.23
305630.0,6404368.0,20.18
305632.0,6404368.0,20.58
305634.0,6404368.0,20.64
305636.0,6404368.0,20.73
305638.0,6404368.0,20.36
305640.0,6404368.0,20.02
305642.0,6404368.0,19.83
305644.0,6404368.0,19.56
305646.0,6404368.0,19.64
305648.0,6404368.0,20.23
305650.0,6404368.0,20.27
305652.0,6404368.0,19.47
305654.0,6404368.0,19.1
305656.0,6404368.0,19.04
305658.0,6404368.0,19.01
305660.0,6404368.0,18.89
305662.0,6404368.0,18.09
305664.0,6404368.0,17.55
305666.0,6404368.0,17.55
305668.0,6404368.0,17.6
305670.0,6404368.0,17.8
305672.0,6404368.0,17.77
305674.0,6404368.0,17.8
305676.0,6404368.0,18.25
305678.0,6404368.0,19.36
305680.0,6404368.0,19.65
305150.0,6404370.0,2.03
305152.0,6404370.0,1.83
305154.0,6404370.0,1.74
305156.0,6404370.0,1.69
305158.0,6404370.0,1.65
305160.0,6404370.0,1.9
305162.0,6404370.0,2.55
305164.0,6404370.0,3.54
305166.0,6404370.0,4.45
305168.0,6404370.0,5.16
305170.0,6404370.0,5.41
305172.0,6404370.0,5.57
305174.0,6404370.0,5.59
305176.0,6404370.0,5.75
305178.0,6404370.0,5.84
305180.0,6404370.0,6.22
305182.0,6404370.0,6.12
305184.0,6404370.0,5.98
305186.0,6404370.0,5.72
305188.0,6404370.0,5.82
305190.0,6404370.0,6.32
305192.0,6404370.0,6.85
305194.0,6404370.0,6.8
305196.0,6404370.0,6.76
305198.0,6404370.0,6.67
305200.0,6404370.0,6.19
305202.0,6404370.0,5.94
305204.0,6404370.0,6.05
305206.0,6404370.0,6.06
305208.0,6404370.0,6.04
305210.0,6404370.0,6.19
305212.0,6404370.0,6.24
305214.0,6404370.0,7.02
305216.0,6404370.0,7.8
305218.0,6404370.0,7.92
305220.0,6404370.0,8.09
305222.0,6404370.0,8.01
305224.0,6404370.0,8.03
305226.0,6404370.0,7.83
305228.0,6404370.0,7.92
305230.0,6404370.0,7.88
305232.0,6404370.0,8.12
305234.0,6404370.0,8.76
305236.0,6404370.0,9.25
305238.0,6404370.0,9.39
305240.0,6404370.0,9.51
305242.0,6404370.0,9.53
305244.0,6404370.0,9.23
305246.0,6404370.0,9.19
305248.0,6404370.0,9.23
305250.0,6404370.0,9.33
305252.0,6404370.0,9.38
305254.0,6404370.0,9.46
305256.0,6404370.0,9.52
305258.0,6404370.0,9.63
305260.0,6404370.0,9.76
305262.0,6404370.0,10.07
305264.0,6404370.0,10.36
305266.0,6404370.0,10.5
305268.0,6404370.0,10.54
305270.0,6404370.0,10.58
305272.0,6404370.0,10.53
305274.0,6404370.0,10.23
305276.0,6404370.0,10.22
305278.0,6404370.0,10.16
305280.0,6404370.0,10.27
305282.0,6404370.0,10.52
305284.0,6404370.0,10.88
305286.0,6404370.0,11.29
305288.0,6404370.0,11.31
305290.0,6404370.0,11.41
305292.0,6404370.0,11.59
305294.0,6404370.0,11.62
305296.0,6404370.0,11.55
305298.0,6404370.0,11.57
305300.0,6404370.0,11.58
305302.0,6404370.0,12.08
305304.0,6404370.0,12.37
305306.0,6404370.0,12.68
305308.0,6404370.0,12.96
305310.0,6404370.0,12.9
305312.0,6404370.0,12.94
305314.0,6404370.0,12.91
305316.0,6404370.0,13.0
305318.0,6404370.0,14.21
305320.0,6404370.0,14.68
305322.0,6404370.0,14.93
305324.0,6404370.0,15.13
305326.0,6404370.0,15.86
305328.0,6404370.0,15.61
305330.0,6404370.0,15.09
305332.0,6404370.0,14.82
305334.0,6404370.0,14.65
305336.0,6404370.0,14.74
305338.0,6404370.0,15.07
305340.0,6404370.0,15.61
305342.0,6404370.0,16.01
305344.0,6404370.0,16.22
305346.0,6404370.0,16.71
305348.0,6404370.0,16.97
305350.0,6404370.0,16.96
305352.0,6404370.0,17.04
305354.0,6404370.0,17.21
305356.0,6404370.0,17.31
305358.0,6404370.0,17.45
305360.0,6404370.0,17.2
305362.0,6404370.0,17.57
305364.0,6404370.0,17.69
305366.0,6404370.0,17.88
305368.0,6404370.0,18.09
305370.0,6404370.0,18.22
305372.0,6404370.0,18.68
305374.0,6404370.0,19.08
305376.0,6404370.0,19.36
305378.0,6404370.0,19.16
305380.0,6404370.0,19.05
305382.0,6404370.0,18.8
305384.0,6404370.0,18.8
305386.0,6404370.0,18.7
305388.0,6404370.0,19.47
305390.0,6404370.0,19.99
305392.0,6404370.0,20.2
305394.0,6404370.0,20.35
305396.0,6404370.0,20.0
305398.0,6404370.0,19.4
305400.0,6404370.0,18.5
305402.0,6404370.0,17.69
305404.0,6404370.0,17.09
305406.0,6404370.0,16.86
305408.0,6404370.0,16.56
305410.0,6404370.0,16.6
305412.0,6404370.0,15.93
305414.0,6404370.0,15.59
305416.0,6404370.0,15.48
305418.0,6404370.0,15.64
305420.0,6404370.0,16.06
305422.0,6404370.0,17.03
305424.0,6404370.0,17.27
305426.0,6404370.0,17.22
305428.0,6404370.0,17.17
305430.0,6404370.0,16.92
305432.0,6404370.0,16.75
305434.0,6404370.0,17.0
305436.0,6404370.0,17.96
305438.0,6404370.0,18.46
305440.0,6404370.0,19.06
305442.0,6404370.0,19.43
305444.0,6404370.0,19.45
305446.0,6404370.0,19.11
305448.0,6404370.0,18.74
305450.0,6404370.0,18.19
305452.0,6404370.0,17.62
305454.0,6404370.0,16.96
305456.0,6404370.0,15.78
305458.0,6404370.0,15.2
305460.0,6404370.0,14.57
305462.0,6404370.0,14.61
305464.0,6404370.0,14.82
305466.0,6404370.0,15.11
305468.0,6404370.0,14.45
305470.0,6404370.0,14.14
305472.0,6404370.0,13.97
305474.0,6404370.0,14.45
305476.0,6404370.0,14.27
305478.0,6404370.0,14.28
305480.0,6404370.0,14.04
305482.0,6404370.0,13.59
305484.0,6404370.0,14.28
305486.0,6404370.0,14.54
305488.0,6404370.0,14.46
305490.0,6404370.0,14.26
305492.0,6404370.0,13.76
305494.0,6404370.0,13.65
305496.0,6404370.0,13.36
305498.0,6404370.0,13.09
305500.0,6404370.0,13.05
305502.0,6404370.0,12.49
305504.0,6404370.0,12.29
305506.0,6404370.0,11.97
305508.0,6404370.0,11.88
305510.0,6404370.0,11.63
305512.0,6404370.0,11.48
305514.0,6404370.0,11.43
305516.0,6404370.0,11.08
305518.0,6404370.0,11.0
305520.0,6404370.0,11.05
305522.0,6404370.0,11.15
305524.0,6404370.0,10.9
305526.0,6404370.0,11.16
305528.0,6404370.0,11.33
305530.0,6404370.0,10.95
305532.0,6404370.0,10.51
305534.0,6404370.0,10.37
305536.0,6404370.0,10.13
305538.0,6404370.0,10.37
305540.0,6404370.0,9.82
305542.0,6404370.0,9.67
305544.0,6404370.0,9.92
305546.0,6404370.0,10.15
305548.0,6404370.0,10.24
305550.0,6404370.0,10.71
305552.0,6404370.0,10.71
305554.0,6404370.0,11.0
305556.0,6404370.0,11.92
305558.0,6404370.0,13.43
305560.0,6404370.0,14.66
305562.0,6404370.0,15.34
305564.0,6404370.0,15.72
305566.0,6404370.0,15.47
305568.0,6404370.0,16.03
305570.0,6404370.0,16.55
305572.0,6404370.0,17.03
305574.0,6404370.0,17.22
305576.0,6404370.0,17.44
305578.0,6404370.0,18.35
305580.0,6404370.0,18.38
305582.0,6404370.0,18.57
305584.0,6404370.0,19.78
305586.0,6404370.0,20.32
305588.0,6404370.0,20.68
305590.0,6404370.0,20.46
305592.0,6404370.0,21.01
305594.0,6404370.0,20.95
305596.0,6404370.0,20.56
305598.0,6404370.0,20.67
305600.0,6404370.0,20.41
305602.0,6404370.0,20.17
305604.0,6404370.0,19.3
305606.0,6404370.0,18.1
305608.0,6404370.0,18.78
305610.0,6404370.0,20.08
305612.0,6404370.0,19.93
305614.0,6404370.0,19.71
305616.0,6404370.0,19.8
305618.0,6404370.0,19.67
305620.0,6404370.0,19.48
305622.0,6404370.0,19.15
305624.0,6404370.0,18.72
305626.0,6404370.0,18.97
305628.0,6404370.0,18.99
305630.0,6404370.0,19.38
305632.0,6404370.0,19.87
305634.0,6404370.0,19.52
305636.0,6404370.0,19.28
305638.0,6404370.0,19.39
305640.0,6404370.0,19.48
305642.0,6404370.0,19.61
305644.0,6404370.0,19.4
305646.0,6404370.0,19.23
305648.0,6404370.0,19.04
305650.0,6404370.0,19.64
305652.0,6404370.0,19.13
305654.0,6404370.0,19.43
305656.0,6404370.0,19.08
305658.0,6404370.0,18.77
305660.0,6404370.0,18.64
305662.0,6404370.0,17.81
305664.0,6404370.0,17.55
305666.0,6404370.0,17.66
305668.0,6404370.0,17.69
305670.0,6404370.0,17.65
305672.0,6404370.0,17.62
305674.0,6404370.0,17.58
305676.0,6404370.0,17.59
305678.0,6404370.0,19.26
305680.0,6404370.0,19.62
305150.0,6404372.0,1.41
305152.0,6404372.0,1.36
305154.0,6404372.0,1.16
305156.0,6404372.0,1.1
305158.0,6404372.0,1.31
305160.0,6404372.0,1.28
305162.0,6404372.0,1.96
305164.0,6404372.0,3.06
305166.0,6404372.0,3.84
305168.0,6404372.0,4.32
305170.0,6404372.0,4.73
305172.0,6404372.0,4.93
305174.0,6404372.0,4.84
305176.0,6404372.0,4.61
305178.0,6404372.0,4.9
305180.0,6404372.0,4.54
305182.0,6404372.0,5.46
305184.0,6404372.0,5.34
305186.0,6404372.0,5.28
305188.0,6404372.0,5.75
305190.0,6404372.0,5.97
305192.0,6404372.0,6.44
305194.0,6404372.0,6.46
305196.0,6404372.0,6.22
305198.0,6404372.0,6.01
305200.0,6404372.0,5.7
305202.0,6404372.0,5.72
305204.0,6404372.0,6.07
305206.0,6404372.0,6.11
305208.0,6404372.0,6.05
305210.0,6404372.0,6.13
305212.0,6404372.0,6.16
305214.0,6404372.0,7.01
305216.0,6404372.0,7.8
305218.0,6404372.0,7.91
305220.0,6404372.0,8.04
305222.0,6404372.0,8.05
305224.0,6404372.0,8.05
305226.0,6404372.0,8.06
305228.0,6404372.0,7.94
305230.0,6404372.0,8.37
305232.0,6404372.0,8.78
305234.0,6404372.0,9.0
305236.0,6404372.0,9.54
305238.0,6404372.0,9.54
305240.0,6404372.0,9.63
305242.0,6404372.0,9.67
305244.0,6404372.0,9.29
305246.0,6404372.0,9.16
305248.0,6404372.0,9.24
305250.0,6404372.0,9.31
305252.0,6404372.0,9.36
305254.0,6404372.0,9.42
305256.0,6404372.0,9.52
305258.0,6404372.0,9.64
305260.0,6404372.0,9.8
305262.0,6404372.0,10.09
305264.0,6404372.0,10.44
305266.0,6404372.0,10.52
305268.0,6404372.0,10.52
305270.0,6404372.0,10.56
305272.0,6404372.0,10.63
305274.0,6404372.0,10.6
305276.0,6404372.0,10.41
305278.0,6404372.0,10.25
305280.0,6404372.0,10.32
305282.0,6404372.0,10.55
305284.0,6404372.0,10.82
305286.0,6404372.0,11.23
305288.0,6404372.0,11.36
305290.0,6404372.0,11.34
305292.0,6404372.0,11.69
305294.0,6404372.0,12.09
305296.0,6404372.0,11.97
305298.0,6404372.0,12.04
305300.0,6404372.0,12.02
305302.0,6404372.0,11.88
305304.0,6404372.0,12.15
305306.0,6404372.0,12.33
305308.0,6404372.0,12.56
305310.0,6404372.0,12.7
305312.0,6404372.0,12.73
305314.0,6404372.0,12.71
305316.0,6404372.0,12.77
305318.0,6404372.0,13.8
305320.0,6404372.0,14.95
305322.0,6404372.0,14.9
305324.0,6404372.0,14.97
305326.0,6404372.0,15.21
305328.0,6404372.0,14.94
305330.0,6404372.0,14.45
305332.0,6404372.0,14.23
305334.0,6404372.0,14.48
305336.0,6404372.0,14.57
305338.0,6404372.0,14.67
305340.0,6404372.0,14.86
305342.0,6404372.0,15.44
305344.0,6404372.0,16.04
305346.0,6404372.0,17.18
305348.0,6404372.0,17.0
305350.0,6404372.0,16.96
305352.0,6404372.0,16.97
305354.0,6404372.0,17.04
305356.0,6404372.0,17.27
305358.0,6404372.0,17.17
305360.0,6404372.0,17.19
305362.0,6404372.0,17.39
305364.0,6404372.0,17.53
305366.0,6404372.0,17.85
305368.0,6404372.0,17.84
305370.0,6404372.0,18.01
305372.0,6404372.0,18.61
305374.0,6404372.0,18.91
305376.0,6404372.0,18.87
305378.0,6404372.0,18.7
305380.0,6404372.0,18.37
305382.0,6404372.0,18.27
305384.0,6404372.0,18.76
305386.0,6404372.0,19.08
305388.0,6404372.0,19.55
305390.0,6404372.0,19.68
305392.0,6404372.0,19.38
305394.0,6404372.0,19.22
305396.0,6404372.0,18.92
305398.0,6404372.0,18.61
305400.0,6404372.0,18.64
305402.0,6404372.0,18.36
305404.0,6404372.0,17.63
305406.0,6404372.0,16.83
305408.0,6404372.0,16.47
305410.0,6404372.0,16.74
305412.0,6404372.0,16.13
305414.0,6404372.0,15.58
305416.0,6404372.0,15.48
305418.0,6404372.0,15.42
305420.0,6404372.0,15.46
305422.0,6404372.0,15.23
305424.0,6404372.0,15.76
305426.0,6404372.0,16.27
305428.0,6404372.0,16.27
305430.0,6404372.0,16.06
305432.0,6404372.0,16.13
305434.0,6404372.0,16.02
305436.0,6404372.0,16.78
305438.0,6404372.0,17.38
305440.0,6404372.0,18.21
305442.0,6404372.0,19.19
305444.0,6404372.0,18.77
305446.0,6404372.0,18.07
305448.0,6404372.0,17.17
305450.0,6404372.0,16.76
305452.0,6404372.0,17.09
305454.0,6404372.0,16.17
305456.0,6404372.0,14.82
305458.0,6404372.0,14.15
305460.0,6404372.0,13.62
305462.0,6404372.0,13.49
305464.0,6404372.0,13.61
305466.0,6404372.0,13.35
305468.0,6404372.0,13.45
305470.0,6404372.0,13.9
305472.0,6404372.0,14.01
305474.0,6404372.0,13.65
305476.0,6404372.0,14.18
305478.0,6404372.0,14.05
305480.0,6404372.0,13.76
305482.0,6404372.0,13.34
305484.0,6404372.0,13.59
305486.0,6404372.0,14.04
305488.0,6404372.0,14.21
305490.0,6404372.0,14.32
305492.0,6404372.0,14.04
305494.0,6404372.0,13.6
305496.0,6404372.0,13.45
305498.0,6404372.0,13.32
305500.0,6404372.0,12.96
305502.0,6404372.0,12.53
305504.0,6404372.0,12.2
305506.0,6404372.0,11.88
305508.0,6404372.0,11.8
305510.0,6404372.0,11.52
305512.0,6404372.0,11.46
305514.0,6404372.0,11.48
305516.0,6404372.0,11.31
305518.0,6404372.0,11.32
305520.0,6404372.0,11.01
305522.0,6404372.0,10.95
305524.0,6404372.0,10.68
305526.0,6404372.0,10.72
305528.0,6404372.0,10.2
305530.0,6404372.0,9.9
305532.0,6404372.0,9.87
305534.0,6404372.0,9.77
305536.0,6404372.0,9.63
305538.0,6404372.0,9.67
305540.0,6404372.0,9.19
305542.0,6404372.0,9.04
305544.0,6404372.0,9.21
305546.0,6404372.0,9.66
305548.0,6404372.0,9.87
305550.0,6404372.0,10.16
305552.0,6404372.0,10.23
305554.0,6404372.0,10.73
305556.0,6404372.0,11.61
305558.0,6404372.0,12.81
305560.0,6404372.0,13.48
305562.0,6404372.0,14.05
305564.0,6404372.0,15.05
305566.0,6404372.0,15.41
305568.0,6404372.0,15.84
305570.0,6404372.0,16.54
305572.0,6404372.0,17.03
305574.0,6404372.0,17.13
305576.0,6404372.0,17.14
305578.0,6404372.0,17.75
305580.0,6404372.0,18.0
305582.0,6404372.0,18.53
305584.0,6404372.0,19.52
305586.0,6404372.0,19.99
305588.0,6404372.0,19.87
305590.0,6404372.0,20.01
305592.0,6404372.0,20.65
305594.0,6404372.0,21.02
305596.0,6404372.0,20.87
305598.0,6404372.0,20.69
305600.0,6404372.0,20.49
305602.0,6404372.0,20.11
305604.0,6404372.0,19.34
305606.0,6404372.0,18.62
305608.0,6404372.0,18.29
305610.0,6404372.0,17.52
305612.0,6404372.0,18.08
305614.0,6404372.0,18.38
305616.0,6404372.0,18.61
305618.0,6404372.0,18.61
305620.0,6404372.0,18.24
305622.0,6404372.0,17.91
305624.0,6404372.0,17.8
305626.0,6404372.0,17.89
305628.0,6404372.0,18.03
305630.0,6404372.0,18.33
305632.0,6404372.0,17.89
305634.0,6404372.0,17.48
305636.0,6404372.0,18.1
305638.0,6404372.0,18.25
305640.0,6404372.0,18.49
305642.0,6404372.0,18.7
305644.0,6404372.0,18.57
305646.0,6404372.0,18.61
305648.0,6404372.0,18.8
305650.0,6404372.0,18.72
305652.0,6404372.0,18.76
305654.0,6404372.0,18.84
305656.0,6404372.0,18.71
305658.0,6404372.0,18.4
305660.0,6404372.0,18.25
305662.0,6404372.0,17.68
305664.0,6404372.0,17.55
305666.0,6404372.0,17.75
305668.0,6404372.0,17.75
305670.0,6404372.0,17.71
305672.0,6404372.0,17.67
305674.0,6404372.0,17.64
305676.0,6404372.0,17.67
305678.0,6404372.0,17.52
305680.0,6404372.0,18.14
305150.0,6404374.0,1.03
305152.0,6404374.0,1.08
305154.0,6404374.0,1.03
305156.0,6404374.0,0.83
305158.0,6404374.0,0.83
305160.0,6404374.0,0.9
305162.0,6404374.0,1.58
305164.0,6404374.0,2.77
305166.0,6404374.0,3.33
305168.0,6404374.0,3.65
305170.0,6404374.0,3.87
305172.0,6404374.0,4.02
305174.0,6404374.0,4.06
305176.0,6404374.0,4.08
305178.0,6404374.0,4.07
305180.0,6404374.0,4.05
305182.0,6404374.0,4.19
305184.0,6404374.0,4.36
305186.0,6404374.0,4.73
305188.0,6404374.0,5.23
305190.0,6404374.0,5.45
305192.0,6404374.0,5.64
305194.0,6404374.0,5.5
305196.0,6404374.0,5.35
305198.0,6404374.0,5.4
305200.0,6404374.0,5.37
305202.0,6404374.0,5.48
305204.0,6404374.0,5.71
305206.0,6404374.0,5.9
305208.0,6404374.0,5.9
305210.0,6404374.0,5.97
305212.0,6404374.0,6.1
305214.0,6404374.0,7.24
305216.0,6404374.0,7.8
305218.0,6404374.0,7.98
305220.0,6404374.0,7.98
305222.0,6404374.0,7.99
305224.0,6404374.0,8.02
305226.0,6404374.0,8.57
305228.0,6404374.0,8.4
305230.0,6404374.0,8.66
305232.0,6404374.0,8.99
305234.0,6404374.0,9.43
305236.0,6404374.0,9.69
305238.0,6404374.0,9.71
305240.0,6404374.0,9.82
305242.0,6404374.0,9.67
305244.0,6404374.0,9.18
305246.0,6404374.0,9.12
305248.0,6404374.0,9.19
305250.0,6404374.0,9.25
305252.0,6404374.0,9.28
305254.0,6404374.0,9.41
305256.0,6404374.0,9.53
305258.0,6404374.0,9.77
305260.0,6404374.0,10.14
305262.0,6404374.0,10.39
305264.0,6404374.0,10.88
305266.0,6404374.0,10.56
305268.0,6404374.0,10.53
305270.0,6404374.0,10.58
305272.0,6404374.0,10.68
305274.0,6404374.0,10.64
305276.0,6404374.0,10.64
305278.0,6404374.0,10.52
305280.0,6404374.0,10.4
305282.0,6404374.0,10.54
305284.0,6404374.0,10.61
305286.0,6404374.0,10.88
305288.0,6404374.0,11.14
305290.0,6404374.0,11.33
305292.0,6404374.0,11.84
305294.0,6404374.0,12.21
305296.0,6404374.0,12.25
305298.0,6404374.0,12.21
305300.0,6404374.0,12.0
305302.0,6404374.0,11.8
305304.0,6404374.0,12.12
305306.0,6404374.0,12.12
305308.0,6404374.0,12.28
305310.0,6404374.0,12.53
305312.0,6404374.0,12.61
305314.0,6404374.0,12.65
305316.0,6404374.0,12.62
305318.0,6404374.0,13.37
305320.0,6404374.0,14.83
305322.0,6404374.0,14.8
305324.0,6404374.0,14.73
305326.0,6404374.0,14.53
305328.0,6404374.0,14.17
305330.0,6404374.0,13.88
305332.0,6404374.0,13.74
305334.0,6404374.0,13.94
305336.0,6404374.0,14.01
305338.0,6404374.0,14.27
305340.0,6404374.0,14.84
305342.0,6404374.0,15.6
305344.0,6404374.0,16.47
305346.0,6404374.0,17.19
305348.0,6404374.0,17.24
305350.0,6404374.0,17.11
305352.0,6404374.0,16.99
305354.0,6404374.0,17.13
305356.0,6404374.0,17.24
305358.0,6404374.0,17.71
305360.0,6404374.0,17.94
305362.0,6404374.0,17.9
305364.0,6404374.0,17.69
305366.0,6404374.0,17.51
305368.0,6404374.0,17.46
305370.0,6404374.0,17.71
305372.0,6404374.0,18.13
305374.0,6404374.0,18.36
305376.0,6404374.0,18.28
305378.0,6404374.0,18.17
305380.0,6404374.0,17.94
305382.0,6404374.0,18.39
305384.0,6404374.0,18.68
305386.0,6404374.0,19.05
305388.0,6404374.0,19.24
305390.0,6404374.0,19.2
305392.0,6404374.0,19.07
305394.0,6404374.0,19.55
305396.0,6404374.0,19.5
305398.0,6404374.0,19.25
305400.0,6404374.0,18.95
305402.0,6404374.0,18.4
305404.0,6404374.0,17.23
305406.0,6404374.0,16.88
305408.0,6404374.0,16.63
305410.0,6404374.0,17.23
305412.0,6404374.0,16.82
305414.0,6404374.0,16.04
305416.0,6404374.0,15.53
305418.0,6404374.0,15.88
305420.0,6404374.0,15.81
305422.0,6404374.0,15.52
305424.0,6404374.0,15.09
305426.0,6404374.0,14.99
305428.0,6404374.0,15.43
305430.0,6404374.0,15.52
305432.0,6404374.0,15.39
305434.0,6404374.0,15.26
305436.0,6404374.0,15.36
305438.0,6404374.0,16.26
305440.0,6404374.0,17.19
305442.0,6404374.0,17.89
305444.0,6404374.0,17.34
305446.0,6404374.0,16.22
305448.0,6404374.0,15.34
305450.0,6404374.0,14.89
305452.0,6404374.0,14.71
305454.0,6404374.0,14.28
305456.0,6404374.0,13.11
305458.0,6404374.0,12.9
305460.0,6404374.0,12.55
305462.0,6404374.0,12.45
305464.0,6404374.0,12.29
305466.0,6404374.0,12.7
305468.0,6404374.0,12.85
305470.0,6404374.0,12.98
305472.0,6404374.0,13.18
305474.0,6404374.0,13.32
305476.0,6404374.0,13.81
305478.0,6404374.0,13.99
305480.0,6404374.0,13.72
305482.0,6404374.0,13.33
305484.0,6404374.0,13.37
305486.0,6404374.0,13.59
305488.0,6404374.0,13.79
305490.0,6404374.0,13.82
305492.0,6404374.0,13.77
305494.0,6404374.0,13.64
305496.0,6404374.0,13.54
305498.0,6404374.0,13.44
305500.0,6404374.0,13.31
305502.0,6404374.0,13.08
305504.0,6404374.0,12.45
305506.0,6404374.0,11.96
305508.0,6404374.0,11.86
305510.0,6404374.0,11.82
305512.0,6404374.0,11.48
305514.0,6404374.0,11.75
305516.0,6404374.0,11.85
305518.0,6404374.0,11.5
305520.0,6404374.0,10.97
305522.0,6404374.0,10.72
305524.0,6404374.0,10.57
305526.0,6404374.0,10.33
305528.0,6404374.0,9.93
305530.0,6404374.0,9.31
305532.0,6404374.0,9.33
305534.0,6404374.0,9.07
305536.0,6404374.0,8.8
305538.0,6404374.0,8.81
305540.0,6404374.0,8.65
305542.0,6404374.0,8.59
305544.0,6404374.0,8.9
305546.0,6404374.0,9.19
305548.0,6404374.0,9.43
305550.0,6404374.0,9.69
305552.0,6404374.0,9.9
305554.0,6404374.0,10.68
305556.0,6404374.0,12.04
305558.0,6404374.0,12.95
305560.0,6404374.0,13.76
305562.0,6404374.0,14.17
305564.0,6404374.0,15.05
305566.0,6404374.0,15.36
305568.0,6404374.0,15.83
305570.0,6404374.0,16.32
305572.0,6404374.0,16.77
305574.0,6404374.0,16.93
305576.0,6404374.0,16.95
305578.0,6404374.0,16.72
305580.0,6404374.0,17.46
305582.0,6404374.0,17.82
305584.0,6404374.0,19.29
305586.0,6404374.0,19.36
305588.0,6404374.0,19.36
305590.0,6404374.0,19.59
305592.0,6404374.0,19.81
305594.0,6404374.0,20.07
305596.0,6404374.0,20.32
305598.0,6404374.0,20.51
305600.0,6404374.0,20.33
305602.0,6404374.0,19.92
305604.0,6404374.0,19.24
305606.0,6404374.0,18.61
305608.0,6404374.0,18.27
305610.0,6404374.0,18.09
305612.0,6404374.0,17.71
305614.0,6404374.0,17.61
305616.0,6404374.0,17.39
305618.0,6404374.0,17.32
305620.0,6404374.0,17.13
305622.0,6404374.0,16.69
305624.0,6404374.0,16.63
305626.0,6404374.0,16.95
305628.0,6404374.0,16.89
305630.0,6404374.0,16.59
305632.0,6404374.0,16.54
305634.0,6404374.0,16.81
305636.0,6404374.0,17.48
305638.0,6404374.0,17.55
305640.0,6404374.0,17.63
305642.0,6404374.0,17.5
305644.0,6404374.0,17.13
305646.0,6404374.0,17.23
305648.0,6404374.0,18.0
305650.0,6404374.0,18.2
305652.0,6404374.0,18.39
305654.0,6404374.0,18.3
305656.0,6404374.0,18.25
305658.0,6404374.0,18.15
305660.0,6404374.0,18.12
305662.0,6404374.0,17.52
305664.0,6404374.0,17.66
305666.0,6404374.0,17.8
305668.0,6404374.0,17.81
305670.0,6404374.0,17.76
305672.0,6404374.0,17.72
305674.0,6404374.0,17.68
305676.0,6404374.0,17.65
305678.0,6404374.0,17.55
305680.0,6404374.0,17.7
305150.0,6404376.0,0.69
305152.0,6404376.0,0.61
305154.0,6404376.0,0.58
305156.0,6404376.0,0.58
305158.0,6404376.0,0.7
305160.0,6404376.0,0.67
305162.0,6404376.0,0.78
305164.0,6404376.0,1.89
305166.0,6404376.0,3.1
305168.0,6404376.0,3.4
305170.0,6404376.0,3.85
305172.0,6404376.0,3.97
305174.0,6404376.0,4.01
305176.0,6404376.0,4.17
305178.0,6404376.0,4.17
305180.0,6404376.0,4.08
305182.0,6404376.0,4.19
305184.0,6404376.0,4.32
305186.0,6404376.0,4.36
305188.0,6404376.0,4.58
305190.0,6404376.0,4.69
305192.0,6404376.0,4.91
305194.0,6404376.0,5.02
305196.0,6404376.0,5.35
305198.0,6404376.0,5.59
305200.0,6404376.0,5.1
305202.0,6404376.0,5.11
305204.0,6404376.0,5.26
305206.0,6404376.0,5.45
305208.0,6404376.0,5.71
305210.0,6404376.0,5.81
305212.0,6404376.0,6.0
305214.0,6404376.0,7.28
305216.0,6404376.0,7.84
305218.0,6404376.0,7.92
305220.0,6404376.0,7.95
305222.0,6404376.0,8.04
305224.0,6404376.0,8.78
305226.0,6404376.0,8.95
305228.0,6404376.0,8.85
305230.0,6404376.0,8.96
305232.0,6404376.0,9.23
305234.0,6404376.0,9.31
305236.0,6404376.0,9.65
305238.0,6404376.0,9.72
305240.0,6404376.0,9.42
305242.0,6404376.0,9.18
305244.0,6404376.0,9.11
305246.0,6404376.0,9.19
305248.0,6404376.0,9.14
305250.0,6404376.0,9.26
305252.0,6404376.0,9.48
305254.0,6404376.0,9.51
305256.0,6404376.0,9.68
305258.0,6404376.0,10.12
305260.0,6404376.0,10.45
305262.0,6404376.0,10.58
305264.0,6404376.0,10.53
305266.0,6404376.0,10.54
305268.0,6404376.0,10.51
305270.0,6404376.0,10.54
305272.0,6404376.0,10.55
305274.0,6404376.0,10.6
305276.0,6404376.0,10.63
305278.0,6404376.0,10.63
305280.0,6404376.0,10.58
305282.0,6404376.0,10.6
305284.0,6404376.0,10.59
305286.0,6404376.0,10.61
305288.0,6404376.0,10.85
305290.0,6404376.0,11.09
305292.0,6404376.0,11.26
305294.0,6404376.0,11.58
305296.0,6404376.0,11.88
305298.0,6404376.0,11.81
305300.0,6404376.0,11.63
305302.0,6404376.0,11.92
305304.0,6404376.0,12.05
305306.0,6404376.0,11.79
305308.0,6404376.0,11.88
305310.0,6404376.0,12.09
305312.0,6404376.0,12.25
305314.0,6404376.0,12.34
305316.0,6404376.0,12.27
305318.0,6404376.0,12.99
305320.0,6404376.0,13.94
305322.0,6404376.0,14.12
305324.0,6404376.0,14.05
305326.0,6404376.0,14.09
305328.0,6404376.0,13.89
305330.0,6404376.0,13.65
305332.0,6404376.0,13.37
305334.0,6404376.0,13.61
305336.0,6404376.0,13.81
305338.0,6404376.0,14.04
305340.0,6404376.0,14.8
305342.0,6404376.0,15.91
305344.0,6404376.0,17.23
305346.0,6404376.0,17.22
305348.0,6404376.0,17.2
305350.0,6404376.0,17.21
305352.0,6404376.0,17.22
305354.0,6404376.0,17.24
305356.0,6404376.0,18.01
305358.0,6404376.0,18.46
305360.0,6404376.0,18.38
305362.0,6404376.0,18.15
305364.0,6404376.0,17.83
305366.0,6404376.0,17.47
305368.0,6404376.0,17.38
305370.0,6404376.0,17.49
305372.0,6404376.0,17.72
305374.0,6404376.0,17.78
305376.0,6404376.0,17.88
305378.0,6404376.0,17.75
305380.0,6404376.0,17.85
305382.0,6404376.0,18.16
305384.0,6404376.0,18.31
305386.0,6404376.0,18.58
305388.0,6404376.0,18.94
305390.0,6404376.0,19.16
305392.0,6404376.0,19.16
305394.0,6404376.0,19.21
305396.0,6404376.0,18.97
305398.0,6404376.0,18.84
305400.0,6404376.0,18.73
305402.0,6404376.0,18.23
305404.0,6404376.0,16.94
305406.0,6404376.0,16.13
305408.0,6404376.0,16.49
305410.0,6404376.0,16.73
305412.0,6404376.0,16.71
305414.0,6404376.0,16.13
305416.0,6404376.0,15.79
305418.0,6404376.0,15.82
305420.0,6404376.0,15.9
305422.0,6404376.0,15.51
305424.0,6404376.0,14.83
305426.0,6404376.0,14.66
305428.0,6404376.0,14.68
305430.0,6404376.0,14.43
305432.0,6404376.0,14.63
305434.0,6404376.0,14.67
305436.0,6404376.0,14.7
305438.0,6404376.0,14.94
305440.0,6404376.0,15.79
305442.0,6404376.0,16.55
305444.0,6404376.0,15.9
305446.0,6404376.0,15.16
305448.0,6404376.0,14.22
305450.0,6404376.0,13.56
305452.0,6404376.0,13.07
305454.0,6404376.0,12.24
305456.0,6404376.0,12.18
305458.0,6404376.0,11.94
305460.0,6404376.0,11.78
305462.0,6404376.0,11.8
305464.0,6404376.0,11.87
305466.0,6404376.0,12.08
305468.0,6404376.0,12.24
305470.0,6404376.0,12.12
305472.0,6404376.0,12.39
305474.0,6404376.0,12.91
305476.0,6404376.0,13.13
305478.0,6404376.0,13.38
305480.0,6404376.0,13.3
305482.0,6404376.0,13.37
305484.0,6404376.0,12.92
305486.0,6404376.0,12.8
305488.0,6404376.0,12.85
305490.0,6404376.0,13.18
305492.0,6404376.0,13.23
305494.0,6404376.0,13.45
305496.0,6404376.0,13.46
305498.0,6404376.0,13.38
305500.0,6404376.0,13.31
305502.0,6404376.0,13.22
305504.0,6404376.0,13.06
305506.0,6404376.0,12.43
305508.0,6404376.0,11.86
305510.0,6404376.0,11.42
305512.0,6404376.0,11.48
305514.0,6404376.0,11.91
305516.0,6404376.0,11.67
305518.0,6404376.0,11.36
305520.0,6404376.0,10.86
305522.0,6404376.0,10.47
305524.0,6404376.0,10.03
305526.0,6404376.0,9.69
305528.0,6404376.0,8.95
305530.0,6404376.0,8.72
305532.0,6404376.0,8.78
305534.0,6404376.0,8.75
305536.0,6404376.0,8.33
305538.0,6404376.0,8.27
305540.0,6404376.0,7.96
305542.0,6404376.0,8.07
305544.0,6404376.0,8.29
305546.0,6404376.0,8.62
305548.0,6404376.0,8.96
305550.0,6404376.0,9.17
305552.0,6404376.0,9.1
305554.0,6404376.0,9.67
305556.0,6404376.0,10.88
305558.0,6404376.0,12.24
305560.0,6404376.0,12.92
305562.0,6404376.0,13.78
305564.0,6404376.0,14.63
305566.0,6404376.0,15.51
305568.0,6404376.0,15.95
305570.0,6404376.0,16.33
305572.0,6404376.0,16.42
305574.0,6404376.0,16.39
305576.0,6404376.0,16.27
305578.0,6404376.0,16.06
305580.0,6404376.0,16.57
305582.0,6404376.0,16.79
305584.0,6404376.0,17.71
305586.0,6404376.0,17.97
305588.0,6404376.0,18.9
305590.0,6404376.0,19.01
305592.0,6404376.0,19.14
305594.0,6404376.0,19.51
305596.0,6404376.0,19.76
305598.0,6404376.0,19.92
305600.0,6404376.0,19.84
305602.0,6404376.0,19.41
305604.0,6404376.0,18.83
305606.0,6404376.0,18.41
305608.0,6404376.0,17.97
305610.0,6404376.0,17.97
305612.0,6404376.0,18.01
305614.0,6404376.0,18.43
305616.0,6404376.0,17.9
305618.0,6404376.0,17.47
305620.0,6404376.0,16.75
305622.0,6404376.0,16.53
305624.0,6404376.0,16.09
305626.0,6404376.0,15.75
305628.0,6404376.0,15.4
305630.0,6404376.0,15.59
305632.0,6404376.0,15.93
305634.0,6404376.0,16.34
305636.0,6404376.0,16.67
305638.0,6404376.0,17.18
305640.0,6404376.0,16.96
305642.0,6404376.0,16.79
305644.0,6404376.0,16.85
305646.0,6404376.0,17.01
305648.0,6404376.0,17.14
305650.0,6404376.0,17.49
305652.0,6404376.0,17.47
305654.0,6404376.0,17.85
305656.0,6404376.0,18.0
305658.0,6404376.0,17.84
305660.0,6404376.0,17.82
305662.0,6404376.0,17.58
305664.0,6404376.0,17.56
305666.0,6404376.0,17.77
305668.0,6404376.0,17.79
305670.0,6404376.0,17.8
305672.0,6404376.0,17.79
305674.0,6404376.0,17.74
305676.0,6404376.0,17.61
305678.0,6404376.0,17.54
305680.0,6404376.0,17.68
305150.0,6404378.0,0.35
305152.0,6404378.0,0.19
305154.0,6404378.0,0.23
305156.0,6404378.0,0.26
305158.0,6404378.0,0.39
305160.0,6404378.0,0.53
305162.0,6404378.0,0.6
305164.0,6404378.0,1.38
305166.0,6404378.0,2.68
305168.0,6404378.0,3.08
305170.0,6404378.0,3.46
305172.0,6404378.0,3.86
305174.0,6404378.0,3.98
305176.0,6404378.0,4.04
305178.0,6404378.0,3.71
305180.0,6404378.0,4.45
305182.0,6404378.0,4.47
305184.0,6404378.0,4.64
305186.0,6404378.0,4.84
305188.0,6404378.0,5.16
305190.0,6404378.0,5.38
305192.0,6404378.0,5.57
305194.0,6404378.0,5.55
305196.0,6404378.0,5.63
305198.0,6404378.0,5.26
305200.0,6404378.0,4.83
305202.0,6404378.0,4.86
305204.0,6404378.0,4.98
305206.0,6404378.0,5.23
305208.0,6404378.0,5.49
305210.0,6404378.0,5.59
305212.0,6404378.0,5.84
305214.0,6404378.0,7.18
305216.0,6404378.0,7.96
305218.0,6404378.0,7.91
305220.0,6404378.0,8.1
305222.0,6404378.0,8.84
305224.0,6404378.0,9.52
305226.0,6404378.0,9.34
305228.0,6404378.0,9.24
305230.0,6404378.0,9.26
305232.0,6404378.0,9.47
305234.0,6404378.0,9.43
305236.0,6404378.0,9.61
305238.0,6404378.0,9.46
305240.0,6404378.0,9.28
305242.0,6404378.0,9.12
305244.0,6404378.0,9.12
305246.0,6404378.0,9.13
305248.0,6404378.0,9.22
305250.0,6404378.0,9.53
305252.0,6404378.0,9.79
305254.0,6404378.0,9.82
305256.0,6404378.0,10.17
305258.0,6404378.0,10.48
305260.0,6404378.0,10.58
305262.0,6404378.0,10.55
305264.0,6404378.0,10.55
305266.0,6404378.0,10.53
305268.0,6404378.0,10.51
305270.0,6404378.0,10.48
305272.0,6404378.0,10.47
305274.0,6404378.0,10.49
305276.0,6404378.0,10.58
305278.0,6404378.0,10.64
305280.0,6404378.0,10.65
305282.0,6404378.0,10.72
305284.0,6404378.0,10.76
305286.0,6404378.0,10.74
305288.0,6404378.0,10.72
305290.0,6404378.0,10.83
305292.0,6404378.0,11.03
305294.0,6404378.0,11.23
305296.0,6404378.0,11.42
305298.0,6404378.0,11.33
305300.0,6404378.0,11.72
305302.0,6404378.0,12.01
305304.0,6404378.0,11.81
305306.0,6404378.0,11.55
305308.0,6404378.0,11.53
305310.0,6404378.0,11.55
305312.0,6404378.0,11.53
305314.0,6404378.0,11.24
305316.0,6404378.0,11.19
305318.0,6404378.0,11.42
305320.0,6404378.0,12.21
305322.0,6404378.0,12.84
305324.0,6404378.0,13.03
305326.0,6404378.0,13.69
305328.0,6404378.0,13.68
305330.0,6404378.0,13.31
305332.0,6404378.0,13.07
305334.0,6404378.0,13.45
305336.0,6404378.0,13.61
305338.0,6404378.0,13.92
305340.0,6404378.0,15.51
305342.0,6404378.0,16.0
305344.0,6404378.0,17.06
305346.0,6404378.0,17.24
305348.0,6404378.0,17.2
305350.0,6404378.0,17.22
305352.0,6404378.0,17.17
305354.0,6404378.0,17.31
305356.0,6404378.0,18.07
305358.0,6404378.0,18.51
305360.0,6404378.0,18.47
305362.0,6404378.0,18.24
305364.0,6404378.0,17.74
305366.0,6404378.0,17.6
305368.0,6404378.0,17.61
305370.0,6404378.0,17.41
305372.0,6404378.0,17.39
305374.0,6404378.0,17.56
305376.0,6404378.0,17.6
305378.0,6404378.0,17.63
305380.0,6404378.0,17.63
305382.0,6404378.0,17.87
305384.0,6404378.0,18.05
305386.0,6404378.0,18.4
305388.0,6404378.0,18.8
305390.0,6404378.0,19.0
305392.0,6404378.0,19.04
305394.0,6404378.0,19.04
305396.0,6404378.0,18.82
305398.0,6404378.0,18.38
305400.0,6404378.0,18.23
305402.0,6404378.0,17.59
305404.0,6404378.0,16.49
305406.0,6404378.0,15.69
305408.0,6404378.0,16.0
305410.0,6404378.0,16.35
305412.0,6404378.0,16.02
305414.0,6404378.0,15.75
305416.0,6404378.0,15.28
305418.0,6404378.0,15.16
305420.0,6404378.0,15.03
305422.0,6404378.0,14.95
305424.0,6404378.0,14.86
305426.0,6404378.0,14.78
305428.0,6404378.0,14.86
305430.0,6404378.0,14.41
305432.0,6404378.0,13.97
305434.0,6404378.0,14.04
305436.0,6404378.0,13.97
305438.0,6404378.0,14.35
305440.0,6404378.0,14.17
305442.0,6404378.0,14.3
305444.0,6404378.0,14.3
305446.0,6404378.0,13.76
305448.0,6404378.0,12.82
305450.0,6404378.0,12.44
305452.0,6404378.0,12.33
305454.0,6404378.0,12.37
305456.0,6404378.0,11.98
305458.0,6404378.0,11.56
305460.0,6404378.0,11.52
305462.0,6404378.0,11.51
305464.0,6404378.0,11.57
305466.0,6404378.0,11.87
305468.0,6404378.0,11.88
305470.0,6404378.0,11.77
305472.0,6404378.0,11.77
305474.0,6404378.0,11.8
305476.0,6404378.0,12.32
305478.0,6404378.0,12.6
305480.0,6404378.0,12.49
305482.0,6404378.0,12.67
305484.0,6404378.0,12.09
305486.0,6404378.0,11.97
305488.0,6404378.0,12.22
305490.0,6404378.0,12.54
305492.0,6404378.0,12.99
305494.0,6404378.0,13.1
305496.0,6404378.0,13.11
305498.0,6404378.0,13.05
305500.0,6404378.0,13.17
305502.0,6404378.0,12.99
305504.0,6404378.0,13.04
305506.0,6404378.0,13.11
305508.0,6404378.0,12.7
305510.0,6404378.0,11.69
305512.0,6404378.0,11.05
305514.0,6404378.0,11.43
305516.0,6404378.0,11.36
305518.0,6404378.0,10.89
305520.0,6404378.0,10.38
305522.0,6404378.0,10.02
305524.0,6404378.0,9.59
305526.0,6404378.0,9.03
305528.0,6404378.0,8.72
305530.0,6404378.0,8.33
305532.0,6404378.0,8.47
305534.0,6404378.0,7.95
305536.0,6404378.0,7.84
305538.0,6404378.0,7.73
305540.0,6404378.0,7.7
305542.0,6404378.0,7.66
305544.0,6404378.0,7.87
305546.0,6404378.0,8.13
305548.0,6404378.0,8.39
305550.0,6404378.0,8.64
305552.0,6404378.0,8.65
305554.0,6404378.0,8.85
305556.0,6404378.0,9.2
305558.0,6404378.0,10.44
305560.0,6404378.0,11.67
305562.0,6404378.0,12.2
305564.0,6404378.0,12.22
305566.0,6404378.0,14.3
305568.0,6404378.0,15.21
305570.0,6404378.0,15.96
305572.0,6404378.0,15.9
305574.0,6404378.0,15.78
305576.0,6404378.0,15.82
305578.0,6404378.0,15.08
305580.0,6404378.0,15.22
305582.0,6404378.0,15.78
305584.0,6404378.0,15.95
305586.0,6404378.0,16.31
305588.0,6404378.0,17.61
305590.0,6404378.0,18.06
305592.0,6404378.0,18.07
305594.0,6404378.0,18.32
305596.0,6404378.0,18.74
305598.0,6404378.0,18.99
305600.0,6404378.0,18.96
305602.0,6404378.0,18.76
305604.0,6404378.0,18.38
305606.0,6404378.0,17.6
305608.0,6404378.0,17.83
305610.0,6404378.0,18.04
305612.0,6404378.0,18.09
305614.0,6404378.0,18.32
305616.0,6404378.0,18.35
305618.0,6404378.0,18.01
305620.0,6404378.0,17.5
305622.0,6404378.0,16.89
305624.0,6404378.0,16.81
305626.0,6404378.0,16.15
305628.0,6404378.0,15.85
305630.0,6404378.0,15.05
305632.0,6404378.0,15.43
305634.0,6404378.0,15.45
305636.0,6404378.0,15.66
305638.0,6404378.0,16.36
305640.0,6404378.0,16.69
305642.0,6404378.0,16.76
305644.0,6404378.0,16.78
305646.0,6404378.0,16.82
305648.0,6404378.0,16.92
305650.0,6404378.0,17.18
305652.0,6404378.0,17.19
305654.0,6404378.0,17.36
305656.0,6404378.0,17.39
305658.0,6404378.0,17.41
305660.0,6404378.0,17.46
305662.0,6404378.0,17.55
305664.0,6404378.0,17.69
305666.0,6404378.0,17.8
305668.0,6404378.0,17.71
305670.0,6404378.0,17.72
305672.0,6404378.0,17.75
305674.0,6404378.0,17.7
305676.0,6404378.0,17.55
305678.0,6404378.0,17.71
305680.0,6404378.0,17.66
305150.0,6404380.0,0.1
305152.0,6404380.0,-0.04
305154.0,6404380.0,-0.04
305156.0,6404380.0,0.01
305158.0,6404380.0,0.14
305160.0,6404380.0,0.34
305162.0,6404380.0,0.51
305164.0,6404380.0,0.66
305166.0,6404380.0,2.03
305168.0,6404380.0,3.05
305170.0,6404380.0,3.37
305172.0,6404380.0,3.48
305174.0,6404380.0,3.5
305176.0,6404380.0,3.66
305178.0,6404380.0,3.84
305180.0,6404380.0,4.14
305182.0,6404380.0,4.06
305184.0,6404380.0,4.54
305186.0,6404380.0,5.11
305188.0,6404380.0,5.51
305190.0,6404380.0,5.8
305192.0,6404380.0,5.74
305194.0,6404380.0,5.54
305196.0,6404380.0,5.4
305198.0,6404380.0,5.21
305200.0,6404380.0,5.05
305202.0,6404380.0,4.76
305204.0,6404380.0,4.7
305206.0,6404380.0,5.0
305208.0,6404380.0,5.3
305210.0,6404380.0,5.38
305212.0,6404380.0,5.69
305214.0,6404380.0,6.75
305216.0,6404380.0,7.77
305218.0,6404380.0,7.86
305220.0,6404380.0,8.89
305222.0,6404380.0,9.63
305224.0,6404380.0,9.89
305226.0,6404380.0,9.73
305228.0,6404380.0,9.63
305230.0,6404380.0,9.56
305232.0,6404380.0,9.71
305234.0,6404380.0,9.67
305236.0,6404380.0,9.6
305238.0,6404380.0,9.33
305240.0,6404380.0,9.31
305242.0,6404380.0,9.15
305244.0,6404380.0,9.38
305246.0,6404380.0,9.56
305248.0,6404380.0,9.61
305250.0,6404380.0,9.74
305252.0,6404380.0,10.39
305254.0,6404380.0,10.42
305256.0,6404380.0,10.83
305258.0,6404380.0,10.84
305260.0,6404380.0,10.62
305262.0,6404380.0,10.56
305264.0,6404380.0,10.54
305266.0,6404380.0,10.5
305268.0,6404380.0,10.51
305270.0,6404380.0,10.49
305272.0,6404380.0,10.42
305274.0,6404380.0,10.54
305276.0,6404380.0,10.53
305278.0,6404380.0,10.59
305280.0,6404380.0,10.63
305282.0,6404380.0,10.73
305284.0,6404380.0,10.82
305286.0,6404380.0,10.86
305288.0,6404380.0,10.95
305290.0,6404380.0,10.97
305292.0,6404380.0,10.91
305294.0,6404380.0,10.95
305296.0,6404380.0,10.98
305298.0,6404380.0,11.17
305300.0,6404380.0,11.72
305302.0,6404380.0,11.96
305304.0,6404380.0,11.41
305306.0,6404380.0,11.41
305308.0,6404380.0,11.37
305310.0,6404380.0,11.56
305312.0,6404380.0,11.37
305314.0,6404380.0,11.13
305316.0,6404380.0,11.11
305318.0,6404380.0,11.13
305320.0,6404380.0,11.13
305322.0,6404380.0,11.16
305324.0,6404380.0,11.14
305326.0,6404380.0,12.03
305328.0,6404380.0,12.95
305330.0,6404380.0,12.53
305332.0,6404380.0,12.71
305334.0,6404380.0,13.5
305336.0,6404380.0,13.66
305338.0,6404380.0,14.42
305340.0,6404380.0,15.22
305342.0,6404380.0,15.63
305344.0,6404380.0,15.83
305346.0,6404380.0,16.56
305348.0,6404380.0,17.05
305350.0,6404380.0,17.08
305352.0,6404380.0,16.93
305354.0,6404380.0,17.01
305356.0,6404380.0,17.85
305358.0,6404380.0,18.05
305360.0,6404380.0,18.18
305362.0,6404380.0,18.16
305364.0,6404380.0,17.71
305366.0,6404380.0,17.34
305368.0,6404380.0,17.53
305370.0,6404380.0,17.38
305372.0,6404380.0,16.98
305374.0,6404380.0,17.09
305376.0,6404380.0,17.64
305378.0,6404380.0,17.58
305380.0,6404380.0,17.43
305382.0,6404380.0,17.61
305384.0,6404380.0,17.84
305386.0,6404380.0,18.75
305388.0,6404380.0,19.21
305390.0,6404380.0,19.07
305392.0,6404380.0,19.08
305394.0,6404380.0,18.96
305396.0,6404380.0,18.73
305398.0,6404380.0,18.36
305400.0,6404380.0,18.05
305402.0,6404380.0,17.14
305404.0,6404380.0,15.78
305406.0,6404380.0,15.19
305408.0,6404380.0,15.48
305410.0,6404380.0,15.93
305412.0,6404380.0,16.01
305414.0,6404380.0,15.51
305416.0,6404380.0,14.88
305418.0,6404380.0,14.47
305420.0,6404380.0,14.25
305422.0,6404380.0,14.56
305424.0,6404380.0,14.69
305426.0,6404380.0,14.52
305428.0,6404380.0,14.53
305430.0,6404380.0,14.5
305432.0,6404380.0,13.51
305434.0,6404380.0,12.68
305436.0,6404380.0,12.87
305438.0,6404380.0,13.39
305440.0,6404380.0,12.99
305442.0,6404380.0,12.55
305444.0,6404380.0,12.37
305446.0,6404380.0,12.33
305448.0,6404380.0,11.93
305450.0,6404380.0,11.91
305452.0,6404380.0,11.97
305454.0,6404380.0,11.93
305456.0,6404380.0,11.71
305458.0,6404380.0,11.58
305460.0,6404380.0,11.47
305462.0,6404380.0,11.42
305464.0,6404380.0,11.49
305466.0,6404380.0,11.37
305468.0,6404380.0,11.52
305470.0,6404380.0,11.54
305472.0,6404380.0,12.0
305474.0,6404380.0,11.72
305476.0,6404380.0,11.72
305478.0,6404380.0,11.75
305480.0,6404380.0,12.05
305482.0,6404380.0,11.88
305484.0,6404380.0,11.51
305486.0,6404380.0,11.64
305488.0,6404380.0,11.71
305490.0,6404380.0,12.03
305492.0,6404380.0,12.53
305494.0,6404380.0,12.89
305496.0,6404380.0,12.79
305498.0,6404380.0,12.72
305500.0,6404380.0,13.03
305502.0,6404380.0,13.03
305504.0,6404380.0,13.18
305506.0,6404380.0,13.46
305508.0,6404380.0,13.07
305510.0,6404380.0,12.28
305512.0,6404380.0,11.2
305514.0,6404380.0,10.39
305516.0,6404380.0,10.11
305518.0,6404380.0,9.62
305520.0,6404380.0,9.55
305522.0,6404380.0,9.12
305524.0,6404380.0,8.8
305526.0,6404380.0,8.77
305528.0,6404380.0,8.51
305530.0,6404380.0,7.9
305532.0,6404380.0,7.83
305534.0,6404380.0,7.77
305536.0,6404380.0,7.76
305538.0,6404380.0,7.59
305540.0,6404380.0,7.55
305542.0,6404380.0,7.49
305544.0,6404380.0,7.69
305546.0,6404380.0,7.77
305548.0,6404380.0,7.9
305550.0,6404380.0,8.1
305552.0,6404380.0,8.21
305554.0,6404380.0,8.24
305556.0,6404380.0,8.21
305558.0,6404380.0,8.83
305560.0,6404380.0,10.19
305562.0,6404380.0,11.09
305564.0,6404380.0,11.86
305566.0,6404380.0,12.72
305568.0,6404380.0,13.93
305570.0,6404380.0,14.85
305572.0,6404380.0,14.98
305574.0,6404380.0,15.4
305576.0,6404380.0,15.5
305578.0,6404380.0,15.15
305580.0,6404380.0,14.56
305582.0,6404380.0,14.54
305584.0,6404380.0,14.44
305586.0,6404380.0,15.41
305588.0,6404380.0,16.13
305590.0,6404380.0,17.14
305592.0,6404380.0,17.13
305594.0,6404380.0,17.19
305596.0,6404380.0,17.51
305598.0,6404380.0,17.71
305600.0,6404380.0,17.56
305602.0,6404380.0,17.65
305604.0,6404380.0,17.3
305606.0,6404380.0,16.15
305608.0,6404380.0,16.7
305610.0,6404380.0,17.33
305612.0,6404380.0,18.07
305614.0,6404380.0,18.58
305616.0,6404380.0,18.71
305618.0,6404380.0,18.3
305620.0,6404380.0,17.82
305622.0,6404380.0,17.68
305624.0,6404380.0,17.47
305626.0,6404380.0,17.41
305628.0,6404380.0,16.97
305630.0,6404380.0,15.61
305632.0,6404380.0,14.8
305634.0,6404380.0,14.45
305636.0,6404380.0,14.66
305638.0,6404380.0,15.38
305640.0,6404380.0,16.37
305642.0,6404380.0,16.72
305644.0,6404380.0,16.79
305646.0,6404380.0,16.79
305648.0,6404380.0,16.88
305650.0,6404380.0,16.96
305652.0,6404380.0,17.05
305654.0,6404380.0,17.08
305656.0,6404380.0,17.1
305658.0,6404380.0,17.18
305660.0,6404380.0,17.25
305662.0,6404380.0,17.44
305664.0,6404380.0,17.62
305666.0,6404380.0,17.79
305668.0,6404380.0,17.76
305670.0,6404380.0,17.69
305672.0,6404380.0,17.61
305674.0,6404380.0,17.5
305676.0,6404380.0,17.55
305678.0,6404380.0,17.8
305680.0,6404380.0,17.65
305150.0,6404382.0,0.02
305152.0,6404382.0,-0.18
305154.0,6404382.0,-0.29
305156.0,6404382.0,-0.31
305158.0,6404382.0,-0.31
305160.0,6404382.0,-0.13
305162.0,6404382.0,0.27
305164.0,6404382.0,0.51
305166.0,6404382.0,0.69
305168.0,6404382.0,1.06
305170.0,6404382.0,2.83
305172.0,6404382.0,3.11
305174.0,6404382.0,3.23
305176.0,6404382.0,3.45
305178.0,6404382.0,3.45
305180.0,6404382.0,3.55
305182.0,6404382.0,3.85
305184.0,6404382.0,4.26
305186.0,6404382.0,4.61
305188.0,6404382.0,5.28
305190.0,6404382.0,5.54
305192.0,6404382.0,5.53
305194.0,6404382.0,5.37
305196.0,6404382.0,5.06
305198.0,6404382.0,4.98
305200.0,6404382.0,4.94
305202.0,6404382.0,4.87
305204.0,6404382.0,4.5
305206.0,6404382.0,4.72
305208.0,6404382.0,5.04
305210.0,6404382.0,5.18
305212.0,6404382.0,5.45
305214.0,6404382.0,6.3
305216.0,6404382.0,7.37
305218.0,6404382.0,7.88
305220.0,6404382.0,8.83
305222.0,6404382.0,10.43
305224.0,6404382.0,10.25
305226.0,6404382.0,10.11
305228.0,6404382.0,10.02
305230.0,6404382.0,9.92
305232.0,6404382.0,9.96
305234.0,6404382.0,10.08
305236.0,6404382.0,9.55
305238.0,6404382.0,9.31
305240.0,6404382.0,9.33
305242.0,6404382.0,9.72
305244.0,6404382.0,10.18
305246.0,6404382.0,10.12
305248.0,6404382.0,10.07
305250.0,6404382.0,10.05
305252.0,6404382.0,10.61
305254.0,6404382.0,10.77
305256.0,6404382.0,10.81
305258.0,6404382.0,10.81
305260.0,6404382.0,10.83
305262.0,6404382.0,10.66
305264.0,6404382.0,10.54
305266.0,6404382.0,10.39
305268.0,6404382.0,10.46
305270.0,6404382.0,10.53
305272.0,6404382.0,10.41
305274.0,6404382.0,10.42
305276.0,6404382.0,10.44
305278.0,6404382.0,10.48
305280.0,6404382.0,10.53
305282.0,6404382.0,10.89
305284.0,6404382.0,10.79
305286.0,6404382.0,10.9
305288.0,6404382.0,11.01
305290.0,6404382.0,11.06
305292.0,6404382.0,11.08
305294.0,6404382.0,10.95
305296.0,6404382.0,10.96
305298.0,6404382.0,11.1
305300.0,6404382.0,11.4
305302.0,6404382.0,11.5
305304.0,6404382.0,11.41
305306.0,6404382.0,11.58
305308.0,6404382.0,11.53
305310.0,6404382.0,11.4
305312.0,6404382.0,11.14
305314.0,6404382.0,11.09
305316.0,6404382.0,11.23
305318.0,6404382.0,11.21
305320.0,6404382.0,11.29
305322.0,6404382.0,11.3
305324.0,6404382.0,11.29
305326.0,6404382.0,11.44
305328.0,6404382.0,11.81
305330.0,6404382.0,12.08
305332.0,6404382.0,12.35
305334.0,6404382.0,13.13
305336.0,6404382.0,13.81
305338.0,6404382.0,14.44
305340.0,6404382.0,14.79
305342.0,6404382.0,15.16
305344.0,6404382.0,15.57
305346.0,6404382.0,15.91
305348.0,6404382.0,16.16
305350.0,6404382.0,16.71
305352.0,6404382.0,16.92
305354.0,6404382.0,16.97
305356.0,6404382.0,17.37
305358.0,6404382.0,17.4
305360.0,6404382.0,17.41
305362.0,6404382.0,17.45
305364.0,6404382.0,17.08
305366.0,6404382.0,16.93
305368.0,6404382.0,17.17
305370.0,6404382.0,16.85
305372.0,6404382.0,16.58
305374.0,6404382.0,17.02
305376.0,6404382.0,17.31
305378.0,6404382.0,17.38
305380.0,6404382.0,17.49
305382.0,6404382.0,17.44
305384.0,6404382.0,17.59
305386.0,6404382.0,18.32
305388.0,6404382.0,18.8
305390.0,6404382.0,18.86
305392.0,6404382.0,18.81
305394.0,6404382.0,18.77
305396.0,6404382.0,18.61
305398.0,6404382.0,18.03
305400.0,6404382.0,17.54
305402.0,6404382.0,16.8
305404.0,6404382.0,15.29
305406.0,6404382.0,14.85
305408.0,6404382.0,15.32
305410.0,6404382.0,15.67
305412.0,6404382.0,16.14
305414.0,6404382.0,15.84
305416.0,6404382.0,14.95
305418.0,6404382.0,13.67
305420.0,6404382.0,13.4
305422.0,6404382.0,13.44
305424.0,6404382.0,13.88
305426.0,6404382.0,13.84
305428.0,6404382.0,13.78
305430.0,6404382.0,13.63
305432.0,6404382.0,12.97
305434.0,6404382.0,11.9
305436.0,6404382.0,11.65
305438.0,6404382.0,11.76
305440.0,6404382.0,11.45
305442.0,6404382.0,11.78
305444.0,6404382.0,12.18
305446.0,6404382.0,11.93
305448.0,6404382.0,11.46
305450.0,6404382.0,11.49
305452.0,6404382.0,11.55
305454.0,6404382.0,11.42
305456.0,6404382.0,11.34
305458.0,6404382.0,11.43
305460.0,6404382.0,11.24
305462.0,6404382.0,11.27
305464.0,6404382.0,11.3
305466.0,6404382.0,11.15
305468.0,6404382.0,11.31
305470.0,6404382.0,11.74
305472.0,6404382.0,12.06
305474.0,6404382.0,11.49
305476.0,6404382.0,10.88
305478.0,6404382.0,10.8
305480.0,6404382.0,11.05
305482.0,6404382.0,10.77
305484.0,6404382.0,11.03
305486.0,6404382.0,11.25
305488.0,6404382.0,11.37
305490.0,6404382.0,11.4
305492.0,6404382.0,11.65
305494.0,6404382.0,12.53
305496.0,6404382.0,12.43
305498.0,6404382.0,12.32
305500.0,6404382.0,12.12
305502.0,6404382.0,12.62
305504.0,6404382.0,12.99
305506.0,6404382.0,12.96
305508.0,6404382.0,12.7
305510.0,6404382.0,11.8
305512.0,6404382.0,11.34
305514.0,6404382.0,10.51
305516.0,6404382.0,10.03
305518.0,6404382.0,9.53
305520.0,6404382.0,9.1
305522.0,6404382.0,8.86
305524.0,6404382.0,8.57
305526.0,6404382.0,8.57
305528.0,6404382.0,8.28
305530.0,6404382.0,8.15
305532.0,6404382.0,8.53
305534.0,6404382.0,8.59
305536.0,6404382.0,8.27
305538.0,6404382.0,7.79
305540.0,6404382.0,7.49
305542.0,6404382.0,7.57
305544.0,6404382.0,7.52
305546.0,6404382.0,7.61
305548.0,6404382.0,7.68
305550.0,6404382.0,7.7
305552.0,6404382.0,7.71
305554.0,6404382.0,7.67
305556.0,6404382.0,7.64
305558.0,6404382.0,7.89
305560.0,6404382.0,8.74
305562.0,6404382.0,9.84
305564.0,6404382.0,11.23
305566.0,6404382.0,12.37
305568.0,6404382.0,13.09
305570.0,6404382.0,13.7
305572.0,6404382.0,14.37
305574.0,6404382.0,14.75
305576.0,6404382.0,14.92
305578.0,6404382.0,14.77
305580.0,6404382.0,14.59
305582.0,6404382.0,13.71
305584.0,6404382.0,13.39
305586.0,6404382.0,14.18
305588.0,6404382.0,14.83
305590.0,6404382.0,15.75
305592.0,6404382.0,16.04
305594.0,6404382.0,15.94
305596.0,6404382.0,16.24
305598.0,6404382.0,16.44
305600.0,6404382.0,16.66
305602.0,6404382.0,16.62
305604.0,6404382.0,16.48
305606.0,6404382.0,15.44
305608.0,6404382.0,15.74
305610.0,6404382.0,16.67
305612.0,6404382.0,18.12
305614.0,6404382.0,18.17
305616.0,6404382.0,18.22
305618.0,6404382.0,18.2
305620.0,6404382.0,17.83
305622.0,6404382.0,17.69
305624.0,6404382.0,17.68
305626.0,6404382.0,17.61
305628.0,6404382.0,17.13
305630.0,6404382.0,16.18
305632.0,6404382.0,15.58
305634.0,6404382.0,14.87
305636.0,6404382.0,14.69
305638.0,6404382.0,14.97
305640.0,6404382.0,15.88
305642.0,6404382.0,16.48
305644.0,6404382.0,16.73
305646.0,6404382.0,16.77
305648.0,6404382.0,16.9
305650.0,6404382.0,16.92
305652.0,6404382.0,16.95
305654.0,6404382.0,16.99
305656.0,6404382.0,17.02
305658.0,6404382.0,17.03
305660.0,6404382.0,17.07
305662.0,6404382.0,17.49
305664.0,6404382.0,17.53
305666.0,6404382.0,17.69
305668.0,6404382.0,17.57
305670.0,6404382.0,17.58
305672.0,6404382.0,17.57
305674.0,6404382.0,17.51
305676.0,6404382.0,17.56
305678.0,6404382.0,17.73
305680.0,6404382.0,17.68
305150.0,6404384.0,-0.22
305152.0,6404384.0,-0.31
305154.0,6404384.0,-0.31
305156.0,6404384.0,-0.31
305158.0,6404384.0,-0.31
305160.0,6404384.0,-0.31
305162.0,6404384.0,0.13
305164.0,6404384.0,0.49
305166.0,6404384.0,0.61
305168.0,6404384.0,0.74
305170.0,6404384.0,0.85
305172.0,6404384.0,1.34
305174.0,6404384.0,2.55
305176.0,6404384.0,2.98
305178.0,6404384.0,3.15
305180.0,6404384.0,3.51
305182.0,6404384.0,3.74
305184.0,6404384.0,3.99
305186.0,6404384.0,4.32
305188.0,6404384.0,4.62
305190.0,6404384.0,4.62
305192.0,6404384.0,4.7
305194.0,6404384.0,4.97
305196.0,6404384.0,4.96
305198.0,6404384.0,4.68
305200.0,6404384.0,4.57
305202.0,6404384.0,4.24
305204.0,6404384.0,4.35
305206.0,6404384.0,4.53
305208.0,6404384.0,4.82
305210.0,6404384.0,4.96
305212.0,6404384.0,5.25
305214.0,6404384.0,5.99
305216.0,6404384.0,7.03
305218.0,6404384.0,7.94
305220.0,6404384.0,8.63
305222.0,6404384.0,9.85
305224.0,6404384.0,10.46
305226.0,6404384.0,10.41
305228.0,6404384.0,10.28
305230.0,6404384.0,10.12
305232.0,6404384.0,9.86
305234.0,6404384.0,10.01
305236.0,6404384.0,9.64
305238.0,6404384.0,9.39
305240.0,6404384.0,9.48
305242.0,6404384.0,10.2
305244.0,6404384.0,10.56
305246.0,6404384.0,10.68
305248.0,6404384.0,10.73
305250.0,6404384.0,10.7
305252.0,6404384.0,10.98
305254.0,6404384.0,10.87
305256.0,6404384.0,10.91
305258.0,6404384.0,10.81
305260.0,6404384.0,10.72
305262.0,6404384.0,10.63
305264.0,6404384.0,10.66
305266.0,6404384.0,10.6
305268.0,6404384.0,10.42
305270.0,6404384.0,10.41
305272.0,6404384.0,10.29
305274.0,6404384.0,10.28
305276.0,6404384.0,10.29
305278.0,6404384.0,10.47
305280.0,6404384.0,10.35
305282.0,6404384.0,10.42
305284.0,6404384.0,10.68
305286.0,6404384.0,10.93
305288.0,6404384.0,11.03
305290.0,6404384.0,11.07
305292.0,6404384.0,11.12
305294.0,6404384.0,11.16
305296.0,6404384.0,11.26
305298.0,6404384.0,11.5
305300.0,6404384.0,11.36
305302.0,6404384.0,11.4
305304.0,6404384.0,11.37
305306.0,6404384.0,11.51
305308.0,6404384.0,11.71
305310.0,6404384.0,11.22
305312.0,6404384.0,11.04
305314.0,6404384.0,10.97
305316.0,6404384.0,11.34
305318.0,6404384.0,11.36
305320.0,6404384.0,11.31
305322.0,6404384.0,11.31
305324.0,6404384.0,11.39
305326.0,6404384.0,11.52
305328.0,6404384.0,11.83
305330.0,6404384.0,12.85
305332.0,6404384.0,12.97
305334.0,6404384.0,13.37
305336.0,6404384.0,13.75
305338.0,6404384.0,14.12
305340.0,6404384.0,14.36
305342.0,6404384.0,14.63
305344.0,6404384.0,14.91
305346.0,6404384.0,15.28
305348.0,6404384.0,15.66
305350.0,6404384.0,16.1
305352.0,6404384.0,16.49
305354.0,6404384.0,16.88
305356.0,6404384.0,16.92
305358.0,6404384.0,16.94
305360.0,6404384.0,16.94
305362.0,6404384.0,16.93
305364.0,6404384.0,16.91
305366.0,6404384.0,15.68
305368.0,6404384.0,16.35
305370.0,6404384.0,16.37
305372.0,6404384.0,16.48
305374.0,6404384.0,16.53
305376.0,6404384.0,16.62
305378.0,6404384.0,16.95
305380.0,6404384.0,17.25
305382.0,6404384.0,17.35
305384.0,6404384.0,17.57
305386.0,6404384.0,17.67
305388.0,6404384.0,17.86
305390.0,6404384.0,17.89
305392.0,6404384.0,18.2
305394.0,6404384.0,18.47
305396.0,6404384.0,18.29
305398.0,6404384.0,17.68
305400.0,6404384.0,17.0
305402.0,6404384.0,15.54
305404.0,6404384.0,14.67
305406.0,6404384.0,14.67
305408.0,6404384.0,15.07
305410.0,6404384.0,15.38
305412.0,6404384.0,16.07
305414.0,6404384.0,16.43
305416.0,6404384.0,15.68
305418.0,6404384.0,14.46
305420.0,6404384.0,13.9
305422.0,6404384.0,12.99
305424.0,6404384.0,12.27
305426.0,6404384.0,12.58
305428.0,6404384.0,12.35
305430.0,6404384.0,12.11
305432.0,6404384.0,11.37
305434.0,6404384.0,11.11
305436.0,6404384.0,10.91
305438.0,6404384.0,11.0
305440.0,6404384.0,11.45
305442.0,6404384.0,12.13
305444.0,6404384.0,12.51
305446.0,6404384.0,12.37
305448.0,6404384.0,11.6
305450.0,6404384.0,11.28
305452.0,6404384.0,11.51
305454.0,6404384.0,11.37
305456.0,6404384.0,11.35
305458.0,6404384.0,11.26
305460.0,6404384.0,11.16
305462.0,6404384.0,11.12
305464.0,6404384.0,11.17
305466.0,6404384.0,11.06
305468.0,6404384.0,11.31
305470.0,6404384.0,11.43
305472.0,6404384.0,11.42
305474.0,6404384.0,11.11
305476.0,6404384.0,10.43
305478.0,6404384.0,10.22
305480.0,6404384.0,10.16
305482.0,6404384.0,10.57
305484.0,6404384.0,10.6
305486.0,6404384.0,10.98
305488.0,6404384.0,11.02
305490.0,6404384.0,11.1
305492.0,6404384.0,11.15
305494.0,6404384.0,11.11
305496.0,6404384.0,11.57
305498.0,6404384.0,11.61
305500.0,6404384.0,11.9
305502.0,6404384.0,12.06
305504.0,6404384.0,11.94
305506.0,6404384.0,11.66
305508.0,6404384.0,11.45
305510.0,6404384.0,11.19
305512.0,6404384.0,11.04
305514.0,6404384.0,10.41
305516.0,6404384.0,9.88
305518.0,6404384.0,9.53
305520.0,6404384.0,8.91
305522.0,6404384.0,9.01
305524.0,6404384.0,9.1
305526.0,6404384.0,8.97
305528.0,6404384.0,8.63
305530.0,6404384.0,9.31
305532.0,6404384.0,9.78
305534.0,6404384.0,10.11
305536.0,6404384.0,9.94
305538.0,6404384.0,9.16
305540.0,6404384.0,8.08
305542.0,6404384.0,7.54
305544.0,6404384.0,7.3
305546.0,6404384.0,7.41
305548.0,6404384.0,7.39
305550.0,6404384.0,7.39
305552.0,6404384.0,7.33
305554.0,6404384.0,7.39
305556.0,6404384.0,7.31
305558.0,6404384.0,7.53
305560.0,6404384.0,7.87
305562.0,6404384.0,8.62
305564.0,6404384.0,9.53
305566.0,6404384.0,10.66
305568.0,6404384.0,11.86
305570.0,6404384.0,12.69
305572.0,6404384.0,13.36
305574.0,6404384.0,13.86
305576.0,6404384.0,13.42
305578.0,6404384.0,12.5
305580.0,6404384.0,13.4
305582.0,6404384.0,13.32
305584.0,6404384.0,12.7
305586.0,6404384.0,12.28
305588.0,6404384.0,12.53
305590.0,6404384.0,13.14
305592.0,6404384.0,14.02
305594.0,6404384.0,14.01
305596.0,6404384.0,14.55
305598.0,6404384.0,15.39
305600.0,6404384.0,15.96
305602.0,6404384.0,15.62
305604.0,6404384.0,14.86
305606.0,6404384.0,13.99
305608.0,6404384.0,15.05
305610.0,6404384.0,16.22
305612.0,6404384.0,17.78
305614.0,6404384.0,18.25
305616.0,6404384.0,17.93
305618.0,6404384.0,17.6
305620.0,6404384.0,17.29
305622.0,6404384.0,17.22
305624.0,6404384.0,17.25
305626.0,6404384.0,17.09
305628.0,6404384.0,16.76
305630.0,6404384.0,16.31
305632.0,6404384.0,15.53
305634.0,6404384.0,14.97
305636.0,6404384.0,14.88
305638.0,6404384.0,15.0
305640.0,6404384.0,15.07
305642.0,6404384.0,16.12
305644.0,6404384.0,16.78
305646.0,6404384.0,16.86
305648.0,6404384.0,16.98
305650.0,6404384.0,17.02
305652.0,6404384.0,16.94
305654.0,6404384.0,16.93
305656.0,6404384.0,16.95
305658.0,6404384.0,16.99
305660.0,6404384.0,17.02
305662.0,6404384.0,17.08
305664.0,6404384.0,17.37
305666.0,6404384.0,17.5
305668.0,6404384.0,17.4
305670.0,6404384.0,17.34
305672.0,6404384.0,17.51
305674.0,6404384.0,17.55
305676.0,6404384.0,17.58
305678.0,6404384.0,17.63
305680.0,6404384.0,17.61
305150.0,6404386.0,-0.31
305152.0,6404386.0,-0.31
305154.0,6404386.0,-0.31
305156.0,6404386.0,-0.31
305158.0,6404386.0,-0.31
305160.0,6404386.0,-0.31
305162.0,6404386.0,0.23
305164.0,6404386.0,0.48
305166.0,6404386.0,0.62
305168.0,6404386.0,0.77
305170.0,6404386.0,0.96
305172.0,6404386.0,1.18
305174.0,6404386.0,1.4
305176.0,6404386.0,1.78
305178.0,6404386.0,2.66
305180.0,6404386.0,2.98
305182.0,6404386.0,3.18
305184.0,6404386.0,3.37
305186.0,6404386.0,3.3
305188.0,6404386.0,3.52
305190.0,6404386.0,3.71
305192.0,6404386.0,4.01
305194.0,6404386.0,4.32
305196.0,6404386.0,4.33
305198.0,6404386.0,4.25
305200.0,6404386.0,4.11
305202.0,6404386.0,4.06
305204.0,6404386.0,4.1
305206.0,6404386.0,4.26
305208.0,6404386.0,4.55
305210.0,6404386.0,4.77
305212.0,6404386.0,5.07
305214.0,6404386.0,5.56
305216.0,6404386.0,6.73
305218.0,6404386.0,8.03
305220.0,6404386.0,8.73
305222.0,6404386.0,9.63
305224.0,6404386.0,10.42
305226.0,6404386.0,10.45
305228.0,6404386.0,10.4
305230.0,6404386.0,10.04
305232.0,6404386.0,10.01
305234.0,6404386.0,10.15
305236.0,6404386.0,10.11
305238.0,6404386.0,10.16
305240.0,6404386.0,10.19
305242.0,6404386.0,10.67
305244.0,6404386.0,10.88
305246.0,6404386.0,11.0
305248.0,6404386.0,11.11
305250.0,6404386.0,11.14
305252.0,6404386.0,11.09
305254.0,6404386.0,10.95
305256.0,6404386.0,10.81
305258.0,6404386.0,10.75
305260.0,6404386.0,10.7
305262.0,6404386.0,10.61
305264.0,6404386.0,10.65
305266.0,6404386.0,10.65
305268.0,6404386.0,10.55
305270.0,6404386.0,10.27
305272.0,6404386.0,10.11
305274.0,6404386.0,10.16
305276.0,6404386.0,10.17
305278.0,6404386.0,10.26
305280.0,6404386.0,10.27
305282.0,6404386.0,10.27
305284.0,6404386.0,10.15
305286.0,6404386.0,10.6
305288.0,6404386.0,10.86
305290.0,6404386.0,10.99
305292.0,6404386.0,11.19
305294.0,6404386.0,11.23
305296.0,6404386.0,11.27
305298.0,6404386.0,11.29
305300.0,6404386.0,11.36
305302.0,6404386.0,11.36
305304.0,6404386.0,11.36
305306.0,6404386.0,11.45
305308.0,6404386.0,11.6
305310.0,6404386.0,11.19
305312.0,6404386.0,10.98
305314.0,6404386.0,10.94
305316.0,6404386.0,11.12
305318.0,6404386.0,11.52
305320.0,6404386.0,11.52
305322.0,6404386.0,11.52
305324.0,6404386.0,11.45
305326.0,6404386.0,11.44
305328.0,6404386.0,11.68
305330.0,6404386.0,13.04
305332.0,6404386.0,13.57
305334.0,6404386.0,13.52
305336.0,6404386.0,13.72
305338.0,6404386.0,13.92
305340.0,6404386.0,14.13
305342.0,6404386.0,14.21
305344.0,6404386.0,14.39
305346.0,6404386.0,14.59
305348.0,6404386.0,15.06
305350.0,6404386.0,15.44
305352.0,6404386.0,15.83
305354.0,6404386.0,16.44
305356.0,6404386.0,17.01
305358.0,6404386.0,16.89
305360.0,6404386.0,16.91
305362.0,6404386.0,16.93
305364.0,6404386.0,15.33
305366.0,6404386.0,14.78
305368.0,6404386.0,15.53
305370.0,6404386.0,15.96
305372.0,6404386.0,16.23
305374.0,6404386.0,16.42
305376.0,6404386.0,16.64
305378.0,6404386.0,16.76
305380.0,6404386.0,17.01
305382.0,6404386.0,17.44
305384.0,6404386.0,17.61
305386.0,6404386.0,17.74
305388.0,6404386.0,17.69
305390.0,6404386.0,17.66
305392.0,6404386.0,17.88
305394.0,6404386.0,17.9
305396.0,6404386.0,17.7
305398.0,6404386.0,17.38
305400.0,6404386.0,16.76
305402.0,6404386.0,15.73
305404.0,6404386.0,14.53
305406.0,6404386.0,14.64
305408.0,6404386.0,14.96
305410.0,6404386.0,15.19
305412.0,6404386.0,15.69
305414.0,6404386.0,15.7
305416.0,6404386.0,15.43
305418.0,6404386.0,14.37
305420.0,6404386.0,13.92
305422.0,6404386.0,13.06
305424.0,6404386.0,12.21
305426.0,6404386.0,11.78
305428.0,6404386.0,11.05
305430.0,6404386.0,10.81
305432.0,6404386.0,10.73
305434.0,6404386.0,10.86
305436.0,6404386.0,10.69
305438.0,6404386.0,10.04
305440.0,6404386.0,10.5
305442.0,6404386.0,11.43
305444.0,6404386.0,11.93
305446.0,6404386.0,11.77
305448.0,6404386.0,10.99
305450.0,6404386.0,10.99
305452.0,6404386.0,11.14
305454.0,6404386.0,11.13
305456.0,6404386.0,11.06
305458.0,6404386.0,11.18
305460.0,6404386.0,10.88
305462.0,6404386.0,10.81
305464.0,6404386.0,10.75
305466.0,6404386.0,10.86
305468.0,6404386.0,11.06
305470.0,6404386.0,11.3
305472.0,6404386.0,11.12
305474.0,6404386.0,10.8
305476.0,6404386.0,9.9
305478.0,6404386.0,10.0
305480.0,6404386.0,9.95
305482.0,6404386.0,10.05
305484.0,6404386.0,10.19
305486.0,6404386.0,10.39
305488.0,6404386.0,10.68
305490.0,6404386.0,10.57
305492.0,6404386.0,10.62
305494.0,6404386.0,10.89
305496.0,6404386.0,11.02
305498.0,6404386.0,10.87
305500.0,6404386.0,11.33
305502.0,6404386.0,11.52
305504.0,6404386.0,11.14
305506.0,6404386.0,10.6
305508.0,6404386.0,10.62
305510.0,6404386.0,10.5
305512.0,6404386.0,10.16
305514.0,6404386.0,9.66
305516.0,6404386.0,9.74
305518.0,6404386.0,9.52
305520.0,6404386.0,9.1
305522.0,6404386.0,9.18
305524.0,6404386.0,9.39
305526.0,6404386.0,9.58
305528.0,6404386.0,9.74
305530.0,6404386.0,10.12
305532.0,6404386.0,10.66
305534.0,6404386.0,10.86
305536.0,6404386.0,10.83
305538.0,6404386.0,10.47
305540.0,6404386.0,9.13
305542.0,6404386.0,8.14
305544.0,6404386.0,7.89
305546.0,6404386.0,7.37
305548.0,6404386.0,7.12
305550.0,6404386.0,7.04
305552.0,6404386.0,6.88
305554.0,6404386.0,6.95
305556.0,6404386.0,6.94
305558.0,6404386.0,6.96
305560.0,6404386.0,6.99
305562.0,6404386.0,7.13
305564.0,6404386.0,8.05
305566.0,6404386.0,9.28
305568.0,6404386.0,10.32
305570.0,6404386.0,10.57
305572.0,6404386.0,12.02
305574.0,6404386.0,12.56
305576.0,6404386.0,12.27
305578.0,6404386.0,10.73
305580.0,6404386.0,11.45
305582.0,6404386.0,11.52
305584.0,6404386.0,11.38
305586.0,6404386.0,10.94
305588.0,6404386.0,11.44
305590.0,6404386.0,11.3
305592.0,6404386.0,11.86
305594.0,6404386.0,12.63
305596.0,6404386.0,13.71
305598.0,6404386.0,14.32
305600.0,6404386.0,14.63
305602.0,6404386.0,13.68
305604.0,6404386.0,12.86
305606.0,6404386.0,13.16
305608.0,6404386.0,14.28
305610.0,6404386.0,15.97
305612.0,6404386.0,17.13
305614.0,6404386.0,17.52
305616.0,6404386.0,17.64
305618.0,6404386.0,17.39
305620.0,6404386.0,16.96
305622.0,6404386.0,16.46
305624.0,6404386.0,16.4
305626.0,6404386.0,16.22
305628.0,6404386.0,16.17
305630.0,6404386.0,15.91
305632.0,6404386.0,15.44
305634.0,6404386.0,15.13
305636.0,6404386.0,14.79
305638.0,6404386.0,14.7
305640.0,6404386.0,14.58
305642.0,6404386.0,15.17
305644.0,6404386.0,16.12
305646.0,6404386.0,16.55
305648.0,6404386.0,16.78
305650.0,6404386.0,16.87
305652.0,6404386.0,16.85
305654.0,6404386.0,16.9
305656.0,6404386.0,16.93
305658.0,6404386.0,16.94
305660.0,6404386.0,16.94
305662.0,6404386.0,16.96
305664.0,6404386.0,16.98
305666.0,6404386.0,16.98
305668.0,6404386.0,17.11
305670.0,6404386.0,17.2
305672.0,6404386.0,17.29
305674.0,6404386.0,17.18
305676.0,6404386.0,16.99
305678.0,6404386.0,17.6
305680.0,6404386.0,17.61
305150.0,6404388.0,-0.31
305152.0,6404388.0,-0.31
305154.0,6404388.0,-0.31
305156.0,6404388.0,-0.31
305158.0,6404388.0,-0.31
305160.0,6404388.0,-0.3
305162.0,6404388.0,0.25
305164.0,6404388.0,0.49
305166.0,6404388.0,0.6
305168.0,6404388.0,0.8
305170.0,6404388.0,0.99
305172.0,6404388.0,1.19
305174.0,6404388.0,1.45
305176.0,6404388.0,1.73
305178.0,6404388.0,1.82
305180.0,6404388.0,2.12
305182.0,6404388.0,2.51
305184.0,6404388.0,2.65
305186.0,6404388.0,2.68
305188.0,6404388.0,2.76
305190.0,6404388.0,2.85
305192.0,6404388.0,2.96
305194.0,6404388.0,3.56
305196.0,6404388.0,3.89
305198.0,6404388.0,3.87
305200.0,6404388.0,3.65
305202.0,6404388.0,3.87
305204.0,6404388.0,3.84
305206.0,6404388.0,4.03
305208.0,6404388.0,4.38
305210.0,6404388.0,4.53
305212.0,6404388.0,5.1
305214.0,6404388.0,5.49
305216.0,6404388.0,6.52
305218.0,6404388.0,7.8
305220.0,6404388.0,8.82
305222.0,6404388.0,8.83
305224.0,6404388.0,8.66
305226.0,6404388.0,9.31
305228.0,6404388.0,10.4
305230.0,6404388.0,10.22
305232.0,6404388.0,9.97
305234.0,6404388.0,10.17
305236.0,6404388.0,10.32
305238.0,6404388.0,10.32
305240.0,6404388.0,10.6
305242.0,6404388.0,10.9
305244.0,6404388.0,11.11
305246.0,6404388.0,11.12
305248.0,6404388.0,11.12
305250.0,6404388.0,11.14
305252.0,6404388.0,11.17
305254.0,6404388.0,10.99
305256.0,6404388.0,10.74
305258.0,6404388.0,10.63
305260.0,6404388.0,10.59
305262.0,6404388.0,10.56
305264.0,6404388.0,10.51
305266.0,6404388.0,10.41
305268.0,6404388.0,10.49
305270.0,6404388.0,10.03
305272.0,6404388.0,9.98
305274.0,6404388.0,9.81
305276.0,6404388.0,9.95
305278.0,6404388.0,9.9
305280.0,6404388.0,10.02
305282.0,6404388.0,10.05
305284.0,6404388.0,9.99
305286.0,6404388.0,10.46
305288.0,6404388.0,10.73
305290.0,6404388.0,10.64
305292.0,6404388.0,11.0
305294.0,6404388.0,11.24
305296.0,6404388.0,11.27
305298.0,6404388.0,11.3
305300.0,6404388.0,11.32
305302.0,6404388.0,11.36
305304.0,6404388.0,11.44
305306.0,6404388.0,11.53
305308.0,6404388.0,11.18
305310.0,6404388.0,11.04
305312.0,6404388.0,11.16
305314.0,6404388.0,10.86
305316.0,6404388.0,11.0
305318.0,6404388.0,11.15
305320.0,6404388.0,11.25
305322.0,6404388.0,11.24
305324.0,6404388.0,11.2
305326.0,6404388.0,11.31
305328.0,6404388.0,11.74
305330.0,6404388.0,13.0
305332.0,6404388.0,13.26
305334.0,6404388.0,13.36
305336.0,6404388.0,13.7
305338.0,6404388.0,13.83
305340.0,6404388.0,13.97
305342.0,6404388.0,14.02
305344.0,6404388.0,13.98
305346.0,6404388.0,14.2
305348.0,6404388.0,14.41
305350.0,6404388.0,14.79
305352.0,6404388.0,15.26
305354.0,6404388.0,15.92
305356.0,6404388.0,16.36
305358.0,6404388.0,16.82
305360.0,6404388.0,16.98
305362.0,6404388.0,15.59
305364.0,6404388.0,13.96
305366.0,6404388.0,14.47
305368.0,6404388.0,15.14
305370.0,6404388.0,15.64
305372.0,6404388.0,16.15
305374.0,6404388.0,16.45
305376.0,6404388.0,16.72
305378.0,6404388.0,16.69
305380.0,6404388.0,17.11
305382.0,6404388.0,17.69
305384.0,6404388.0,17.78
305386.0,6404388.0,17.78
305388.0,6404388.0,17.62
305390.0,6404388.0,17.71
305392.0,6404388.0,17.7
305394.0,6404388.0,17.46
305396.0,6404388.0,17.31
305398.0,6404388.0,17.18
305400.0,6404388.0,16.54
305402.0,6404388.0,15.16
305404.0,6404388.0,14.21
305406.0,6404388.0,14.67
305408.0,6404388.0,14.89
305410.0,6404388.0,15.1
305412.0,6404388.0,15.07
305414.0,6404388.0,14.72
305416.0,6404388.0,14.15
305418.0,6404388.0,13.79
305420.0,6404388.0,13.3
305422.0,6404388.0,12.83
305424.0,6404388.0,12.37
305426.0,6404388.0,12.39
305428.0,6404388.0,11.99
305430.0,6404388.0,11.29
305432.0,6404388.0,10.45
305434.0,6404388.0,10.04
305436.0,6404388.0,9.94
305438.0,6404388.0,9.75
305440.0,6404388.0,9.23
305442.0,6404388.0,10.12
305444.0,6404388.0,11.11
305446.0,6404388.0,10.77
305448.0,6404388.0,10.49
305450.0,6404388.0,10.67
305452.0,6404388.0,10.85
305454.0,6404388.0,10.76
305456.0,6404388.0,11.1
305458.0,6404388.0,11.16
305460.0,6404388.0,10.93
305462.0,6404388.0,10.54
305464.0,6404388.0,10.57
305466.0,6404388.0,10.73
305468.0,6404388.0,10.76
305470.0,6404388.0,10.73
305472.0,6404388.0,10.19
305474.0,6404388.0,10.06
305476.0,6404388.0,9.77
305478.0,6404388.0,9.81
305480.0,6404388.0,9.94
305482.0,6404388.0,9.84
305484.0,6404388.0,10.04
305486.0,6404388.0,10.1
305488.0,6404388.0,10.08
305490.0,6404388.0,9.96
305492.0,6404388.0,9.88
305494.0,6404388.0,10.49
305496.0,6404388.0,10.62
305498.0,6404388.0,10.03
305500.0,6404388.0,9.88
305502.0,6404388.0,9.95
305504.0,6404388.0,9.68
305506.0,6404388.0,9.76
305508.0,6404388.0,9.78
305510.0,6404388.0,9.54
305512.0,6404388.0,9.42
305514.0,6404388.0,9.38
305516.0,6404388.0,9.62
305518.0,6404388.0,9.48
305520.0,6404388.0,9.6
305522.0,6404388.0,9.53
305524.0,6404388.0,9.62
305526.0,6404388.0,9.88
305528.0,6404388.0,10.31
305530.0,6404388.0,10.75
305532.0,6404388.0,11.11
305534.0,6404388.0,11.39
305536.0,6404388.0,11.34
305538.0,6404388.0,10.98
305540.0,6404388.0,9.74
305542.0,6404388.0,9.33
305544.0,6404388.0,8.55
305546.0,6404388.0,8.2
305548.0,6404388.0,7.28
305550.0,6404388.0,6.54
305552.0,6404388.0,6.45
305554.0,6404388.0,6.49
305556.0,6404388.0,6.67
305558.0,6404388.0,6.58
305560.0,6404388.0,6.74
305562.0,6404388.0,6.7
305564.0,6404388.0,6.63
305566.0,6404388.0,7.49
305568.0,6404388.0,8.7
305570.0,6404388.0,8.94
305572.0,6404388.0,9.57
305574.0,6404388.0,11.05
305576.0,6404388.0,10.41
305578.0,6404388.0,9.78
305580.0,6404388.0,9.88
305582.0,6404388.0,9.76
305584.0,6404388.0,9.48
305586.0,6404388.0,9.83
305588.0,6404388.0,10.16
305590.0,6404388.0,9.85
305592.0,6404388.0,9.91
305594.0,6404388.0,10.85
305596.0,6404388.0,11.78
305598.0,6404388.0,13.02
305600.0,6404388.0,13.07
305602.0,6404388.0,12.5
305604.0,6404388.0,11.54
305606.0,6404388.0,12.61
305608.0,6404388.0,13.56
305610.0,6404388.0,14.6
305612.0,6404388.0,15.88
305614.0,6404388.0,16.34
305616.0,6404388.0,16.56
305618.0,6404388.0,16.24
305620.0,6404388.0,15.93
305622.0,6404388.0,16.09
305624.0,6404388.0,15.81
305626.0,6404388.0,15.79
305628.0,6404388.0,15.69
305630.0,6404388.0,15.33
305632.0,6404388.0,14.81
305634.0,6404388.0,14.51
305636.0,6404388.0,14.46
305638.0,6404388.0,14.2
305640.0,6404388.0,14.38
305642.0,6404388.0,14.55
305644.0,6404388.0,15.45
305646.0,6404388.0,16.32
305648.0,6404388.0,16.9
305650.0,6404388.0,16.89
305652.0,6404388.0,16.75
305654.0,6404388.0,16.8
305656.0,6404388.0,16.84
305658.0,6404388.0,16.89
305660.0,6404388.0,16.83
305662.0,6404388.0,16.84
305664.0,6404388.0,16.8
305666.0,6404388.0,16.75
305668.0,6404388.0,16.75
305670.0,6404388.0,17.05
305672.0,6404388.0,16.77
305674.0,6404388.0,16.59
305676.0,6404388.0,16.4
305678.0,6404388.0,17.19
305680.0,6404388.0,17.55
305150.0,6404390.0,-0.31
305152.0,6404390.0,-0.31
305154.0,6404390.0,-0.31
305156.0,6404390.0,-0.31
305158.0,6404390.0,-0.31
305160.0,6404390.0,-0.15
305162.0,6404390.0,0.35
305164.0,6404390.0,0.53
305166.0,6404390.0,0.65
305168.0,6404390.0,0.82
305170.0,6404390.0,0.99
305172.0,6404390.0,1.35
305174.0,6404390.0,1.42
305176.0,6404390.0,1.55
305178.0,6404390.0,1.8
305180.0,6404390.0,1.96
305182.0,6404390.0,2.17
305184.0,6404390.0,2.25
305186.0,6404390.0,2.32
305188.0,6404390.0,2.54
305190.0,6404390.0,2.75
305192.0,6404390.0,2.91
305194.0,6404390.0,3.08
305196.0,6404390.0,3.26
305198.0,6404390.0,3.3
305200.0,6404390.0,3.42
305202.0,6404390.0,3.63
305204.0,6404390.0,3.71
305206.0,6404390.0,3.83
305208.0,6404390.0,4.16
305210.0,6404390.0,4.37
305212.0,6404390.0,4.6
305214.0,6404390.0,5.0
305216.0,6404390.0,6.07
305218.0,6404390.0,7.89
305220.0,6404390.0,8.8
305222.0,6404390.0,8.84
305224.0,6404390.0,8.8
305226.0,6404390.0,8.84
305228.0,6404390.0,9.08
305230.0,6404390.0,9.73
305232.0,6404390.0,9.89
305234.0,6404390.0,10.05
305236.0,6404390.0,10.28
305238.0,6404390.0,10.58
305240.0,6404390.0,10.76
305242.0,6404390.0,11.26
305244.0,6404390.0,11.1
305246.0,6404390.0,11.1
305248.0,6404390.0,11.12
305250.0,6404390.0,11.14
305252.0,6404390.0,11.07
305254.0,6404390.0,11.01
305256.0,6404390.0,10.68
305258.0,6404390.0,10.55
305260.0,6404390.0,10.46
305262.0,6404390.0,10.42
305264.0,6404390.0,10.27
305266.0,6404390.0,10.2
305268.0,6404390.0,10.14
305270.0,6404390.0,9.82
305272.0,6404390.0,9.86
305274.0,6404390.0,9.82
305276.0,6404390.0,9.8
305278.0,6404390.0,9.75
305280.0,6404390.0,9.77
305282.0,6404390.0,9.92
305284.0,6404390.0,9.97
305286.0,6404390.0,10.45
305288.0,6404390.0,10.72
305290.0,6404390.0,10.65
305292.0,6404390.0,10.55
305294.0,6404390.0,11.14
305296.0,6404390.0,11.28
305298.0,6404390.0,11.29
305300.0,6404390.0,11.38
305302.0,6404390.0,11.41
305304.0,6404390.0,11.45
305306.0,6404390.0,11.36
305308.0,6404390.0,11.32
305310.0,6404390.0,11.31
305312.0,6404390.0,11.13
305314.0,6404390.0,10.97
305316.0,6404390.0,10.97
305318.0,6404390.0,10.99
305320.0,6404390.0,11.11
305322.0,6404390.0,11.19
305324.0,6404390.0,11.08
305326.0,6404390.0,11.21
305328.0,6404390.0,11.65
305330.0,6404390.0,12.92
305332.0,6404390.0,12.92
305334.0,6404390.0,13.18
305336.0,6404390.0,13.53
305338.0,6404390.0,13.78
305340.0,6404390.0,13.86
305342.0,6404390.0,13.91
305344.0,6404390.0,13.82
305346.0,6404390.0,13.87
305348.0,6404390.0,13.96
305350.0,6404390.0,14.13
305352.0,6404390.0,14.69
305354.0,6404390.0,15.17
305356.0,6404390.0,15.64
305358.0,6404390.0,16.11
305360.0,6404390.0,15.87
305362.0,6404390.0,14.65
305364.0,6404390.0,13.92
305366.0,6404390.0,14.37
305368.0,6404390.0,14.81
305370.0,6404390.0,15.34
305372.0,6404390.0,16.25
305374.0,6404390.0,16.57
305376.0,6404390.0,16.5
305378.0,6404390.0,16.49
305380.0,6404390.0,16.56
305382.0,6404390.0,17.08
305384.0,6404390.0,17.58
305386.0,6404390.0,17.58
305388.0,6404390.0,17.48
305390.0,6404390.0,17.32
305392.0,6404390.0,17.18
305394.0,6404390.0,16.99
305396.0,6404390.0,16.59
305398.0,6404390.0,16.5
305400.0,6404390.0,15.01
305402.0,6404390.0,14.57
305404.0,6404390.0,14.06
305406.0,6404390.0,14.51
305408.0,6404390.0,14.81
305410.0,6404390.0,14.76
305412.0,6404390.0,14.32
305414.0,6404390.0,13.48
305416.0,6404390.0,13.32
305418.0,6404390.0,13.93
305420.0,6404390.0,14.09
305422.0,6404390.0,13.33
305424.0,6404390.0,12.5
305426.0,6404390.0,12.38
305428.0,6404390.0,12.59
305430.0,6404390.0,12.36
305432.0,6404390.0,11.28
305434.0,6404390.0,9.97
305436.0,6404390.0,9.57
305438.0,6404390.0,9.27
305440.0,6404390.0,8.94
305442.0,6404390.0,8.78
305444.0,6404390.0,9.82
305446.0,6404390.0,9.88
305448.0,6404390.0,10.13
305450.0,6404390.0,10.29
305452.0,6404390.0,10.56
305454.0,6404390.0,10.78
305456.0,6404390.0,10.97
305458.0,6404390.0,10.89
305460.0,6404390.0,10.77
305462.0,6404390.0,10.52
305464.0,6404390.0,10.5
305466.0,6404390.0,10.7
305468.0,6404390.0,10.34
305470.0,6404390.0,10.01
305472.0,6404390.0,10.21
305474.0,6404390.0,10.06
305476.0,6404390.0,9.91
305478.0,6404390.0,9.96
305480.0,6404390.0,9.95
305482.0,6404390.0,10.12
305484.0,6404390.0,10.56
305486.0,6404390.0,10.77
305488.0,6404390.0,10.34
305490.0,6404390.0,10.03
305492.0,6404390.0,9.74
305494.0,6404390.0,9.58
305496.0,6404390.0,9.82
305498.0,6404390.0,9.65
305500.0,6404390.0,9.38
305502.0,6404390.0,9.53
305504.0,6404390.0,9.01
305506.0,6404390.0,8.8
305508.0,6404390.0,9.1
305510.0,6404390.0,9.31
305512.0,6404390.0,9.43
305514.0,6404390.0,9.54
305516.0,6404390.0,9.75
305518.0,6404390.0,9.78
305520.0,6404390.0,9.8
305522.0,6404390.0,9.83
305524.0,6404390.0,10.26
305526.0,6404390.0,10.62
305528.0,6404390.0,10.76
305530.0,6404390.0,11.11
305532.0,6404390.0,11.17
305534.0,6404390.0,11.49
305536.0,6404390.0,11.31
305538.0,6404390.0,11.04
305540.0,6404390.0,9.75
305542.0,6404390.0,8.8
305544.0,6404390.0,9.05
305546.0,6404390.0,9.44
305548.0,6404390.0,8.51
305550.0,6404390.0,7.1
305552.0,6404390.0,6.49
305554.0,6404390.0,6.32
305556.0,6404390.0,6.42
305558.0,6404390.0,6.45
305560.0,6404390.0,6.43
305562.0,6404390.0,6.29
305564.0,6404390.0,6.23
305566.0,6404390.0,6.28
305568.0,6404390.0,6.45
305570.0,6404390.0,7.69
305572.0,6404390.0,7.65
305574.0,6404390.0,8.53
305576.0,6404390.0,9.04
305578.0,6404390.0,8.32
305580.0,6404390.0,8.72
305582.0,6404390.0,8.67
305584.0,6404390.0,8.87
305586.0,6404390.0,8.49
305588.0,6404390.0,8.67
305590.0,6404390.0,8.51
305592.0,6404390.0,8.56
305594.0,6404390.0,9.27
305596.0,6404390.0,9.95
305598.0,6404390.0,10.11
305600.0,6404390.0,10.75
305602.0,6404390.0,10.7
305604.0,6404390.0,10.98
305606.0,6404390.0,12.0
305608.0,6404390.0,12.68
305610.0,6404390.0,13.52
305612.0,6404390.0,13.91
305614.0,6404390.0,14.49
305616.0,6404390.0,14.84
305618.0,6404390.0,15.26
305620.0,6404390.0,15.01
305622.0,6404390.0,14.82
305624.0,6404390.0,14.7
305626.0,6404390.0,14.75
305628.0,6404390.0,14.88
305630.0,6404390.0,14.83
305632.0,6404390.0,14.44
305634.0,6404390.0,14.19
305636.0,6404390.0,14.32
305638.0,6404390.0,13.88
305640.0,6404390.0,13.99
305642.0,6404390.0,14.34
305644.0,6404390.0,14.79
305646.0,6404390.0,16.03
305648.0,6404390.0,16.81
305650.0,6404390.0,16.84
305652.0,6404390.0,16.74
305654.0,6404390.0,16.77
305656.0,6404390.0,16.77
305658.0,6404390.0,16.79
305660.0,6404390.0,16.78
305662.0,6404390.0,16.77
305664.0,6404390.0,16.71
305666.0,6404390.0,16.63
305668.0,6404390.0,16.54
305670.0,6404390.0,16.5
305672.0,6404390.0,16.2
305674.0,6404390.0,16.0
305676.0,6404390.0,15.81
305678.0,6404390.0,16.21
305680.0,6404390.0,17.28
305150.0,6404392.0,-0.31
305152.0,6404392.0,-0.31
305154.0,6404392.0,-0.31
305156.0,6404392.0,-0.31
305158.0,6404392.0,-0.31
305160.0,6404392.0,-0.06
305162.0,6404392.0,0.37
305164.0,6404392.0,0.58
305166.0,6404392.0,0.73
305168.0,6404392.0,0.86
305170.0,6404392.0,1.04
305172.0,6404392.0,1.26
305174.0,6404392.0,1.4
305176.0,6404392.0,1.52
305178.0,6404392.0,1.62
305180.0,6404392.0,1.76
305182.0,6404392.0,1.84
305184.0,6404392.0,2.01
305186.0,6404392.0,2.68
305188.0,6404392.0,2.87
305190.0,6404392.0,2.66
305192.0,6404392.0,2.73
305194.0,6404392.0,2.98
305196.0,6404392.0,3.12
305198.0,6404392.0,3.2
305200.0,6404392.0,3.34
305202.0,6404392.0,3.52
305204.0,6404392.0,3.6
305206.0,6404392.0,3.74
305208.0,6404392.0,3.91
305210.0,6404392.0,4.19
305212.0,6404392.0,4.37
305214.0,6404392.0,4.75
305216.0,6404392.0,5.11
305218.0,6404392.0,7.76
305220.0,6404392.0,8.82
305222.0,6404392.0,8.77
305224.0,6404392.0,8.79
305226.0,6404392.0,8.76
305228.0,6404392.0,8.93
305230.0,6404392.0,9.3
305232.0,6404392.0,9.63
305234.0,6404392.0,9.88
305236.0,6404392.0,10.49
305238.0,6404392.0,10.62
305240.0,6404392.0,10.93
305242.0,6404392.0,11.12
305244.0,6404392.0,11.08
305246.0,6404392.0,11.09
305248.0,6404392.0,11.09
305250.0,6404392.0,11.04
305252.0,6404392.0,11.03
305254.0,6404392.0,10.94
305256.0,6404392.0,10.67
305258.0,6404392.0,10.46
305260.0,6404392.0,10.37
305262.0,6404392.0,10.25
305264.0,6404392.0,10.06
305266.0,6404392.0,9.8
305268.0,6404392.0,9.64
305270.0,6404392.0,9.63
305272.0,6404392.0,9.6
305274.0,6404392.0,9.63
305276.0,6404392.0,9.7
305278.0,6404392.0,9.69
305280.0,6404392.0,9.73
305282.0,6404392.0,9.82
305284.0,6404392.0,10.01
305286.0,6404392.0,10.34
305288.0,6404392.0,10.51
305290.0,6404392.0,10.37
305292.0,6404392.0,10.41
305294.0,6404392.0,11.03
305296.0,6404392.0,11.22
305298.0,6404392.0,11.36
305300.0,6404392.0,11.31
305302.0,6404392.0,11.33
305304.0,6404392.0,11.4
305306.0,6404392.0,11.41
305308.0,6404392.0,11.38
305310.0,6404392.0,11.44
305312.0,6404392.0,11.31
305314.0,6404392.0,11.02
305316.0,6404392.0,10.98
305318.0,6404392.0,11.14
305320.0,6404392.0,11.07
305322.0,6404392.0,11.17
305324.0,6404392.0,11.13
305326.0,6404392.0,11.16
305328.0,6404392.0,11.68
305330.0,6404392.0,12.22
305332.0,6404392.0,12.52
305334.0,6404392.0,12.65
305336.0,6404392.0,13.1
305338.0,6404392.0,13.56
305340.0,6404392.0,13.72
305342.0,6404392.0,13.69
305344.0,6404392.0,13.75
305346.0,6404392.0,13.87
305348.0,6404392.0,13.93
305350.0,6404392.0,13.9
305352.0,6404392.0,13.96
305354.0,6404392.0,14.48
305356.0,6404392.0,15.05
305358.0,6404392.0,15.21
305360.0,6404392.0,14.71
305362.0,6404392.0,13.91
305364.0,6404392.0,13.83
305366.0,6404392.0,13.93
305368.0,6404392.0,14.27
305370.0,6404392.0,14.74
305372.0,6404392.0,16.41
305374.0,6404392.0,16.65
305376.0,6404392.0,16.65
305378.0,6404392.0,16.63
305380.0,6404392.0,16.56
305382.0,6404392.0,16.53
305384.0,6404392.0,16.72
305386.0,6404392.0,16.82
305388.0,6404392.0,16.81
305390.0,6404392.0,16.69
305392.0,6404392.0,16.98
305394.0,6404392.0,16.81
305396.0,6404392.0,16.46
305398.0,6404392.0,15.69
305400.0,6404392.0,14.57
305402.0,6404392.0,13.86
305404.0,6404392.0,13.99
305406.0,6404392.0,14.23
305408.0,6404392.0,14.27
305410.0,6404392.0,13.7
305412.0,6404392.0,12.61
305414.0,6404392.0,12.8
305416.0,6404392.0,13.91
305418.0,6404392.0,14.97
305420.0,6404392.0,14.78
305422.0,6404392.0,13.91
305424.0,6404392.0,12.82
305426.0,6404392.0,12.25
305428.0,6404392.0,12.32
305430.0,6404392.0,12.49
305432.0,6404392.0,12.01
305434.0,6404392.0,10.79
305436.0,6404392.0,9.55
305438.0,6404392.0,8.89
305440.0,6404392.0,8.68
305442.0,6404392.0,8.66
305444.0,6404392.0,8.63
305446.0,6404392.0,8.95
305448.0,6404392.0,9.17
305450.0,6404392.0,10.04
305452.0,6404392.0,10.72
305454.0,6404392.0,10.56
305456.0,6404392.0,10.52
305458.0,6404392.0,10.27
305460.0,6404392.0,9.9
305462.0,6404392.0,10.09
305464.0,6404392.0,10.28
305466.0,6404392.0,9.8
305468.0,6404392.0,10.01
305470.0,6404392.0,10.51
305472.0,6404392.0,10.76
305474.0,6404392.0,10.37
305476.0,6404392.0,10.05
305478.0,6404392.0,10.15
305480.0,6404392.0,10.21
305482.0,6404392.0,10.61
305484.0,6404392.0,10.83
305486.0,6404392.0,10.96
305488.0,6404392.0,11.32
305490.0,6404392.0,10.88
305492.0,6404392.0,10.36
305494.0,6404392.0,9.9
305496.0,6404392.0,9.59
305498.0,6404392.0,9.31
305500.0,6404392.0,9.07
305502.0,6404392.0,8.91
305504.0,6404392.0,8.74
305506.0,6404392.0,8.66
305508.0,6404392.0,9.08
305510.0,6404392.0,9.38
305512.0,6404392.0,9.84
305514.0,6404392.0,10.19
305516.0,6404392.0,9.97
305518.0,6404392.0,10.02
305520.0,6404392.0,10.24
305522.0,6404392.0,10.24
305524.0,6404392.0,10.41
305526.0,6404392.0,10.8
305528.0,6404392.0,11.15
305530.0,6404392.0,11.4
305532.0,6404392.0,11.31
305534.0,6404392.0,11.15
305536.0,6404392.0,10.84
305538.0,6404392.0,10.84
305540.0,6404392.0,9.73
305542.0,6404392.0,8.06
305544.0,6404392.0,8.68
305546.0,6404392.0,9.13
305548.0,6404392.0,8.86
305550.0,6404392.0,7.69
305552.0,6404392.0,6.94
305554.0,6404392.0,6.39
305556.0,6404392.0,6.26
305558.0,6404392.0,6.29
305560.0,6404392.0,6.34
305562.0,6404392.0,6.14
305564.0,6404392.0,6.11
305566.0,6404392.0,6.06
305568.0,6404392.0,6.11
305570.0,6404392.0,6.17
305572.0,6404392.0,6.44
305574.0,6404392.0,6.5
305576.0,6404392.0,6.39
305578.0,6404392.0,6.87
305580.0,6404392.0,7.07
305582.0,6404392.0,7.42
305584.0,6404392.0,7.31
305586.0,6404392.0,7.42
305588.0,6404392.0,7.31
305590.0,6404392.0,7.39
305592.0,6404392.0,7.61
305594.0,6404392.0,7.98
305596.0,6404392.0,8.27
305598.0,6404392.0,8.37
305600.0,6404392.0,9.21
305602.0,6404392.0,9.72
305604.0,6404392.0,9.81
305606.0,6404392.0,10.66
305608.0,6404392.0,11.78
305610.0,6404392.0,12.95
305612.0,6404392.0,13.3
305614.0,6404392.0,13.74
305616.0,6404392.0,13.82
305618.0,6404392.0,14.08
305620.0,6404392.0,13.85
305622.0,6404392.0,13.61
305624.0,6404392.0,13.74
305626.0,6404392.0,13.91
305628.0,6404392.0,13.84
305630.0,6404392.0,13.56
305632.0,6404392.0,13.64
305634.0,6404392.0,13.69
305636.0,6404392.0,14.2
305638.0,6404392.0,13.92
305640.0,6404392.0,13.68
305642.0,6404392.0,13.96
305644.0,6404392.0,14.41
305646.0,6404392.0,15.58
305648.0,6404392.0,16.21
305650.0,6404392.0,16.49
305652.0,6404392.0,16.58
305654.0,6404392.0,16.62
305656.0,6404392.0,16.77
305658.0,6404392.0,16.76
305660.0,6404392.0,16.51
305662.0,6404392.0,16.59
305664.0,6404392.0,16.67
305666.0,6404392.0,16.64
305668.0,6404392.0,16.45
305670.0,6404392.0,16.21
305672.0,6404392.0,15.93
305674.0,6404392.0,15.57
305676.0,6404392.0,15.4
305678.0,6404392.0,15.41
305680.0,6404392.0,17.04
305150.0,6404394.0,-0.31
305152.0,6404394.0,-0.31
305154.0,6404394.0,-0.31
305156.0,6404394.0,-0.31
305158.0,6404394.0,-0.31
305160.0,6404394.0,-0.1
305162.0,6404394.0,0.36
305164.0,6404394.0,0.52
305166.0,6404394.0,0.72
305168.0,6404394.0,0.85
305170.0,6404394.0,1.03
305172.0,6404394.0,1.25
305174.0,6404394.0,1.5
305176.0,6404394.0,1.56
305178.0,6404394.0,1.65
305180.0,6404394.0,1.63
305182.0,6404394.0,1.73
305184.0,6404394.0,1.83
305186.0,6404394.0,2.1
305188.0,6404394.0,2.5
305190.0,6404394.0,2.39
305192.0,6404394.0,2.6
305194.0,6404394.0,2.82
305196.0,6404394.0,3.2
305198.0,6404394.0,3.12
305200.0,6404394.0,3.3
305202.0,6404394.0,3.47
305204.0,6404394.0,3.72
305206.0,6404394.0,4.02
305208.0,6404394.0,3.81
305210.0,6404394.0,4.09
305212.0,6404394.0,4.07
305214.0,6404394.0,4.4
305216.0,6404394.0,4.82
305218.0,6404394.0,6.75
305220.0,6404394.0,8.73
305222.0,6404394.0,8.69
305224.0,6404394.0,8.58
305226.0,6404394.0,8.37
305228.0,6404394.0,8.84
305230.0,6404394.0,8.98
305232.0,6404394.0,9.27
305234.0,6404394.0,9.62
305236.0,6404394.0,10.63
305238.0,6404394.0,10.64
305240.0,6404394.0,10.62
305242.0,6404394.0,10.53
305244.0,6404394.0,11.0
305246.0,6404394.0,11.05
305248.0,6404394.0,11.07
305250.0,6404394.0,10.87
305252.0,6404394.0,10.97
305254.0,6404394.0,10.85
305256.0,6404394.0,10.74
305258.0,6404394.0,10.37
305260.0,6404394.0,10.27
305262.0,6404394.0,10.03
305264.0,6404394.0,9.88
305266.0,6404394.0,9.56
305268.0,6404394.0,9.44
305270.0,6404394.0,9.5
305272.0,6404394.0,9.41
305274.0,6404394.0,9.45
305276.0,6404394.0,9.65
305278.0,6404394.0,9.67
305280.0,6404394.0,9.76
305282.0,6404394.0,9.83
305284.0,6404394.0,10.06
305286.0,6404394.0,10.31
305288.0,6404394.0,10.62
305290.0,6404394.0,10.3
305292.0,6404394.0,10.34
305294.0,6404394.0,10.61
305296.0,6404394.0,10.81
305298.0,6404394.0,11.0
305300.0,6404394.0,11.12
305302.0,6404394.0,11.09
305304.0,6404394.0,11.2
305306.0,6404394.0,11.32
305308.0,6404394.0,11.38
305310.0,6404394.0,11.35
305312.0,6404394.0,11.29
305314.0,6404394.0,11.23
305316.0,6404394.0,11.15
305318.0,6404394.0,11.15
305320.0,6404394.0,11.16
305322.0,6404394.0,11.13
305324.0,6404394.0,11.21
305326.0,6404394.0,11.38
305328.0,6404394.0,11.89
305330.0,6404394.0,12.02
305332.0,6404394.0,12.2
305334.0,6404394.0,12.35
305336.0,6404394.0,12.55
305338.0,6404394.0,12.88
305340.0,6404394.0,13.15
305342.0,6404394.0,13.05
305344.0,6404394.0,12.97
305346.0,6404394.0,13.0
305348.0,6404394.0,13.44
305350.0,6404394.0,13.8
305352.0,6404394.0,13.9
305354.0,6404394.0,13.96
305356.0,6404394.0,14.23
305358.0,6404394.0,14.19
305360.0,6404394.0,13.91
305362.0,6404394.0,13.81
305364.0,6404394.0,13.71
305366.0,6404394.0,13.76
305368.0,6404394.0,13.83
305370.0,6404394.0,14.1
305372.0,6404394.0,15.48
305374.0,6404394.0,16.62
305376.0,6404394.0,16.69
305378.0,6404394.0,16.61
305380.0,6404394.0,16.54
305382.0,6404394.0,16.51
305384.0,6404394.0,16.51
305386.0,6404394.0,16.52
305388.0,6404394.0,16.5
305390.0,6404394.0,16.55
305392.0,6404394.0,16.23
305394.0,6404394.0,15.41
305396.0,6404394.0,14.97
305398.0,6404394.0,14.47
305400.0,6404394.0,13.55
305402.0,6404394.0,13.36
305404.0,6404394.0,13.64
305406.0,6404394.0,13.79
305408.0,6404394.0,12.95
305410.0,6404394.0,11.96
305412.0,6404394.0,12.12
305414.0,6404394.0,12.77
305416.0,6404394.0,13.88
305418.0,6404394.0,14.78
305420.0,6404394.0,15.07
305422.0,6404394.0,14.39
305424.0,6404394.0,13.27
305426.0,6404394.0,12.39
305428.0,6404394.0,12.07
305430.0,6404394.0,12.17
305432.0,6404394.0,11.68
305434.0,6404394.0,11.15
305436.0,6404394.0,9.52
305438.0,6404394.0,9.19
305440.0,6404394.0,8.66
305442.0,6404394.0,8.57
305444.0,6404394.0,8.49
305446.0,6404394.0,8.61
305448.0,6404394.0,9.12
305450.0,6404394.0,9.84
305452.0,6404394.0,10.21
305454.0,6404394.0,9.86
305456.0,6404394.0,9.98
305458.0,6404394.0,9.5
305460.0,6404394.0,9.15
305462.0,6404394.0,9.69
305464.0,6404394.0,10.61
305466.0,6404394.0,10.97
305468.0,6404394.0,11.16
305470.0,6404394.0,11.06
305472.0,6404394.0,10.79
305474.0,6404394.0,10.63
305476.0,6404394.0,10.56
305478.0,6404394.0,10.06
305480.0,6404394.0,10.46
305482.0,6404394.0,10.76
305484.0,6404394.0,11.37
305486.0,6404394.0,11.5
305488.0,6404394.0,11.35
305490.0,6404394.0,11.32
305492.0,6404394.0,10.93
305494.0,6404394.0,10.5
305496.0,6404394.0,9.98
305498.0,6404394.0,9.36
305500.0,6404394.0,9.01
305502.0,6404394.0,8.75
305504.0,6404394.0,8.75
305506.0,6404394.0,8.66
305508.0,6404394.0,8.69
305510.0,6404394.0,9.27
305512.0,6404394.0,9.55
305514.0,6404394.0,10.05
305516.0,6404394.0,9.99
305518.0,6404394.0,10.45
305520.0,6404394.0,10.74
305522.0,6404394.0,10.66
305524.0,6404394.0,10.77
305526.0,6404394.0,11.27
305528.0,6404394.0,11.92
305530.0,6404394.0,11.84
305532.0,6404394.0,11.55
305534.0,6404394.0,11.17
305536.0,6404394.0,10.44
305538.0,6404394.0,9.69
305540.0,6404394.0,8.82
305542.0,6404394.0,7.81
305544.0,6404394.0,8.09
305546.0,6404394.0,8.18
305548.0,6404394.0,8.13
305550.0,6404394.0,8.05
305552.0,6404394.0,7.77
305554.0,6404394.0,7.23
305556.0,6404394.0,6.58
305558.0,6404394.0,6.4
305560.0,6404394.0,6.16
305562.0,6404394.0,5.95
305564.0,6404394.0,6.06
305566.0,6404394.0,6.05
305568.0,6404394.0,5.74
305570.0,6404394.0,5.75
305572.0,6404394.0,5.7
305574.0,6404394.0,5.98
305576.0,6404394.0,6.09
305578.0,6404394.0,6.2
305580.0,6404394.0,6.05
305582.0,6404394.0,6.16
305584.0,6404394.0,6.04
305586.0,6404394.0,6.38
305588.0,6404394.0,6.61
305590.0,6404394.0,6.25
305592.0,6404394.0,6.63
305594.0,6404394.0,7.14
305596.0,6404394.0,7.73
305598.0,6404394.0,7.8
305600.0,6404394.0,8.11
305602.0,6404394.0,8.36
305604.0,6404394.0,8.59
305606.0,6404394.0,9.0
305608.0,6404394.0,10.61
305610.0,6404394.0,11.79
305612.0,6404394.0,12.47
305614.0,6404394.0,12.79
305616.0,6404394.0,12.99
305618.0,6404394.0,12.85
305620.0,6404394.0,12.71
305622.0,6404394.0,12.59
305624.0,6404394.0,13.26
305626.0,6404394.0,13.81
305628.0,6404394.0,13.63
305630.0,6404394.0,13.54
305632.0,6404394.0,13.35
305634.0,6404394.0,13.37
305636.0,6404394.0,13.51
305638.0,6404394.0,13.48
305640.0,6404394.0,13.24
305642.0,6404394.0,13.39
305644.0,6404394.0,13.7
305646.0,6404394.0,14.25
305648.0,6404394.0,14.71
305650.0,6404394.0,15.01
305652.0,6404394.0,15.0
305654.0,6404394.0,15.12
305656.0,6404394.0,15.28
305658.0,6404394.0,15.54
305660.0,6404394.0,15.42
305662.0,6404394.0,15.65
305664.0,6404394.0,16.1
305666.0,6404394.0,16.4
305668.0,6404394.0,16.39
305670.0,6404394.0,16.23
305672.0,6404394.0,15.73
305674.0,6404394.0,15.41
305676.0,6404394.0,15.16
305678.0,6404394.0,14.95
305680.0,6404394.0,16.46
305150.0,6404396.0,-0.31
305152.0,6404396.0,-0.31
305154.0,6404396.0,-0.31
305156.0,6404396.0,-0.31
305158.0,6404396.0,-0.25
305160.0,6404396.0,-0.03
305162.0,6404396.0,0.32
305164.0,6404396.0,0.54
305166.0,6404396.0,0.73
305168.0,6404396.0,0.87
305170.0,6404396.0,1.1
305172.0,6404396.0,1.34
305174.0,6404396.0,1.54
305176.0,6404396.0,1.6
305178.0,6404396.0,1.84
305180.0,6404396.0,1.71
305182.0,6404396.0,1.88
305184.0,6404396.0,1.88
305186.0,6404396.0,1.95
305188.0,6404396.0,2.09
305190.0,6404396.0,2.18
305192.0,6404396.0,2.32
305194.0,6404396.0,2.49
305196.0,6404396.0,2.99
305198.0,6404396.0,3.05
305200.0,6404396.0,3.19
305202.0,6404396.0,3.48
305204.0,6404396.0,3.72
305206.0,6404396.0,3.92
305208.0,6404396.0,3.84
305210.0,6404396.0,3.98
305212.0,6404396.0,3.97
305214.0,6404396.0,4.27
305216.0,6404396.0,4.83
305218.0,6404396.0,5.78
305220.0,6404396.0,6.58
305222.0,6404396.0,7.81
305224.0,6404396.0,7.92
305226.0,6404396.0,7.49
305228.0,6404396.0,8.59
305230.0,6404396.0,8.59
305232.0,6404396.0,8.88
305234.0,6404396.0,9.79
305236.0,6404396.0,10.65
305238.0,6404396.0,10.54
305240.0,6404396.0,10.63
305242.0,6404396.0,10.63
305244.0,6404396.0,10.66
305246.0,6404396.0,10.92
305248.0,6404396.0,10.83
305250.0,6404396.0,10.79
305252.0,6404396.0,10.89
305254.0,6404396.0,10.77
305256.0,6404396.0,10.65
305258.0,6404396.0,10.41
305260.0,6404396.0,9.99
305262.0,6404396.0,9.87
305264.0,6404396.0,9.55
305266.0,6404396.0,9.29
305268.0,6404396.0,9.44
305270.0,6404396.0,9.55
305272.0,6404396.0,9.44
305274.0,6404396.0,9.53
305276.0,6404396.0,10.03
305278.0,6404396.0,9.93
305280.0,6404396.0,9.88
305282.0,6404396.0,9.9
305284.0,6404396.0,9.92
305286.0,6404396.0,10.14
305288.0,6404396.0,10.16
305290.0,6404396.0,10.2
305292.0,6404396.0,10.25
305294.0,6404396.0,10.2
305296.0,6404396.0,10.34
305298.0,6404396.0,10.48
305300.0,6404396.0,10.6
305302.0,6404396.0,10.87
305304.0,6404396.0,10.73
305306.0,6404396.0,10.81
305308.0,6404396.0,11.03
305310.0,6404396.0,11.23
305312.0,6404396.0,11.28
305314.0,6404396.0,11.34
305316.0,6404396.0,11.27
305318.0,6404396.0,11.27
305320.0,6404396.0,11.23
305322.0,6404396.0,11.31
305324.0,6404396.0,11.44
305326.0,6404396.0,11.7
305328.0,6404396.0,12.05
305330.0,6404396.0,12.0
305332.0,6404396.0,12.11
305334.0,6404396.0,12.24
305336.0,6404396.0,12.36
305338.0,6404396.0,12.48
305340.0,6404396.0,12.6
305342.0,6404396.0,12.68
305344.0,6404396.0,12.74
305346.0,6404396.0,12.85
305348.0,6404396.0,12.9
305350.0,6404396.0,12.98
305352.0,6404396.0,13.22
305354.0,6404396.0,13.75
305356.0,6404396.0,13.96
305358.0,6404396.0,13.94
305360.0,6404396.0,13.77
305362.0,6404396.0,13.75
305364.0,6404396.0,13.67
305366.0,6404396.0,13.75
305368.0,6404396.0,13.77
305370.0,6404396.0,14.4
305372.0,6404396.0,16.06
305374.0,6404396.0,16.77
305376.0,6404396.0,16.67
305378.0,6404396.0,16.6
305380.0,6404396.0,16.53
305382.0,6404396.0,16.5
305384.0,6404396.0,16.54
305386.0,6404396.0,16.56
305388.0,6404396.0,16.48
305390.0,6404396.0,15.72
305392.0,6404396.0,14.61
305394.0,6404396.0,14.21
305396.0,6404396.0,14.37
305398.0,6404396.0,13.86
305400.0,6404396.0,12.94
305402.0,6404396.0,12.86
305404.0,6404396.0,12.99
305406.0,6404396.0,12.42
305408.0,6404396.0,12.24
305410.0,6404396.0,12.18
305412.0,6404396.0,12.34
305414.0,6404396.0,12.85
305416.0,6404396.0,13.8
305418.0,6404396.0,14.55
305420.0,6404396.0,15.01
305422.0,6404396.0,14.42
305424.0,6404396.0,13.83
305426.0,6404396.0,13.21
305428.0,6404396.0,12.03
305430.0,6404396.0,11.73
305432.0,6404396.0,11.21
305434.0,6404396.0,10.82
305436.0,6404396.0,9.86
305438.0,6404396.0,8.99
305440.0,6404396.0,8.67
305442.0,6404396.0,8.51
305444.0,6404396.0,8.56
305446.0,6404396.0,8.94
305448.0,6404396.0,9.31
305450.0,6404396.0,9.6
305452.0,6404396.0,9.61
305454.0,6404396.0,9.39
305456.0,6404396.0,9.5
305458.0,6404396.0,9.33
305460.0,6404396.0,9.26
305462.0,6404396.0,9.62
305464.0,6404396.0,10.57
305466.0,6404396.0,11.56
305468.0,6404396.0,11.59
305470.0,6404396.0,11.32
305472.0,6404396.0,11.09
305474.0,6404396.0,10.91
305476.0,6404396.0,10.58
305478.0,6404396.0,10.66
305480.0,6404396.0,10.79
305482.0,6404396.0,11.39
305484.0,6404396.0,11.96
305486.0,6404396.0,11.68
305488.0,6404396.0,11.41
305490.0,6404396.0,11.59
305492.0,6404396.0,11.1
305494.0,6404396.0,11.02
305496.0,6404396.0,10.43
305498.0,6404396.0,10.05
305500.0,6404396.0,9.64
305502.0,6404396.0,9.01
305504.0,6404396.0,8.93
305506.0,6404396.0,8.62
305508.0,6404396.0,8.48
305510.0,6404396.0,8.41
305512.0,6404396.0,8.38
305514.0,6404396.0,8.57
305516.0,6404396.0,9.19
305518.0,6404396.0,10.0
305520.0,6404396.0,9.88
305522.0,6404396.0,10.06
305524.0,6404396.0,9.6
305526.0,6404396.0,10.88
305528.0,6404396.0,11.37
305530.0,6404396.0,11.41
305532.0,6404396.0,11.16
305534.0,6404396.0,10.7
305536.0,6404396.0,10.13
305538.0,6404396.0,8.75
305540.0,6404396.0,7.27
305542.0,6404396.0,7.33
305544.0,6404396.0,7.21
305546.0,6404396.0,7.42
305548.0,6404396.0,7.36
305550.0,6404396.0,7.17
305552.0,6404396.0,7.24
305554.0,6404396.0,7.34
305556.0,6404396.0,7.3
305558.0,6404396.0,6.74
305560.0,6404396.0,6.23
305562.0,6404396.0,5.99
305564.0,6404396.0,5.94
305566.0,6404396.0,6.06
305568.0,6404396.0,5.98
305570.0,6404396.0,5.87
305572.0,6404396.0,5.84
305574.0,6404396.0,5.69
305576.0,6404396.0,5.88
305578.0,6404396.0,6.13
305580.0,6404396.0,6.05
305582.0,6404396.0,6.02
305584.0,6404396.0,6.01
305586.0,6404396.0,5.97
305588.0,6404396.0,5.94
305590.0,6404396.0,5.91
305592.0,6404396.0,5.94
305594.0,6404396.0,6.12
305596.0,6404396.0,6.52
305598.0,6404396.0,7.82
305600.0,6404396.0,7.95
305602.0,6404396.0,7.66
305604.0,6404396.0,7.75
305606.0,6404396.0,8.03
305608.0,6404396.0,8.74
305610.0,6404396.0,9.53
305612.0,6404396.0,10.1
305614.0,6404396.0,10.54
305616.0,6404396.0,10.99
305618.0,6404396.0,11.11
305620.0,6404396.0,11.78
305622.0,6404396.0,11.96
305624.0,6404396.0,12.33
305626.0,6404396.0,13.31
305628.0,6404396.0,13.27
305630.0,6404396.0,13.46
305632.0,6404396.0,13.24
305634.0,6404396.0,13.1
305636.0,6404396.0,13.11
305638.0,6404396.0,13.17
305640.0,6404396.0,13.03
305642.0,6404396.0,12.93
305644.0,6404396.0,13.05
305646.0,6404396.0,12.95
305648.0,6404396.0,12.94
305650.0,6404396.0,13.05
305652.0,6404396.0,13.23
305654.0,6404396.0,13.65
305656.0,6404396.0,13.85
305658.0,6404396.0,13.99
305660.0,6404396.0,14.15
305662.0,6404396.0,14.25
305664.0,6404396.0,14.51
305666.0,6404396.0,14.78
305668.0,6404396.0,15.26
305670.0,6404396.0,15.35
305672.0,6404396.0,15.43
305674.0,6404396.0,15.11
305676.0,6404396.0,14.82
305678.0,6404396.0,14.59
305680.0,6404396.0,14.43
305150.0,6404398.0,-0.31
305152.0,6404398.0,-0.31
305154.0,6404398.0,-0.31
305156.0,6404398.0,-0.31
305158.0,6404398.0,-0.21
305160.0,6404398.0,-0.04
305162.0,6404398.0,0.31
305164.0,6404398.0,0.55
305166.0,6404398.0,0.67
305168.0,6404398.0,0.91
305170.0,6404398.0,1.15
305172.0,6404398.0,1.38
305174.0,6404398.0,1.58
305176.0,6404398.0,1.67
305178.0,6404398.0,1.72
305180.0,6404398.0,1.82
305182.0,6404398.0,1.91
305184.0,6404398.0,1.96
305186.0,6404398.0,2.02
305188.0,6404398.0,2.11
305190.0,6404398.0,2.17
305192.0,6404398.0,2.25
305194.0,6404398.0,2.31
305196.0,6404398.0,3.02
305198.0,6404398.0,3.04
305200.0,6404398.0,3.12
305202.0,6404398.0,3.39
305204.0,6404398.0,3.61
305206.0,6404398.0,3.83
305208.0,6404398.0,3.77
305210.0,6404398.0,3.93
305212.0,6404398.0,3.9
305214.0,6404398.0,3.98
305216.0,6404398.0,4.33
305218.0,6404398.0,5.19
305220.0,6404398.0,5.96
305222.0,6404398.0,6.62
305224.0,6404398.0,7.01
305226.0,6404398.0,7.6
305228.0,6404398.0,8.38
305230.0,6404398.0,8.37
305232.0,6404398.0,8.46
305234.0,6404398.0,9.86
305236.0,6404398.0,10.54
305238.0,6404398.0,10.47
305240.0,6404398.0,10.45
305242.0,6404398.0,10.61
305244.0,6404398.0,10.63
305246.0,6404398.0,10.66
305248.0,6404398.0,10.61
305250.0,6404398.0,10.75
305252.0,6404398.0,10.81
305254.0,6404398.0,10.69
305256.0,6404398.0,10.46
305258.0,6404398.0,9.95
305260.0,6404398.0,9.69
305262.0,6404398.0,9.66
305264.0,6404398.0,9.24
305266.0,6404398.0,9.33
305268.0,6404398.0,9.64
305270.0,6404398.0,9.58
305272.0,6404398.0,9.51
305274.0,6404398.0,9.85
305276.0,6404398.0,9.88
305278.0,6404398.0,9.87
305280.0,6404398.0,9.94
305282.0,6404398.0,9.91
305284.0,6404398.0,9.9
305286.0,6404398.0,9.98
305288.0,6404398.0,9.91
305290.0,6404398.0,10.0
305292.0,6404398.0,10.0
305294.0,6404398.0,9.95
305296.0,6404398.0,9.81
305298.0,6404398.0,10.07
305300.0,6404398.0,10.18
305302.0,6404398.0,10.49
305304.0,6404398.0,10.1
305306.0,6404398.0,10.19
305308.0,6404398.0,10.25
305310.0,6404398.0,10.75
305312.0,6404398.0,10.98
305314.0,6404398.0,11.25
305316.0,6404398.0,11.31
305318.0,6404398.0,11.36
305320.0,6404398.0,11.37
305322.0,6404398.0,11.44
305324.0,6404398.0,11.59
305326.0,6404398.0,11.92
305328.0,6404398.0,11.92
305330.0,6404398.0,11.92
305332.0,6404398.0,11.92
305334.0,6404398.0,12.11
305336.0,6404398.0,12.3
305338.0,6404398.0,12.4
305340.0,6404398.0,12.49
305342.0,6404398.0,12.59
305344.0,6404398.0,12.63
305346.0,6404398.0,12.67
305348.0,6404398.0,12.75
305350.0,6404398.0,12.85
305352.0,6404398.0,12.89
305354.0,6404398.0,13.02
305356.0,6404398.0,13.63
305358.0,6404398.0,13.84
305360.0,6404398.0,13.59
305362.0,6404398.0,13.65
305364.0,6404398.0,13.63
305366.0,6404398.0,13.69
305368.0,6404398.0,13.76
305370.0,6404398.0,14.56
305372.0,6404398.0,16.31
305374.0,6404398.0,16.64
305376.0,6404398.0,16.67
305378.0,6404398.0,16.58
305380.0,6404398.0,16.53
305382.0,6404398.0,16.52
305384.0,6404398.0,16.55
305386.0,6404398.0,16.57
305388.0,6404398.0,16.05
305390.0,6404398.0,14.43
305392.0,6404398.0,14.0
305394.0,6404398.0,13.98
305396.0,6404398.0,13.68
305398.0,6404398.0,12.74
305400.0,6404398.0,12.48
305402.0,6404398.0,12.59
305404.0,6404398.0,12.49
305406.0,6404398.0,12.38
305408.0,6404398.0,12.31
305410.0,6404398.0,12.18
305412.0,6404398.0,12.23
305414.0,6404398.0,12.21
305416.0,6404398.0,13.51
305418.0,6404398.0,14.61
305420.0,6404398.0,14.86
305422.0,6404398.0,14.17
305424.0,6404398.0,13.85
305426.0,6404398.0,14.13
305428.0,6404398.0,12.62
305430.0,6404398.0,11.48
305432.0,6404398.0,10.6
305434.0,6404398.0,10.12
305436.0,6404398.0,9.43
305438.0,6404398.0,8.6
305440.0,6404398.0,8.55
305442.0,6404398.0,8.51
305444.0,6404398.0,8.92
305446.0,6404398.0,9.59
305448.0,6404398.0,9.85
305450.0,6404398.0,9.81
305452.0,6404398.0,9.72
305454.0,6404398.0,9.53
305456.0,6404398.0,9.39
305458.0,6404398.0,9.64
305460.0,6404398.0,9.59
305462.0,6404398.0,9.89
305464.0,6404398.0,10.69
305466.0,6404398.0,11.43
305468.0,6404398.0,11.39
305470.0,6404398.0,11.32
305472.0,6404398.0,11.02
305474.0,6404398.0,10.76
305476.0,6404398.0,10.5
305478.0,6404398.0,10.63
305480.0,6404398.0,10.95
305482.0,6404398.0,11.15
305484.0,6404398.0,11.61
305486.0,6404398.0,11.64
305488.0,6404398.0,11.88
305490.0,6404398.0,11.84
305492.0,6404398.0,11.32
305494.0,6404398.0,11.02
305496.0,6404398.0,10.76
305498.0,6404398.0,10.28
305500.0,6404398.0,9.98
305502.0,6404398.0,9.78
305504.0,6404398.0,9.86
305506.0,6404398.0,9.48
305508.0,6404398.0,9.1
305510.0,6404398.0,9.03
305512.0,6404398.0,8.95
305514.0,6404398.0,8.59
305516.0,6404398.0,8.16
305518.0,6404398.0,8.08
305520.0,6404398.0,8.34
305522.0,6404398.0,8.44
305524.0,6404398.0,8.48
305526.0,6404398.0,8.66
305528.0,6404398.0,9.75
305530.0,6404398.0,10.26
305532.0,6404398.0,10.08
305534.0,6404398.0,10.02
305536.0,6404398.0,9.81
305538.0,6404398.0,8.38
305540.0,6404398.0,6.97
305542.0,6404398.0,6.8
305544.0,6404398.0,6.82
305546.0,6404398.0,6.85
305548.0,6404398.0,6.8
305550.0,6404398.0,6.93
305552.0,6404398.0,7.0
305554.0,6404398.0,7.03
305556.0,6404398.0,6.92
305558.0,6404398.0,6.48
305560.0,6404398.0,6.08
305562.0,6404398.0,5.97
305564.0,6404398.0,5.99
305566.0,6404398.0,6.09
305568.0,6404398.0,6.12
305570.0,6404398.0,6.02
305572.0,6404398.0,5.87
305574.0,6404398.0,5.87
305576.0,6404398.0,5.94
305578.0,6404398.0,5.94
305580.0,6404398.0,6.01
305582.0,6404398.0,6.07
305584.0,6404398.0,6.1
305586.0,6404398.0,6.01
305588.0,6404398.0,5.96
305590.0,6404398.0,5.84
305592.0,6404398.0,5.77
305594.0,6404398.0,5.78
305596.0,6404398.0,5.82
305598.0,6404398.0,6.49
305600.0,6404398.0,7.27
305602.0,6404398.0,6.96
305604.0,6404398.0,7.38
305606.0,6404398.0,7.73
305608.0,6404398.0,7.81
305610.0,6404398.0,8.12
305612.0,6404398.0,8.56
305614.0,6404398.0,9.14
305616.0,6404398.0,9.57
305618.0,6404398.0,10.4
305620.0,6404398.0,10.96
305622.0,6404398.0,11.12
305624.0,6404398.0,10.99
305626.0,6404398.0,11.46
305628.0,6404398.0,12.45
305630.0,6404398.0,12.73
305632.0,6404398.0,13.03
305634.0,6404398.0,12.76
305636.0,6404398.0,12.77
305638.0,6404398.0,12.82
305640.0,6404398.0,12.57
305642.0,6404398.0,12.41
305644.0,6404398.0,12.31
305646.0,6404398.0,12.15
305648.0,6404398.0,12.02
305650.0,6404398.0,12.03
305652.0,6404398.0,12.19
305654.0,6404398.0,12.48
305656.0,6404398.0,12.5
305658.0,6404398.0,12.52
305660.0,6404398.0,12.67
305662.0,6404398.0,12.71
305664.0,6404398.0,12.87
305666.0,6404398.0,13.1
305668.0,6404398.0,13.6
305670.0,6404398.0,13.96
305672.0,6404398.0,14.57
305674.0,6404398.0,14.71
305676.0,6404398.0,14.65
305678.0,6404398.0,14.19
305680.0,6404398.0,13.89
305150.0,6404400.0,-0.31
305152.0,6404400.0,-0.31
305154.0,6404400.0,-0.31
305156.0,6404400.0,-0.29
305158.0,6404400.0,-0.18
305160.0,6404400.0,0.2
305162.0,6404400.0,0.42
305164.0,6404400.0,0.59
305166.0,6404400.0,0.76
305168.0,6404400.0,0.95
305170.0,6404400.0,1.15
305172.0,6404400.0,1.55
305174.0,6404400.0,1.59
305176.0,6404400.0,1.73
305178.0,6404400.0,1.89
305180.0,6404400.0,1.92
305182.0,6404400.0,1.96
305184.0,6404400.0,2.0
305186.0,6404400.0,2.09
305188.0,6404400.0,2.16
305190.0,6404400.0,2.2
305192.0,6404400.0,2.26
305194.0,6404400.0,2.32
305196.0,6404400.0,2.94
305198.0,6404400.0,3.07
305200.0,6404400.0,3.06
305202.0,6404400.0,3.16
305204.0,6404400.0,3.37
305206.0,6404400.0,3.65
305208.0,6404400.0,3.69
305210.0,6404400.0,3.84
305212.0,6404400.0,3.84
305214.0,6404400.0,3.96
305216.0,6404400.0,4.03
305218.0,6404400.0,4.97
305220.0,6404400.0,5.81
305222.0,6404400.0,6.98
305224.0,6404400.0,7.74
305226.0,6404400.0,8.34
305228.0,6404400.0,8.27
305230.0,6404400.0,8.12
305232.0,6404400.0,8.15
305234.0,6404400.0,8.29
305236.0,6404400.0,9.16
305238.0,6404400.0,10.41
305240.0,6404400.0,10.47
305242.0,6404400.0,10.46
305244.0,6404400.0,10.54
305246.0,6404400.0,10.63
305248.0,6404400.0,10.35
305250.0,6404400.0,10.79
305252.0,6404400.0,10.51
305254.0,6404400.0,10.31
305256.0,6404400.0,10.0
305258.0,6404400.0,9.5
305260.0,6404400.0,9.01
305262.0,6404400.0,8.74
305264.0,6404400.0,9.01
305266.0,6404400.0,9.75
305268.0,6404400.0,9.86
305270.0,6404400.0,9.8
305272.0,6404400.0,9.93
305274.0,6404400.0,10.01
305276.0,6404400.0,10.0
305278.0,6404400.0,9.76
305280.0,6404400.0,9.9
305282.0,6404400.0,9.87
305284.0,6404400.0,10.0
305286.0,6404400.0,10.0
305288.0,6404400.0,9.92
305290.0,6404400.0,9.89
305292.0,6404400.0,9.59
305294.0,6404400.0,9.52
305296.0,6404400.0,9.53
305298.0,6404400.0,9.61
305300.0,6404400.0,9.74
305302.0,6404400.0,9.74
305304.0,6404400.0,9.78
305306.0,6404400.0,9.82
305308.0,6404400.0,9.99
305310.0,6404400.0,10.34
305312.0,6404400.0,10.53
305314.0,6404400.0,10.99
305316.0,6404400.0,11.22
305318.0,6404400.0,11.31
305320.0,6404400.0,11.38
305322.0,6404400.0,11.51
305324.0,6404400.0,11.51
305326.0,6404400.0,11.64
305328.0,6404400.0,11.67
305330.0,6404400.0,11.79
305332.0,6404400.0,12.0
305334.0,6404400.0,12.0
305336.0,6404400.0,12.17
305338.0,6404400.0,12.32
305340.0,6404400.0,12.38
305342.0,6404400.0,12.53
305344.0,6404400.0,12.55
305346.0,6404400.0,12.52
305348.0,6404400.0,12.65
305350.0,6404400.0,12.72
305352.0,6404400.0,12.78
305354.0,6404400.0,12.87
305356.0,6404400.0,13.12
305358.0,6404400.0,13.39
305360.0,6404400.0,13.4
305362.0,6404400.0,13.45
305364.0,6404400.0,13.51
305366.0,6404400.0,13.5
305368.0,6404400.0,13.68
305370.0,6404400.0,14.44
305372.0,6404400.0,16.46
305374.0,6404400.0,16.53
305376.0,6404400.0,16.58
305378.0,6404400.0,16.56
305380.0,6404400.0,16.51
305382.0,6404400.0,16.54
305384.0,6404400.0,16.55
305386.0,6404400.0,16.08
305388.0,6404400.0,14.91
305390.0,6404400.0,13.87
305392.0,6404400.0,13.69
305394.0,6404400.0,13.1
305396.0,6404400.0,12.6
305398.0,6404400.0,12.25
305400.0,6404400.0,12.21
305402.0,6404400.0,12.12
305404.0,6404400.0,12.27
305406.0,6404400.0,12.25
305408.0,6404400.0,12.32
305410.0,6404400.0,12.39
305412.0,6404400.0,12.34
305414.0,6404400.0,12.28
305416.0,6404400.0,13.43
305418.0,6404400.0,14.01
305420.0,6404400.0,14.08
305422.0,6404400.0,14.28
305424.0,6404400.0,14.34
305426.0,6404400.0,14.38
305428.0,6404400.0,13.21
305430.0,6404400.0,11.75
305432.0,6404400.0,10.54
305434.0,6404400.0,9.7
305436.0,6404400.0,8.9
305438.0,6404400.0,8.58
305440.0,6404400.0,8.5
305442.0,6404400.0,8.44
305444.0,6404400.0,9.37
305446.0,6404400.0,9.87
305448.0,6404400.0,9.95
305450.0,6404400.0,9.94
305452.0,6404400.0,9.87
305454.0,6404400.0,9.88
305456.0,6404400.0,9.92
305458.0,6404400.0,9.92
305460.0,6404400.0,9.98
305462.0,6404400.0,10.07
305464.0,6404400.0,10.49
305466.0,6404400.0,10.87
305468.0,6404400.0,11.01
305470.0,6404400.0,11.08
305472.0,6404400.0,10.59
305474.0,6404400.0,10.37
305476.0,6404400.0,10.63
305478.0,6404400.0,10.76
305480.0,6404400.0,10.98
305482.0,6404400.0,11.17
305484.0,6404400.0,11.35
305486.0,6404400.0,11.66
305488.0,6404400.0,12.04
305490.0,6404400.0,11.86
305492.0,6404400.0,11.44
305494.0,6404400.0,11.0
305496.0,6404400.0,10.7
305498.0,6404400.0,10.2
305500.0,6404400.0,10.2
305502.0,6404400.0,9.95
305504.0,6404400.0,10.24
305506.0,6404400.0,10.25
305508.0,6404400.0,9.99
305510.0,6404400.0,9.68
305512.0,6404400.0,9.36
305514.0,6404400.0,9.13
305516.0,6404400.0,8.83
305518.0,6404400.0,8.55
305520.0,6404400.0,8.35
305522.0,6404400.0,7.97
305524.0,6404400.0,7.86
305526.0,6404400.0,7.64
305528.0,6404400.0,7.61
305530.0,6404400.0,7.28
305532.0,6404400.0,7.27
305534.0,6404400.0,7.38
305536.0,6404400.0,7.82
305538.0,6404400.0,7.98
305540.0,6404400.0,6.97
305542.0,6404400.0,6.46
305544.0,6404400.0,6.43
305546.0,6404400.0,6.29
305548.0,6404400.0,6.09
305550.0,6404400.0,6.24
305552.0,6404400.0,6.24
305554.0,6404400.0,6.18
305556.0,6404400.0,6.07
305558.0,6404400.0,5.89
305560.0,6404400.0,5.87
305562.0,6404400.0,5.85
305564.0,6404400.0,5.93
305566.0,6404400.0,6.26
305568.0,6404400.0,6.4
305570.0,6404400.0,6.62
305572.0,6404400.0,6.04
305574.0,6404400.0,6.12
305576.0,6404400.0,6.09
305578.0,6404400.0,5.97
305580.0,6404400.0,6.12
305582.0,6404400.0,6.43
305584.0,6404400.0,6.3
305586.0,6404400.0,6.11
305588.0,6404400.0,5.96
305590.0,6404400.0,5.82
305592.0,6404400.0,5.76
305594.0,6404400.0,5.73
305596.0,6404400.0,5.68
305598.0,6404400.0,5.81
305600.0,6404400.0,5.94
305602.0,6404400.0,5.82
305604.0,6404400.0,6.24
305606.0,6404400.0,7.33
305608.0,6404400.0,7.51
305610.0,6404400.0,7.71
305612.0,6404400.0,7.99
305614.0,6404400.0,8.2
305616.0,6404400.0,8.73
305618.0,6404400.0,8.77
305620.0,6404400.0,9.1
305622.0,6404400.0,9.25
305624.0,6404400.0,9.78
305626.0,6404400.0,9.88
305628.0,6404400.0,10.85
305630.0,6404400.0,11.24
305632.0,6404400.0,10.68
305634.0,6404400.0,11.11
305636.0,6404400.0,11.56
305638.0,6404400.0,11.99
305640.0,6404400.0,11.82
305642.0,6404400.0,11.84
305644.0,6404400.0,11.83
305646.0,6404400.0,11.89
305648.0,6404400.0,12.18
305650.0,6404400.0,11.89
305652.0,6404400.0,11.84
305654.0,6404400.0,12.05
305656.0,6404400.0,12.07
305658.0,6404400.0,12.02
305660.0,6404400.0,11.88
305662.0,6404400.0,11.96
305664.0,6404400.0,11.95
305666.0,6404400.0,12.09
305668.0,6404400.0,12.35
305670.0,6404400.0,12.77
305672.0,6404400.0,13.27
305674.0,6404400.0,13.65
305676.0,6404400.0,13.81
305678.0,6404400.0,13.83
305680.0,6404400.0,13.47
305150.0,6404402.0,-0.31
305152.0,6404402.0,-0.31
305154.0,6404402.0,-0.3
305156.0,6404402.0,-0.06
305158.0,6404402.0,0.37
305160.0,6404402.0,0.55
305162.0,6404402.0,0.62
305164.0,6404402.0,0.73
305166.0,6404402.0,0.86
305168.0,6404402.0,1.07
305170.0,6404402.0,1.36
305172.0,6404402.0,1.71
305174.0,6404402.0,1.88
305176.0,6404402.0,1.8
305178.0,6404402.0,1.97
305180.0,6404402.0,2.01
305182.0,6404402.0,2.04
305184.0,6404402.0,2.08
305186.0,6404402.0,2.16
305188.0,6404402.0,2.23
305190.0,6404402.0,2.24
305192.0,6404402.0,2.3
305194.0,6404402.0,2.31
305196.0,6404402.0,2.76
305198.0,6404402.0,3.03
305200.0,6404402.0,3.07
305202.0,6404402.0,3.12
305204.0,6404402.0,3.14
305206.0,6404402.0,3.44
305208.0,6404402.0,3.6
305210.0,6404402.0,3.8
305212.0,6404402.0,3.7
305214.0,6404402.0,3.87
305216.0,6404402.0,3.8
305218.0,6404402.0,4.3
305220.0,6404402.0,5.36
305222.0,6404402.0,6.37
305224.0,6404402.0,7.33
305226.0,6404402.0,8.17
305228.0,6404402.0,8.11
305230.0,6404402.0,7.91
305232.0,6404402.0,7.84
305234.0,6404402.0,7.71
305236.0,6404402.0,7.68
305238.0,6404402.0,9.0
305240.0,6404402.0,10.5
305242.0,6404402.0,10.47
305244.0,6404402.0,10.58
305246.0,6404402.0,10.51
305248.0,6404402.0,10.55
305250.0,6404402.0,10.5
305252.0,6404402.0,10.18
305254.0,6404402.0,9.84
305256.0,6404402.0,9.15
305258.0,6404402.0,8.87
305260.0,6404402.0,8.54
305262.0,6404402.0,8.61
305264.0,6404402.0,9.24
305266.0,6404402.0,9.88
305268.0,6404402.0,9.9
305270.0,6404402.0,10.02
305272.0,6404402.0,9.99
305274.0,6404402.0,10.05
305276.0,6404402.0,10.03
305278.0,6404402.0,10.12
305280.0,6404402.0,9.95
305282.0,6404402.0,9.96
305284.0,6404402.0,10.04
305286.0,6404402.0,9.84
305288.0,6404402.0,9.64
305290.0,6404402.0,9.69
305292.0,6404402.0,9.19
305294.0,6404402.0,9.25
305296.0,6404402.0,9.39
305298.0,6404402.0,9.51
305300.0,6404402.0,9.64
305302.0,6404402.0,9.6
305304.0,6404402.0,9.56
305306.0,6404402.0,9.61
305308.0,6404402.0,9.8
305310.0,6404402.0,9.9
305312.0,6404402.0,10.18
305314.0,6404402.0,10.47
305316.0,6404402.0,10.54
305318.0,6404402.0,10.81
305320.0,6404402.0,11.17
305322.0,6404402.0,11.45
305324.0,6404402.0,11.4
305326.0,6404402.0,11.39
305328.0,6404402.0,11.46
305330.0,6404402.0,11.55
305332.0,6404402.0,11.61
305334.0,6404402.0,11.84
305336.0,6404402.0,12.02
305338.0,6404402.0,12.15
305340.0,6404402.0,12.26
305342.0,6404402.0,12.37
305344.0,6404402.0,12.42
305346.0,6404402.0,12.41
305348.0,6404402.0,12.52
305350.0,6404402.0,12.6
305352.0,6404402.0,12.65
305354.0,6404402.0,12.77
305356.0,6404402.0,13.04
305358.0,6404402.0,13.19
305360.0,6404402.0,13.31
305362.0,6404402.0,13.3
305364.0,6404402.0,13.37
305366.0,6404402.0,13.51
305368.0,6404402.0,13.84
305370.0,6404402.0,14.51
305372.0,6404402.0,15.27
305374.0,6404402.0,16.52
305376.0,6404402.0,16.44
305378.0,6404402.0,16.53
305380.0,6404402.0,16.52
305382.0,6404402.0,16.53
305384.0,6404402.0,16.1
305386.0,6404402.0,15.06
305388.0,6404402.0,14.44
305390.0,6404402.0,13.83
305392.0,6404402.0,13.63
305394.0,6404402.0,12.87
305396.0,6404402.0,12.25
305398.0,6404402.0,12.22
305400.0,6404402.0,12.24
305402.0,6404402.0,12.21
305404.0,6404402.0,12.19
305406.0,6404402.0,12.24
305408.0,6404402.0,12.27
305410.0,6404402.0,12.34
305412.0,6404402.0,12.22
305414.0,6404402.0,12.15
305416.0,6404402.0,12.29
305418.0,6404402.0,12.75
305420.0,6404402.0,13.17
305422.0,6404402.0,13.62
305424.0,6404402.0,14.17
305426.0,6404402.0,13.68
305428.0,6404402.0,13.28
305430.0,6404402.0,11.69
305432.0,6404402.0,11.0
305434.0,6404402.0,9.66
305436.0,6404402.0,8.73
305438.0,6404402.0,8.68
305440.0,6404402.0,8.66
305442.0,6404402.0,8.79
305444.0,6404402.0,9.65
305446.0,6404402.0,9.89
305448.0,6404402.0,9.91
305450.0,6404402.0,9.95
305452.0,6404402.0,9.93
305454.0,6404402.0,9.94
305456.0,6404402.0,9.95
305458.0,6404402.0,9.97
305460.0,6404402.0,10.05
305462.0,6404402.0,10.14
305464.0,6404402.0,10.48
305466.0,6404402.0,10.7
305468.0,6404402.0,10.86
305470.0,6404402.0,10.84
305472.0,6404402.0,11.11
305474.0,6404402.0,11.02
305476.0,6404402.0,11.17
305478.0,6404402.0,11.17
305480.0,6404402.0,11.05
305482.0,6404402.0,11.28
305484.0,6404402.0,11.69
305486.0,6404402.0,11.52
305488.0,6404402.0,11.74
305490.0,6404402.0,11.8
305492.0,6404402.0,11.51
305494.0,6404402.0,11.22
305496.0,6404402.0,10.61
305498.0,6404402.0,10.18
305500.0,6404402.0,10.15
305502.0,6404402.0,10.35
305504.0,6404402.0,10.27
305506.0,6404402.0,10.35
305508.0,6404402.0,10.2
305510.0,6404402.0,10.05
305512.0,6404402.0,9.79
305514.0,6404402.0,9.55
305516.0,6404402.0,9.36
305518.0,6404402.0,9.25
305520.0,6404402.0,9.13
305522.0,6404402.0,8.61
305524.0,6404402.0,8.22
305526.0,6404402.0,8.02
305528.0,6404402.0,7.35
305530.0,6404402.0,6.56
305532.0,6404402.0,6.4
305534.0,6404402.0,6.69
305536.0,6404402.0,7.24
305538.0,6404402.0,6.95
305540.0,6404402.0,6.3
305542.0,6404402.0,6.04
305544.0,6404402.0,5.93
305546.0,6404402.0,5.95
305548.0,6404402.0,5.78
305550.0,6404402.0,5.68
305552.0,6404402.0,5.63
305554.0,6404402.0,5.63
305556.0,6404402.0,5.8
305558.0,6404402.0,5.68
305560.0,6404402.0,5.66
305562.0,6404402.0,5.71
305564.0,6404402.0,5.78
305566.0,6404402.0,6.39
305568.0,6404402.0,6.82
305570.0,6404402.0,7.08
305572.0,6404402.0,7.09
305574.0,6404402.0,7.32
305576.0,6404402.0,7.2
305578.0,6404402.0,6.73
305580.0,6404402.0,6.39
305582.0,6404402.0,6.74
305584.0,6404402.0,6.5
305586.0,6404402.0,6.27
305588.0,6404402.0,6.05
305590.0,6404402.0,5.86
305592.0,6404402.0,5.79
305594.0,6404402.0,5.69
305596.0,6404402.0,5.66
305598.0,6404402.0,5.69
305600.0,6404402.0,5.62
305602.0,6404402.0,5.68
305604.0,6404402.0,5.63
305606.0,6404402.0,5.66
305608.0,6404402.0,5.61
305610.0,6404402.0,6.64
305612.0,6404402.0,6.95
305614.0,6404402.0,7.48
305616.0,6404402.0,7.94
305618.0,6404402.0,8.35
305620.0,6404402.0,8.77
305622.0,6404402.0,8.79
305624.0,6404402.0,8.96
305626.0,6404402.0,9.22
305628.0,6404402.0,9.31
305630.0,6404402.0,9.77
305632.0,6404402.0,10.52
305634.0,6404402.0,10.47
305636.0,6404402.0,10.73
305638.0,6404402.0,11.5
305640.0,6404402.0,11.53
305642.0,6404402.0,11.54
305644.0,6404402.0,11.56
305646.0,6404402.0,11.86
305648.0,6404402.0,12.04
305650.0,6404402.0,11.91
305652.0,6404402.0,11.75
305654.0,6404402.0,11.79
305656.0,6404402.0,11.88
305658.0,6404402.0,11.87
305660.0,6404402.0,11.84
305662.0,6404402.0,11.88
305664.0,6404402.0,11.88
305666.0,6404402.0,11.86
305668.0,6404402.0,11.86
305670.0,6404402.0,12.17
305672.0,6404402.0,12.3
305674.0,6404402.0,12.36
305676.0,6404402.0,12.71
305678.0,6404402.0,12.77
305680.0,6404402.0,12.99
305150.0,6404404.0,-0.31
305152.0,6404404.0,0.28
305154.0,6404404.0,0.55
305156.0,6404404.0,0.57
305158.0,6404404.0,0.7
305160.0,6404404.0,0.73
305162.0,6404404.0,0.75
305164.0,6404404.0,0.84
305166.0,6404404.0,0.96
305168.0,6404404.0,1.22
305170.0,6404404.0,1.45
305172.0,6404404.0,1.56
305174.0,6404404.0,1.78
305176.0,6404404.0,1.85
305178.0,6404404.0,2.19
305180.0,6404404.0,2.15
305182.0,6404404.0,2.15
305184.0,6404404.0,2.19
305186.0,6404404.0,2.25
305188.0,6404404.0,2.28
305190.0,6404404.0,2.26
305192.0,6404404.0,2.35
305194.0,6404404.0,2.33
305196.0,6404404.0,2.65
305198.0,6404404.0,2.98
305200.0,6404404.0,3.07
305202.0,6404404.0,3.11
305204.0,6404404.0,3.18
305206.0,6404404.0,3.18
305208.0,6404404.0,3.42
305210.0,6404404.0,3.36
305212.0,6404404.0,3.5
305214.0,6404404.0,3.64
305216.0,6404404.0,3.65
305218.0,6404404.0,4.1
305220.0,6404404.0,4.66
305222.0,6404404.0,5.8
305224.0,6404404.0,6.28
305226.0,6404404.0,7.08
305228.0,6404404.0,7.39
305230.0,6404404.0,7.69
305232.0,6404404.0,7.64
305234.0,6404404.0,7.5
305236.0,6404404.0,7.39
305238.0,6404404.0,7.78
305240.0,6404404.0,8.06
305242.0,6404404.0,10.61
305244.0,6404404.0,10.64
305246.0,6404404.0,9.29
305248.0,6404404.0,8.96
305250.0,6404404.0,9.54
305252.0,6404404.0,9.47
305254.0,6404404.0,8.81
305256.0,6404404.0,8.47
305258.0,6404404.0,8.45
305260.0,6404404.0,8.49
305262.0,6404404.0,8.98
305264.0,6404404.0,9.93
305266.0,6404404.0,9.94
305268.0,6404404.0,9.92
305270.0,6404404.0,9.93
305272.0,6404404.0,10.07
305274.0,6404404.0,10.11
305276.0,6404404.0,10.12
305278.0,6404404.0,10.1
305280.0,6404404.0,9.94
305282.0,6404404.0,9.97
305284.0,6404404.0,9.74
305286.0,6404404.0,9.62
305288.0,6404404.0,9.41
305290.0,6404404.0,9.12
305292.0,6404404.0,9.16
305294.0,6404404.0,9.21
305296.0,6404404.0,9.33
305298.0,6404404.0,9.44
305300.0,6404404.0,9.56
305302.0,6404404.0,9.55
305304.0,6404404.0,9.5
305306.0,6404404.0,9.61
305308.0,6404404.0,9.89
305310.0,6404404.0,10.01
305312.0,6404404.0,10.1
305314.0,6404404.0,10.23
305316.0,6404404.0,10.21
305318.0,6404404.0,10.17
305320.0,6404404.0,10.3
305322.0,6404404.0,10.4
305324.0,6404404.0,11.18
305326.0,6404404.0,11.33
305328.0,6404404.0,11.41
305330.0,6404404.0,11.44
305332.0,6404404.0,11.57
305334.0,6404404.0,11.65
305336.0,6404404.0,11.84
305338.0,6404404.0,12.04
305340.0,6404404.0,12.15
305342.0,6404404.0,12.22
305344.0,6404404.0,12.26
305346.0,6404404.0,12.37
305348.0,6404404.0,12.38
305350.0,6404404.0,12.51
305352.0,6404404.0,12.55
305354.0,6404404.0,12.75
305356.0,6404404.0,12.98
305358.0,6404404.0,13.03
305360.0,6404404.0,13.08
305362.0,6404404.0,13.18
305364.0,6404404.0,13.34
305366.0,6404404.0,13.7
305368.0,6404404.0,14.04
305370.0,6404404.0,14.56
305372.0,6404404.0,14.9
305374.0,6404404.0,14.86
305376.0,6404404.0,15.62
305378.0,6404404.0,16.23
305380.0,6404404.0,16.3
305382.0,6404404.0,16.29
305384.0,6404404.0,15.68
305386.0,6404404.0,15.06
305388.0,6404404.0,14.45
305390.0,6404404.0,13.83
305392.0,6404404.0,13.45
305394.0,6404404.0,12.75
305396.0,6404404.0,12.21
305398.0,6404404.0,12.21
305400.0,6404404.0,12.24
305402.0,6404404.0,12.2
305404.0,6404404.0,12.05
305406.0,6404404.0,12.17
305408.0,6404404.0,12.29
305410.0,6404404.0,12.27
305412.0,6404404.0,12.06
305414.0,6404404.0,11.99
305416.0,6404404.0,12.04
305418.0,6404404.0,12.04
305420.0,6404404.0,12.14
305422.0,6404404.0,12.59
305424.0,6404404.0,13.23
305426.0,6404404.0,13.58
305428.0,6404404.0,12.94
305430.0,6404404.0,11.53
305432.0,6404404.0,10.89
305434.0,6404404.0,9.31
305436.0,6404404.0,8.84
305438.0,6404404.0,8.85
305440.0,6404404.0,8.99
305442.0,6404404.0,9.05
305444.0,6404404.0,9.76
305446.0,6404404.0,9.89
305448.0,6404404.0,9.86
305450.0,6404404.0,9.95
305452.0,6404404.0,10.03
305454.0,6404404.0,10.02
305456.0,6404404.0,10.09
305458.0,6404404.0,10.16
305460.0,6404404.0,10.08
305462.0,6404404.0,10.11
305464.0,6404404.0,10.34
305466.0,6404404.0,10.54
305468.0,6404404.0,10.92
305470.0,6404404.0,11.15
305472.0,6404404.0,11.16
305474.0,6404404.0,11.04
305476.0,6404404.0,11.01
305478.0,6404404.0,11.38
305480.0,6404404.0,11.47
305482.0,6404404.0,11.58
305484.0,6404404.0,11.88
305486.0,6404404.0,11.53
305488.0,6404404.0,11.3
305490.0,6404404.0,11.65
305492.0,6404404.0,11.72
305494.0,6404404.0,11.7
305496.0,6404404.0,10.92
305498.0,6404404.0,9.76
305500.0,6404404.0,9.77
305502.0,6404404.0,9.92
305504.0,6404404.0,10.13
305506.0,6404404.0,10.42
305508.0,6404404.0,10.31
305510.0,6404404.0,10.29
305512.0,6404404.0,10.25
305514.0,6404404.0,10.33
305516.0,6404404.0,9.96
305518.0,6404404.0,9.49
305520.0,6404404.0,9.46
305522.0,6404404.0,9.58
305524.0,6404404.0,9.65
305526.0,6404404.0,8.87
305528.0,6404404.0,8.34
305530.0,6404404.0,8.07
305532.0,6404404.0,7.22
305534.0,6404404.0,6.39
305536.0,6404404.0,6.6
305538.0,6404404.0,6.24
305540.0,6404404.0,5.87
305542.0,6404404.0,5.78
305544.0,6404404.0,5.65
305546.0,6404404.0,5.56
305548.0,6404404.0,5.61
305550.0,6404404.0,5.58
305552.0,6404404.0,5.56
305554.0,6404404.0,5.54
305556.0,6404404.0,5.44
305558.0,6404404.0,5.5
305560.0,6404404.0,5.43
305562.0,6404404.0,5.52
305564.0,6404404.0,5.67
305566.0,6404404.0,5.7
305568.0,6404404.0,6.93
305570.0,6404404.0,6.99
305572.0,6404404.0,7.55
305574.0,6404404.0,7.99
305576.0,6404404.0,7.75
305578.0,6404404.0,7.27
305580.0,6404404.0,6.71
305582.0,6404404.0,6.59
305584.0,6404404.0,6.55
305586.0,6404404.0,6.46
305588.0,6404404.0,6.17
305590.0,6404404.0,5.94
305592.0,6404404.0,5.77
305594.0,6404404.0,5.71
305596.0,6404404.0,5.69
305598.0,6404404.0,5.66
305600.0,6404404.0,5.68
305602.0,6404404.0,5.87
305604.0,6404404.0,5.77
305606.0,6404404.0,5.62
305608.0,6404404.0,5.74
305610.0,6404404.0,5.75
305612.0,6404404.0,6.19
305614.0,6404404.0,6.71
305616.0,6404404.0,7.17
305618.0,6404404.0,7.71
305620.0,6404404.0,8.25
305622.0,6404404.0,8.59
305624.0,6404404.0,9.28
305626.0,6404404.0,9.95
305628.0,6404404.0,10.35
305630.0,6404404.0,10.69
305632.0,6404404.0,10.82
305634.0,6404404.0,10.89
305636.0,6404404.0,11.0
305638.0,6404404.0,11.42
305640.0,6404404.0,11.43
305642.0,6404404.0,11.43
305644.0,6404404.0,11.46
305646.0,6404404.0,11.51
305648.0,6404404.0,11.53
305650.0,6404404.0,11.63
305652.0,6404404.0,11.67
305654.0,6404404.0,11.76
305656.0,6404404.0,11.81
305658.0,6404404.0,11.83
305660.0,6404404.0,11.83
305662.0,6404404.0,11.81
305664.0,6404404.0,11.86
305666.0,6404404.0,11.79
305668.0,6404404.0,11.87
305670.0,6404404.0,11.78
305672.0,6404404.0,11.72
305674.0,6404404.0,11.69
305676.0,6404404.0,11.75
305678.0,6404404.0,11.82
305680.0,6404404.0,11.94
305150.0,6404406.0,-0.31
305152.0,6404406.0,0.06
305154.0,6404406.0,0.5
305156.0,6404406.0,1.25
305158.0,6404406.0,1.19
305160.0,6404406.0,1.18
305162.0,6404406.0,1.04
305164.0,6404406.0,1.26
305166.0,6404406.0,1.25
305168.0,6404406.0,1.4
305170.0,6404406.0,1.53
305172.0,6404406.0,1.68
305174.0,6404406.0,1.84
305176.0,6404406.0,2.01
305178.0,6404406.0,2.52
305180.0,6404406.0,2.77
305182.0,6404406.0,2.96
305184.0,6404406.0,3.0
305186.0,6404406.0,2.75
305188.0,6404406.0,2.3
305190.0,6404406.0,2.28
305192.0,6404406.0,2.39
305194.0,6404406.0,2.33
305196.0,6404406.0,2.41
305198.0,6404406.0,2.96
305200.0,6404406.0,2.98
305202.0,6404406.0,3.05
305204.0,6404406.0,3.13
305206.0,6404406.0,3.16
305208.0,6404406.0,3.09
305210.0,6404406.0,3.09
305212.0,6404406.0,3.33
305214.0,6404406.0,3.47
305216.0,6404406.0,3.65
305218.0,6404406.0,3.94
305220.0,6404406.0,4.24
305222.0,6404406.0,5.01
305224.0,6404406.0,5.5
305226.0,6404406.0,6.56
305228.0,6404406.0,7.18
305230.0,6404406.0,7.47
305232.0,6404406.0,7.36
305234.0,6404406.0,7.39
305236.0,6404406.0,7.37
305238.0,6404406.0,7.78
305240.0,6404406.0,7.9
305242.0,6404406.0,7.89
305244.0,6404406.0,8.96
305246.0,6404406.0,8.12
305248.0,6404406.0,8.04
305250.0,6404406.0,8.23
305252.0,6404406.0,8.57
305254.0,6404406.0,8.36
305256.0,6404406.0,8.38
305258.0,6404406.0,8.44
305260.0,6404406.0,8.52
305262.0,6404406.0,8.83
305264.0,6404406.0,9.51
305266.0,6404406.0,9.91
305268.0,6404406.0,9.91
305270.0,6404406.0,9.86
305272.0,6404406.0,10.05
305274.0,6404406.0,10.15
305276.0,6404406.0,10.08
305278.0,6404406.0,10.06
305280.0,6404406.0,9.92
305282.0,6404406.0,9.95
305284.0,6404406.0,9.68
305286.0,6404406.0,9.39
305288.0,6404406.0,9.23
305290.0,6404406.0,9.18
305292.0,6404406.0,9.14
305294.0,6404406.0,9.15
305296.0,6404406.0,9.26
305298.0,6404406.0,9.34
305300.0,6404406.0,9.41
305302.0,6404406.0,9.5
305304.0,6404406.0,9.56
305306.0,6404406.0,9.62
305308.0,6404406.0,10.03
305310.0,6404406.0,10.28
305312.0,6404406.0,10.66
305314.0,6404406.0,10.81
305316.0,6404406.0,11.25
305318.0,6404406.0,10.74
305320.0,6404406.0,10.24
305322.0,6404406.0,10.11
305324.0,6404406.0,10.71
305326.0,6404406.0,11.26
305328.0,6404406.0,11.4
305330.0,6404406.0,11.44
305332.0,6404406.0,11.54
305334.0,6404406.0,11.58
305336.0,6404406.0,11.64
305338.0,6404406.0,11.78
305340.0,6404406.0,11.89
305342.0,6404406.0,12.03
305344.0,6404406.0,12.22
305346.0,6404406.0,12.22
305348.0,6404406.0,12.3
305350.0,6404406.0,12.37
305352.0,6404406.0,12.47
305354.0,6404406.0,12.73
305356.0,6404406.0,12.82
305358.0,6404406.0,12.88
305360.0,6404406.0,12.93
305362.0,6404406.0,13.07
305364.0,6404406.0,13.17
305366.0,6404406.0,13.45
305368.0,6404406.0,13.5
305370.0,6404406.0,13.66
305372.0,6404406.0,13.81
305374.0,6404406.0,14.35
305376.0,6404406.0,14.85
305378.0,6404406.0,15.09
305380.0,6404406.0,15.01
305382.0,6404406.0,15.13
305384.0,6404406.0,15.25
305386.0,6404406.0,14.79
305388.0,6404406.0,14.3
305390.0,6404406.0,13.71
305392.0,6404406.0,13.02
305394.0,6404406.0,12.51
305396.0,6404406.0,12.28
305398.0,6404406.0,12.23
305400.0,6404406.0,12.23
305402.0,6404406.0,12.14
305404.0,6404406.0,12.04
305406.0,6404406.0,11.99
305408.0,6404406.0,12.12
305410.0,6404406.0,12.22
305412.0,6404406.0,12.02
305414.0,6404406.0,12.02
305416.0,6404406.0,12.02
305418.0,6404406.0,12.04
305420.0,6404406.0,11.99
305422.0,6404406.0,11.92
305424.0,6404406.0,11.83
305426.0,6404406.0,12.07
305428.0,6404406.0,11.83
305430.0,6404406.0,11.18
305432.0,6404406.0,10.16
305434.0,6404406.0,9.38
305436.0,6404406.0,8.76
305438.0,6404406.0,8.81
305440.0,6404406.0,8.85
305442.0,6404406.0,9.07
305444.0,6404406.0,9.95
305446.0,6404406.0,9.82
305448.0,6404406.0,9.79
305450.0,6404406.0,10.07
305452.0,6404406.0,10.0
305454.0,6404406.0,10.02
305456.0,6404406.0,10.16
305458.0,6404406.0,10.23
305460.0,6404406.0,10.22
305462.0,6404406.0,10.19
305464.0,6404406.0,10.31
305466.0,6404406.0,10.67
305468.0,6404406.0,10.95
305470.0,6404406.0,11.18
305472.0,6404406.0,11.16
305474.0,6404406.0,11.06
305476.0,6404406.0,10.8
305478.0,6404406.0,10.9
305480.0,6404406.0,11.4
305482.0,6404406.0,11.75
305484.0,6404406.0,11.72
305486.0,6404406.0,11.4
305488.0,6404406.0,11.18
305490.0,6404406.0,11.46
305492.0,6404406.0,11.73
305494.0,6404406.0,11.6
305496.0,6404406.0,10.87
305498.0,6404406.0,9.56
305500.0,6404406.0,9.77
305502.0,6404406.0,10.04
305504.0,6404406.0,10.21
305506.0,6404406.0,10.52
305508.0,6404406.0,10.47
305510.0,6404406.0,10.26
305512.0,6404406.0,10.37
305514.0,6404406.0,10.34
305516.0,6404406.0,10.08
305518.0,6404406.0,9.34
305520.0,6404406.0,9.25
305522.0,6404406.0,9.48
305524.0,6404406.0,10.14
305526.0,6404406.0,9.87
305528.0,6404406.0,9.34
305530.0,6404406.0,9.3
305532.0,6404406.0,8.44
305534.0,6404406.0,7.58
305536.0,6404406.0,6.96
305538.0,6404406.0,6.06
305540.0,6404406.0,5.67
305542.0,6404406.0,5.61
305544.0,6404406.0,5.58
305546.0,6404406.0,5.45
305548.0,6404406.0,5.43
305550.0,6404406.0,5.33
305552.0,6404406.0,5.32
305554.0,6404406.0,5.35
305556.0,6404406.0,5.45
305558.0,6404406.0,5.24
305560.0,6404406.0,5.33
305562.0,6404406.0,5.54
305564.0,6404406.0,5.73
305566.0,6404406.0,5.89
305568.0,6404406.0,6.91
305570.0,6404406.0,6.96
305572.0,6404406.0,7.42
305574.0,6404406.0,7.79
305576.0,6404406.0,8.01
305578.0,6404406.0,7.6
305580.0,6404406.0,6.99
305582.0,6404406.0,6.66
305584.0,6404406.0,6.63
305586.0,6404406.0,6.55
305588.0,6404406.0,6.37
305590.0,6404406.0,6.13
305592.0,6404406.0,5.84
305594.0,6404406.0,5.7
305596.0,6404406.0,5.66
305598.0,6404406.0,5.59
305600.0,6404406.0,5.66
305602.0,6404406.0,5.95
305604.0,6404406.0,5.73
305606.0,6404406.0,5.68
305608.0,6404406.0,5.7
305610.0,6404406.0,5.69
305612.0,6404406.0,5.61
305614.0,6404406.0,6.03
305616.0,6404406.0,6.68
305618.0,6404406.0,7.7
305620.0,6404406.0,8.11
305622.0,6404406.0,8.81
305624.0,6404406.0,9.52
305626.0,6404406.0,9.9
305628.0,6404406.0,10.17
305630.0,6404406.0,10.48
305632.0,6404406.0,10.82
305634.0,6404406.0,11.07
305636.0,6404406.0,11.26
305638.0,6404406.0,11.31
305640.0,6404406.0,11.25
305642.0,6404406.0,11.33
305644.0,6404406.0,11.34
305646.0,6404406.0,11.43
305648.0,6404406.0,11.45
305650.0,6404406.0,11.55
305652.0,6404406.0,11.61
305654.0,6404406.0,11.69
305656.0,6404406.0,11.77
305658.0,6404406.0,11.8
305660.0,6404406.0,11.81
305662.0,6404406.0,11.81
305664.0,6404406.0,11.81
305666.0,6404406.0,11.76
305668.0,6404406.0,11.73
305670.0,6404406.0,11.74
305672.0,6404406.0,11.73
305674.0,6404406.0,11.68
305676.0,6404406.0,11.68
305678.0,6404406.0,11.68
305680.0,6404406.0,11.73
305150.0,6404408.0,-0.31
305152.0,6404408.0,-0.09
305154.0,6404408.0,0.83
305156.0,6404408.0,1.41
305158.0,6404408.0,1.67
305160.0,6404408.0,1.84
305162.0,6404408.0,1.69
305164.0,6404408.0,1.89
305166.0,6404408.0,1.97
305168.0,6404408.0,1.89
305170.0,6404408.0,1.61
305172.0,6404408.0,1.76
305174.0,6404408.0,1.93
305176.0,6404408.0,2.39
305178.0,6404408.0,2.6
305180.0,6404408.0,2.8
305182.0,6404408.0,3.2
305184.0,6404408.0,3.37
305186.0,6404408.0,3.26
305188.0,6404408.0,2.82
305190.0,6404408.0,2.36
305192.0,6404408.0,2.37
305194.0,6404408.0,2.29
305196.0,6404408.0,2.41
305198.0,6404408.0,2.87
305200.0,6404408.0,2.89
305202.0,6404408.0,2.98
305204.0,6404408.0,2.85
305206.0,6404408.0,2.91
305208.0,6404408.0,2.94
305210.0,6404408.0,3.03
305212.0,6404408.0,3.22
305214.0,6404408.0,3.33
305216.0,6404408.0,3.68
305218.0,6404408.0,3.84
305220.0,6404408.0,4.09
305222.0,6404408.0,4.56
305224.0,6404408.0,5.3
305226.0,6404408.0,6.4
305228.0,6404408.0,7.2
305230.0,6404408.0,7.48
305232.0,6404408.0,7.44
305234.0,6404408.0,7.33
305236.0,6404408.0,6.87
305238.0,6404408.0,7.76
305240.0,6404408.0,8.14
305242.0,6404408.0,8.07
305244.0,6404408.0,7.98
305246.0,6404408.0,7.87
305248.0,6404408.0,7.99
305250.0,6404408.0,8.03
305252.0,6404408.0,8.08
305254.0,6404408.0,8.2
305256.0,6404408.0,8.33
305258.0,6404408.0,8.4
305260.0,6404408.0,8.44
305262.0,6404408.0,8.46
305264.0,6404408.0,9.66
305266.0,6404408.0,9.92
305268.0,6404408.0,9.9
305270.0,6404408.0,9.92
305272.0,6404408.0,10.01
305274.0,6404408.0,10.08
305276.0,6404408.0,10.03
305278.0,6404408.0,9.99
305280.0,6404408.0,9.85
305282.0,6404408.0,9.93
305284.0,6404408.0,9.67
305286.0,6404408.0,9.24
305288.0,6404408.0,9.13
305290.0,6404408.0,9.13
305292.0,6404408.0,9.09
305294.0,6404408.0,9.12
305296.0,6404408.0,9.14
305298.0,6404408.0,9.2
305300.0,6404408.0,9.22
305302.0,6404408.0,9.5
305304.0,6404408.0,9.55
305306.0,6404408.0,9.53
305308.0,6404408.0,9.74
305310.0,6404408.0,10.5
305312.0,6404408.0,10.78
305314.0,6404408.0,10.87
305316.0,6404408.0,11.55
305318.0,6404408.0,11.38
305320.0,6404408.0,10.97
305322.0,6404408.0,10.36
305324.0,6404408.0,10.52
305326.0,6404408.0,11.14
305328.0,6404408.0,11.43
305330.0,6404408.0,11.47
305332.0,6404408.0,11.55
305334.0,6404408.0,11.62
305336.0,6404408.0,11.68
305338.0,6404408.0,11.74
305340.0,6404408.0,11.75
305342.0,6404408.0,11.87
305344.0,6404408.0,12.11
305346.0,6404408.0,12.11
305348.0,6404408.0,12.21
305350.0,6404408.0,12.27
305352.0,6404408.0,12.41
305354.0,6404408.0,12.58
305356.0,6404408.0,12.67
305358.0,6404408.0,12.74
305360.0,6404408.0,12.83
305362.0,6404408.0,13.03
305364.0,6404408.0,12.98
305366.0,6404408.0,13.18
305368.0,6404408.0,13.44
305370.0,6404408.0,13.55
305372.0,6404408.0,13.7
305374.0,6404408.0,13.94
305376.0,6404408.0,14.15
305378.0,6404408.0,14.11
305380.0,6404408.0,14.17
305382.0,6404408.0,13.93
305384.0,6404408.0,13.98
305386.0,6404408.0,14.05
305388.0,6404408.0,13.73
305390.0,6404408.0,13.57
305392.0,6404408.0,12.87
305394.0,6404408.0,12.35
305396.0,6404408.0,12.23
305398.0,6404408.0,12.18
305400.0,6404408.0,12.21
305402.0,6404408.0,12.24
305404.0,6404408.0,12.08
305406.0,6404408.0,11.99
305408.0,6404408.0,11.92
305410.0,6404408.0,12.01
305412.0,6404408.0,11.92
305414.0,6404408.0,11.96
305416.0,6404408.0,12.03
305418.0,6404408.0,12.03
305420.0,6404408.0,11.84
305422.0,6404408.0,11.73
305424.0,6404408.0,11.63
305426.0,6404408.0,11.68
305428.0,6404408.0,11.6
305430.0,6404408.0,10.91
305432.0,6404408.0,10.14
305434.0,6404408.0,9.22
305436.0,6404408.0,8.57
305438.0,6404408.0,8.54
305440.0,6404408.0,9.15
305442.0,6404408.0,9.75
305444.0,6404408.0,9.72
305446.0,6404408.0,9.65
305448.0,6404408.0,9.87
305450.0,6404408.0,10.03
305452.0,6404408.0,9.99
305454.0,6404408.0,10.04
305456.0,6404408.0,10.17
305458.0,6404408.0,10.24
305460.0,6404408.0,10.2
305462.0,6404408.0,10.32
305464.0,6404408.0,10.84
305466.0,6404408.0,10.91
305468.0,6404408.0,10.95
305470.0,6404408.0,10.85
305472.0,6404408.0,10.79
305474.0,6404408.0,10.68
305476.0,6404408.0,10.62
305478.0,6404408.0,10.75
305480.0,6404408.0,11.31
305482.0,6404408.0,11.88
305484.0,6404408.0,11.66
305486.0,6404408.0,11.52
305488.0,6404408.0,11.16
305490.0,6404408.0,11.21
305492.0,6404408.0,11.47
305494.0,6404408.0,11.28
305496.0,6404408.0,10.47
305498.0,6404408.0,9.51
305500.0,6404408.0,10.18
305502.0,6404408.0,10.68
305504.0,6404408.0,10.61
305506.0,6404408.0,10.55
305508.0,6404408.0,10.42
305510.0,6404408.0,10.23
305512.0,6404408.0,10.08
305514.0,6404408.0,10.05
305516.0,6404408.0,10.22
305518.0,6404408.0,9.8
305520.0,6404408.0,9.84
305522.0,6404408.0,10.12
305524.0,6404408.0,10.87
305526.0,6404408.0,10.51
305528.0,6404408.0,10.15
305530.0,6404408.0,9.66
305532.0,6404408.0,8.44
305534.0,6404408.0,8.04
305536.0,6404408.0,7.68
305538.0,6404408.0,6.98
305540.0,6404408.0,5.88
305542.0,6404408.0,5.63
305544.0,6404408.0,5.48
305546.0,6404408.0,5.45
305548.0,6404408.0,5.41
305550.0,6404408.0,5.25
305552.0,6404408.0,5.25
305554.0,6404408.0,5.22
305556.0,6404408.0,5.22
305558.0,6404408.0,5.23
305560.0,6404408.0,5.29
305562.0,6404408.0,5.45
305564.0,6404408.0,5.65
305566.0,6404408.0,5.78
305568.0,6404408.0,6.74
305570.0,6404408.0,6.61
305572.0,6404408.0,7.01
305574.0,6404408.0,7.4
305576.0,6404408.0,8.13
305578.0,6404408.0,7.8
305580.0,6404408.0,7.23
305582.0,6404408.0,6.73
305584.0,6404408.0,6.7
305586.0,6404408.0,6.63
305588.0,6404408.0,6.54
305590.0,6404408.0,6.3
305592.0,6404408.0,5.96
305594.0,6404408.0,5.72
305596.0,6404408.0,5.63
305598.0,6404408.0,5.62
305600.0,6404408.0,5.67
305602.0,6404408.0,5.91
305604.0,6404408.0,5.79
305606.0,6404408.0,5.73
305608.0,6404408.0,5.68
305610.0,6404408.0,5.69
305612.0,6404408.0,5.61
305614.0,6404408.0,5.61
305616.0,6404408.0,6.09
305618.0,6404408.0,7.08
305620.0,6404408.0,7.99
305622.0,6404408.0,8.73
305624.0,6404408.0,9.4
305626.0,6404408.0,9.32
305628.0,6404408.0,9.66
305630.0,6404408.0,9.77
305632.0,6404408.0,10.33
305634.0,6404408.0,10.81
305636.0,6404408.0,11.11
305638.0,6404408.0,11.17
305640.0,6404408.0,11.18
305642.0,6404408.0,11.22
305644.0,6404408.0,11.25
305646.0,6404408.0,11.32
305648.0,6404408.0,11.36
305650.0,6404408.0,11.41
305652.0,6404408.0,11.56
305654.0,6404408.0,11.65
305656.0,6404408.0,11.8
305658.0,6404408.0,12.07
305660.0,6404408.0,11.98
305662.0,6404408.0,12.22
305664.0,6404408.0,12.34
305666.0,6404408.0,11.96
305668.0,6404408.0,12.07
305670.0,6404408.0,12.21
305672.0,6404408.0,12.35
305674.0,6404408.0,12.27
305676.0,6404408.0,11.84
305678.0,6404408.0,11.73
305680.0,6404408.0,11.74
305150.0,6404410.0,-0.31
305152.0,6404410.0,-0.31
305154.0,6404410.0,0.03
305156.0,6404410.0,0.44
305158.0,6404410.0,1.13
305160.0,6404410.0,1.55
305162.0,6404410.0,1.86
305164.0,6404410.0,1.79
305166.0,6404410.0,2.0
305168.0,6404410.0,2.36
305170.0,6404410.0,1.77
305172.0,6404410.0,1.84
305174.0,6404410.0,2.1
305176.0,6404410.0,2.49
305178.0,6404410.0,2.91
305180.0,6404410.0,3.18
305182.0,6404410.0,3.31
305184.0,6404410.0,3.24
305186.0,6404410.0,3.29
305188.0,6404410.0,2.93
305190.0,6404410.0,2.41
305192.0,6404410.0,2.29
305194.0,6404410.0,2.32
305196.0,6404410.0,2.47
305198.0,6404410.0,2.6
305200.0,6404410.0,2.75
305202.0,6404410.0,2.85
305204.0,6404410.0,2.89
305206.0,6404410.0,2.95
305208.0,6404410.0,2.96
305210.0,6404410.0,3.02
305212.0,6404410.0,3.08
305214.0,6404410.0,3.28
305216.0,6404410.0,3.58
305218.0,6404410.0,3.9
305220.0,6404410.0,4.02
305222.0,6404410.0,4.24
305224.0,6404410.0,5.03
305226.0,6404410.0,5.87
305228.0,6404410.0,6.76
305230.0,6404410.0,7.16
305232.0,6404410.0,7.42
305234.0,6404410.0,6.97
305236.0,6404410.0,6.41
305238.0,6404410.0,6.87
305240.0,6404410.0,7.85
305242.0,6404410.0,7.92
305244.0,6404410.0,7.66
305246.0,6404410.0,7.66
305248.0,6404410.0,7.89
305250.0,6404410.0,7.98
305252.0,6404410.0,8.19
305254.0,6404410.0,8.15
305256.0,6404410.0,8.29
305258.0,6404410.0,8.37
305260.0,6404410.0,8.46
305262.0,6404410.0,9.1
305264.0,6404410.0,9.87
305266.0,6404410.0,9.81
305268.0,6404410.0,9.84
305270.0,6404410.0,9.89
305272.0,6404410.0,9.95
305274.0,6404410.0,9.99
305276.0,6404410.0,9.93
305278.0,6404410.0,9.89
305280.0,6404410.0,9.9
305282.0,6404410.0,9.89
305284.0,6404410.0,9.86
305286.0,6404410.0,9.26
305288.0,6404410.0,9.12
305290.0,6404410.0,9.08
305292.0,6404410.0,9.21
305294.0,6404410.0,9.2
305296.0,6404410.0,9.28
305298.0,6404410.0,9.47
305300.0,6404410.0,9.52
305302.0,6404410.0,9.52
305304.0,6404410.0,9.56
305306.0,6404410.0,9.65
305308.0,6404410.0,9.88
305310.0,6404410.0,10.14
305312.0,6404410.0,10.37
305314.0,6404410.0,10.72
305316.0,6404410.0,10.78
305318.0,6404410.0,11.23
305320.0,6404410.0,11.36
305322.0,6404410.0,11.13
305324.0,6404410.0,10.78
305326.0,6404410.0,11.34
305328.0,6404410.0,11.46
305330.0,6404410.0,11.48
305332.0,6404410.0,11.58
305334.0,6404410.0,11.69
305336.0,6404410.0,11.74
305338.0,6404410.0,11.8
305340.0,6404410.0,11.82
305342.0,6404410.0,11.86
305344.0,6404410.0,11.9
305346.0,6404410.0,12.01
305348.0,6404410.0,12.16
305350.0,6404410.0,12.16
305352.0,6404410.0,12.36
305354.0,6404410.0,12.48
305356.0,6404410.0,12.53
305358.0,6404410.0,12.6
305360.0,6404410.0,12.76
305362.0,6404410.0,13.12
305364.0,6404410.0,12.95
305366.0,6404410.0,13.1
305368.0,6404410.0,13.34
305370.0,6404410.0,13.52
305372.0,6404410.0,13.55
305374.0,6404410.0,13.63
305376.0,6404410.0,13.68
305378.0,6404410.0,13.74
305380.0,6404410.0,13.79
305382.0,6404410.0,13.78
305384.0,6404410.0,13.74
305386.0,6404410.0,13.68
305388.0,6404410.0,13.64
305390.0,6404410.0,13.36
305392.0,6404410.0,12.67
305394.0,6404410.0,12.15
305396.0,6404410.0,12.21
305398.0,6404410.0,12.46
305400.0,6404410.0,12.47
305402.0,6404410.0,12.28
305404.0,6404410.0,12.17
305406.0,6404410.0,11.99
305408.0,6404410.0,11.95
305410.0,6404410.0,11.69
305412.0,6404410.0,11.79
305414.0,6404410.0,11.78
305416.0,6404410.0,11.86
305418.0,6404410.0,11.65
305420.0,6404410.0,11.76
305422.0,6404410.0,11.66
305424.0,6404410.0,11.51
305426.0,6404410.0,11.48
305428.0,6404410.0,10.09
305430.0,6404410.0,9.88
305432.0,6404410.0,9.49
305434.0,6404410.0,8.47
305436.0,6404410.0,8.29
305438.0,6404410.0,8.35
305440.0,6404410.0,9.27
305442.0,6404410.0,9.39
305444.0,6404410.0,9.53
305446.0,6404410.0,9.51
305448.0,6404410.0,9.86
305450.0,6404410.0,9.88
305452.0,6404410.0,10.01
305454.0,6404410.0,10.09
305456.0,6404410.0,10.16
305458.0,6404410.0,10.22
305460.0,6404410.0,10.36
305462.0,6404410.0,10.3
305464.0,6404410.0,10.85
305466.0,6404410.0,11.02
305468.0,6404410.0,10.93
305470.0,6404410.0,10.97
305472.0,6404410.0,11.53
305474.0,6404410.0,11.02
305476.0,6404410.0,10.79
305478.0,6404410.0,10.03
305480.0,6404410.0,10.5
305482.0,6404410.0,10.86
305484.0,6404410.0,11.11
305486.0,6404410.0,11.69
305488.0,6404410.0,11.09
305490.0,6404410.0,10.84
305492.0,6404410.0,10.87
305494.0,6404410.0,10.44
305496.0,6404410.0,9.21
305498.0,6404410.0,9.07
305500.0,6404410.0,10.15
305502.0,6404410.0,10.65
305504.0,6404410.0,10.83
305506.0,6404410.0,10.75
305508.0,6404410.0,10.6
305510.0,6404410.0,10.6
305512.0,6404410.0,10.12
305514.0,6404410.0,9.95
305516.0,6404410.0,9.89
305518.0,6404410.0,9.71
305520.0,6404410.0,10.1
305522.0,6404410.0,10.25
305524.0,6404410.0,10.59
305526.0,6404410.0,10.41
305528.0,6404410.0,10.33
305530.0,6404410.0,9.54
305532.0,6404410.0,8.02
305534.0,6404410.0,8.07
305536.0,6404410.0,8.02
305538.0,6404410.0,7.94
305540.0,6404410.0,6.99
305542.0,6404410.0,6.41
305544.0,6404410.0,5.96
305546.0,6404410.0,5.72
305548.0,6404410.0,5.73
305550.0,6404410.0,5.48
305552.0,6404410.0,5.26
305554.0,6404410.0,5.16
305556.0,6404410.0,5.16
305558.0,6404410.0,5.08
305560.0,6404410.0,5.13
305562.0,6404410.0,5.22
305564.0,6404410.0,5.38
305566.0,6404410.0,5.61
305568.0,6404410.0,5.98
305570.0,6404410.0,6.47
305572.0,6404410.0,7.06
305574.0,6404410.0,7.24
305576.0,6404410.0,7.41
305578.0,6404410.0,7.43
305580.0,6404410.0,7.04
305582.0,6404410.0,6.75
305584.0,6404410.0,6.78
305586.0,6404410.0,6.76
305588.0,6404410.0,6.65
305590.0,6404410.0,6.43
305592.0,6404410.0,6.06
305594.0,6404410.0,5.72
305596.0,6404410.0,5.65
305598.0,6404410.0,5.58
305600.0,6404410.0,5.46
305602.0,6404410.0,5.96
305604.0,6404410.0,6.06
305606.0,6404410.0,5.97
305608.0,6404410.0,5.75
305610.0,6404410.0,5.63
305612.0,6404410.0,5.68
305614.0,6404410.0,5.52
305616.0,6404410.0,5.81
305618.0,6404410.0,6.34
305620.0,6404410.0,7.0
305622.0,6404410.0,7.93
305624.0,6404410.0,8.87
305626.0,6404410.0,8.65
305628.0,6404410.0,9.03
305630.0,6404410.0,9.38
305632.0,6404410.0,9.88
305634.0,6404410.0,10.39
305636.0,6404410.0,10.69
305638.0,6404410.0,10.93
305640.0,6404410.0,11.09
305642.0,6404410.0,11.13
305644.0,6404410.0,11.16
305646.0,6404410.0,11.19
305648.0,6404410.0,11.28
305650.0,6404410.0,11.35
305652.0,6404410.0,11.49
305654.0,6404410.0,11.76
305656.0,6404410.0,12.2
305658.0,6404410.0,12.95
305660.0,6404410.0,13.45
305662.0,6404410.0,13.71
305664.0,6404410.0,13.14
305666.0,6404410.0,12.37
305668.0,6404410.0,12.33
305670.0,6404410.0,13.06
305672.0,6404410.0,13.53
305674.0,6404410.0,13.93
305676.0,6404410.0,14.03
305678.0,6404410.0,12.79
305680.0,6404410.0,12.22
305150.0,6404412.0,-0.31
305152.0,6404412.0,-0.31
305154.0,6404412.0,-0.24
305156.0,6404412.0,0.39
305158.0,6404412.0,1.12
305160.0,6404412.0,1.74
305162.0,6404412.0,1.69
305164.0,6404412.0,1.75
305166.0,6404412.0,1.62
305168.0,6404412.0,1.48
305170.0,6404412.0,1.98
305172.0,6404412.0,2.25
305174.0,6404412.0,2.46
305176.0,6404412.0,2.68
305178.0,6404412.0,2.92
305180.0,6404412.0,3.22
305182.0,6404412.0,3.25
305184.0,6404412.0,3.07
305186.0,6404412.0,3.01
305188.0,6404412.0,2.79
305190.0,6404412.0,2.44
305192.0,6404412.0,2.42
305194.0,6404412.0,2.54
305196.0,6404412.0,2.66
305198.0,6404412.0,2.65
305200.0,6404412.0,2.76
305202.0,6404412.0,2.87
305204.0,6404412.0,2.92
305206.0,6404412.0,2.93
305208.0,6404412.0,2.97
305210.0,6404412.0,3.0
305212.0,6404412.0,2.96
305214.0,6404412.0,3.15
305216.0,6404412.0,3.43
305218.0,6404412.0,3.77
305220.0,6404412.0,3.84
305222.0,6404412.0,3.99
305224.0,6404412.0,4.61
305226.0,6404412.0,5.12
305228.0,6404412.0,6.22
305230.0,6404412.0,6.58
305232.0,6404412.0,6.81
305234.0,6404412.0,6.48
305236.0,6404412.0,6.09
305238.0,6404412.0,6.6
305240.0,6404412.0,7.35
305242.0,6404412.0,7.72
305244.0,6404412.0,7.71
305246.0,6404412.0,7.58
305248.0,6404412.0,7.69
305250.0,6404412.0,7.87
305252.0,6404412.0,8.35
305254.0,6404412.0,8.34
305256.0,6404412.0,8.28
305258.0,6404412.0,8.31
305260.0,6404412.0,8.78
305262.0,6404412.0,9.27
305264.0,6404412.0,9.83
305266.0,6404412.0,9.82
305268.0,6404412.0,9.78
305270.0,6404412.0,9.8
305272.0,6404412.0,9.93
305274.0,6404412.0,9.88
305276.0,6404412.0,9.95
305278.0,6404412.0,9.9
305280.0,6404412.0,9.92
305282.0,6404412.0,9.93
305284.0,6404412.0,9.91
305286.0,6404412.0,9.56
305288.0,6404412.0,9.53
305290.0,6404412.0,9.78
305292.0,6404412.0,9.78
305294.0,6404412.0,9.82
305296.0,6404412.0,10.06
305298.0,6404412.0,10.09
305300.0,6404412.0,10.26
305302.0,6404412.0,10.05
305304.0,6404412.0,9.94
305306.0,6404412.0,10.12
305308.0,6404412.0,10.16
305310.0,6404412.0,10.2
305312.0,6404412.0,10.62
305314.0,6404412.0,10.4
305316.0,6404412.0,10.18
305318.0,6404412.0,10.48
305320.0,6404412.0,10.79
305322.0,6404412.0,11.09
305324.0,6404412.0,11.06
305326.0,6404412.0,11.42
305328.0,6404412.0,11.47
305330.0,6404412.0,11.52
305332.0,6404412.0,11.58
305334.0,6404412.0,11.62
305336.0,6404412.0,11.76
305338.0,6404412.0,11.85
305340.0,6404412.0,11.9
305342.0,6404412.0,11.93
305344.0,6404412.0,11.97
305346.0,6404412.0,12.0
305348.0,6404412.0,12.0
305350.0,6404412.0,9.03
305352.0,6404412.0,12.36
305354.0,6404412.0,12.43
305356.0,6404412.0,12.46
305358.0,6404412.0,12.51
305360.0,6404412.0,12.89
305362.0,6404412.0,12.86
305364.0,6404412.0,13.02
305366.0,6404412.0,13.11
305368.0,6404412.0,13.2
305370.0,6404412.0,13.39
305372.0,6404412.0,13.48
305374.0,6404412.0,13.6
305376.0,6404412.0,13.81
305378.0,6404412.0,13.74
305380.0,6404412.0,13.75
305382.0,6404412.0,13.71
305384.0,6404412.0,13.63
305386.0,6404412.0,13.54
305388.0,6404412.0,13.38
305390.0,6404412.0,13.04
305392.0,6404412.0,12.33
305394.0,6404412.0,11.99
305396.0,6404412.0,12.1
305398.0,6404412.0,12.56
305400.0,6404412.0,12.59
305402.0,6404412.0,12.29
305404.0,6404412.0,12.18
305406.0,6404412.0,12.07
305408.0,6404412.0,11.62
305410.0,6404412.0,11.48
305412.0,6404412.0,11.69
305414.0,6404412.0,11.67
305416.0,6404412.0,11.65
305418.0,6404412.0,11.6
305420.0,6404412.0,11.63
305422.0,6404412.0,11.63
305424.0,6404412.0,11.53
305426.0,6404412.0,11.06
305428.0,6404412.0,9.17
305430.0,6404412.0,9.05
305432.0,6404412.0,8.57
305434.0,6404412.0,7.8
305436.0,6404412.0,7.84
305438.0,6404412.0,8.1
305440.0,6404412.0,8.13
305442.0,6404412.0,8.81
305444.0,6404412.0,9.37
305446.0,6404412.0,9.46
305448.0,6404412.0,9.56
305450.0,6404412.0,9.79
305452.0,6404412.0,9.99
305454.0,6404412.0,10.09
305456.0,6404412.0,10.17
305458.0,6404412.0,10.37
305460.0,6404412.0,10.56
305462.0,6404412.0,10.91
305464.0,6404412.0,10.92
305466.0,6404412.0,11.11
305468.0,6404412.0,11.32
305470.0,6404412.0,11.69
305472.0,6404412.0,11.89
305474.0,6404412.0,11.58
305476.0,6404412.0,11.01
305478.0,6404412.0,10.56
305480.0,6404412.0,10.1
305482.0,6404412.0,9.94
305484.0,6404412.0,10.61
305486.0,6404412.0,11.1
305488.0,6404412.0,10.77
305490.0,6404412.0,10.12
305492.0,6404412.0,9.66
305494.0,6404412.0,9.58
305496.0,6404412.0,8.84
305498.0,6404412.0,8.89
305500.0,6404412.0,9.74
305502.0,6404412.0,10.36
305504.0,6404412.0,10.62
305506.0,6404412.0,10.56
305508.0,6404412.0,10.51
305510.0,6404412.0,10.28
305512.0,6404412.0,10.05
305514.0,6404412.0,9.9
305516.0,6404412.0,9.7
305518.0,6404412.0,9.52
305520.0,6404412.0,9.33
305522.0,6404412.0,9.34
305524.0,6404412.0,9.7
305526.0,6404412.0,9.53
305528.0,6404412.0,9.7
305530.0,6404412.0,9.58
305532.0,6404412.0,8.49
305534.0,6404412.0,8.41
305536.0,6404412.0,8.68
305538.0,6404412.0,8.45
305540.0,6404412.0,7.99
305542.0,6404412.0,7.25
305544.0,6404412.0,6.93
305546.0,6404412.0,6.63
305548.0,6404412.0,6.33
305550.0,6404412.0,6.11
305552.0,6404412.0,5.71
305554.0,6404412.0,5.39
305556.0,6404412.0,5.24
305558.0,6404412.0,5.18
305560.0,6404412.0,5.12
305562.0,6404412.0,5.08
305564.0,6404412.0,5.17
305566.0,6404412.0,5.3
305568.0,6404412.0,5.58
305570.0,6404412.0,6.68
305572.0,6404412.0,7.06
305574.0,6404412.0,6.91
305576.0,6404412.0,6.75
305578.0,6404412.0,7.01
305580.0,6404412.0,6.91
305582.0,6404412.0,7.59
305584.0,6404412.0,7.57
305586.0,6404412.0,7.34
305588.0,6404412.0,7.08
305590.0,6404412.0,6.47
305592.0,6404412.0,6.13
305594.0,6404412.0,5.77
305596.0,6404412.0,5.52
305598.0,6404412.0,5.6
305600.0,6404412.0,5.59
305602.0,6404412.0,5.81
305604.0,6404412.0,6.15
305606.0,6404412.0,5.97
305608.0,6404412.0,5.75
305610.0,6404412.0,5.62
305612.0,6404412.0,5.59
305614.0,6404412.0,5.57
305616.0,6404412.0,5.59
305618.0,6404412.0,6.05
305620.0,6404412.0,6.54
305622.0,6404412.0,7.3
305624.0,6404412.0,8.27
305626.0,6404412.0,8.1
305628.0,6404412.0,8.21
305630.0,6404412.0,8.6
305632.0,6404412.0,9.56
305634.0,6404412.0,9.95
305636.0,6404412.0,10.2
305638.0,6404412.0,10.37
305640.0,6404412.0,10.81
305642.0,6404412.0,11.05
305644.0,6404412.0,11.11
305646.0,6404412.0,11.14
305648.0,6404412.0,11.2
305650.0,6404412.0,11.29
305652.0,6404412.0,11.61
305654.0,6404412.0,12.14
305656.0,6404412.0,12.51
305658.0,6404412.0,12.86
305660.0,6404412.0,13.24
305662.0,6404412.0,13.69
305664.0,6404412.0,13.02
305666.0,6404412.0,12.65
305668.0,6404412.0,12.61
305670.0,6404412.0,13.65
305672.0,6404412.0,14.39
305674.0,6404412.0,14.35
305676.0,6404412.0,14.29
305678.0,6404412.0,13.73
305680.0,6404412.0,13.02
305150.0,6404414.0,-0.31
305152.0,6404414.0,-0.31
305154.0,6404414.0,-0.31
305156.0,6404414.0,-0.12
305158.0,6404414.0,0.94
305160.0,6404414.0,1.22
305162.0,6404414.0,0.98
305164.0,6404414.0,1.26
305166.0,6404414.0,1.15
305168.0,6404414.0,1.23
305170.0,6404414.0,1.63
305172.0,6404414.0,2.42
305174.0,6404414.0,2.97
305176.0,6404414.0,2.89
305178.0,6404414.0,3.02
305180.0,6404414.0,3.09
305182.0,6404414.0,2.98
305184.0,6404414.0,2.92
305186.0,6404414.0,2.78
305188.0,6404414.0,2.63
305190.0,6404414.0,2.51
305192.0,6404414.0,2.48
305194.0,6404414.0,2.5
305196.0,6404414.0,2.54
305198.0,6404414.0,2.54
305200.0,6404414.0,2.57
305202.0,6404414.0,2.58
305204.0,6404414.0,2.63
305206.0,6404414.0,2.65
305208.0,6404414.0,2.72
305210.0,6404414.0,2.82
305212.0,6404414.0,2.78
305214.0,6404414.0,2.96
305216.0,6404414.0,3.16
305218.0,6404414.0,3.28
305220.0,6404414.0,3.64
305222.0,6404414.0,4.09
305224.0,6404414.0,4.54
305226.0,6404414.0,4.95
305228.0,6404414.0,5.62
305230.0,6404414.0,6.09
305232.0,6404414.0,6.41
305234.0,6404414.0,6.16
305236.0,6404414.0,5.95
305238.0,6404414.0,6.28
305240.0,6404414.0,7.11
305242.0,6404414.0,7.65
305244.0,6404414.0,8.16
305246.0,6404414.0,7.68
305248.0,6404414.0,7.4
305250.0,6404414.0,7.53
305252.0,6404414.0,8.06
305254.0,6404414.0,8.36
305256.0,6404414.0,8.24
305258.0,6404414.0,8.31
305260.0,6404414.0,8.38
305262.0,6404414.0,8.49
305264.0,6404414.0,9.73
305266.0,6404414.0,9.88
305268.0,6404414.0,9.78
305270.0,6404414.0,9.79
305272.0,6404414.0,9.81
305274.0,6404414.0,9.9
305276.0,6404414.0,9.93
305278.0,6404414.0,9.91
305280.0,6404414.0,9.93
305282.0,6404414.0,9.98
305284.0,6404414.0,9.83
305286.0,6404414.0,9.9
305288.0,6404414.0,10.0
305290.0,6404414.0,10.36
305292.0,6404414.0,10.49
305294.0,6404414.0,10.47
305296.0,6404414.0,10.56
305298.0,6404414.0,10.58
305300.0,6404414.0,10.78
305302.0,6404414.0,10.74
305304.0,6404414.0,10.55
305306.0,6404414.0,10.59
305308.0,6404414.0,10.91
305310.0,6404414.0,10.72
305312.0,6404414.0,10.81
305314.0,6404414.0,10.94
305316.0,6404414.0,10.61
305318.0,6404414.0,10.17
305320.0,6404414.0,10.18
305322.0,6404414.0,10.45
305324.0,6404414.0,10.78
305326.0,6404414.0,11.24
305328.0,6404414.0,11.42
305330.0,6404414.0,11.5
305332.0,6404414.0,11.56
305334.0,6404414.0,11.64
305336.0,6404414.0,11.7
305338.0,6404414.0,11.73
305340.0,6404414.0,11.88
305342.0,6404414.0,11.9
305344.0,6404414.0,11.99
305346.0,6404414.0,12.08
305348.0,6404414.0,12.16
305350.0,6404414.0,12.24
305352.0,6404414.0,12.33
305354.0,6404414.0,12.39
305356.0,6404414.0,12.44
305358.0,6404414.0,12.68
305360.0,6404414.0,12.69
305362.0,6404414.0,12.85
305364.0,6404414.0,13.03
305366.0,6404414.0,13.06
305368.0,6404414.0,13.11
305370.0,6404414.0,13.18
305372.0,6404414.0,13.26
305374.0,6404414.0,13.56
305376.0,6404414.0,13.9
305378.0,6404414.0,13.85
305380.0,6404414.0,13.61
305382.0,6404414.0,13.44
305384.0,6404414.0,13.34
305386.0,6404414.0,13.24
305388.0,6404414.0,13.06
305390.0,6404414.0,12.7
305392.0,6404414.0,12.06
305394.0,6404414.0,11.8
305396.0,6404414.0,12.02
305398.0,6404414.0,12.58
305400.0,6404414.0,12.38
305402.0,6404414.0,12.26
305404.0,6404414.0,12.31
305406.0,6404414.0,12.51
305408.0,6404414.0,12.04
305410.0,6404414.0,11.69
305412.0,6404414.0,11.64
305414.0,6404414.0,11.51
305416.0,6404414.0,11.62
305418.0,6404414.0,11.8
305420.0,6404414.0,11.98
305422.0,6404414.0,11.95
305424.0,6404414.0,11.89
305426.0,6404414.0,11.65
305428.0,6404414.0,8.95
305430.0,6404414.0,8.97
305432.0,6404414.0,8.87
305434.0,6404414.0,7.63
305436.0,6404414.0,7.68
305438.0,6404414.0,7.8
305440.0,6404414.0,7.95
305442.0,6404414.0,7.98
305444.0,6404414.0,8.43
305446.0,6404414.0,9.22
305448.0,6404414.0,9.23
305450.0,6404414.0,9.7
305452.0,6404414.0,9.97
305454.0,6404414.0,10.17
305456.0,6404414.0,10.36
305458.0,6404414.0,10.56
305460.0,6404414.0,10.76
305462.0,6404414.0,10.95
305464.0,6404414.0,10.96
305466.0,6404414.0,10.91
305468.0,6404414.0,11.08
305470.0,6404414.0,11.3
305472.0,6404414.0,11.62
305474.0,6404414.0,11.43
305476.0,6404414.0,10.73
305478.0,6404414.0,10.29
305480.0,6404414.0,10.08
305482.0,6404414.0,9.86
305484.0,6404414.0,9.95
305486.0,6404414.0,9.98
305488.0,6404414.0,9.88
305490.0,6404414.0,9.62
305492.0,6404414.0,9.33
305494.0,6404414.0,9.12
305496.0,6404414.0,8.85
305498.0,6404414.0,8.58
305500.0,6404414.0,8.26
305502.0,6404414.0,9.34
305504.0,6404414.0,9.89
305506.0,6404414.0,9.8
305508.0,6404414.0,9.69
305510.0,6404414.0,9.52
305512.0,6404414.0,9.34
305514.0,6404414.0,9.6
305516.0,6404414.0,9.4
305518.0,6404414.0,9.08
305520.0,6404414.0,8.85
305522.0,6404414.0,8.69
305524.0,6404414.0,8.55
305526.0,6404414.0,8.16
305528.0,6404414.0,8.43
305530.0,6404414.0,9.3
305532.0,6404414.0,9.05
305534.0,6404414.0,8.6
305536.0,6404414.0,8.64
305538.0,6404414.0,8.75
305540.0,6404414.0,8.71
305542.0,6404414.0,8.59
305544.0,6404414.0,8.17
305546.0,6404414.0,8.37
305548.0,6404414.0,7.97
305550.0,6404414.0,7.64
305552.0,6404414.0,6.88
305554.0,6404414.0,6.23
305556.0,6404414.0,5.46
305558.0,6404414.0,5.23
305560.0,6404414.0,5.22
305562.0,6404414.0,5.11
305564.0,6404414.0,5.11
305566.0,6404414.0,5.15
305568.0,6404414.0,5.34
305570.0,6404414.0,5.58
305572.0,6404414.0,6.65
305574.0,6404414.0,6.78
305576.0,6404414.0,7.08
305578.0,6404414.0,7.58
305580.0,6404414.0,7.58
305582.0,6404414.0,7.58
305584.0,6404414.0,7.56
305586.0,6404414.0,7.55
305588.0,6404414.0,7.56
305590.0,6404414.0,6.55
305592.0,6404414.0,6.13
305594.0,6404414.0,5.76
305596.0,6404414.0,5.65
305598.0,6404414.0,5.62
305600.0,6404414.0,5.56
305602.0,6404414.0,5.58
305604.0,6404414.0,5.76
305606.0,6404414.0,5.76
305608.0,6404414.0,5.68
305610.0,6404414.0,5.53
305612.0,6404414.0,5.62
305614.0,6404414.0,5.55
305616.0,6404414.0,5.51
305618.0,6404414.0,5.6
305620.0,6404414.0,6.15
305622.0,6404414.0,6.99
305624.0,6404414.0,7.59
305626.0,6404414.0,7.7
305628.0,6404414.0,7.54
305630.0,6404414.0,7.63
305632.0,6404414.0,8.45
305634.0,6404414.0,9.0
305636.0,6404414.0,9.28
305638.0,6404414.0,9.86
305640.0,6404414.0,10.09
305642.0,6404414.0,10.79
305644.0,6404414.0,11.04
305646.0,6404414.0,11.05
305648.0,6404414.0,11.1
305650.0,6404414.0,11.43
305652.0,6404414.0,12.03
305654.0,6404414.0,12.32
305656.0,6404414.0,12.57
305658.0,6404414.0,12.99
305660.0,6404414.0,13.16
305662.0,6404414.0,13.65
305664.0,6404414.0,13.25
305666.0,6404414.0,12.83
305668.0,6404414.0,12.89
305670.0,6404414.0,13.82
305672.0,6404414.0,14.59
305674.0,6404414.0,14.86
305676.0,6404414.0,14.93
305678.0,6404414.0,14.35
305680.0,6404414.0,13.44
305150.0,6404416.0,-0.31
305152.0,6404416.0,-0.31
305154.0,6404416.0,-0.31
305156.0,6404416.0,-0.31
305158.0,6404416.0,-0.31
305160.0,6404416.0,0.0
305162.0,6404416.0,0.15
305164.0,6404416.0,0.46
305166.0,6404416.0,0.63
305168.0,6404416.0,1.19
305170.0,6404416.0,1.78
305172.0,6404416.0,2.18
305174.0,6404416.0,2.89
305176.0,6404416.0,3.02
305178.0,6404416.0,3.28
305180.0,6404416.0,3.44
305182.0,6404416.0,2.98
305184.0,6404416.0,2.71
305186.0,6404416.0,2.58
305188.0,6404416.0,2.5
305190.0,6404416.0,2.42
305192.0,6404416.0,2.34
305194.0,6404416.0,2.26
305196.0,6404416.0,2.31
305198.0,6404416.0,2.32
305200.0,6404416.0,2.36
305202.0,6404416.0,2.27
305204.0,6404416.0,2.36
305206.0,6404416.0,2.4
305208.0,6404416.0,2.5
305210.0,6404416.0,2.63
305212.0,6404416.0,2.7
305214.0,6404416.0,2.74
305216.0,6404416.0,2.96
305218.0,6404416.0,3.32
305220.0,6404416.0,3.59
305222.0,6404416.0,3.79
305224.0,6404416.0,4.18
305226.0,6404416.0,4.84
305228.0,6404416.0,5.09
305230.0,6404416.0,5.61
305232.0,6404416.0,6.22
305234.0,6404416.0,6.19
305236.0,6404416.0,5.86
305238.0,6404416.0,6.04
305240.0,6404416.0,6.67
305242.0,6404416.0,6.87
305244.0,6404416.0,6.62
305246.0,6404416.0,7.26
305248.0,6404416.0,7.17
305250.0,6404416.0,7.62
305252.0,6404416.0,8.03
305254.0,6404416.0,8.15
305256.0,6404416.0,8.24
305258.0,6404416.0,8.3
305260.0,6404416.0,8.36
305262.0,6404416.0,8.5
305264.0,6404416.0,9.05
305266.0,6404416.0,9.79
305268.0,6404416.0,9.9
305270.0,6404416.0,9.84
305272.0,6404416.0,9.92
305274.0,6404416.0,9.91
305276.0,6404416.0,9.93
305278.0,6404416.0,9.94
305280.0,6404416.0,9.92
305282.0,6404416.0,9.84
305284.0,6404416.0,9.98
305286.0,6404416.0,10.28
305288.0,6404416.0,10.75
305290.0,6404416.0,11.25
305292.0,6404416.0,11.11
305294.0,6404416.0,11.44
305296.0,6404416.0,11.55
305298.0,6404416.0,11.13
305300.0,6404416.0,11.14
305302.0,6404416.0,11.13
305304.0,6404416.0,11.14
305306.0,6404416.0,11.25
305308.0,6404416.0,11.26
305310.0,6404416.0,11.21
305312.0,6404416.0,11.08
305314.0,6404416.0,11.27
305316.0,6404416.0,11.04
305318.0,6404416.0,10.86
305320.0,6404416.0,10.7
305322.0,6404416.0,10.3
305324.0,6404416.0,10.21
305326.0,6404416.0,10.6
305328.0,6404416.0,11.11
305330.0,6404416.0,11.41
305332.0,6404416.0,11.53
305334.0,6404416.0,11.61
305336.0,6404416.0,11.67
305338.0,6404416.0,11.7
305340.0,6404416.0,11.76
305342.0,6404416.0,11.88
305344.0,6404416.0,11.88
305346.0,6404416.0,12.01
305348.0,6404416.0,12.22
305350.0,6404416.0,12.29
305352.0,6404416.0,12.36
305354.0,6404416.0,12.32
305356.0,6404416.0,12.41
305358.0,6404416.0,12.37
305360.0,6404416.0,12.51
305362.0,6404416.0,12.88
305364.0,6404416.0,12.9
305366.0,6404416.0,12.93
305368.0,6404416.0,12.98
305370.0,6404416.0,13.04
305372.0,6404416.0,13.17
305374.0,6404416.0,13.45
305376.0,6404416.0,13.98
305378.0,6404416.0,14.01
305380.0,6404416.0,13.81
305382.0,6404416.0,13.34
305384.0,6404416.0,12.99
305386.0,6404416.0,12.9
305388.0,6404416.0,12.71
305390.0,6404416.0,12.39
305392.0,6404416.0,11.92
305394.0,6404416.0,11.76
305396.0,6404416.0,11.88
305398.0,6404416.0,12.25
305400.0,6404416.0,12.22
305402.0,6404416.0,12.24
305404.0,6404416.0,12.33
305406.0,6404416.0,12.5
305408.0,6404416.0,12.3
305410.0,6404416.0,11.86
305412.0,6404416.0,11.69
305414.0,6404416.0,11.65
305416.0,6404416.0,11.52
305418.0,6404416.0,11.88
305420.0,6404416.0,12.06
305422.0,6404416.0,12.0
305424.0,6404416.0,12.03
305426.0,6404416.0,10.23
305428.0,6404416.0,8.9
305430.0,6404416.0,8.94
305432.0,6404416.0,8.98
305434.0,6404416.0,7.8
305436.0,6404416.0,7.65
305438.0,6404416.0,7.67
305440.0,6404416.0,7.76
305442.0,6404416.0,7.89
305444.0,6404416.0,8.08
305446.0,6404416.0,8.58
305448.0,6404416.0,9.03
305450.0,6404416.0,9.3
305452.0,6404416.0,10.01
305454.0,6404416.0,10.16
305456.0,6404416.0,10.33
305458.0,6404416.0,10.5
305460.0,6404416.0,10.68
305462.0,6404416.0,10.89
305464.0,6404416.0,10.81
305466.0,6404416.0,10.65
305468.0,6404416.0,10.63
305470.0,6404416.0,10.69
305472.0,6404416.0,10.75
305474.0,6404416.0,10.79
305476.0,6404416.0,10.22
305478.0,6404416.0,9.73
305480.0,6404416.0,10.01
305482.0,6404416.0,9.85
305484.0,6404416.0,9.89
305486.0,6404416.0,10.22
305488.0,6404416.0,10.06
305490.0,6404416.0,10.19
305492.0,6404416.0,9.93
305494.0,6404416.0,9.1
305496.0,6404416.0,8.45
305498.0,6404416.0,8.23
305500.0,6404416.0,8.3
305502.0,6404416.0,8.06
305504.0,6404416.0,8.17
305506.0,6404416.0,8.13
305508.0,6404416.0,8.34
305510.0,6404416.0,8.62
305512.0,6404416.0,8.72
305514.0,6404416.0,8.45
305516.0,6404416.0,8.47
305518.0,6404416.0,8.28
305520.0,6404416.0,7.55
305522.0,6404416.0,7.46
305524.0,6404416.0,7.63
305526.0,6404416.0,7.86
305528.0,6404416.0,8.43
305530.0,6404416.0,8.26
305532.0,6404416.0,8.59
305534.0,6404416.0,8.52
305536.0,6404416.0,8.62
305538.0,6404416.0,9.29
305540.0,6404416.0,9.15
305542.0,6404416.0,9.28
305544.0,6404416.0,9.02
305546.0,6404416.0,8.59
305548.0,6404416.0,8.09
305550.0,6404416.0,7.8
305552.0,6404416.0,7.37
305554.0,6404416.0,6.74
305556.0,6404416.0,6.0
305558.0,6404416.0,5.96
305560.0,6404416.0,5.56
305562.0,6404416.0,5.16
305564.0,6404416.0,5.21
305566.0,6404416.0,5.17
305568.0,6404416.0,5.25
305570.0,6404416.0,5.28
305572.0,6404416.0,6.09
305574.0,6404416.0,6.8
305576.0,6404416.0,6.9
305578.0,6404416.0,7.52
305580.0,6404416.0,7.57
305582.0,6404416.0,7.65
305584.0,6404416.0,7.62
305586.0,6404416.0,7.62
305588.0,6404416.0,7.55
305590.0,6404416.0,7.31
305592.0,6404416.0,6.29
305594.0,6404416.0,5.9
305596.0,6404416.0,5.79
305598.0,6404416.0,5.67
305600.0,6404416.0,5.52
305602.0,6404416.0,5.54
305604.0,6404416.0,5.56
305606.0,6404416.0,5.64
305608.0,6404416.0,5.57
305610.0,6404416.0,5.61
305612.0,6404416.0,5.52
305614.0,6404416.0,5.54
305616.0,6404416.0,5.48
305618.0,6404416.0,5.31
305620.0,6404416.0,5.24
305622.0,6404416.0,5.59
305624.0,6404416.0,6.8
305626.0,6404416.0,7.1
305628.0,6404416.0,7.09
305630.0,6404416.0,6.94
305632.0,6404416.0,7.08
305634.0,6404416.0,7.6
305636.0,6404416.0,8.41
305638.0,6404416.0,9.06
305640.0,6404416.0,9.81
305642.0,6404416.0,10.54
305644.0,6404416.0,10.98
305646.0,6404416.0,10.98
305648.0,6404416.0,11.04
305650.0,6404416.0,11.47
305652.0,6404416.0,12.18
305654.0,6404416.0,12.34
305656.0,6404416.0,12.58
305658.0,6404416.0,12.94
305660.0,6404416.0,13.41
305662.0,6404416.0,13.82
305664.0,6404416.0,13.66
305666.0,6404416.0,13.25
305668.0,6404416.0,13.23
305670.0,6404416.0,13.7
305672.0,6404416.0,14.14
305674.0,6404416.0,14.8
305676.0,6404416.0,15.38
305678.0,6404416.0,15.06
305680.0,6404416.0,14.46
305150.0,6404418.0,-0.31
305152.0,6404418.0,-0.31
305154.0,6404418.0,-0.31
305156.0,6404418.0,-0.31
305158.0,6404418.0,-0.31
305160.0,6404418.0,-0.31
305162.0,6404418.0,-0.26
305164.0,6404418.0,-0.28
305166.0,6404418.0,0.55
305168.0,6404418.0,1.53
305170.0,6404418.0,1.89
305172.0,6404418.0,2.13
305174.0,6404418.0,2.72
305176.0,6404418.0,2.93
305178.0,6404418.0,2.88
305180.0,6404418.0,3.33
305182.0,6404418.0,3.12
305184.0,6404418.0,2.92
305186.0,6404418.0,2.66
305188.0,6404418.0,2.4
305190.0,6404418.0,2.38
305192.0,6404418.0,2.27
305194.0,6404418.0,2.33
305196.0,6404418.0,2.4
305198.0,6404418.0,2.26
305200.0,6404418.0,2.21
305202.0,6404418.0,2.12
305204.0,6404418.0,2.26
305206.0,6404418.0,2.32
305208.0,6404418.0,2.33
305210.0,6404418.0,2.48
305212.0,6404418.0,2.56
305214.0,6404418.0,2.49
305216.0,6404418.0,2.95
305218.0,6404418.0,3.19
305220.0,6404418.0,3.42
305222.0,6404418.0,3.85
305224.0,6404418.0,4.03
305226.0,6404418.0,4.72
305228.0,6404418.0,5.11
305230.0,6404418.0,5.08
305232.0,6404418.0,5.57
305234.0,6404418.0,5.99
305236.0,6404418.0,5.59
305238.0,6404418.0,6.1
305240.0,6404418.0,6.54
305242.0,6404418.0,6.64
305244.0,6404418.0,6.69
305246.0,6404418.0,7.01
305248.0,6404418.0,7.54
305250.0,6404418.0,7.97
305252.0,6404418.0,8.12
305254.0,6404418.0,8.18
305256.0,6404418.0,8.27
305258.0,6404418.0,8.32
305260.0,6404418.0,8.37
305262.0,6404418.0,8.45
305264.0,6404418.0,8.5
305266.0,6404418.0,8.61
305268.0,6404418.0,8.68
305270.0,6404418.0,9.86
305272.0,6404418.0,9.93
305274.0,6404418.0,9.92
305276.0,6404418.0,10.01
305278.0,6404418.0,10.12
305280.0,6404418.0,10.42
305282.0,6404418.0,10.43
305284.0,6404418.0,10.75
305286.0,6404418.0,10.82
305288.0,6404418.0,11.01
305290.0,6404418.0,11.72
305292.0,6404418.0,12.7
305294.0,6404418.0,12.51
305296.0,6404418.0,12.16
305298.0,6404418.0,11.74
305300.0,6404418.0,11.4
305302.0,6404418.0,11.48
305304.0,6404418.0,11.67
305306.0,6404418.0,11.67
305308.0,6404418.0,11.57
305310.0,6404418.0,11.48
305312.0,6404418.0,11.56
305314.0,6404418.0,11.66
305316.0,6404418.0,11.61
305318.0,6404418.0,11.36
305320.0,6404418.0,11.34
305322.0,6404418.0,11.12
305324.0,6404418.0,10.81
305326.0,6404418.0,10.46
305328.0,6404418.0,10.27
305330.0,6404418.0,10.52
305332.0,6404418.0,11.13
305334.0,6404418.0,11.49
305336.0,6404418.0,11.55
305338.0,6404418.0,11.42
305340.0,6404418.0,11.2
305342.0,6404418.0,11.28
305344.0,6404418.0,11.28
305346.0,6404418.0,11.69
305348.0,6404418.0,12.0
305350.0,6404418.0,12.16
305352.0,6404418.0,12.31
305354.0,6404418.0,12.31
305356.0,6404418.0,12.31
305358.0,6404418.0,12.24
305360.0,6404418.0,12.19
305362.0,6404418.0,12.41
305364.0,6404418.0,12.67
305366.0,6404418.0,12.77
305368.0,6404418.0,12.76
305370.0,6404418.0,12.95
305372.0,6404418.0,13.21
305374.0,6404418.0,13.53
305376.0,6404418.0,13.98
305378.0,6404418.0,14.06
305380.0,6404418.0,13.8
305382.0,6404418.0,13.37
305384.0,6404418.0,12.77
305386.0,6404418.0,12.51
305388.0,6404418.0,12.42
305390.0,6404418.0,12.2
305392.0,6404418.0,11.77
305394.0,6404418.0,11.8
305396.0,6404418.0,11.8
305398.0,6404418.0,12.11
305400.0,6404418.0,12.09
305402.0,6404418.0,12.15
305404.0,6404418.0,12.22
305406.0,6404418.0,12.41
305408.0,6404418.0,12.11
305410.0,6404418.0,11.83
305412.0,6404418.0,11.76
305414.0,6404418.0,11.66
305416.0,6404418.0,11.57
305418.0,6404418.0,11.91
305420.0,6404418.0,12.04
305422.0,6404418.0,12.03
305424.0,6404418.0,12.03
305426.0,6404418.0,9.61
305428.0,6404418.0,9.02
305430.0,6404418.0,9.09
305432.0,6404418.0,8.65
305434.0,6404418.0,7.53
305436.0,6404418.0,7.54
305438.0,6404418.0,7.63
305440.0,6404418.0,7.65
305442.0,6404418.0,7.77
305444.0,6404418.0,8.0
305446.0,6404418.0,8.29
305448.0,6404418.0,8.49
305450.0,6404418.0,9.02
305452.0,6404418.0,9.86
305454.0,6404418.0,10.17
305456.0,6404418.0,10.34
305458.0,6404418.0,10.51
305460.0,6404418.0,10.43
305462.0,6404418.0,10.24
305464.0,6404418.0,10.05
305466.0,6404418.0,9.93
305468.0,6404418.0,10.0
305470.0,6404418.0,9.83
305472.0,6404418.0,9.86
305474.0,6404418.0,9.48
305476.0,6404418.0,9.41
305478.0,6404418.0,9.07
305480.0,6404418.0,9.59
305482.0,6404418.0,9.82
305484.0,6404418.0,9.66
305486.0,6404418.0,9.67
305488.0,6404418.0,10.01
305490.0,6404418.0,10.29
305492.0,6404418.0,9.95
305494.0,6404418.0,9.22
305496.0,6404418.0,8.61
305498.0,6404418.0,8.48
305500.0,6404418.0,8.59
305502.0,6404418.0,8.28
305504.0,6404418.0,7.72
305506.0,6404418.0,7.36
305508.0,6404418.0,7.33
305510.0,6404418.0,7.54
305512.0,6404418.0,7.86
305514.0,6404418.0,7.92
305516.0,6404418.0,8.2
305518.0,6404418.0,7.5
305520.0,6404418.0,6.89
305522.0,6404418.0,6.41
305524.0,6404418.0,6.48
305526.0,6404418.0,7.27
305528.0,6404418.0,8.09
305530.0,6404418.0,8.29
305532.0,6404418.0,7.93
305534.0,6404418.0,7.64
305536.0,6404418.0,8.02
305538.0,6404418.0,8.67
305540.0,6404418.0,8.29
305542.0,6404418.0,8.82
305544.0,6404418.0,8.67
305546.0,6404418.0,8.07
305548.0,6404418.0,7.8
305550.0,6404418.0,7.47
305552.0,6404418.0,6.94
305554.0,6404418.0,6.26
305556.0,6404418.0,6.03
305558.0,6404418.0,6.4
305560.0,6404418.0,5.87
305562.0,6404418.0,5.5
305564.0,6404418.0,5.19
305566.0,6404418.0,5.17
305568.0,6404418.0,5.17
305570.0,6404418.0,5.24
305572.0,6404418.0,6.07
305574.0,6404418.0,6.81
305576.0,6404418.0,6.94
305578.0,6404418.0,7.57
305580.0,6404418.0,7.52
305582.0,6404418.0,7.83
305584.0,6404418.0,7.73
305586.0,6404418.0,7.55
305588.0,6404418.0,7.43
305590.0,6404418.0,7.39
305592.0,6404418.0,6.5
305594.0,6404418.0,6.12
305596.0,6404418.0,5.85
305598.0,6404418.0,5.82
305600.0,6404418.0,5.54
305602.0,6404418.0,5.52
305604.0,6404418.0,5.46
305606.0,6404418.0,5.51
305608.0,6404418.0,5.42
305610.0,6404418.0,5.59
305612.0,6404418.0,5.52
305614.0,6404418.0,5.51
305616.0,6404418.0,5.52
305618.0,6404418.0,5.36
305620.0,6404418.0,5.19
305622.0,6404418.0,5.02
305624.0,6404418.0,5.05
305626.0,6404418.0,5.43
305628.0,6404418.0,6.22
305630.0,6404418.0,6.58
305632.0,6404418.0,6.78
305634.0,6404418.0,7.07
305636.0,6404418.0,7.73
305638.0,6404418.0,8.36
305640.0,6404418.0,9.19
305642.0,6404418.0,10.22
305644.0,6404418.0,10.87
305646.0,6404418.0,10.93
305648.0,6404418.0,11.0
305650.0,6404418.0,11.34
305652.0,6404418.0,12.12
305654.0,6404418.0,12.46
305656.0,6404418.0,12.96
305658.0,6404418.0,13.4
305660.0,6404418.0,13.82
305662.0,6404418.0,13.93
305664.0,6404418.0,13.76
305666.0,6404418.0,13.39
305668.0,6404418.0,13.19
305670.0,6404418.0,13.33
305672.0,6404418.0,14.0
305674.0,6404418.0,14.73
305676.0,6404418.0,15.15
305678.0,6404418.0,15.27
305680.0,6404418.0,14.97
305150.0,6404420.0,-0.31
305152.0,6404420.0,-0.31
305154.0,6404420.0,-0.31
305156.0,6404420.0,-0.31
305158.0,6404420.0,-0.31
305160.0,6404420.0,-0.31
305162.0,6404420.0,-0.29
305164.0,6404420.0,-0.25
305166.0,6404420.0,1.0
305168.0,6404420.0,1.56
305170.0,6404420.0,1.75
305172.0,6404420.0,1.82
305174.0,6404420.0,2.32
305176.0,6404420.0,2.9
305178.0,6404420.0,2.88
305180.0,6404420.0,2.87
305182.0,6404420.0,3.06
305184.0,6404420.0,3.14
305186.0,6404420.0,2.94
305188.0,6404420.0,2.63
305190.0,6404420.0,2.32
305192.0,6404420.0,2.24
305194.0,6404420.0,2.29
305196.0,6404420.0,2.8
305198.0,6404420.0,2.82
305200.0,6404420.0,2.58
305202.0,6404420.0,2.11
305204.0,6404420.0,2.04
305206.0,6404420.0,2.19
305208.0,6404420.0,2.26
305210.0,6404420.0,2.37
305212.0,6404420.0,2.46
305214.0,6404420.0,2.46
305216.0,6404420.0,2.76
305218.0,6404420.0,2.99
305220.0,6404420.0,3.48
305222.0,6404420.0,3.74
305224.0,6404420.0,3.95
305226.0,6404420.0,4.55
305228.0,6404420.0,4.91
305230.0,6404420.0,4.89
305232.0,6404420.0,5.04
305234.0,6404420.0,5.36
305236.0,6404420.0,5.47
305238.0,6404420.0,6.3
305240.0,6404420.0,6.83
305242.0,6404420.0,6.72
305244.0,6404420.0,6.49
305246.0,6404420.0,7.09
305248.0,6404420.0,7.69
305250.0,6404420.0,8.06
305252.0,6404420.0,8.12
305254.0,6404420.0,8.21
305256.0,6404420.0,8.28
305258.0,6404420.0,8.32
305260.0,6404420.0,8.38
305262.0,6404420.0,8.45
305264.0,6404420.0,8.47
305266.0,6404420.0,8.65
305268.0,6404420.0,9.26
305270.0,6404420.0,9.41
305272.0,6404420.0,9.87
305274.0,6404420.0,9.91
305276.0,6404420.0,10.52
305278.0,6404420.0,10.63
305280.0,6404420.0,10.83
305282.0,6404420.0,11.51
305284.0,6404420.0,11.78
305286.0,6404420.0,11.41
305288.0,6404420.0,11.4
305290.0,6404420.0,12.0
305292.0,6404420.0,12.79
305294.0,6404420.0,12.8
305296.0,6404420.0,12.35
305298.0,6404420.0,12.16
305300.0,6404420.0,12.06
305302.0,6404420.0,12.11
305304.0,6404420.0,11.87
305306.0,6404420.0,11.85
305308.0,6404420.0,11.79
305310.0,6404420.0,11.77
305312.0,6404420.0,12.08
305314.0,6404420.0,12.03
305316.0,6404420.0,11.71
305318.0,6404420.0,11.58
305320.0,6404420.0,11.67
305322.0,6404420.0,11.77
305324.0,6404420.0,11.41
305326.0,6404420.0,11.0
305328.0,6404420.0,10.33
305330.0,6404420.0,10.05
305332.0,6404420.0,10.25
305334.0,6404420.0,10.65
305336.0,6404420.0,10.8
305338.0,6404420.0,10.69
305340.0,6404420.0,10.37
305342.0,6404420.0,10.72
305344.0,6404420.0,10.77
305346.0,6404420.0,11.2
305348.0,6404420.0,11.7
305350.0,6404420.0,11.84
305352.0,6404420.0,11.89
305354.0,6404420.0,12.14
305356.0,6404420.0,12.25
305358.0,6404420.0,12.16
305360.0,6404420.0,12.09
305362.0,6404420.0,12.08
305364.0,6404420.0,12.21
305366.0,6404420.0,12.44
305368.0,6404420.0,12.68
305370.0,6404420.0,13.2
305372.0,6404420.0,13.59
305374.0,6404420.0,13.97
305376.0,6404420.0,14.22
305378.0,6404420.0,14.28
305380.0,6404420.0,13.7
305382.0,6404420.0,13.48
305384.0,6404420.0,13.27
305386.0,6404420.0,12.39
305388.0,6404420.0,12.26
305390.0,6404420.0,12.02
305392.0,6404420.0,11.85
305394.0,6404420.0,11.89
305396.0,6404420.0,11.82
305398.0,6404420.0,12.04
305400.0,6404420.0,11.99
305402.0,6404420.0,12.16
305404.0,6404420.0,12.75
305406.0,6404420.0,12.36
305408.0,6404420.0,12.03
305410.0,6404420.0,11.81
305412.0,6404420.0,11.79
305414.0,6404420.0,11.64
305416.0,6404420.0,11.67
305418.0,6404420.0,12.02
305420.0,6404420.0,12.03
305422.0,6404420.0,12.03
305424.0,6404420.0,12.04
305426.0,6404420.0,9.08
305428.0,6404420.0,9.15
305430.0,6404420.0,9.18
305432.0,6404420.0,8.5
305434.0,6404420.0,7.4
305436.0,6404420.0,7.47
305438.0,6404420.0,7.57
305440.0,6404420.0,7.54
305442.0,6404420.0,7.59
305444.0,6404420.0,7.72
305446.0,6404420.0,7.97
305448.0,6404420.0,8.03
305450.0,6404420.0,8.88
305452.0,6404420.0,9.46
305454.0,6404420.0,9.92
305456.0,6404420.0,9.75
305458.0,6404420.0,9.57
305460.0,6404420.0,9.4
305462.0,6404420.0,9.38
305464.0,6404420.0,9.45
305466.0,6404420.0,9.21
305468.0,6404420.0,8.72
305470.0,6404420.0,8.79
305472.0,6404420.0,8.5
305474.0,6404420.0,8.32
305476.0,6404420.0,8.85
305478.0,6404420.0,8.51
305480.0,6404420.0,9.1
305482.0,6404420.0,9.08
305484.0,6404420.0,8.71
305486.0,6404420.0,8.08
305488.0,6404420.0,9.12
305490.0,6404420.0,9.53
305492.0,6404420.0,9.34
305494.0,6404420.0,9.05
305496.0,6404420.0,8.83
305498.0,6404420.0,8.4
305500.0,6404420.0,8.31
305502.0,6404420.0,8.09
305504.0,6404420.0,7.41
305506.0,6404420.0,7.22
305508.0,6404420.0,7.16
305510.0,6404420.0,6.62
305512.0,6404420.0,6.82
305514.0,6404420.0,7.07
305516.0,6404420.0,7.06
305518.0,6404420.0,6.52
305520.0,6404420.0,5.74
305522.0,6404420.0,5.31
305524.0,6404420.0,5.6
305526.0,6404420.0,6.09
305528.0,6404420.0,7.0
305530.0,6404420.0,7.54
305532.0,6404420.0,7.33
305534.0,6404420.0,7.2
305536.0,6404420.0,7.08
305538.0,6404420.0,7.25
305540.0,6404420.0,6.9
305542.0,6404420.0,7.53
305544.0,6404420.0,7.21
305546.0,6404420.0,6.73
305548.0,6404420.0,6.65
305550.0,6404420.0,6.68
305552.0,6404420.0,6.05
305554.0,6404420.0,5.87
305556.0,6404420.0,6.14
305558.0,6404420.0,6.27
305560.0,6404420.0,6.0
305562.0,6404420.0,5.59
305564.0,6404420.0,5.44
305566.0,6404420.0,5.34
305568.0,6404420.0,5.22
305570.0,6404420.0,5.21
305572.0,6404420.0,5.83
305574.0,6404420.0,6.77
305576.0,6404420.0,6.91
305578.0,6404420.0,7.58
305580.0,6404420.0,7.59
305582.0,6404420.0,7.75
305584.0,6404420.0,7.54
305586.0,6404420.0,7.36
305588.0,6404420.0,7.36
305590.0,6404420.0,7.3
305592.0,6404420.0,6.84
305594.0,6404420.0,6.35
305596.0,6404420.0,6.08
305598.0,6404420.0,5.88
305600.0,6404420.0,5.72
305602.0,6404420.0,5.48
305604.0,6404420.0,5.46
305606.0,6404420.0,5.43
305608.0,6404420.0,5.52
305610.0,6404420.0,5.46
305612.0,6404420.0,5.47
305614.0,6404420.0,5.5
305616.0,6404420.0,5.5
305618.0,6404420.0,5.43
305620.0,6404420.0,5.16
305622.0,6404420.0,4.92
305624.0,6404420.0,4.92
305626.0,6404420.0,5.1
305628.0,6404420.0,5.47
305630.0,6404420.0,6.06
305632.0,6404420.0,6.31
305634.0,6404420.0,6.49
305636.0,6404420.0,7.19
305638.0,6404420.0,7.86
305640.0,6404420.0,8.84
305642.0,6404420.0,9.89
305644.0,6404420.0,10.71
305646.0,6404420.0,10.82
305648.0,6404420.0,11.0
305650.0,6404420.0,11.27
305652.0,6404420.0,11.95
305654.0,6404420.0,12.42
305656.0,6404420.0,12.77
305658.0,6404420.0,13.39
305660.0,6404420.0,13.86
305662.0,6404420.0,13.76
305664.0,6404420.0,13.48
305666.0,6404420.0,13.2
305668.0,6404420.0,13.26
305670.0,6404420.0,13.3
305672.0,6404420.0,14.24
305674.0,6404420.0,14.75
305676.0,6404420.0,14.87
305678.0,6404420.0,15.04
305680.0,6404420.0,14.7
305150.0,6404422.0,-0.31
305152.0,6404422.0,-0.31
305154.0,6404422.0,-0.31
305156.0,6404422.0,-0.31
305158.0,6404422.0,-0.31
305160.0,6404422.0,-0.31
305162.0,6404422.0,-0.28
305164.0,6404422.0,-0.25
305166.0,6404422.0,-0.11
305168.0,6404422.0,0.5
305170.0,6404422.0,1.71
305172.0,6404422.0,2.16
305174.0,6404422.0,2.53
305176.0,6404422.0,2.75
305178.0,6404422.0,2.79
305180.0,6404422.0,2.92
305182.0,6404422.0,3.19
305184.0,6404422.0,3.1
305186.0,6404422.0,2.97
305188.0,6404422.0,2.58
305190.0,6404422.0,2.24
305192.0,6404422.0,2.42
305194.0,6404422.0,2.54
305196.0,6404422.0,2.68
305198.0,6404422.0,2.75
305200.0,6404422.0,2.61
305202.0,6404422.0,1.72
305204.0,6404422.0,1.73
305206.0,6404422.0,1.94
305208.0,6404422.0,2.12
305210.0,6404422.0,2.3
305212.0,6404422.0,2.45
305214.0,6404422.0,2.52
305216.0,6404422.0,2.61
305218.0,6404422.0,2.86
305220.0,6404422.0,3.37
305222.0,6404422.0,3.7
305224.0,6404422.0,3.92
305226.0,6404422.0,4.19
305228.0,6404422.0,4.91
305230.0,6404422.0,4.71
305232.0,6404422.0,4.91
305234.0,6404422.0,5.26
305236.0,6404422.0,5.49
305238.0,6404422.0,6.1
305240.0,6404422.0,6.43
305242.0,6404422.0,6.27
305244.0,6404422.0,6.6
305246.0,6404422.0,7.38
305248.0,6404422.0,7.86
305250.0,6404422.0,7.97
305252.0,6404422.0,8.08
305254.0,6404422.0,8.15
305256.0,6404422.0,8.19
305258.0,6404422.0,8.26
305260.0,6404422.0,8.32
305262.0,6404422.0,8.42
305264.0,6404422.0,8.48
305266.0,6404422.0,9.16
305268.0,6404422.0,9.26
305270.0,6404422.0,9.8
305272.0,6404422.0,10.22
305274.0,6404422.0,10.51
305276.0,6404422.0,10.74
305278.0,6404422.0,10.99
305280.0,6404422.0,11.42
305282.0,6404422.0,11.92
305284.0,6404422.0,12.26
305286.0,6404422.0,12.08
305288.0,6404422.0,11.73
305290.0,6404422.0,11.93
305292.0,6404422.0,12.4
305294.0,6404422.0,12.26
305296.0,6404422.0,12.36
305298.0,6404422.0,12.34
305300.0,6404422.0,12.52
305302.0,6404422.0,12.94
305304.0,6404422.0,12.81
305306.0,6404422.0,12.16
305308.0,6404422.0,11.83
305310.0,6404422.0,11.93
305312.0,6404422.0,12.17
305314.0,6404422.0,12.12
305316.0,6404422.0,11.92
305318.0,6404422.0,12.13
305320.0,6404422.0,12.1
305322.0,6404422.0,11.94
305324.0,6404422.0,11.55
305326.0,6404422.0,11.31
305328.0,6404422.0,10.71
305330.0,6404422.0,10.53
305332.0,6404422.0,10.25
305334.0,6404422.0,10.14
305336.0,6404422.0,10.28
305338.0,6404422.0,10.4
305340.0,6404422.0,10.6
305342.0,6404422.0,10.5
305344.0,6404422.0,10.58
305346.0,6404422.0,10.71
305348.0,6404422.0,10.85
305350.0,6404422.0,11.07
305352.0,6404422.0,11.28
305354.0,6404422.0,11.54
305356.0,6404422.0,12.02
305358.0,6404422.0,12.03
305360.0,6404422.0,12.03
305362.0,6404422.0,12.02
305364.0,6404422.0,12.16
305366.0,6404422.0,12.25
305368.0,6404422.0,12.55
305370.0,6404422.0,13.1
305372.0,6404422.0,13.57
305374.0,6404422.0,13.76
305376.0,6404422.0,13.83
305378.0,6404422.0,13.81
305380.0,6404422.0,14.32
305382.0,6404422.0,14.43
305384.0,6404422.0,14.03
305386.0,6404422.0,13.2
305388.0,6404422.0,12.04
305390.0,6404422.0,11.96
305392.0,6404422.0,11.92
305394.0,6404422.0,11.84
305396.0,6404422.0,12.02
305398.0,6404422.0,12.07
305400.0,6404422.0,12.1
305402.0,6404422.0,12.28
305404.0,6404422.0,12.74
305406.0,6404422.0,12.46
305408.0,6404422.0,11.91
305410.0,6404422.0,11.85
305412.0,6404422.0,11.79
305414.0,6404422.0,11.65
305416.0,6404422.0,11.77
305418.0,6404422.0,12.02
305420.0,6404422.0,12.02
305422.0,6404422.0,12.02
305424.0,6404422.0,12.02
305426.0,6404422.0,8.95
305428.0,6404422.0,8.94
305430.0,6404422.0,8.99
305432.0,6404422.0,8.44
305434.0,6404422.0,7.53
305436.0,6404422.0,7.44
305438.0,6404422.0,7.43
305440.0,6404422.0,7.47
305442.0,6404422.0,7.41
305444.0,6404422.0,7.48
305446.0,6404422.0,7.66
305448.0,6404422.0,7.73
305450.0,6404422.0,7.86
305452.0,6404422.0,8.32
305454.0,6404422.0,8.56
305456.0,6404422.0,8.69
305458.0,6404422.0,8.56
305460.0,6404422.0,8.4
305462.0,6404422.0,8.61
305464.0,6404422.0,8.79
305466.0,6404422.0,8.07
305468.0,6404422.0,7.81
305470.0,6404422.0,7.9
305472.0,6404422.0,7.59
305474.0,6404422.0,7.45
305476.0,6404422.0,7.7
305478.0,6404422.0,7.87
305480.0,6404422.0,8.11
305482.0,6404422.0,8.25
305484.0,6404422.0,8.21
305486.0,6404422.0,7.39
305488.0,6404422.0,7.44
305490.0,6404422.0,8.77
305492.0,6404422.0,9.13
305494.0,6404422.0,8.72
305496.0,6404422.0,8.22
305498.0,6404422.0,7.76
305500.0,6404422.0,7.67
305502.0,6404422.0,7.43
305504.0,6404422.0,7.05
305506.0,6404422.0,7.0
305508.0,6404422.0,6.7
305510.0,6404422.0,6.33
305512.0,6404422.0,6.4
305514.0,6404422.0,6.23
305516.0,6404422.0,6.05
305518.0,6404422.0,5.47
305520.0,6404422.0,5.26
305522.0,6404422.0,5.19
305524.0,6404422.0,5.4
305526.0,6404422.0,5.48
305528.0,6404422.0,5.97
305530.0,6404422.0,6.6
305532.0,6404422.0,6.54
305534.0,6404422.0,6.61
305536.0,6404422.0,6.68
305538.0,6404422.0,6.63
305540.0,6404422.0,6.63
305542.0,6404422.0,6.53
305544.0,6404422.0,6.01
305546.0,6404422.0,5.6
305548.0,6404422.0,5.2
305550.0,6404422.0,5.53
305552.0,6404422.0,5.6
305554.0,6404422.0,5.59
305556.0,6404422.0,5.55
305558.0,6404422.0,5.71
305560.0,6404422.0,5.65
305562.0,6404422.0,5.58
305564.0,6404422.0,5.86
305566.0,6404422.0,5.64
305568.0,6404422.0,5.28
305570.0,6404422.0,5.37
305572.0,6404422.0,5.76
305574.0,6404422.0,6.73
305576.0,6404422.0,6.76
305578.0,6404422.0,7.57
305580.0,6404422.0,7.57
305582.0,6404422.0,7.65
305584.0,6404422.0,7.36
305586.0,6404422.0,7.17
305588.0,6404422.0,7.27
305590.0,6404422.0,7.2
305592.0,6404422.0,7.14
305594.0,6404422.0,6.57
305596.0,6404422.0,6.33
305598.0,6404422.0,6.79
305600.0,6404422.0,6.72
305602.0,6404422.0,5.75
305604.0,6404422.0,5.46
305606.0,6404422.0,5.42
305608.0,6404422.0,5.42
305610.0,6404422.0,5.45
305612.0,6404422.0,5.42
305614.0,6404422.0,5.42
305616.0,6404422.0,5.45
305618.0,6404422.0,5.33
305620.0,6404422.0,5.01
305622.0,6404422.0,4.81
305624.0,6404422.0,4.76
305626.0,6404422.0,4.82
305628.0,6404422.0,5.12
305630.0,6404422.0,5.65
305632.0,6404422.0,5.92
305634.0,6404422.0,6.02
305636.0,6404422.0,6.33
305638.0,6404422.0,7.24
305640.0,6404422.0,8.35
305642.0,6404422.0,9.43
305644.0,6404422.0,10.21
305646.0,6404422.0,10.83
305648.0,6404422.0,10.93
305650.0,6404422.0,10.98
305652.0,6404422.0,11.25
305654.0,6404422.0,12.34
305656.0,6404422.0,12.5
305658.0,6404422.0,12.78
305660.0,6404422.0,12.81
305662.0,6404422.0,12.74
305664.0,6404422.0,12.59
305666.0,6404422.0,12.91
305668.0,6404422.0,13.22
305670.0,6404422.0,13.35
305672.0,6404422.0,13.88
305674.0,6404422.0,14.02
305676.0,6404422.0,14.41
305678.0,6404422.0,14.43
305680.0,6404422.0,14.36
305150.0,6404424.0,-0.31
305152.0,6404424.0,-0.31
305154.0,6404424.0,-0.31
305156.0,6404424.0,-0.31
305158.0,6404424.0,-0.31
305160.0,6404424.0,-0.31
305162.0,6404424.0,0.1
305164.0,6404424.0,0.25
305166.0,6404424.0,-0.07
305168.0,6404424.0,-0.18
305170.0,6404424.0,0.51
305172.0,6404424.0,1.99
305174.0,6404424.0,2.35
305176.0,6404424.0,2.43
305178.0,6404424.0,2.76
305180.0,6404424.0,3.13
305182.0,6404424.0,3.17
305184.0,6404424.0,3.14
305186.0,6404424.0,2.92
305188.0,6404424.0,2.48
305190.0,6404424.0,2.31
305192.0,6404424.0,2.72
305194.0,6404424.0,2.58
305196.0,6404424.0,2.67
305198.0,6404424.0,2.58
305200.0,6404424.0,2.38
305202.0,6404424.0,1.27
305204.0,6404424.0,1.36
305206.0,6404424.0,1.48
305208.0,6404424.0,1.71
305210.0,6404424.0,1.98
305212.0,6404424.0,2.18
305214.0,6404424.0,2.54
305216.0,6404424.0,2.68
305218.0,6404424.0,2.86
305220.0,6404424.0,3.14
305222.0,6404424.0,3.57
305224.0,6404424.0,4.04
305226.0,6404424.0,4.33
305228.0,6404424.0,4.77
305230.0,6404424.0,4.65
305232.0,6404424.0,4.84
305234.0,6404424.0,5.04
305236.0,6404424.0,5.31
305238.0,6404424.0,5.61
305240.0,6404424.0,5.85
305242.0,6404424.0,6.05
305244.0,6404424.0,6.82
305246.0,6404424.0,7.52
305248.0,6404424.0,7.7
305250.0,6404424.0,7.76
305252.0,6404424.0,7.87
305254.0,6404424.0,8.29
305256.0,6404424.0,8.08
305258.0,6404424.0,8.01
305260.0,6404424.0,8.25
305262.0,6404424.0,8.68
305264.0,6404424.0,9.05
305266.0,6404424.0,9.71
305268.0,6404424.0,9.3
305270.0,6404424.0,9.74
305272.0,6404424.0,10.6
305274.0,6404424.0,10.78
305276.0,6404424.0,10.9
305278.0,6404424.0,11.5
305280.0,6404424.0,12.16
305282.0,6404424.0,12.43
305284.0,6404424.0,12.39
305286.0,6404424.0,12.13
305288.0,6404424.0,12.44
305290.0,6404424.0,12.48
305292.0,6404424.0,12.38
305294.0,6404424.0,12.44
305296.0,6404424.0,12.55
305298.0,6404424.0,12.77
305300.0,6404424.0,12.85
305302.0,6404424.0,13.22
305304.0,6404424.0,13.31
305306.0,6404424.0,13.27
305308.0,6404424.0,12.87
305310.0,6404424.0,12.02
305312.0,6404424.0,11.9
305314.0,6404424.0,12.2
305316.0,6404424.0,12.2
305318.0,6404424.0,12.11
305320.0,6404424.0,12.14
305322.0,6404424.0,11.97
305324.0,6404424.0,11.77
305326.0,6404424.0,11.5
305328.0,6404424.0,11.18
305330.0,6404424.0,11.17
305332.0,6404424.0,10.85
305334.0,6404424.0,10.46
305336.0,6404424.0,10.29
305338.0,6404424.0,10.24
305340.0,6404424.0,10.38
305342.0,6404424.0,10.49
305344.0,6404424.0,10.51
305346.0,6404424.0,10.53
305348.0,6404424.0,10.4
305350.0,6404424.0,10.51
305352.0,6404424.0,10.69
305354.0,6404424.0,10.94
305356.0,6404424.0,11.25
305358.0,6404424.0,11.85
305360.0,6404424.0,11.89
305362.0,6404424.0,11.85
305364.0,6404424.0,12.0
305366.0,6404424.0,12.15
305368.0,6404424.0,12.44
305370.0,6404424.0,12.76
305372.0,6404424.0,12.98
305374.0,6404424.0,13.3
305376.0,6404424.0,13.6
305378.0,6404424.0,13.64
305380.0,6404424.0,13.82
305382.0,6404424.0,13.83
305384.0,6404424.0,13.41
305386.0,6404424.0,12.82
305388.0,6404424.0,11.96
305390.0,6404424.0,11.97
305392.0,6404424.0,11.96
305394.0,6404424.0,11.88
305396.0,6404424.0,11.9
305398.0,6404424.0,11.97
305400.0,6404424.0,12.07
305402.0,6404424.0,12.09
305404.0,6404424.0,13.05
305406.0,6404424.0,12.35
305408.0,6404424.0,12.06
305410.0,6404424.0,11.93
305412.0,6404424.0,11.74
305414.0,6404424.0,11.66
305416.0,6404424.0,12.0
305418.0,6404424.0,12.03
305420.0,6404424.0,12.03
305422.0,6404424.0,12.03
305424.0,6404424.0,12.05
305426.0,6404424.0,9.21
305428.0,6404424.0,8.97
305430.0,6404424.0,8.96
305432.0,6404424.0,9.11
305434.0,6404424.0,8.29
305436.0,6404424.0,7.57
305438.0,6404424.0,7.45
305440.0,6404424.0,7.41
305442.0,6404424.0,7.34
305444.0,6404424.0,7.37
305446.0,6404424.0,7.41
305448.0,6404424.0,7.68
305450.0,6404424.0,7.65
305452.0,6404424.0,7.58
305454.0,6404424.0,7.56
305456.0,6404424.0,7.59
305458.0,6404424.0,7.62
305460.0,6404424.0,7.82
305462.0,6404424.0,7.91
305464.0,6404424.0,7.76
305466.0,6404424.0,7.42
305468.0,6404424.0,7.0
305470.0,6404424.0,7.2
305472.0,6404424.0,7.25
305474.0,6404424.0,6.31
305476.0,6404424.0,6.45
305478.0,6404424.0,6.81
305480.0,6404424.0,6.56
305482.0,6404424.0,6.93
305484.0,6404424.0,7.14
305486.0,6404424.0,7.05
305488.0,6404424.0,6.64
305490.0,6404424.0,6.45
305492.0,6404424.0,6.99
305494.0,6404424.0,7.4
305496.0,6404424.0,6.55
305498.0,6404424.0,6.94
305500.0,6404424.0,6.91
305502.0,6404424.0,6.39
305504.0,6404424.0,6.46
305506.0,6404424.0,6.54
305508.0,6404424.0,6.01
305510.0,6404424.0,5.86
305512.0,6404424.0,5.73
305514.0,6404424.0,5.57
305516.0,6404424.0,5.09
305518.0,6404424.0,5.07
305520.0,6404424.0,5.17
305522.0,6404424.0,5.2
305524.0,6404424.0,5.32
305526.0,6404424.0,5.12
305528.0,6404424.0,5.08
305530.0,6404424.0,5.27
305532.0,6404424.0,5.85
305534.0,6404424.0,6.05
305536.0,6404424.0,5.83
305538.0,6404424.0,6.0
305540.0,6404424.0,5.7
305542.0,6404424.0,5.38
305544.0,6404424.0,4.9
305546.0,6404424.0,4.77
305548.0,6404424.0,4.84
305550.0,6404424.0,5.19
305552.0,6404424.0,5.16
305554.0,6404424.0,5.68
305556.0,6404424.0,5.67
305558.0,6404424.0,5.62
305560.0,6404424.0,6.11
305562.0,6404424.0,6.7
305564.0,6404424.0,6.42
305566.0,6404424.0,5.92
305568.0,6404424.0,5.51
305570.0,6404424.0,5.32
305572.0,6404424.0,5.64
305574.0,6404424.0,6.69
305576.0,6404424.0,6.8
305578.0,6404424.0,7.34
305580.0,6404424.0,7.32
305582.0,6404424.0,7.31
305584.0,6404424.0,7.15
305586.0,6404424.0,6.98
305588.0,6404424.0,7.17
305590.0,6404424.0,7.1
305592.0,6404424.0,7.04
305594.0,6404424.0,6.82
305596.0,6404424.0,6.93
305598.0,6404424.0,6.92
305600.0,6404424.0,6.65
305602.0,6404424.0,5.67
305604.0,6404424.0,5.44
305606.0,6404424.0,5.35
305608.0,6404424.0,5.28
305610.0,6404424.0,5.32
305612.0,6404424.0,5.34
305614.0,6404424.0,5.33
305616.0,6404424.0,5.11
305618.0,6404424.0,4.86
305620.0,6404424.0,4.56
305622.0,6404424.0,4.5
305624.0,6404424.0,4.66
305626.0,6404424.0,4.89
305628.0,6404424.0,5.16
305630.0,6404424.0,5.35
305632.0,6404424.0,5.53
305634.0,6404424.0,5.81
305636.0,6404424.0,5.98
305638.0,6404424.0,6.64
305640.0,6404424.0,7.43
305642.0,6404424.0,8.44
305644.0,6404424.0,9.1
305646.0,6404424.0,9.69
305648.0,6404424.0,10.33
305650.0,6404424.0,10.79
305652.0,6404424.0,11.05
305654.0,6404424.0,11.06
305656.0,6404424.0,11.77
305658.0,6404424.0,12.0
305660.0,6404424.0,11.97
305662.0,6404424.0,11.99
305664.0,6404424.0,12.36
305666.0,6404424.0,13.19
305668.0,6404424.0,13.11
305670.0,6404424.0,13.15
305672.0,6404424.0,13.2
305674.0,6404424.0,12.82
305676.0,6404424.0,13.08
305678.0,6404424.0,13.62
305680.0,6404424.0,13.84
305150.0,6404426.0,-0.31
305152.0,6404426.0,-0.31
305154.0,6404426.0,-0.31
305156.0,6404426.0,-0.31
305158.0,6404426.0,-0.31
305160.0,6404426.0,-0.02
305162.0,6404426.0,0.56
305164.0,6404426.0,0.4
305166.0,6404426.0,0.13
305168.0,6404426.0,-0.25
305170.0,6404426.0,-0.25
305172.0,6404426.0,1.09
305174.0,6404426.0,1.88
305176.0,6404426.0,2.19
305178.0,6404426.0,2.47
305180.0,6404426.0,2.84
305182.0,6404426.0,3.18
305184.0,6404426.0,3.17
305186.0,6404426.0,3.02
305188.0,6404426.0,2.8
305190.0,6404426.0,2.72
305192.0,6404426.0,2.49
305194.0,6404426.0,2.18
305196.0,6404426.0,2.0
305198.0,6404426.0,1.89
305200.0,6404426.0,1.26
305202.0,6404426.0,0.92
305204.0,6404426.0,1.05
305206.0,6404426.0,1.23
305208.0,6404426.0,1.96
305210.0,6404426.0,2.16
305212.0,6404426.0,2.14
305214.0,6404426.0,2.45
305216.0,6404426.0,2.77
305218.0,6404426.0,3.0
305220.0,6404426.0,3.29
305222.0,6404426.0,3.56
305224.0,6404426.0,3.82
305226.0,6404426.0,4.26
305228.0,6404426.0,4.61
305230.0,6404426.0,4.7
305232.0,6404426.0,4.75
305234.0,6404426.0,5.04
305236.0,6404426.0,5.21
305238.0,6404426.0,5.56
305240.0,6404426.0,5.77
305242.0,6404426.0,6.1
305244.0,6404426.0,6.84
305246.0,6404426.0,7.17
305248.0,6404426.0,7.29
305250.0,6404426.0,7.63
305252.0,6404426.0,7.67
305254.0,6404426.0,8.15
305256.0,6404426.0,7.78
305258.0,6404426.0,7.67
305260.0,6404426.0,8.02
305262.0,6404426.0,9.36
305264.0,6404426.0,10.02
305266.0,6404426.0,10.5
305268.0,6404426.0,10.41
305270.0,6404426.0,10.47
305272.0,6404426.0,10.58
305274.0,6404426.0,10.81
305276.0,6404426.0,11.3
305278.0,6404426.0,11.98
305280.0,6404426.0,12.49
305282.0,6404426.0,12.48
305284.0,6404426.0,12.43
305286.0,6404426.0,12.83
305288.0,6404426.0,13.0
305290.0,6404426.0,12.95
305292.0,6404426.0,12.86
305294.0,6404426.0,12.86
305296.0,6404426.0,12.84
305298.0,6404426.0,12.97
305300.0,6404426.0,12.93
305302.0,6404426.0,13.13
305304.0,6404426.0,13.57
305306.0,6404426.0,13.56
305308.0,6404426.0,13.32
305310.0,6404426.0,12.84
305312.0,6404426.0,12.69
305314.0,6404426.0,12.65
305316.0,6404426.0,12.38
305318.0,6404426.0,12.09
305320.0,6404426.0,11.92
305322.0,6404426.0,12.05
305324.0,6404426.0,12.09
305326.0,6404426.0,11.84
305328.0,6404426.0,11.62
305330.0,6404426.0,11.62
305332.0,6404426.0,11.35
305334.0,6404426.0,11.03
305336.0,6404426.0,10.75
305338.0,6404426.0,10.36
305340.0,6404426.0,10.29
305342.0,6404426.0,10.38
305344.0,6404426.0,10.38
305346.0,6404426.0,10.41
305348.0,6404426.0,10.36
305350.0,6404426.0,10.36
305352.0,6404426.0,10.33
305354.0,6404426.0,10.46
305356.0,6404426.0,10.89
305358.0,6404426.0,11.31
305360.0,6404426.0,11.64
305362.0,6404426.0,11.66
305364.0,6404426.0,11.63
305366.0,6404426.0,12.05
305368.0,6404426.0,12.27
305370.0,6404426.0,12.32
305372.0,6404426.0,12.37
305374.0,6404426.0,12.53
305376.0,6404426.0,12.89
305378.0,6404426.0,13.21
305380.0,6404426.0,13.27
305382.0,6404426.0,13.0
305384.0,6404426.0,12.38
305386.0,6404426.0,11.75
305388.0,6404426.0,11.8
305390.0,6404426.0,11.83
305392.0,6404426.0,11.88
305394.0,6404426.0,12.02
305396.0,6404426.0,12.04
305398.0,6404426.0,12.05
305400.0,6404426.0,12.06
305402.0,6404426.0,12.11
305404.0,6404426.0,12.54
305406.0,6404426.0,12.25
305408.0,6404426.0,12.14
305410.0,6404426.0,12.06
305412.0,6404426.0,11.89
305414.0,6404426.0,11.69
305416.0,6404426.0,12.01
305418.0,6404426.0,12.03
305420.0,6404426.0,12.03
305422.0,6404426.0,12.01
305424.0,6404426.0,12.0
305426.0,6404426.0,9.04
305428.0,6404426.0,8.87
305430.0,6404426.0,9.17
305432.0,6404426.0,9.67
305434.0,6404426.0,9.35
305436.0,6404426.0,7.99
305438.0,6404426.0,7.42
305440.0,6404426.0,7.45
305442.0,6404426.0,7.33
305444.0,6404426.0,7.28
305446.0,6404426.0,7.25
305448.0,6404426.0,7.48
305450.0,6404426.0,7.5
305452.0,6404426.0,7.56
305454.0,6404426.0,7.53
305456.0,6404426.0,7.55
305458.0,6404426.0,7.58
305460.0,6404426.0,7.24
305462.0,6404426.0,6.77
305464.0,6404426.0,6.83
305466.0,6404426.0,6.61
305468.0,6404426.0,6.54
305470.0,6404426.0,6.17
305472.0,6404426.0,5.74
305474.0,6404426.0,5.56
305476.0,6404426.0,5.7
305478.0,6404426.0,6.03
305480.0,6404426.0,6.07
305482.0,6404426.0,6.07
305484.0,6404426.0,6.23
305486.0,6404426.0,6.47
305488.0,6404426.0,6.58
305490.0,6404426.0,6.18
305492.0,6404426.0,5.69
305494.0,6404426.0,5.46
305496.0,6404426.0,5.6
305498.0,6404426.0,5.72
305500.0,6404426.0,6.09
305502.0,6404426.0,6.03
305504.0,6404426.0,6.27
305506.0,6404426.0,6.06
305508.0,6404426.0,5.57
305510.0,6404426.0,5.49
305512.0,6404426.0,5.16
305514.0,6404426.0,5.03
305516.0,6404426.0,4.92
305518.0,6404426.0,4.76
305520.0,6404426.0,4.85
305522.0,6404426.0,5.36
305524.0,6404426.0,5.04
305526.0,6404426.0,4.62
305528.0,6404426.0,4.52
305530.0,6404426.0,4.64
305532.0,6404426.0,5.12
305534.0,6404426.0,5.33
305536.0,6404426.0,4.9
305538.0,6404426.0,4.85
305540.0,6404426.0,4.8
305542.0,6404426.0,4.79
305544.0,6404426.0,4.84
305546.0,6404426.0,4.74
305548.0,6404426.0,4.7
305550.0,6404426.0,4.68
305552.0,6404426.0,4.99
305554.0,6404426.0,6.04
305556.0,6404426.0,6.46
305558.0,6404426.0,6.78
305560.0,6404426.0,6.92
305562.0,6404426.0,6.66
305564.0,6404426.0,6.27
305566.0,6404426.0,5.93
305568.0,6404426.0,5.56
305570.0,6404426.0,5.15
305572.0,6404426.0,5.55
305574.0,6404426.0,6.42
305576.0,6404426.0,6.77
305578.0,6404426.0,6.82
305580.0,6404426.0,6.85
305582.0,6404426.0,6.9
305584.0,6404426.0,6.85
305586.0,6404426.0,6.85
305588.0,6404426.0,7.05
305590.0,6404426.0,7.23
305592.0,6404426.0,7.12
305594.0,6404426.0,6.92
305596.0,6404426.0,6.91
305598.0,6404426.0,6.89
305600.0,6404426.0,6.47
305602.0,6404426.0,5.66
305604.0,6404426.0,4.86
305606.0,6404426.0,4.96
305608.0,6404426.0,5.09
305610.0,6404426.0,5.19
305612.0,6404426.0,5.12
305614.0,6404426.0,4.66
305616.0,6404426.0,4.26
305618.0,6404426.0,4.2
305620.0,6404426.0,4.36
305622.0,6404426.0,4.61
305624.0,6404426.0,4.72
305626.0,6404426.0,4.69
305628.0,6404426.0,4.72
305630.0,6404426.0,4.99
305632.0,6404426.0,5.3
305634.0,6404426.0,5.67
305636.0,6404426.0,5.92
305638.0,6404426.0,6.28
305640.0,6404426.0,6.99
305642.0,6404426.0,8.03
305644.0,6404426.0,8.85
305646.0,6404426.0,9.03
305648.0,6404426.0,9.2
305650.0,6404426.0,9.2
305652.0,6404426.0,9.68
305654.0,6404426.0,9.92
305656.0,6404426.0,10.53
305658.0,6404426.0,10.85
305660.0,6404426.0,11.0
305662.0,6404426.0,11.59
305664.0,6404426.0,12.6
305666.0,6404426.0,12.89
305668.0,6404426.0,12.8
305670.0,6404426.0,12.57
305672.0,6404426.0,12.1
305674.0,6404426.0,11.88
305676.0,6404426.0,12.4
305678.0,6404426.0,13.04
305680.0,6404426.0,13.14
305150.0,6404428.0,-0.31
305152.0,6404428.0,-0.31
305154.0,6404428.0,-0.31
305156.0,6404428.0,-0.31
305158.0,6404428.0,-0.31
305160.0,6404428.0,-0.31
305162.0,6404428.0,0.51
305164.0,6404428.0,0.21
305166.0,6404428.0,-0.21
305168.0,6404428.0,-0.31
305170.0,6404428.0,-0.34
305172.0,6404428.0,-0.12
305174.0,6404428.0,0.94
305176.0,6404428.0,1.98
305178.0,6404428.0,1.96
305180.0,6404428.0,2.19
305182.0,6404428.0,2.63
305184.0,6404428.0,2.75
305186.0,6404428.0,2.69
305188.0,6404428.0,2.54
305190.0,6404428.0,2.24
305192.0,6404428.0,1.7
305194.0,6404428.0,1.27
305196.0,6404428.0,0.75
305198.0,6404428.0,0.59
305200.0,6404428.0,0.63
305202.0,6404428.0,0.69
305204.0,6404428.0,0.81
305206.0,6404428.0,1.26
305208.0,6404428.0,1.77
305210.0,6404428.0,2.25
305212.0,6404428.0,2.56
305214.0,6404428.0,2.61
305216.0,6404428.0,2.76
305218.0,6404428.0,3.34
305220.0,6404428.0,3.9
305222.0,6404428.0,3.96
305224.0,6404428.0,3.91
305226.0,6404428.0,4.13
305228.0,6404428.0,4.48
305230.0,6404428.0,4.84
305232.0,6404428.0,4.7
305234.0,6404428.0,4.88
305236.0,6404428.0,5.13
305238.0,6404428.0,5.5
305240.0,6404428.0,5.87
305242.0,6404428.0,6.0
305244.0,6404428.0,6.62
305246.0,6404428.0,6.74
305248.0,6404428.0,7.04
305250.0,6404428.0,7.07
305252.0,6404428.0,7.36
305254.0,6404428.0,7.63
305256.0,6404428.0,7.49
305258.0,6404428.0,7.39
305260.0,6404428.0,7.9
305262.0,6404428.0,9.76
305264.0,6404428.0,9.95
305266.0,6404428.0,10.39
305268.0,6404428.0,10.58
305270.0,6404428.0,10.52
305272.0,6404428.0,10.54
305274.0,6404428.0,10.89
305276.0,6404428.0,11.6
305278.0,6404428.0,12.06
305280.0,6404428.0,12.36
305282.0,6404428.0,12.74
305284.0,6404428.0,12.68
305286.0,6404428.0,13.31
305288.0,6404428.0,13.18
305290.0,6404428.0,13.37
305292.0,6404428.0,13.2
305294.0,6404428.0,13.02
305296.0,6404428.0,13.04
305298.0,6404428.0,12.86
305300.0,6404428.0,12.56
305302.0,6404428.0,12.63
305304.0,6404428.0,13.17
305306.0,6404428.0,13.33
305308.0,6404428.0,13.05
305310.0,6404428.0,12.76
305312.0,6404428.0,12.56
305314.0,6404428.0,12.56
305316.0,6404428.0,12.46
305318.0,6404428.0,12.32
305320.0,6404428.0,11.93
305322.0,6404428.0,11.87
305324.0,6404428.0,11.84
305326.0,6404428.0,11.73
305328.0,6404428.0,11.82
305330.0,6404428.0,11.82
305332.0,6404428.0,11.62
305334.0,6404428.0,11.31
305336.0,6404428.0,11.07
305338.0,6404428.0,10.53
305340.0,6404428.0,10.31
305342.0,6404428.0,10.33
305344.0,6404428.0,10.24
305346.0,6404428.0,10.27
305348.0,6404428.0,10.25
305350.0,6404428.0,10.27
305352.0,6404428.0,10.24
305354.0,6404428.0,10.23
305356.0,6404428.0,10.49
305358.0,6404428.0,10.9
305360.0,6404428.0,11.32
305362.0,6404428.0,11.46
305364.0,6404428.0,11.44
305366.0,6404428.0,11.41
305368.0,6404428.0,11.74
305370.0,6404428.0,11.8
305372.0,6404428.0,11.85
305374.0,6404428.0,11.92
305376.0,6404428.0,12.22
305378.0,6404428.0,12.48
305380.0,6404428.0,12.61
305382.0,6404428.0,12.44
305384.0,6404428.0,11.83
305386.0,6404428.0,11.69
305388.0,6404428.0,11.75
305390.0,6404428.0,11.76
305392.0,6404428.0,11.8
305394.0,6404428.0,11.85
305396.0,6404428.0,11.92
305398.0,6404428.0,12.01
305400.0,6404428.0,12.03
305402.0,6404428.0,11.98
305404.0,6404428.0,11.5
305406.0,6404428.0,12.03
305408.0,6404428.0,12.11
305410.0,6404428.0,12.11
305412.0,6404428.0,12.0
305414.0,6404428.0,11.63
305416.0,6404428.0,10.79
305418.0,6404428.0,9.87
305420.0,6404428.0,10.13
305422.0,6404428.0,10.76
305424.0,6404428.0,10.5
305426.0,6404428.0,8.89
305428.0,6404428.0,8.84
305430.0,6404428.0,9.32
305432.0,6404428.0,9.78
305434.0,6404428.0,10.14
305436.0,6404428.0,9.07
305438.0,6404428.0,7.56
305440.0,6404428.0,7.46
305442.0,6404428.0,7.32
305444.0,6404428.0,7.14
305446.0,6404428.0,7.17
305448.0,6404428.0,7.59
305450.0,6404428.0,7.49
305452.0,6404428.0,7.51
305454.0,6404428.0,7.5
305456.0,6404428.0,7.5
305458.0,6404428.0,7.45
305460.0,6404428.0,6.85
305462.0,6404428.0,6.76
305464.0,6404428.0,6.75
305466.0,6404428.0,6.07
305468.0,6404428.0,5.82
305470.0,6404428.0,5.74
305472.0,6404428.0,5.58
305474.0,6404428.0,5.55
305476.0,6404428.0,5.52
305478.0,6404428.0,5.69
305480.0,6404428.0,5.65
305482.0,6404428.0,5.63
305484.0,6404428.0,5.57
305486.0,6404428.0,5.2
305488.0,6404428.0,5.87
305490.0,6404428.0,5.57
305492.0,6404428.0,5.23
305494.0,6404428.0,5.19
305496.0,6404428.0,5.08
305498.0,6404428.0,5.02
305500.0,6404428.0,5.17
305502.0,6404428.0,5.51
305504.0,6404428.0,5.48
305506.0,6404428.0,5.28
305508.0,6404428.0,5.34
305510.0,6404428.0,5.08
305512.0,6404428.0,5.36
305514.0,6404428.0,5.21
305516.0,6404428.0,4.92
305518.0,6404428.0,4.68
305520.0,6404428.0,4.68
305522.0,6404428.0,4.81
305524.0,6404428.0,4.75
305526.0,6404428.0,4.57
305528.0,6404428.0,4.5
305530.0,6404428.0,4.51
305532.0,6404428.0,4.48
305534.0,6404428.0,4.68
305536.0,6404428.0,4.81
305538.0,6404428.0,4.65
305540.0,6404428.0,4.69
305542.0,6404428.0,4.76
305544.0,6404428.0,4.76
305546.0,6404428.0,4.69
305548.0,6404428.0,4.53
305550.0,6404428.0,4.56
305552.0,6404428.0,5.25
305554.0,6404428.0,5.76
305556.0,6404428.0,5.97
305558.0,6404428.0,6.12
305560.0,6404428.0,6.1
305562.0,6404428.0,5.79
305564.0,6404428.0,6.04
305566.0,6404428.0,5.8
305568.0,6404428.0,5.37
305570.0,6404428.0,4.94
305572.0,6404428.0,5.03
305574.0,6404428.0,5.93
305576.0,6404428.0,6.59
305578.0,6404428.0,6.69
305580.0,6404428.0,6.82
305582.0,6404428.0,6.82
305584.0,6404428.0,6.83
305586.0,6404428.0,6.85
305588.0,6404428.0,6.83
305590.0,6404428.0,6.79
305592.0,6404428.0,6.78
305594.0,6404428.0,6.7
305596.0,6404428.0,6.54
305598.0,6404428.0,6.27
305600.0,6404428.0,5.72
305602.0,6404428.0,4.82
305604.0,6404428.0,4.61
305606.0,6404428.0,4.73
305608.0,6404428.0,4.69
305610.0,6404428.0,4.43
305612.0,6404428.0,4.1
305614.0,6404428.0,4.0
305616.0,6404428.0,4.14
305618.0,6404428.0,4.23
305620.0,6404428.0,4.35
305622.0,6404428.0,4.41
305624.0,6404428.0,4.39
305626.0,6404428.0,4.46
305628.0,6404428.0,4.58
305630.0,6404428.0,4.85
305632.0,6404428.0,5.24
305634.0,6404428.0,5.61
305636.0,6404428.0,5.86
305638.0,6404428.0,6.08
305640.0,6404428.0,6.33
305642.0,6404428.0,7.16
305644.0,6404428.0,8.04
305646.0,6404428.0,8.49
305648.0,6404428.0,8.75
305650.0,6404428.0,8.86
305652.0,6404428.0,9.06
305654.0,6404428.0,9.37
305656.0,6404428.0,9.63
305658.0,6404428.0,9.98
305660.0,6404428.0,10.7
305662.0,6404428.0,11.65
305664.0,6404428.0,11.69
305666.0,6404428.0,11.92
305668.0,6404428.0,11.9
305670.0,6404428.0,11.76
305672.0,6404428.0,11.33
305674.0,6404428.0,11.54
305676.0,6404428.0,12.28
305678.0,6404428.0,12.51
305680.0,6404428.0,12.62
305150.0,6404430.0,-0.31
305152.0,6404430.0,-0.31
305154.0,6404430.0,-0.31
305156.0,6404430.0,-0.31
305158.0,6404430.0,-0.31
305160.0,6404430.0,-0.31
305162.0,6404430.0,0.15
305164.0,6404430.0,-0.03
305166.0,6404430.0,-0.27
305168.0,6404430.0,-0.31
305170.0,6404430.0,-0.31
305172.0,6404430.0,-0.33
305174.0,6404430.0,-0.27
305176.0,6404430.0,0.92
305178.0,6404430.0,1.59
305180.0,6404430.0,1.52
305182.0,6404430.0,1.74
305184.0,6404430.0,1.99
305186.0,6404430.0,1.87
305188.0,6404430.0,1.89
305190.0,6404430.0,1.2
305192.0,6404430.0,0.84
305194.0,6404430.0,0.19
305196.0,6404430.0,0.09
305198.0,6404430.0,0.21
305200.0,6404430.0,0.28
305202.0,6404430.0,0.47
305204.0,6404430.0,0.66
305206.0,6404430.0,0.87
305208.0,6404430.0,1.12
305210.0,6404430.0,1.96
305212.0,6404430.0,2.51
305214.0,6404430.0,2.63
305216.0,6404430.0,3.01
305218.0,6404430.0,3.61
305220.0,6404430.0,4.32
305222.0,6404430.0,4.96
305224.0,6404430.0,4.72
305226.0,6404430.0,4.26
305228.0,6404430.0,4.38
305230.0,6404430.0,4.57
305232.0,6404430.0,4.75
305234.0,6404430.0,4.82
305236.0,6404430.0,4.96
305238.0,6404430.0,5.2
305240.0,6404430.0,5.59
305242.0,6404430.0,5.73
305244.0,6404430.0,6.27
305246.0,6404430.0,6.43
305248.0,6404430.0,6.72
305250.0,6404430.0,6.91
305252.0,6404430.0,7.24
305254.0,6404430.0,7.25
305256.0,6404430.0,7.2
305258.0,6404430.0,7.22
305260.0,6404430.0,8.09
305262.0,6404430.0,9.22
305264.0,6404430.0,9.7
305266.0,6404430.0,9.91
305268.0,6404430.0,10.51
305270.0,6404430.0,10.29
305272.0,6404430.0,10.68
305274.0,6404430.0,11.37
305276.0,6404430.0,11.72
305278.0,6404430.0,11.95
305280.0,6404430.0,12.24
305282.0,6404430.0,12.42
305284.0,6404430.0,12.94
305286.0,6404430.0,13.22
305288.0,6404430.0,13.24
305290.0,6404430.0,13.41
305292.0,6404430.0,13.5
305294.0,6404430.0,13.31
305296.0,6404430.0,12.97
305298.0,6404430.0,12.72
305300.0,6404430.0,12.6
305302.0,6404430.0,12.7
305304.0,6404430.0,12.78
305306.0,6404430.0,12.82
305308.0,6404430.0,12.83
305310.0,6404430.0,12.55
305312.0,6404430.0,12.38
305314.0,6404430.0,12.18
305316.0,6404430.0,12.15
305318.0,6404430.0,12.25
305320.0,6404430.0,11.85
305322.0,6404430.0,11.54
305324.0,6404430.0,11.54
305326.0,6404430.0,11.58
305328.0,6404430.0,11.9
305330.0,6404430.0,11.86
305332.0,6404430.0,11.65
305334.0,6404430.0,11.43
305336.0,6404430.0,11.25
305338.0,6404430.0,10.7
305340.0,6404430.0,10.5
305342.0,6404430.0,10.34
305344.0,6404430.0,10.29
305346.0,6404430.0,10.34
305348.0,6404430.0,10.26
305350.0,6404430.0,10.22
305352.0,6404430.0,10.14
305354.0,6404430.0,10.16
305356.0,6404430.0,10.18
305358.0,6404430.0,10.3
305360.0,6404430.0,10.97
305362.0,6404430.0,11.25
305364.0,6404430.0,11.28
305366.0,6404430.0,11.3
305368.0,6404430.0,11.36
305370.0,6404430.0,11.39
305372.0,6404430.0,11.41
305374.0,6404430.0,11.49
305376.0,6404430.0,11.72
305378.0,6404430.0,11.79
305380.0,6404430.0,11.7
305382.0,6404430.0,11.57
305384.0,6404430.0,11.57
305386.0,6404430.0,11.62
305388.0,6404430.0,11.65
305390.0,6404430.0,11.67
305392.0,6404430.0,11.72
305394.0,6404430.0,11.84
305396.0,6404430.0,11.75
305398.0,6404430.0,11.93
305400.0,6404430.0,12.24
305402.0,6404430.0,11.72
305404.0,6404430.0,11.16
305406.0,6404430.0,11.96
305408.0,6404430.0,11.82
305410.0,6404430.0,11.8
305412.0,6404430.0,11.55
305414.0,6404430.0,9.79
305416.0,6404430.0,8.96
305418.0,6404430.0,8.84
305420.0,6404430.0,8.95
305422.0,6404430.0,9.0
305424.0,6404430.0,9.02
305426.0,6404430.0,8.94
305428.0,6404430.0,8.85
305430.0,6404430.0,8.92
305432.0,6404430.0,9.2
305434.0,6404430.0,9.97
305436.0,6404430.0,8.1
305438.0,6404430.0,7.53
305440.0,6404430.0,7.51
305442.0,6404430.0,7.47
305444.0,6404430.0,7.1
305446.0,6404430.0,7.13
305448.0,6404430.0,7.51
305450.0,6404430.0,7.49
305452.0,6404430.0,7.47
305454.0,6404430.0,7.67
305456.0,6404430.0,7.48
305458.0,6404430.0,7.51
305460.0,6404430.0,6.82
305462.0,6404430.0,6.75
305464.0,6404430.0,6.85
305466.0,6404430.0,6.67
305468.0,6404430.0,6.27
305470.0,6404430.0,6.07
305472.0,6404430.0,5.93
305474.0,6404430.0,5.69
305476.0,6404430.0,5.77
305478.0,6404430.0,5.65
305480.0,6404430.0,5.47
305482.0,6404430.0,5.53
305484.0,6404430.0,5.36
305486.0,6404430.0,5.02
305488.0,6404430.0,4.79
305490.0,6404430.0,4.83
305492.0,6404430.0,4.91
305494.0,6404430.0,4.93
305496.0,6404430.0,4.87
305498.0,6404430.0,4.71
305500.0,6404430.0,4.91
305502.0,6404430.0,5.01
305504.0,6404430.0,4.91
305506.0,6404430.0,4.76
305508.0,6404430.0,4.83
305510.0,6404430.0,5.06
305512.0,6404430.0,5.29
305514.0,6404430.0,4.97
305516.0,6404430.0,5.04
305518.0,6404430.0,4.79
305520.0,6404430.0,4.74
305522.0,6404430.0,4.43
305524.0,6404430.0,4.11
305526.0,6404430.0,4.28
305528.0,6404430.0,4.07
305530.0,6404430.0,4.12
305532.0,6404430.0,3.99
305534.0,6404430.0,4.01
305536.0,6404430.0,4.25
305538.0,6404430.0,4.29
305540.0,6404430.0,4.44
305542.0,6404430.0,4.6
305544.0,6404430.0,4.7
305546.0,6404430.0,4.77
305548.0,6404430.0,4.9
305550.0,6404430.0,4.88
305552.0,6404430.0,4.82
305554.0,6404430.0,4.87
305556.0,6404430.0,4.94
305558.0,6404430.0,4.94
305560.0,6404430.0,5.17
305562.0,6404430.0,5.15
305564.0,6404430.0,5.05
305566.0,6404430.0,5.14
305568.0,6404430.0,5.02
305570.0,6404430.0,4.84
305572.0,6404430.0,4.73
305574.0,6404430.0,5.12
305576.0,6404430.0,5.76
305578.0,6404430.0,6.02
305580.0,6404430.0,6.18
305582.0,6404430.0,6.17
305584.0,6404430.0,6.52
305586.0,6404430.0,6.7
305588.0,6404430.0,6.61
305590.0,6404430.0,6.44
305592.0,6404430.0,6.08
305594.0,6404430.0,5.88
305596.0,6404430.0,5.65
305598.0,6404430.0,5.19
305600.0,6404430.0,4.65
305602.0,6404430.0,4.35
305604.0,6404430.0,4.39
305606.0,6404430.0,4.41
305608.0,6404430.0,4.41
305610.0,6404430.0,4.15
305612.0,6404430.0,4.01
305614.0,6404430.0,4.1
305616.0,6404430.0,4.2
305618.0,6404430.0,4.18
305620.0,6404430.0,4.18
305622.0,6404430.0,4.25
305624.0,6404430.0,4.27
305626.0,6404430.0,4.4
305628.0,6404430.0,4.59
305630.0,6404430.0,4.77
305632.0,6404430.0,5.12
305634.0,6404430.0,5.55
305636.0,6404430.0,5.8
305638.0,6404430.0,6.08
305640.0,6404430.0,6.35
305642.0,6404430.0,6.93
305644.0,6404430.0,7.27
305646.0,6404430.0,7.72
305648.0,6404430.0,7.84
305650.0,6404430.0,8.19
305652.0,6404430.0,8.35
305654.0,6404430.0,8.68
305656.0,6404430.0,8.98
305658.0,6404430.0,9.6
305660.0,6404430.0,10.72
305662.0,6404430.0,11.08
305664.0,6404430.0,11.2
305666.0,6404430.0,11.3
305668.0,6404430.0,11.37
305670.0,6404430.0,11.17
305672.0,6404430.0,10.76
305674.0,6404430.0,11.14
305676.0,6404430.0,12.05
305678.0,6404430.0,12.31
305680.0,6404430.0,12.76
305150.0,6404432.0,-0.31
305152.0,6404432.0,-0.31
305154.0,6404432.0,-0.31
305156.0,6404432.0,-0.31
305158.0,6404432.0,-0.31
305160.0,6404432.0,-0.31
305162.0,6404432.0,-0.15
305164.0,6404432.0,-0.3
305166.0,6404432.0,-0.31
305168.0,6404432.0,-0.31
305170.0,6404432.0,-0.31
305172.0,6404432.0,-0.31
305174.0,6404432.0,-0.29
305176.0,6404432.0,-0.18
305178.0,6404432.0,0.42
305180.0,6404432.0,0.76
305182.0,6404432.0,0.86
305184.0,6404432.0,0.95
305186.0,6404432.0,0.81
305188.0,6404432.0,0.72
305190.0,6404432.0,0.44
305192.0,6404432.0,0.28
305194.0,6404432.0,-0.01
305196.0,6404432.0,0.01
305198.0,6404432.0,0.06
305200.0,6404432.0,0.18
305202.0,6404432.0,0.29
305204.0,6404432.0,0.45
305206.0,6404432.0,0.6
305208.0,6404432.0,0.81
305210.0,6404432.0,1.51
305212.0,6404432.0,2.05
305214.0,6404432.0,2.27
305216.0,6404432.0,2.69
305218.0,6404432.0,3.67
305220.0,6404432.0,4.53
305222.0,6404432.0,5.27
305224.0,6404432.0,5.43
305226.0,6404432.0,5.12
305228.0,6404432.0,4.57
305230.0,6404432.0,4.55
305232.0,6404432.0,4.7
305234.0,6404432.0,4.94
305236.0,6404432.0,4.94
305238.0,6404432.0,5.02
305240.0,6404432.0,5.41
305242.0,6404432.0,5.64
305244.0,6404432.0,5.92
305246.0,6404432.0,6.19
305248.0,6404432.0,6.45
305250.0,6404432.0,6.68
305252.0,6404432.0,6.75
305254.0,6404432.0,6.85
305256.0,6404432.0,7.01
305258.0,6404432.0,7.12
305260.0,6404432.0,7.77
305262.0,6404432.0,7.97
305264.0,6404432.0,8.87
305266.0,6404432.0,9.58
305268.0,6404432.0,10.05
305270.0,6404432.0,10.2
305272.0,6404432.0,10.87
305274.0,6404432.0,11.35
305276.0,6404432.0,11.59
305278.0,6404432.0,11.82
305280.0,6404432.0,11.98
305282.0,6404432.0,12.22
305284.0,6404432.0,12.7
305286.0,6404432.0,13.05
305288.0,6404432.0,13.15
305290.0,6404432.0,13.24
305292.0,6404432.0,13.33
305294.0,6404432.0,13.3
305296.0,6404432.0,13.08
305298.0,6404432.0,12.93
305300.0,6404432.0,12.67
305302.0,6404432.0,12.81
305304.0,6404432.0,12.81
305306.0,6404432.0,12.57
305308.0,6404432.0,12.49
305310.0,6404432.0,12.45
305312.0,6404432.0,12.24
305314.0,6404432.0,12.15
305316.0,6404432.0,11.99
305318.0,6404432.0,12.04
305320.0,6404432.0,11.71
305322.0,6404432.0,11.47
305324.0,6404432.0,11.5
305326.0,6404432.0,11.55
305328.0,6404432.0,11.79
305330.0,6404432.0,11.89
305332.0,6404432.0,11.89
305334.0,6404432.0,11.69
305336.0,6404432.0,11.27
305338.0,6404432.0,10.8
305340.0,6404432.0,10.41
305342.0,6404432.0,10.35
305344.0,6404432.0,10.44
305346.0,6404432.0,10.52
305348.0,6404432.0,10.28
305350.0,6404432.0,10.32
305352.0,6404432.0,10.27
305354.0,6404432.0,10.31
305356.0,6404432.0,10.23
305358.0,6404432.0,10.3
305360.0,6404432.0,10.75
305362.0,6404432.0,10.99
305364.0,6404432.0,11.07
305366.0,6404432.0,11.09
305368.0,6404432.0,11.19
305370.0,6404432.0,11.3
305372.0,6404432.0,11.34
305374.0,6404432.0,11.35
305376.0,6404432.0,11.41
305378.0,6404432.0,11.44
305380.0,6404432.0,11.46
305382.0,6404432.0,11.49
305384.0,6404432.0,11.47
305386.0,6404432.0,11.52
305388.0,6404432.0,11.56
305390.0,6404432.0,11.62
305392.0,6404432.0,11.67
305394.0,6404432.0,11.72
305396.0,6404432.0,11.77
305398.0,6404432.0,12.01
305400.0,6404432.0,12.24
305402.0,6404432.0,11.65
305404.0,6404432.0,11.59
305406.0,6404432.0,11.69
305408.0,6404432.0,11.46
305410.0,6404432.0,11.18
305412.0,6404432.0,10.99
305414.0,6404432.0,9.93
305416.0,6404432.0,8.9
305418.0,6404432.0,8.85
305420.0,6404432.0,9.11
305422.0,6404432.0,9.12
305424.0,6404432.0,8.98
305426.0,6404432.0,8.95
305428.0,6404432.0,8.95
305430.0,6404432.0,9.04
305432.0,6404432.0,9.09
305434.0,6404432.0,8.73
305436.0,6404432.0,8.13
305438.0,6404432.0,7.46
305440.0,6404432.0,7.4
305442.0,6404432.0,7.32
305444.0,6404432.0,7.1
305446.0,6404432.0,7.12
305448.0,6404432.0,7.57
305450.0,6404432.0,7.48
305452.0,6404432.0,7.37
305454.0,6404432.0,7.87
305456.0,6404432.0,7.51
305458.0,6404432.0,7.5
305460.0,6404432.0,7.06
305462.0,6404432.0,7.08
305464.0,6404432.0,7.18
305466.0,6404432.0,7.06
305468.0,6404432.0,6.97
305470.0,6404432.0,6.98
305472.0,6404432.0,6.76
305474.0,6404432.0,6.48
305476.0,6404432.0,6.25
305478.0,6404432.0,6.28
305480.0,6404432.0,6.24
305482.0,6404432.0,6.07
305484.0,6404432.0,5.41
305486.0,6404432.0,5.08
305488.0,6404432.0,4.77
305490.0,6404432.0,4.75
305492.0,6404432.0,4.85
305494.0,6404432.0,4.81
305496.0,6404432.0,4.77
305498.0,6404432.0,4.63
305500.0,6404432.0,4.66
305502.0,6404432.0,4.7
305504.0,6404432.0,4.72
305506.0,6404432.0,4.65
305508.0,6404432.0,4.74
305510.0,6404432.0,4.71
305512.0,6404432.0,5.27
305514.0,6404432.0,5.25
305516.0,6404432.0,5.18
305518.0,6404432.0,4.9
305520.0,6404432.0,4.55
305522.0,6404432.0,4.23
305524.0,6404432.0,3.88
305526.0,6404432.0,3.38
305528.0,6404432.0,3.42
305530.0,6404432.0,3.52
305532.0,6404432.0,3.75
305534.0,6404432.0,3.79
305536.0,6404432.0,3.88
305538.0,6404432.0,4.07
305540.0,6404432.0,4.31
305542.0,6404432.0,4.48
305544.0,6404432.0,4.58
305546.0,6404432.0,4.72
305548.0,6404432.0,4.95
305550.0,6404432.0,4.82
305552.0,6404432.0,4.79
305554.0,6404432.0,5.21
305556.0,6404432.0,5.39
305558.0,6404432.0,5.4
305560.0,6404432.0,5.3
305562.0,6404432.0,5.26
305564.0,6404432.0,4.98
305566.0,6404432.0,4.92
305568.0,6404432.0,4.97
305570.0,6404432.0,4.83
305572.0,6404432.0,4.67
305574.0,6404432.0,4.63
305576.0,6404432.0,4.85
305578.0,6404432.0,5.53
305580.0,6404432.0,5.64
305582.0,6404432.0,5.77
305584.0,6404432.0,6.03
305586.0,6404432.0,6.04
305588.0,6404432.0,5.76
305590.0,6404432.0,5.3
305592.0,6404432.0,5.01
305594.0,6404432.0,4.59
305596.0,6404432.0,4.4
305598.0,6404432.0,4.09
305600.0,6404432.0,4.13
305602.0,6404432.0,4.14
305604.0,6404432.0,3.99
305606.0,6404432.0,3.77
305608.0,6404432.0,3.97
305610.0,6404432.0,3.9
305612.0,6404432.0,4.0
305614.0,6404432.0,4.06
305616.0,6404432.0,4.07
305618.0,6404432.0,4.11
305620.0,6404432.0,4.16
305622.0,6404432.0,4.21
305624.0,6404432.0,4.26
305626.0,6404432.0,4.39
305628.0,6404432.0,4.59
305630.0,6404432.0,4.99
305632.0,6404432.0,5.16
305634.0,6404432.0,5.41
305636.0,6404432.0,5.57
305638.0,6404432.0,5.93
305640.0,6404432.0,6.29
305642.0,6404432.0,6.58
305644.0,6404432.0,6.73
305646.0,6404432.0,6.81
305648.0,6404432.0,6.9
305650.0,6404432.0,7.01
305652.0,6404432.0,7.66
305654.0,6404432.0,7.85
305656.0,6404432.0,8.08
305658.0,6404432.0,8.49
305660.0,6404432.0,9.77
305662.0,6404432.0,10.19
305664.0,6404432.0,10.33
305666.0,6404432.0,10.52
305668.0,6404432.0,10.52
305670.0,6404432.0,10.21
305672.0,6404432.0,10.17
305674.0,6404432.0,10.72
305676.0,6404432.0,11.28
305678.0,6404432.0,11.65
305680.0,6404432.0,11.98
305150.0,6404434.0,-0.31
305152.0,6404434.0,-0.31
305154.0,6404434.0,-0.31
305156.0,6404434.0,-0.31
305158.0,6404434.0,-0.31
305160.0,6404434.0,-0.31
305162.0,6404434.0,-0.31
305164.0,6404434.0,-0.31
305166.0,6404434.0,-0.31
305168.0,6404434.0,-0.31
305170.0,6404434.0,-0.31
305172.0,6404434.0,-0.31
305174.0,6404434.0,-0.31
305176.0,6404434.0,-0.28
305178.0,6404434.0,-0.42
305180.0,6404434.0,-0.23
305182.0,6404434.0,-0.09
305184.0,6404434.0,-0.04
305186.0,6404434.0,-0.13
305188.0,6404434.0,-0.3
305190.0,6404434.0,-0.17
305192.0,6404434.0,-0.2
305194.0,6404434.0,-0.3
305196.0,6404434.0,-0.31
305198.0,6404434.0,-0.31
305200.0,6404434.0,0.04
305202.0,6404434.0,0.18
305204.0,6404434.0,0.31
305206.0,6404434.0,0.45
305208.0,6404434.0,0.78
305210.0,6404434.0,1.16
305212.0,6404434.0,1.74
305214.0,6404434.0,2.21
305216.0,6404434.0,2.6
305218.0,6404434.0,3.51
305220.0,6404434.0,4.49
305222.0,6404434.0,5.08
305224.0,6404434.0,5.28
305226.0,6404434.0,5.38
305228.0,6404434.0,4.92
305230.0,6404434.0,4.61
305232.0,6404434.0,4.69
305234.0,6404434.0,4.74
305236.0,6404434.0,4.84
305238.0,6404434.0,4.99
305240.0,6404434.0,5.33
305242.0,6404434.0,5.57
305244.0,6404434.0,5.63
305246.0,6404434.0,5.98
305248.0,6404434.0,6.01
305250.0,6404434.0,6.07
305252.0,6404434.0,6.44
305254.0,6404434.0,6.81
305256.0,6404434.0,7.0
305258.0,6404434.0,7.08
305260.0,6404434.0,7.13
305262.0,6404434.0,7.69
305264.0,6404434.0,8.38
305266.0,6404434.0,8.66
305268.0,6404434.0,9.08
305270.0,6404434.0,9.93
305272.0,6404434.0,10.31
305274.0,6404434.0,11.14
305276.0,6404434.0,11.28
305278.0,6404434.0,11.56
305280.0,6404434.0,11.82
305282.0,6404434.0,12.0
305284.0,6404434.0,12.62
305286.0,6404434.0,12.99
305288.0,6404434.0,13.28
305290.0,6404434.0,13.4
305292.0,6404434.0,13.3
305294.0,6404434.0,13.28
305296.0,6404434.0,13.34
305298.0,6404434.0,12.93
305300.0,6404434.0,12.91
305302.0,6404434.0,12.81
305304.0,6404434.0,12.7
305306.0,6404434.0,12.59
305308.0,6404434.0,12.4
305310.0,6404434.0,12.1
305312.0,6404434.0,11.81
305314.0,6404434.0,11.85
305316.0,6404434.0,11.75
305318.0,6404434.0,11.63
305320.0,6404434.0,11.57
305322.0,6404434.0,11.56
305324.0,6404434.0,11.55
305326.0,6404434.0,11.76
305328.0,6404434.0,12.05
305330.0,6404434.0,11.88
305332.0,6404434.0,11.83
305334.0,6404434.0,11.82
305336.0,6404434.0,11.38
305338.0,6404434.0,10.79
305340.0,6404434.0,10.44
305342.0,6404434.0,10.4
305344.0,6404434.0,10.41
305346.0,6404434.0,10.84
305348.0,6404434.0,10.75
305350.0,6404434.0,10.71
305352.0,6404434.0,10.77
305354.0,6404434.0,10.81
305356.0,6404434.0,10.63
305358.0,6404434.0,10.47
305360.0,6404434.0,10.4
305362.0,6404434.0,10.58
305364.0,6404434.0,10.84
305366.0,6404434.0,10.86
305368.0,6404434.0,10.81
305370.0,6404434.0,11.07
305372.0,6404434.0,11.29
305374.0,6404434.0,11.33
305376.0,6404434.0,11.36
305378.0,6404434.0,11.39
305380.0,6404434.0,11.43
305382.0,6404434.0,11.44
305384.0,6404434.0,11.46
305386.0,6404434.0,11.52
305388.0,6404434.0,11.52
305390.0,6404434.0,11.57
305392.0,6404434.0,11.6
305394.0,6404434.0,11.72
305396.0,6404434.0,11.86
305398.0,6404434.0,11.87
305400.0,6404434.0,11.78
305402.0,6404434.0,11.48
305404.0,6404434.0,11.62
305406.0,6404434.0,11.27
305408.0,6404434.0,10.67
305410.0,6404434.0,10.11
305412.0,6404434.0,10.06
305414.0,6404434.0,9.46
305416.0,6404434.0,8.91
305418.0,6404434.0,8.96
305420.0,6404434.0,9.22
305422.0,6404434.0,9.17
305424.0,6404434.0,8.92
305426.0,6404434.0,8.87
305428.0,6404434.0,8.84
305430.0,6404434.0,9.01
305432.0,6404434.0,8.97
305434.0,6404434.0,8.08
305436.0,6404434.0,7.35
305438.0,6404434.0,7.36
305440.0,6404434.0,7.26
305442.0,6404434.0,7.16
305444.0,6404434.0,7.1
305446.0,6404434.0,7.06
305448.0,6404434.0,7.36
305450.0,6404434.0,7.48
305452.0,6404434.0,7.61
305454.0,6404434.0,7.86
305456.0,6404434.0,7.49
305458.0,6404434.0,7.47
305460.0,6404434.0,7.45
305462.0,6404434.0,7.39
305464.0,6404434.0,6.97
305466.0,6404434.0,6.91
305468.0,6404434.0,6.83
305470.0,6404434.0,7.07
305472.0,6404434.0,7.29
305474.0,6404434.0,7.13
305476.0,6404434.0,6.97
305478.0,6404434.0,6.73
305480.0,6404434.0,6.79
305482.0,6404434.0,6.74
305484.0,6404434.0,6.59
305486.0,6404434.0,5.39
305488.0,6404434.0,5.13
305490.0,6404434.0,5.01
305492.0,6404434.0,5.24
305494.0,6404434.0,5.03
305496.0,6404434.0,4.87
305498.0,6404434.0,4.73
305500.0,6404434.0,4.68
305502.0,6404434.0,4.63
305504.0,6404434.0,4.71
305506.0,6404434.0,4.62
305508.0,6404434.0,4.49
305510.0,6404434.0,4.27
305512.0,6404434.0,4.54
305514.0,6404434.0,5.13
305516.0,6404434.0,4.74
305518.0,6404434.0,4.6
305520.0,6404434.0,4.35
305522.0,6404434.0,4.25
305524.0,6404434.0,3.88
305526.0,6404434.0,3.23
305528.0,6404434.0,3.14
305530.0,6404434.0,3.33
305532.0,6404434.0,3.61
305534.0,6404434.0,3.63
305536.0,6404434.0,3.74
305538.0,6404434.0,3.91
305540.0,6404434.0,4.05
305542.0,6404434.0,4.39
305544.0,6404434.0,4.6
305546.0,6404434.0,4.7
305548.0,6404434.0,4.68
305550.0,6404434.0,4.98
305552.0,6404434.0,5.23
305554.0,6404434.0,5.5
305556.0,6404434.0,5.89
305558.0,6404434.0,5.82
305560.0,6404434.0,5.54
305562.0,6404434.0,5.36
305564.0,6404434.0,5.06
305566.0,6404434.0,4.97
305568.0,6404434.0,5.03
305570.0,6404434.0,4.83
305572.0,6404434.0,4.61
305574.0,6404434.0,4.51
305576.0,6404434.0,4.41
305578.0,6404434.0,4.95
305580.0,6404434.0,4.7
305582.0,6404434.0,4.42
305584.0,6404434.0,4.97
305586.0,6404434.0,4.99
305588.0,6404434.0,4.74
305590.0,6404434.0,4.12
305592.0,6404434.0,4.07
305594.0,6404434.0,4.04
305596.0,6404434.0,4.05
305598.0,6404434.0,4.02
305600.0,6404434.0,3.94
305602.0,6404434.0,3.76
305604.0,6404434.0,3.91
305606.0,6404434.0,3.96
305608.0,6404434.0,4.04
305610.0,6404434.0,4.04
305612.0,6404434.0,4.05
305614.0,6404434.0,4.06
305616.0,6404434.0,4.07
305618.0,6404434.0,4.02
305620.0,6404434.0,4.15
305622.0,6404434.0,4.28
305624.0,6404434.0,4.32
305626.0,6404434.0,4.39
305628.0,6404434.0,4.56
305630.0,6404434.0,5.04
305632.0,6404434.0,5.3
305634.0,6404434.0,5.34
305636.0,6404434.0,5.44
305638.0,6404434.0,5.69
305640.0,6404434.0,6.01
305642.0,6404434.0,6.39
305644.0,6404434.0,6.71
305646.0,6404434.0,6.85
305648.0,6404434.0,6.96
305650.0,6404434.0,6.62
305652.0,6404434.0,6.7
305654.0,6404434.0,6.91
305656.0,6404434.0,7.24
305658.0,6404434.0,7.43
305660.0,6404434.0,8.23
305662.0,6404434.0,8.9
305664.0,6404434.0,9.25
305666.0,6404434.0,9.31
305668.0,6404434.0,9.28
305670.0,6404434.0,9.04
305672.0,6404434.0,9.65
305674.0,6404434.0,10.3
305676.0,6404434.0,10.75
305678.0,6404434.0,11.02
305680.0,6404434.0,11.2
305150.0,6404436.0,-0.31
305152.0,6404436.0,-0.31
305154.0,6404436.0,-0.31
305156.0,6404436.0,-0.31
305158.0,6404436.0,-0.31
305160.0,6404436.0,-0.31
305162.0,6404436.0,-0.31
305164.0,6404436.0,-0.31
305166.0,6404436.0,-0.31
305168.0,6404436.0,-0.31
305170.0,6404436.0,-0.31
305172.0,6404436.0,-0.31
305174.0,6404436.0,-0.31
305176.0,6404436.0,-0.31
305178.0,6404436.0,-0.31
305180.0,6404436.0,-0.31
305182.0,6404436.0,-0.31
305184.0,6404436.0,-0.31
305186.0,6404436.0,-0.31
305188.0,6404436.0,-0.31
305190.0,6404436.0,-0.31
305192.0,6404436.0,-0.31
305194.0,6404436.0,-0.31
305196.0,6404436.0,-0.31
305198.0,6404436.0,-0.31
305200.0,6404436.0,-0.31
305202.0,6404436.0,0.11
305204.0,6404436.0,0.11
305206.0,6404436.0,0.21
305208.0,6404436.0,0.45
305210.0,6404436.0,0.9
305212.0,6404436.0,1.51
305214.0,6404436.0,2.05
305216.0,6404436.0,2.54
305218.0,6404436.0,3.28
305220.0,6404436.0,4.0
305222.0,6404436.0,4.81
305224.0,6404436.0,5.09
305226.0,6404436.0,5.26
305228.0,6404436.0,5.04
305230.0,6404436.0,4.74
305232.0,6404436.0,4.81
305234.0,6404436.0,4.81
305236.0,6404436.0,4.74
305238.0,6404436.0,4.74
305240.0,6404436.0,5.03
305242.0,6404436.0,5.31
305244.0,6404436.0,5.6
305246.0,6404436.0,5.78
305248.0,6404436.0,5.88
305250.0,6404436.0,6.0
305252.0,6404436.0,6.36
305254.0,6404436.0,6.56
305256.0,6404436.0,6.78
305258.0,6404436.0,6.99
305260.0,6404436.0,7.19
305262.0,6404436.0,7.61
305264.0,6404436.0,8.05
305266.0,6404436.0,8.08
305268.0,6404436.0,8.58
305270.0,6404436.0,9.49
305272.0,6404436.0,10.44
305274.0,6404436.0,10.94
305276.0,6404436.0,11.11
305278.0,6404436.0,11.33
305280.0,6404436.0,11.58
305282.0,6404436.0,11.75
305284.0,6404436.0,12.19
305286.0,6404436.0,12.72
305288.0,6404436.0,13.2
305290.0,6404436.0,13.58
305292.0,6404436.0,13.5
305294.0,6404436.0,13.53
305296.0,6404436.0,13.52
305298.0,6404436.0,13.29
305300.0,6404436.0,13.07
305302.0,6404436.0,12.88
305304.0,6404436.0,12.81
305306.0,6404436.0,12.51
305308.0,6404436.0,12.39
305310.0,6404436.0,12.07
305312.0,6404436.0,11.86
305314.0,6404436.0,11.62
305316.0,6404436.0,11.62
305318.0,6404436.0,11.59
305320.0,6404436.0,11.6
305322.0,6404436.0,11.59
305324.0,6404436.0,11.65
305326.0,6404436.0,12.03
305328.0,6404436.0,12.41
305330.0,6404436.0,12.02
305332.0,6404436.0,11.77
305334.0,6404436.0,11.56
305336.0,6404436.0,11.26
305338.0,6404436.0,10.93
305340.0,6404436.0,10.57
305342.0,6404436.0,10.57
305344.0,6404436.0,10.91
305346.0,6404436.0,11.17
305348.0,6404436.0,11.25
305350.0,6404436.0,11.24
305352.0,6404436.0,11.51
305354.0,6404436.0,11.85
305356.0,6404436.0,11.66
305358.0,6404436.0,11.81
305360.0,6404436.0,11.4
305362.0,6404436.0,10.76
305364.0,6404436.0,10.75
305366.0,6404436.0,10.66
305368.0,6404436.0,10.64
305370.0,6404436.0,10.58
305372.0,6404436.0,10.63
305374.0,6404436.0,10.87
305376.0,6404436.0,11.2
305378.0,6404436.0,11.39
305380.0,6404436.0,11.38
305382.0,6404436.0,11.39
305384.0,6404436.0,11.39
305386.0,6404436.0,11.42
305388.0,6404436.0,11.46
305390.0,6404436.0,11.49
305392.0,6404436.0,11.46
305394.0,6404436.0,11.51
305396.0,6404436.0,11.98
305398.0,6404436.0,11.84
305400.0,6404436.0,11.49
305402.0,6404436.0,11.14
305404.0,6404436.0,10.79
305406.0,6404436.0,10.13
305408.0,6404436.0,9.57
305410.0,6404436.0,9.24
305412.0,6404436.0,8.93
305414.0,6404436.0,8.98
305416.0,6404436.0,8.88
305418.0,6404436.0,8.93
305420.0,6404436.0,9.01
305422.0,6404436.0,9.14
305424.0,6404436.0,9.18
305426.0,6404436.0,8.88
305428.0,6404436.0,8.74
305430.0,6404436.0,8.13
305432.0,6404436.0,7.67
305434.0,6404436.0,7.24
305436.0,6404436.0,7.14
305438.0,6404436.0,7.24
305440.0,6404436.0,7.27
305442.0,6404436.0,7.29
305444.0,6404436.0,7.04
305446.0,6404436.0,7.06
305448.0,6404436.0,7.25
305450.0,6404436.0,7.5
305452.0,6404436.0,7.53
305454.0,6404436.0,7.5
305456.0,6404436.0,7.49
305458.0,6404436.0,7.49
305460.0,6404436.0,7.49
305462.0,6404436.0,7.17
305464.0,6404436.0,6.57
305466.0,6404436.0,6.47
305468.0,6404436.0,6.41
305470.0,6404436.0,6.99
305472.0,6404436.0,6.98
305474.0,6404436.0,6.98
305476.0,6404436.0,6.91
305478.0,6404436.0,6.8
305480.0,6404436.0,6.6
305482.0,6404436.0,6.53
305484.0,6404436.0,6.13
305486.0,6404436.0,5.59
305488.0,6404436.0,5.36
305490.0,6404436.0,5.17
305492.0,6404436.0,5.79
305494.0,6404436.0,5.55
305496.0,6404436.0,5.24
305498.0,6404436.0,4.83
305500.0,6404436.0,4.64
305502.0,6404436.0,4.72
305504.0,6404436.0,4.58
305506.0,6404436.0,4.41
305508.0,6404436.0,4.22
305510.0,6404436.0,3.9
305512.0,6404436.0,3.63
305514.0,6404436.0,3.56
305516.0,6404436.0,3.47
305518.0,6404436.0,3.64
305520.0,6404436.0,4.01
305522.0,6404436.0,3.83
305524.0,6404436.0,3.26
305526.0,6404436.0,2.95
305528.0,6404436.0,2.76
305530.0,6404436.0,2.98
305532.0,6404436.0,3.26
305534.0,6404436.0,3.45
305536.0,6404436.0,3.65
305538.0,6404436.0,3.75
305540.0,6404436.0,3.91
305542.0,6404436.0,4.46
305544.0,6404436.0,4.83
305546.0,6404436.0,4.64
305548.0,6404436.0,4.69
305550.0,6404436.0,4.99
305552.0,6404436.0,5.58
305554.0,6404436.0,5.47
305556.0,6404436.0,5.9
305558.0,6404436.0,5.94
305560.0,6404436.0,5.84
305562.0,6404436.0,5.64
305564.0,6404436.0,5.0
305566.0,6404436.0,4.95
305568.0,6404436.0,5.02
305570.0,6404436.0,4.99
305572.0,6404436.0,4.5
305574.0,6404436.0,4.31
305576.0,6404436.0,4.31
305578.0,6404436.0,4.19
305580.0,6404436.0,4.21
305582.0,6404436.0,4.15
305584.0,6404436.0,4.16
305586.0,6404436.0,4.12
305588.0,6404436.0,4.15
305590.0,6404436.0,4.03
305592.0,6404436.0,4.03
305594.0,6404436.0,3.96
305596.0,6404436.0,3.98
305598.0,6404436.0,3.98
305600.0,6404436.0,3.85
305602.0,6404436.0,3.89
305604.0,6404436.0,4.0
305606.0,6404436.0,4.03
305608.0,6404436.0,4.04
305610.0,6404436.0,4.02
305612.0,6404436.0,4.04
305614.0,6404436.0,4.07
305616.0,6404436.0,4.07
305618.0,6404436.0,4.13
305620.0,6404436.0,4.12
305622.0,6404436.0,4.23
305624.0,6404436.0,4.29
305626.0,6404436.0,4.4
305628.0,6404436.0,4.69
305630.0,6404436.0,4.96
305632.0,6404436.0,5.23
305634.0,6404436.0,5.33
305636.0,6404436.0,5.3
305638.0,6404436.0,5.45
305640.0,6404436.0,5.83
305642.0,6404436.0,6.26
305644.0,6404436.0,6.44
305646.0,6404436.0,6.68
305648.0,6404436.0,6.6
305650.0,6404436.0,6.54
305652.0,6404436.0,6.6
305654.0,6404436.0,6.74
305656.0,6404436.0,6.65
305658.0,6404436.0,6.83
305660.0,6404436.0,7.08
305662.0,6404436.0,7.53
305664.0,6404436.0,7.86
305666.0,6404436.0,8.09
305668.0,6404436.0,7.82
305670.0,6404436.0,8.57
305672.0,6404436.0,9.31
305674.0,6404436.0,9.74
305676.0,6404436.0,9.95
305678.0,6404436.0,10.22
305680.0,6404436.0,10.42
305150.0,6404438.0,-0.31
305152.0,6404438.0,-0.31
305154.0,6404438.0,-0.31
305156.0,6404438.0,-0.31
305158.0,6404438.0,-0.31
305160.0,6404438.0,-0.31
305162.0,6404438.0,-0.31
305164.0,6404438.0,-0.31
305166.0,6404438.0,-0.31
305168.0,6404438.0,-0.31
305170.0,6404438.0,-0.31
305172.0,6404438.0,-0.31
305174.0,6404438.0,-0.31
305176.0,6404438.0,-0.31
305178.0,6404438.0,-0.31
305180.0,6404438.0,-0.31
305182.0,6404438.0,-0.31
305184.0,6404438.0,-0.31
305186.0,6404438.0,-0.31
305188.0,6404438.0,-0.31
305190.0,6404438.0,-0.31
305192.0,6404438.0,-0.31
305194.0,6404438.0,-0.31
305196.0,6404438.0,-0.31
305198.0,6404438.0,-0.31
305200.0,6404438.0,-0.31
305202.0,6404438.0,-0.31
305204.0,6404438.0,-0.03
305206.0,6404438.0,0.07
305208.0,6404438.0,0.22
305210.0,6404438.0,0.34
305212.0,6404438.0,1.02
305214.0,6404438.0,1.68
305216.0,6404438.0,2.29
305218.0,6404438.0,2.88
305220.0,6404438.0,3.61
305222.0,6404438.0,4.35
305224.0,6404438.0,4.59
305226.0,6404438.0,4.75
305228.0,6404438.0,4.66
305230.0,6404438.0,4.59
305232.0,6404438.0,4.55
305234.0,6404438.0,4.84
305236.0,6404438.0,4.81
305238.0,6404438.0,4.78
305240.0,6404438.0,4.75
305242.0,6404438.0,4.91
305244.0,6404438.0,5.15
305246.0,6404438.0,5.42
305248.0,6404438.0,5.66
305250.0,6404438.0,5.93
305252.0,6404438.0,6.0
305254.0,6404438.0,6.27
305256.0,6404438.0,6.56
305258.0,6404438.0,6.7
305260.0,6404438.0,6.97
305262.0,6404438.0,7.23
305264.0,6404438.0,7.59
305266.0,6404438.0,7.83
305268.0,6404438.0,8.06
305270.0,6404438.0,9.15
305272.0,6404438.0,10.27
305274.0,6404438.0,10.96
305276.0,6404438.0,11.01
305278.0,6404438.0,11.15
305280.0,6404438.0,11.41
305282.0,6404438.0,11.63
305284.0,6404438.0,11.93
305286.0,6404438.0,12.26
305288.0,6404438.0,12.58
305290.0,6404438.0,13.11
305292.0,6404438.0,13.54
305294.0,6404438.0,13.66
305296.0,6404438.0,13.66
305298.0,6404438.0,13.57
305300.0,6404438.0,13.31
305302.0,6404438.0,13.12
305304.0,6404438.0,12.81
305306.0,6404438.0,12.56
305308.0,6404438.0,12.38
305310.0,6404438.0,12.26
305312.0,6404438.0,12.02
305314.0,6404438.0,11.7
305316.0,6404438.0,11.67
305318.0,6404438.0,11.64
305320.0,6404438.0,11.6
305322.0,6404438.0,11.7
305324.0,6404438.0,11.88
305326.0,6404438.0,12.33
305328.0,6404438.0,12.65
305330.0,6404438.0,12.25
305332.0,6404438.0,11.8
305334.0,6404438.0,11.29
305336.0,6404438.0,11.07
305338.0,6404438.0,11.02
305340.0,6404438.0,10.76
305342.0,6404438.0,11.21
305344.0,6404438.0,11.65
305346.0,6404438.0,11.77
305348.0,6404438.0,11.78
305350.0,6404438.0,11.96
305352.0,6404438.0,12.41
305354.0,6404438.0,12.8
305356.0,6404438.0,12.64
305358.0,6404438.0,12.53
305360.0,6404438.0,12.14
305362.0,6404438.0,11.55
305364.0,6404438.0,11.18
305366.0,6404438.0,10.83
305368.0,6404438.0,10.53
305370.0,6404438.0,10.48
305372.0,6404438.0,10.38
305374.0,6404438.0,10.35
305376.0,6404438.0,10.59
305378.0,6404438.0,11.08
305380.0,6404438.0,11.25
305382.0,6404438.0,11.28
305384.0,6404438.0,11.35
305386.0,6404438.0,11.55
305388.0,6404438.0,11.62
305390.0,6404438.0,11.6
305392.0,6404438.0,11.5
305394.0,6404438.0,11.51
305396.0,6404438.0,11.68
305398.0,6404438.0,11.6
305400.0,6404438.0,10.88
305402.0,6404438.0,9.85
305404.0,6404438.0,9.74
305406.0,6404438.0,8.73
305408.0,6404438.0,8.65
305410.0,6404438.0,8.72
305412.0,6404438.0,8.77
305414.0,6404438.0,8.98
305416.0,6404438.0,8.86
305418.0,6404438.0,8.84
305420.0,6404438.0,8.63
305422.0,6404438.0,8.9
305424.0,6404438.0,8.44
305426.0,6404438.0,7.46
305428.0,6404438.0,7.57
305430.0,6404438.0,7.33
305432.0,6404438.0,7.11
305434.0,6404438.0,6.98
305436.0,6404438.0,7.03
305438.0,6404438.0,7.07
305440.0,6404438.0,7.06
305442.0,6404438.0,7.01
305444.0,6404438.0,6.99
305446.0,6404438.0,6.96
305448.0,6404438.0,6.98
305450.0,6404438.0,6.52
305452.0,6404438.0,5.97
305454.0,6404438.0,6.42
305456.0,6404438.0,5.73
305458.0,6404438.0,6.54
305460.0,6404438.0,7.17
305462.0,6404438.0,6.09
305464.0,6404438.0,6.08
305466.0,6404438.0,6.01
305468.0,6404438.0,6.51
305470.0,6404438.0,7.0
305472.0,6404438.0,6.93
305474.0,6404438.0,7.06
305476.0,6404438.0,6.87
305478.0,6404438.0,6.7
305480.0,6404438.0,6.47
305482.0,6404438.0,6.31
305484.0,6404438.0,5.86
305486.0,6404438.0,5.25
305488.0,6404438.0,4.91
305490.0,6404438.0,5.13
305492.0,6404438.0,5.53
305494.0,6404438.0,5.36
305496.0,6404438.0,5.71
305498.0,6404438.0,5.79
305500.0,6404438.0,5.12
305502.0,6404438.0,4.95
305504.0,6404438.0,4.96
305506.0,6404438.0,4.35
305508.0,6404438.0,3.96
305510.0,6404438.0,3.83
305512.0,6404438.0,3.68
305514.0,6404438.0,3.62
305516.0,6404438.0,3.26
305518.0,6404438.0,2.65
305520.0,6404438.0,2.56
305522.0,6404438.0,2.88
305524.0,6404438.0,2.49
305526.0,6404438.0,2.46
305528.0,6404438.0,2.62
305530.0,6404438.0,2.6
305532.0,6404438.0,3.11
305534.0,6404438.0,3.42
305536.0,6404438.0,3.59
305538.0,6404438.0,3.69
305540.0,6404438.0,4.03
305542.0,6404438.0,4.43
305544.0,6404438.0,4.29
305546.0,6404438.0,4.16
305548.0,6404438.0,4.28
305550.0,6404438.0,4.4
305552.0,6404438.0,4.67
305554.0,6404438.0,5.02
305556.0,6404438.0,5.29
305558.0,6404438.0,5.5
305560.0,6404438.0,5.64
305562.0,6404438.0,5.49
305564.0,6404438.0,5.14
305566.0,6404438.0,5.02
305568.0,6404438.0,4.85
305570.0,6404438.0,4.48
305572.0,6404438.0,4.16
305574.0,6404438.0,4.1
305576.0,6404438.0,4.15
305578.0,6404438.0,4.16
305580.0,6404438.0,4.14
305582.0,6404438.0,4.13
305584.0,6404438.0,4.14
305586.0,6404438.0,4.14
305588.0,6404438.0,4.06
305590.0,6404438.0,4.05
305592.0,6404438.0,3.99
305594.0,6404438.0,4.02
305596.0,6404438.0,3.92
305598.0,6404438.0,3.99
305600.0,6404438.0,3.94
305602.0,6404438.0,3.95
305604.0,6404438.0,4.04
305606.0,6404438.0,4.07
305608.0,6404438.0,4.12
305610.0,6404438.0,4.09
305612.0,6404438.0,4.06
305614.0,6404438.0,4.08
305616.0,6404438.0,4.08
305618.0,6404438.0,4.13
305620.0,6404438.0,4.13
305622.0,6404438.0,4.18
305624.0,6404438.0,4.29
305626.0,6404438.0,4.35
305628.0,6404438.0,4.54
305630.0,6404438.0,4.81
305632.0,6404438.0,5.09
305634.0,6404438.0,5.27
305636.0,6404438.0,5.29
305638.0,6404438.0,5.37
305640.0,6404438.0,5.61
305642.0,6404438.0,5.86
305644.0,6404438.0,6.1
305646.0,6404438.0,6.28
305648.0,6404438.0,6.28
305650.0,6404438.0,6.62
305652.0,6404438.0,6.58
305654.0,6404438.0,6.49
305656.0,6404438.0,6.39
305658.0,6404438.0,6.38
305660.0,6404438.0,6.55
305662.0,6404438.0,6.66
305664.0,6404438.0,6.7
305666.0,6404438.0,6.87
305668.0,6404438.0,7.48
305670.0,6404438.0,8.39
305672.0,6404438.0,8.82
305674.0,6404438.0,8.94
305676.0,6404438.0,9.12
305678.0,6404438.0,9.24
305680.0,6404438.0,9.29
305150.0,6404440.0,-0.31
305152.0,6404440.0,-0.31
305154.0,6404440.0,-0.31
305156.0,6404440.0,-0.31
305158.0,6404440.0,-0.31
305160.0,6404440.0,-0.31
305162.0,6404440.0,-0.31
305164.0,6404440.0,-0.31
305166.0,6404440.0,-0.31
305168.0,6404440.0,-0.31
305170.0,6404440.0,-0.31
305172.0,6404440.0,-0.31
305174.0,6404440.0,-0.31
305176.0,6404440.0,-0.31
305178.0,6404440.0,-0.31
305180.0,6404440.0,-0.31
305182.0,6404440.0,-0.31
305184.0,6404440.0,-0.31
305186.0,6404440.0,-0.31
305188.0,6404440.0,-0.31
305190.0,6404440.0,-0.31
305192.0,6404440.0,-0.31
305194.0,6404440.0,-0.31
305196.0,6404440.0,-0.31
305198.0,6404440.0,-0.31
305200.0,6404440.0,-0.31
305202.0,6404440.0,-0.31
305204.0,6404440.0,-0.31
305206.0,6404440.0,-0.08
305208.0,6404440.0,0.02
305210.0,6404440.0,0.22
305212.0,6404440.0,0.98
305214.0,6404440.0,1.49
305216.0,6404440.0,2.38
305218.0,6404440.0,2.78
305220.0,6404440.0,3.41
305222.0,6404440.0,3.87
305224.0,6404440.0,4.0
305226.0,6404440.0,3.8
305228.0,6404440.0,4.02
305230.0,6404440.0,4.03
305232.0,6404440.0,4.03
305234.0,6404440.0,4.4
305236.0,6404440.0,4.66
305238.0,6404440.0,4.69
305240.0,6404440.0,4.64
305242.0,6404440.0,4.79
305244.0,6404440.0,4.97
305246.0,6404440.0,5.3
305248.0,6404440.0,5.67
305250.0,6404440.0,5.79
305252.0,6404440.0,5.9
305254.0,6404440.0,6.03
305256.0,6404440.0,6.29
305258.0,6404440.0,6.59
305260.0,6404440.0,6.74
305262.0,6404440.0,7.02
305264.0,6404440.0,7.22
305266.0,6404440.0,7.76
305268.0,6404440.0,8.06
305270.0,6404440.0,8.61
305272.0,6404440.0,10.23
305274.0,6404440.0,10.65
305276.0,6404440.0,11.22
305278.0,6404440.0,11.3
305280.0,6404440.0,11.41
305282.0,6404440.0,11.9
305284.0,6404440.0,12.01
305286.0,6404440.0,12.12
305288.0,6404440.0,12.19
305290.0,6404440.0,12.19
305292.0,6404440.0,13.05
305294.0,6404440.0,13.66
305296.0,6404440.0,13.69
305298.0,6404440.0,13.62
305300.0,6404440.0,13.38
305302.0,6404440.0,13.28
305304.0,6404440.0,12.97
305306.0,6404440.0,12.5
305308.0,6404440.0,12.42
305310.0,6404440.0,12.31
305312.0,6404440.0,12.29
305314.0,6404440.0,12.16
305316.0,6404440.0,11.96
305318.0,6404440.0,12.04
305320.0,6404440.0,12.04
305322.0,6404440.0,12.04
305324.0,6404440.0,12.17
305326.0,6404440.0,12.13
305328.0,6404440.0,12.27
305330.0,6404440.0,12.06
305332.0,6404440.0,11.69
305334.0,6404440.0,11.41
305336.0,6404440.0,11.08
305338.0,6404440.0,11.35
305340.0,6404440.0,12.64
305342.0,6404440.0,12.67
305344.0,6404440.0,12.31
305346.0,6404440.0,12.46
305348.0,6404440.0,12.7
305350.0,6404440.0,12.85
305352.0,6404440.0,12.93
305354.0,6404440.0,13.04
305356.0,6404440.0,12.91
305358.0,6404440.0,12.8
305360.0,6404440.0,12.54
305362.0,6404440.0,12.08
305364.0,6404440.0,11.69
305366.0,6404440.0,11.27
305368.0,6404440.0,10.83
305370.0,6404440.0,10.47
305372.0,6404440.0,10.39
305374.0,6404440.0,10.32
305376.0,6404440.0,10.23
305378.0,6404440.0,10.18
305380.0,6404440.0,10.76
305382.0,6404440.0,11.11
305384.0,6404440.0,11.49
305386.0,6404440.0,11.85
305388.0,6404440.0,12.1
305390.0,6404440.0,11.98
305392.0,6404440.0,11.72
305394.0,6404440.0,11.34
305396.0,6404440.0,11.06
305398.0,6404440.0,10.76
305400.0,6404440.0,10.56
305402.0,6404440.0,9.81
305404.0,6404440.0,8.59
305406.0,6404440.0,8.57
305408.0,6404440.0,8.65
305410.0,6404440.0,8.72
305412.0,6404440.0,8.85
305414.0,6404440.0,8.84
305416.0,6404440.0,8.37
305418.0,6404440.0,7.71
305420.0,6404440.0,7.74
305422.0,6404440.0,7.48
305424.0,6404440.0,7.33
305426.0,6404440.0,7.19
305428.0,6404440.0,7.12
305430.0,6404440.0,6.85
305432.0,6404440.0,6.62
305434.0,6404440.0,6.72
305436.0,6404440.0,6.76
305438.0,6404440.0,6.82
305440.0,6404440.0,6.83
305442.0,6404440.0,6.86
305444.0,6404440.0,6.86
305446.0,6404440.0,6.86
305448.0,6404440.0,6.98
305450.0,6404440.0,6.3
305452.0,6404440.0,5.48
305454.0,6404440.0,5.74
305456.0,6404440.0,5.73
305458.0,6404440.0,5.76
305460.0,6404440.0,5.79
305462.0,6404440.0,5.86
305464.0,6404440.0,5.86
305466.0,6404440.0,6.03
305468.0,6404440.0,6.58
305470.0,6404440.0,6.43
305472.0,6404440.0,6.48
305474.0,6404440.0,6.75
305476.0,6404440.0,6.76
305478.0,6404440.0,6.57
305480.0,6404440.0,6.26
305482.0,6404440.0,5.81
305484.0,6404440.0,5.24
305486.0,6404440.0,4.84
305488.0,6404440.0,4.81
305490.0,6404440.0,4.77
305492.0,6404440.0,4.88
305494.0,6404440.0,4.97
305496.0,6404440.0,5.33
305498.0,6404440.0,5.82
305500.0,6404440.0,5.55
305502.0,6404440.0,5.57
305504.0,6404440.0,5.39
305506.0,6404440.0,4.49
305508.0,6404440.0,4.21
305510.0,6404440.0,3.89
305512.0,6404440.0,3.61
305514.0,6404440.0,3.43
305516.0,6404440.0,2.71
305518.0,6404440.0,2.49
305520.0,6404440.0,2.45
305522.0,6404440.0,2.5
305524.0,6404440.0,2.47
305526.0,6404440.0,2.47
305528.0,6404440.0,2.51
305530.0,6404440.0,2.5
305532.0,6404440.0,2.61
305534.0,6404440.0,2.98
305536.0,6404440.0,3.31
305538.0,6404440.0,3.86
305540.0,6404440.0,3.92
305542.0,6404440.0,4.0
305544.0,6404440.0,3.65
305546.0,6404440.0,3.76
305548.0,6404440.0,3.86
305550.0,6404440.0,3.87
305552.0,6404440.0,4.27
305554.0,6404440.0,4.44
305556.0,6404440.0,4.69
305558.0,6404440.0,5.03
305560.0,6404440.0,5.24
305562.0,6404440.0,5.12
305564.0,6404440.0,5.0
305566.0,6404440.0,4.77
305568.0,6404440.0,4.4
305570.0,6404440.0,4.0
305572.0,6404440.0,4.0
305574.0,6404440.0,4.06
305576.0,6404440.0,4.12
305578.0,6404440.0,4.16
305580.0,6404440.0,4.13
305582.0,6404440.0,4.12
305584.0,6404440.0,4.1
305586.0,6404440.0,4.1
305588.0,6404440.0,4.07
305590.0,6404440.0,4.05
305592.0,6404440.0,4.1
305594.0,6404440.0,3.96
305596.0,6404440.0,3.98
305598.0,6404440.0,3.99
305600.0,6404440.0,4.05
305602.0,6404440.0,4.06
305604.0,6404440.0,4.07
305606.0,6404440.0,4.13
305608.0,6404440.0,4.27
305610.0,6404440.0,4.24
305612.0,6404440.0,4.11
305614.0,6404440.0,4.13
305616.0,6404440.0,4.12
305618.0,6404440.0,4.16
305620.0,6404440.0,4.25
305622.0,6404440.0,4.25
305624.0,6404440.0,4.24
305626.0,6404440.0,4.28
305628.0,6404440.0,4.37
305630.0,6404440.0,4.64
305632.0,6404440.0,4.93
305634.0,6404440.0,5.16
305636.0,6404440.0,5.26
305638.0,6404440.0,5.37
305640.0,6404440.0,5.5
305642.0,6404440.0,5.73
305644.0,6404440.0,5.74
305646.0,6404440.0,6.04
305648.0,6404440.0,6.45
305650.0,6404440.0,6.51
305652.0,6404440.0,6.41
305654.0,6404440.0,6.45
305656.0,6404440.0,6.42
305658.0,6404440.0,6.48
305660.0,6404440.0,6.6
305662.0,6404440.0,6.64
305664.0,6404440.0,6.67
305666.0,6404440.0,7.05
305668.0,6404440.0,7.31
305670.0,6404440.0,8.1
305672.0,6404440.0,8.6
305674.0,6404440.0,8.91
305676.0,6404440.0,9.05
305678.0,6404440.0,9.3
305680.0,6404440.0,8.9
305150.0,6404442.0,-0.31
305152.0,6404442.0,-0.31
305154.0,6404442.0,-0.31
305156.0,6404442.0,-0.31
305158.0,6404442.0,-0.31
305160.0,6404442.0,-0.31
305162.0,6404442.0,-0.31
305164.0,6404442.0,-0.31
305166.0,6404442.0,-0.31
305168.0,6404442.0,-0.31
305170.0,6404442.0,-0.31
305172.0,6404442.0,-0.31
305174.0,6404442.0,-0.31
305176.0,6404442.0,-0.31
305178.0,6404442.0,-0.31
305180.0,6404442.0,-0.31
305182.0,6404442.0,-0.31
305184.0,6404442.0,-0.31
305186.0,6404442.0,-0.31
305188.0,6404442.0,-0.31
305190.0,6404442.0,-0.31
305192.0,6404442.0,-0.31
305194.0,6404442.0,-0.31
305196.0,6404442.0,-0.31
305198.0,6404442.0,-0.31
305200.0,6404442.0,-0.31
305202.0,6404442.0,-0.31
305204.0,6404442.0,-0.31
305206.0,6404442.0,-0.31
305208.0,6404442.0,-0.16
305210.0,6404442.0,0.29
305212.0,6404442.0,0.76
305214.0,6404442.0,1.45
305216.0,6404442.0,2.05
305218.0,6404442.0,2.31
305220.0,6404442.0,2.7
305222.0,6404442.0,3.14
305224.0,6404442.0,3.13
305226.0,6404442.0,3.13
305228.0,6404442.0,3.34
305230.0,6404442.0,3.35
305232.0,6404442.0,3.67
305234.0,6404442.0,3.99
305236.0,6404442.0,4.37
305238.0,6404442.0,4.54
305240.0,6404442.0,4.55
305242.0,6404442.0,4.54
305244.0,6404442.0,4.79
305246.0,6404442.0,5.09
305248.0,6404442.0,5.43
305250.0,6404442.0,5.58
305252.0,6404442.0,5.68
305254.0,6404442.0,5.84
305256.0,6404442.0,6.17
305258.0,6404442.0,6.5
305260.0,6404442.0,6.64
305262.0,6404442.0,6.86
305264.0,6404442.0,7.09
305266.0,6404442.0,7.45
305268.0,6404442.0,7.71
305270.0,6404442.0,8.14
305272.0,6404442.0,8.33
305274.0,6404442.0,9.36
305276.0,6404442.0,9.99
305278.0,6404442.0,10.72
305280.0,6404442.0,10.94
305282.0,6404442.0,11.41
305284.0,6404442.0,11.99
305286.0,6404442.0,11.75
305288.0,6404442.0,11.88
305290.0,6404442.0,12.0
305292.0,6404442.0,12.38
305294.0,6404442.0,13.01
305296.0,6404442.0,13.67
305298.0,6404442.0,13.55
305300.0,6404442.0,13.42
305302.0,6404442.0,13.35
305304.0,6404442.0,12.99
305306.0,6404442.0,12.82
305308.0,6404442.0,12.7
305310.0,6404442.0,12.59
305312.0,6404442.0,12.56
305314.0,6404442.0,12.66
305316.0,6404442.0,12.67
305318.0,6404442.0,13.09
305320.0,6404442.0,12.76
305322.0,6404442.0,12.57
305324.0,6404442.0,12.46
305326.0,6404442.0,12.24
305328.0,6404442.0,11.98
305330.0,6404442.0,11.97
305332.0,6404442.0,12.0
305334.0,6404442.0,11.93
305336.0,6404442.0,12.76
305338.0,6404442.0,13.66
305340.0,6404442.0,13.64
305342.0,6404442.0,13.27
305344.0,6404442.0,12.97
305346.0,6404442.0,13.35
305348.0,6404442.0,13.45
305350.0,6404442.0,13.39
305352.0,6404442.0,13.45
305354.0,6404442.0,13.33
305356.0,6404442.0,13.13
305358.0,6404442.0,13.02
305360.0,6404442.0,13.09
305362.0,6404442.0,12.93
305364.0,6404442.0,12.64
305366.0,6404442.0,12.19
305368.0,6404442.0,11.6
305370.0,6404442.0,10.83
305372.0,6404442.0,10.62
305374.0,6404442.0,10.26
305376.0,6404442.0,10.2
305378.0,6404442.0,10.06
305380.0,6404442.0,10.03
305382.0,6404442.0,10.59
305384.0,6404442.0,10.65
305386.0,6404442.0,11.3
305388.0,6404442.0,11.91
305390.0,6404442.0,11.67
305392.0,6404442.0,11.68
305394.0,6404442.0,11.32
305396.0,6404442.0,11.14
305398.0,6404442.0,10.74
305400.0,6404442.0,10.08
305402.0,6404442.0,8.6
305404.0,6404442.0,8.26
305406.0,6404442.0,8.41
305408.0,6404442.0,8.53
305410.0,6404442.0,8.37
305412.0,6404442.0,7.99
305414.0,6404442.0,8.61
305416.0,6404442.0,7.78
305418.0,6404442.0,7.22
305420.0,6404442.0,7.17
305422.0,6404442.0,7.18
305424.0,6404442.0,7.07
305426.0,6404442.0,6.92
305428.0,6404442.0,6.75
305430.0,6404442.0,6.53
305432.0,6404442.0,6.42
305434.0,6404442.0,6.35
305436.0,6404442.0,6.39
305438.0,6404442.0,6.45
305440.0,6404442.0,6.69
305442.0,6404442.0,6.68
305444.0,6404442.0,6.72
305446.0,6404442.0,6.45
305448.0,6404442.0,6.4
305450.0,6404442.0,5.45
305452.0,6404442.0,5.46
305454.0,6404442.0,5.44
305456.0,6404442.0,5.51
305458.0,6404442.0,5.66
305460.0,6404442.0,5.79
305462.0,6404442.0,5.88
305464.0,6404442.0,5.72
305466.0,6404442.0,5.95
305468.0,6404442.0,6.08
305470.0,6404442.0,6.02
305472.0,6404442.0,6.07
305474.0,6404442.0,6.28
305476.0,6404442.0,6.06
305478.0,6404442.0,5.81
305480.0,6404442.0,5.77
305482.0,6404442.0,5.47
305484.0,6404442.0,4.89
305486.0,6404442.0,4.71
305488.0,6404442.0,4.7
305490.0,6404442.0,4.83
305492.0,6404442.0,5.0
305494.0,6404442.0,5.21
305496.0,6404442.0,4.88
305498.0,6404442.0,5.11
305500.0,6404442.0,5.24
305502.0,6404442.0,5.21
305504.0,6404442.0,4.77
305506.0,6404442.0,4.07
305508.0,6404442.0,3.97
305510.0,6404442.0,3.78
305512.0,6404442.0,3.36
305514.0,6404442.0,2.7
305516.0,6404442.0,2.56
305518.0,6404442.0,2.42
305520.0,6404442.0,2.49
305522.0,6404442.0,2.4
305524.0,6404442.0,2.44
305526.0,6404442.0,2.46
305528.0,6404442.0,2.47
305530.0,6404442.0,2.52
305532.0,6404442.0,2.59
305534.0,6404442.0,2.85
305536.0,6404442.0,3.31
305538.0,6404442.0,3.81
305540.0,6404442.0,3.85
305542.0,6404442.0,3.6
305544.0,6404442.0,3.21
305546.0,6404442.0,3.16
305548.0,6404442.0,3.12
305550.0,6404442.0,3.5
305552.0,6404442.0,3.97
305554.0,6404442.0,3.98
305556.0,6404442.0,4.1
305558.0,6404442.0,4.36
305560.0,6404442.0,4.44
305562.0,6404442.0,4.65
305564.0,6404442.0,4.72
305566.0,6404442.0,4.37
305568.0,6404442.0,4.03
305570.0,6404442.0,4.0
305572.0,6404442.0,4.03
305574.0,6404442.0,4.04
305576.0,6404442.0,4.03
305578.0,6404442.0,4.06
305580.0,6404442.0,4.05
305582.0,6404442.0,4.07
305584.0,6404442.0,4.01
305586.0,6404442.0,4.1
305588.0,6404442.0,4.11
305590.0,6404442.0,4.09
305592.0,6404442.0,4.05
305594.0,6404442.0,3.95
305596.0,6404442.0,3.98
305598.0,6404442.0,4.0
305600.0,6404442.0,4.04
305602.0,6404442.0,4.14
305604.0,6404442.0,4.1
305606.0,6404442.0,4.1
305608.0,6404442.0,4.24
305610.0,6404442.0,4.32
305612.0,6404442.0,4.33
305614.0,6404442.0,4.25
305616.0,6404442.0,4.21
305618.0,6404442.0,4.24
305620.0,6404442.0,4.24
305622.0,6404442.0,4.24
305624.0,6404442.0,4.26
305626.0,6404442.0,4.25
305628.0,6404442.0,4.26
305630.0,6404442.0,4.52
305632.0,6404442.0,4.81
305634.0,6404442.0,5.13
305636.0,6404442.0,5.25
305638.0,6404442.0,5.3
305640.0,6404442.0,5.43
305642.0,6404442.0,5.51
305644.0,6404442.0,5.46
305646.0,6404442.0,6.18
305648.0,6404442.0,6.37
305650.0,6404442.0,6.36
305652.0,6404442.0,6.6
305654.0,6404442.0,6.96
305656.0,6404442.0,6.72
305658.0,6404442.0,6.53
305660.0,6404442.0,6.89
305662.0,6404442.0,7.18
305664.0,6404442.0,7.07
305666.0,6404442.0,7.03
305668.0,6404442.0,7.16
305670.0,6404442.0,8.01
305672.0,6404442.0,8.23
305674.0,6404442.0,8.93
305676.0,6404442.0,9.14
305678.0,6404442.0,9.58
305680.0,6404442.0,9.7
305150.0,6404444.0,-0.31
305152.0,6404444.0,-0.31
305154.0,6404444.0,-0.31
305156.0,6404444.0,-0.31
305158.0,6404444.0,-0.31
305160.0,6404444.0,-0.31
305162.0,6404444.0,-0.31
305164.0,6404444.0,-0.31
305166.0,6404444.0,-0.31
305168.0,6404444.0,-0.31
305170.0,6404444.0,-0.31
305172.0,6404444.0,-0.31
305174.0,6404444.0,-0.31
305176.0,6404444.0,-0.31
305178.0,6404444.0,-0.31
305180.0,6404444.0,-0.31
305182.0,6404444.0,-0.31
305184.0,6404444.0,-0.31
305186.0,6404444.0,-0.31
305188.0,6404444.0,-0.31
305190.0,6404444.0,-0.31
305192.0,6404444.0,-0.31
305194.0,6404444.0,-0.31
305196.0,6404444.0,-0.31
305198.0,6404444.0,-0.31
305200.0,6404444.0,-0.31
305202.0,6404444.0,-0.31
305204.0,6404444.0,-0.31
305206.0,6404444.0,-0.31
305208.0,6404444.0,-0.31
305210.0,6404444.0,0.27
305212.0,6404444.0,0.77
305214.0,6404444.0,1.25
305216.0,6404444.0,1.59
305218.0,6404444.0,1.79
305220.0,6404444.0,2.03
305222.0,6404444.0,2.04
305224.0,6404444.0,1.98
305226.0,6404444.0,2.71
305228.0,6404444.0,2.98
305230.0,6404444.0,2.99
305232.0,6404444.0,3.47
305234.0,6404444.0,3.8
305236.0,6404444.0,3.91
305238.0,6404444.0,3.83
305240.0,6404444.0,4.22
305242.0,6404444.0,4.5
305244.0,6404444.0,4.51
305246.0,6404444.0,4.72
305248.0,6404444.0,5.22
305250.0,6404444.0,5.35
305252.0,6404444.0,5.44
305254.0,6404444.0,5.68
305256.0,6404444.0,5.98
305258.0,6404444.0,6.34
305260.0,6404444.0,6.56
305262.0,6404444.0,6.85
305264.0,6404444.0,6.85
305266.0,6404444.0,7.2
305268.0,6404444.0,7.36
305270.0,6404444.0,7.9
305272.0,6404444.0,8.18
305274.0,6404444.0,8.49
305276.0,6404444.0,8.73
305278.0,6404444.0,10.3
305280.0,6404444.0,10.57
305282.0,6404444.0,10.85
305284.0,6404444.0,11.17
305286.0,6404444.0,11.43
305288.0,6404444.0,11.72
305290.0,6404444.0,12.15
305292.0,6404444.0,12.39
305294.0,6404444.0,12.73
305296.0,6404444.0,12.9
305298.0,6404444.0,13.56
305300.0,6404444.0,13.37
305302.0,6404444.0,13.15
305304.0,6404444.0,12.88
305306.0,6404444.0,13.13
305308.0,6404444.0,13.4
305310.0,6404444.0,13.19
305312.0,6404444.0,13.39
305314.0,6404444.0,13.32
305316.0,6404444.0,13.98
305318.0,6404444.0,13.78
305320.0,6404444.0,13.61
305322.0,6404444.0,13.01
305324.0,6404444.0,12.77
305326.0,6404444.0,12.63
305328.0,6404444.0,12.29
305330.0,6404444.0,12.46
305332.0,6404444.0,12.9
305334.0,6404444.0,13.25
305336.0,6404444.0,13.91
305338.0,6404444.0,14.19
305340.0,6404444.0,14.01
305342.0,6404444.0,13.78
305344.0,6404444.0,13.79
305346.0,6404444.0,13.96
305348.0,6404444.0,13.85
305350.0,6404444.0,13.73
305352.0,6404444.0,13.8
305354.0,6404444.0,13.97
305356.0,6404444.0,13.62
305358.0,6404444.0,13.22
305360.0,6404444.0,13.09
305362.0,6404444.0,13.09
305364.0,6404444.0,12.9
305366.0,6404444.0,12.82
305368.0,6404444.0,12.46
305370.0,6404444.0,11.79
305372.0,6404444.0,10.99
305374.0,6404444.0,10.51
305376.0,6404444.0,10.26
305378.0,6404444.0,10.1
305380.0,6404444.0,9.98
305382.0,6404444.0,9.89
305384.0,6404444.0,9.88
305386.0,6404444.0,10.21
305388.0,6404444.0,10.12
305390.0,6404444.0,9.99
305392.0,6404444.0,10.54
305394.0,6404444.0,10.93
305396.0,6404444.0,10.8
305398.0,6404444.0,9.69
305400.0,6404444.0,8.19
305402.0,6404444.0,7.96
305404.0,6404444.0,8.08
305406.0,6404444.0,8.23
305408.0,6404444.0,7.87
305410.0,6404444.0,7.82
305412.0,6404444.0,7.46
305414.0,6404444.0,7.38
305416.0,6404444.0,6.9
305418.0,6404444.0,6.89
305420.0,6404444.0,6.92
305422.0,6404444.0,7.03
305424.0,6404444.0,6.99
305426.0,6404444.0,6.84
305428.0,6404444.0,6.64
305430.0,6404444.0,6.44
305432.0,6404444.0,6.3
305434.0,6404444.0,6.17
305436.0,6404444.0,6.06
305438.0,6404444.0,5.93
305440.0,6404444.0,5.81
305442.0,6404444.0,5.56
305444.0,6404444.0,5.48
305446.0,6404444.0,5.25
305448.0,6404444.0,5.23
305450.0,6404444.0,5.16
305452.0,6404444.0,5.17
305454.0,6404444.0,5.13
305456.0,6404444.0,4.94
305458.0,6404444.0,5.02
305460.0,6404444.0,5.44
305462.0,6404444.0,5.64
305464.0,6404444.0,5.17
305466.0,6404444.0,4.92
305468.0,6404444.0,5.0
305470.0,6404444.0,5.4
305472.0,6404444.0,5.51
305474.0,6404444.0,5.47
305476.0,6404444.0,5.24
305478.0,6404444.0,5.21
305480.0,6404444.0,5.04
305482.0,6404444.0,4.78
305484.0,6404444.0,4.72
305486.0,6404444.0,4.68
305488.0,6404444.0,4.89
305490.0,6404444.0,5.23
305492.0,6404444.0,5.35
305494.0,6404444.0,5.18
305496.0,6404444.0,4.81
305498.0,6404444.0,4.54
305500.0,6404444.0,4.57
305502.0,6404444.0,4.62
305504.0,6404444.0,4.28
305506.0,6404444.0,3.71
305508.0,6404444.0,3.46
305510.0,6404444.0,2.99
305512.0,6404444.0,2.67
305514.0,6404444.0,2.45
305516.0,6404444.0,2.36
305518.0,6404444.0,2.52
305520.0,6404444.0,2.39
305522.0,6404444.0,2.4
305524.0,6404444.0,2.42
305526.0,6404444.0,2.43
305528.0,6404444.0,2.45
305530.0,6404444.0,2.43
305532.0,6404444.0,2.47
305534.0,6404444.0,2.52
305536.0,6404444.0,2.81
305538.0,6404444.0,2.85
305540.0,6404444.0,3.16
305542.0,6404444.0,2.89
305544.0,6404444.0,2.83
305546.0,6404444.0,2.78
305548.0,6404444.0,2.86
305550.0,6404444.0,3.15
305552.0,6404444.0,3.72
305554.0,6404444.0,3.31
305556.0,6404444.0,3.53
305558.0,6404444.0,3.63
305560.0,6404444.0,3.83
305562.0,6404444.0,4.05
305564.0,6404444.0,4.05
305566.0,6404444.0,4.06
305568.0,6404444.0,4.02
305570.0,6404444.0,4.03
305572.0,6404444.0,3.99
305574.0,6404444.0,3.97
305576.0,6404444.0,3.87
305578.0,6404444.0,3.83
305580.0,6404444.0,3.86
305582.0,6404444.0,3.88
305584.0,6404444.0,3.91
305586.0,6404444.0,4.09
305588.0,6404444.0,4.12
305590.0,6404444.0,4.15
305592.0,6404444.0,4.07
305594.0,6404444.0,4.0
305596.0,6404444.0,4.01
305598.0,6404444.0,4.04
305600.0,6404444.0,4.16
305602.0,6404444.0,4.18
305604.0,6404444.0,4.26
305606.0,6404444.0,4.39
305608.0,6404444.0,4.56
305610.0,6404444.0,4.31
305612.0,6404444.0,4.33
305614.0,6404444.0,4.34
305616.0,6404444.0,4.24
305618.0,6404444.0,4.23
305620.0,6404444.0,4.21
305622.0,6404444.0,4.25
305624.0,6404444.0,4.27
305626.0,6404444.0,4.25
305628.0,6404444.0,4.35
305630.0,6404444.0,4.49
305632.0,6404444.0,4.69
305634.0,6404444.0,5.07
305636.0,6404444.0,5.17
305638.0,6404444.0,5.25
305640.0,6404444.0,5.25
305642.0,6404444.0,5.28
305644.0,6404444.0,5.26
305646.0,6404444.0,5.48
305648.0,6404444.0,6.01
305650.0,6404444.0,6.79
305652.0,6404444.0,7.04
305654.0,6404444.0,7.02
305656.0,6404444.0,7.08
305658.0,6404444.0,6.78
305660.0,6404444.0,6.98
305662.0,6404444.0,7.22
305664.0,6404444.0,7.23
305666.0,6404444.0,7.06
305668.0,6404444.0,7.08
305670.0,6404444.0,7.33
305672.0,6404444.0,7.78
305674.0,6404444.0,8.05
305676.0,6404444.0,8.61
305678.0,6404444.0,9.08
305680.0,6404444.0,9.51
305150.0,6404446.0,-0.31
305152.0,6404446.0,-0.31
305154.0,6404446.0,-0.31
305156.0,6404446.0,-0.31
305158.0,6404446.0,-0.31
305160.0,6404446.0,-0.31
305162.0,6404446.0,-0.31
305164.0,6404446.0,-0.31
305166.0,6404446.0,-0.31
305168.0,6404446.0,-0.31
305170.0,6404446.0,-0.31
305172.0,6404446.0,-0.31
305174.0,6404446.0,-0.31
305176.0,6404446.0,-0.31
305178.0,6404446.0,-0.31
305180.0,6404446.0,-0.31
305182.0,6404446.0,-0.31
305184.0,6404446.0,-0.31
305186.0,6404446.0,-0.31
305188.0,6404446.0,-0.31
305190.0,6404446.0,-0.31
305192.0,6404446.0,-0.31
305194.0,6404446.0,-0.31
305196.0,6404446.0,-0.31
305198.0,6404446.0,-0.31
305200.0,6404446.0,-0.31
305202.0,6404446.0,-0.31
305204.0,6404446.0,-0.31
305206.0,6404446.0,-0.31
305208.0,6404446.0,-0.31
305210.0,6404446.0,-0.22
305212.0,6404446.0,0.33
305214.0,6404446.0,0.82
305216.0,6404446.0,0.96
305218.0,6404446.0,1.04
305220.0,6404446.0,1.07
305222.0,6404446.0,1.22
305224.0,6404446.0,1.73
305226.0,6404446.0,2.09
305228.0,6404446.0,2.56
305230.0,6404446.0,2.4
305232.0,6404446.0,2.38
305234.0,6404446.0,2.04
305236.0,6404446.0,2.36
305238.0,6404446.0,2.78
305240.0,6404446.0,3.73
305242.0,6404446.0,4.17
305244.0,6404446.0,4.48
305246.0,6404446.0,4.52
305248.0,6404446.0,4.76
305250.0,6404446.0,5.0
305252.0,6404446.0,5.28
305254.0,6404446.0,5.56
305256.0,6404446.0,5.9
305258.0,6404446.0,6.07
305260.0,6404446.0,6.58
305262.0,6404446.0,6.5
305264.0,6404446.0,6.69
305266.0,6404446.0,7.05
305268.0,6404446.0,7.21
305270.0,6404446.0,7.53
305272.0,6404446.0,8.01
305274.0,6404446.0,8.47
305276.0,6404446.0,8.37
305278.0,6404446.0,9.5
305280.0,6404446.0,10.19
305282.0,6404446.0,10.66
305284.0,6404446.0,10.97
305286.0,6404446.0,11.31
305288.0,6404446.0,11.53
305290.0,6404446.0,11.8
305292.0,6404446.0,12.05
305294.0,6404446.0,12.57
305296.0,6404446.0,12.8
305298.0,6404446.0,12.82
305300.0,6404446.0,13.11
305302.0,6404446.0,12.91
305304.0,6404446.0,13.25
305306.0,6404446.0,14.14
305308.0,6404446.0,14.36
305310.0,6404446.0,14.29
305312.0,6404446.0,14.15
305314.0,6404446.0,14.09
305316.0,6404446.0,14.35
305318.0,6404446.0,14.24
305320.0,6404446.0,14.13
305322.0,6404446.0,13.67
305324.0,6404446.0,13.28
305326.0,6404446.0,12.91
305328.0,6404446.0,13.1
305330.0,6404446.0,13.74
305332.0,6404446.0,13.73
305334.0,6404446.0,13.88
305336.0,6404446.0,14.16
305338.0,6404446.0,14.22
305340.0,6404446.0,13.97
305342.0,6404446.0,14.0
305344.0,6404446.0,14.15
305346.0,6404446.0,13.78
305348.0,6404446.0,13.81
305350.0,6404446.0,14.0
305352.0,6404446.0,14.18
305354.0,6404446.0,14.24
305356.0,6404446.0,13.88
305358.0,6404446.0,13.57
305360.0,6404446.0,13.33
305362.0,6404446.0,13.36
305364.0,6404446.0,13.23
305366.0,6404446.0,13.05
305368.0,6404446.0,12.72
305370.0,6404446.0,12.35
305372.0,6404446.0,11.72
305374.0,6404446.0,10.88
305376.0,6404446.0,10.49
305378.0,6404446.0,10.41
305380.0,6404446.0,10.07
305382.0,6404446.0,9.87
305384.0,6404446.0,9.7
305386.0,6404446.0,9.66
305388.0,6404446.0,9.73
305390.0,6404446.0,9.49
305392.0,6404446.0,9.99
305394.0,6404446.0,9.88
305396.0,6404446.0,9.0
305398.0,6404446.0,7.98
305400.0,6404446.0,7.75
305402.0,6404446.0,7.72
305404.0,6404446.0,7.77
305406.0,6404446.0,7.68
305408.0,6404446.0,7.27
305410.0,6404446.0,7.07
305412.0,6404446.0,6.9
305414.0,6404446.0,6.87
305416.0,6404446.0,6.81
305418.0,6404446.0,6.81
305420.0,6404446.0,6.84
305422.0,6404446.0,6.88
305424.0,6404446.0,6.74
305426.0,6404446.0,6.65
305428.0,6404446.0,6.44
305430.0,6404446.0,6.26
305432.0,6404446.0,6.14
305434.0,6404446.0,6.11
305436.0,6404446.0,5.94
305438.0,6404446.0,5.8
305440.0,6404446.0,5.61
305442.0,6404446.0,5.46
305444.0,6404446.0,5.3
305446.0,6404446.0,5.17
305448.0,6404446.0,5.07
305450.0,6404446.0,4.98
305452.0,6404446.0,4.92
305454.0,6404446.0,4.83
305456.0,6404446.0,4.74
305458.0,6404446.0,4.66
305460.0,6404446.0,4.7
305462.0,6404446.0,4.9
305464.0,6404446.0,4.78
305466.0,6404446.0,4.48
305468.0,6404446.0,4.54
305470.0,6404446.0,4.48
305472.0,6404446.0,4.53
305474.0,6404446.0,4.58
305476.0,6404446.0,4.62
305478.0,6404446.0,4.92
305480.0,6404446.0,5.17
305482.0,6404446.0,4.95
305484.0,6404446.0,4.86
305486.0,6404446.0,4.93
305488.0,6404446.0,5.07
305490.0,6404446.0,5.18
305492.0,6404446.0,4.83
305494.0,6404446.0,4.74
305496.0,6404446.0,4.25
305498.0,6404446.0,4.05
305500.0,6404446.0,4.04
305502.0,6404446.0,4.05
305504.0,6404446.0,3.69
305506.0,6404446.0,3.22
305508.0,6404446.0,2.71
305510.0,6404446.0,2.51
305512.0,6404446.0,2.58
305514.0,6404446.0,2.49
305516.0,6404446.0,2.3
305518.0,6404446.0,2.38
305520.0,6404446.0,2.35
305522.0,6404446.0,2.44
305524.0,6404446.0,2.47
305526.0,6404446.0,2.45
305528.0,6404446.0,2.47
305530.0,6404446.0,2.43
305532.0,6404446.0,2.52
305534.0,6404446.0,2.56
305536.0,6404446.0,2.55
305538.0,6404446.0,2.65
305540.0,6404446.0,2.58
305542.0,6404446.0,2.66
305544.0,6404446.0,2.74
305546.0,6404446.0,2.81
305548.0,6404446.0,2.84
305550.0,6404446.0,3.19
305552.0,6404446.0,3.27
305554.0,6404446.0,3.22
305556.0,6404446.0,3.4
305558.0,6404446.0,3.53
305560.0,6404446.0,3.73
305562.0,6404446.0,3.89
305564.0,6404446.0,4.0
305566.0,6404446.0,4.03
305568.0,6404446.0,4.04
305570.0,6404446.0,4.05
305572.0,6404446.0,3.87
305574.0,6404446.0,3.82
305576.0,6404446.0,3.82
305578.0,6404446.0,3.82
305580.0,6404446.0,3.85
305582.0,6404446.0,3.85
305584.0,6404446.0,3.84
305586.0,6404446.0,4.02
305588.0,6404446.0,4.15
305590.0,6404446.0,4.16
305592.0,6404446.0,4.15
305594.0,6404446.0,4.11
305596.0,6404446.0,4.08
305598.0,6404446.0,4.14
305600.0,6404446.0,4.32
305602.0,6404446.0,4.55
305604.0,6404446.0,4.54
305606.0,6404446.0,4.61
305608.0,6404446.0,4.65
305610.0,6404446.0,4.52
305612.0,6404446.0,4.4
305614.0,6404446.0,4.41
305616.0,6404446.0,4.29
305618.0,6404446.0,4.24
305620.0,6404446.0,4.25
305622.0,6404446.0,4.28
305624.0,6404446.0,4.3
305626.0,6404446.0,4.36
305628.0,6404446.0,4.39
305630.0,6404446.0,4.46
305632.0,6404446.0,4.57
305634.0,6404446.0,4.78
305636.0,6404446.0,4.94
305638.0,6404446.0,5.0
305640.0,6404446.0,4.97
305642.0,6404446.0,5.0
305644.0,6404446.0,5.04
305646.0,6404446.0,5.45
305648.0,6404446.0,6.53
305650.0,6404446.0,7.11
305652.0,6404446.0,6.94
305654.0,6404446.0,7.1
305656.0,6404446.0,7.09
305658.0,6404446.0,6.94
305660.0,6404446.0,6.89
305662.0,6404446.0,7.1
305664.0,6404446.0,7.17
305666.0,6404446.0,7.12
305668.0,6404446.0,7.01
305670.0,6404446.0,7.04
305672.0,6404446.0,7.3
305674.0,6404446.0,7.73
305676.0,6404446.0,8.03
305678.0,6404446.0,8.27
305680.0,6404446.0,8.42
305150.0,6404448.0,-0.31
305152.0,6404448.0,-0.31
305154.0,6404448.0,-0.31
305156.0,6404448.0,-0.31
305158.0,6404448.0,-0.31
305160.0,6404448.0,-0.31
305162.0,6404448.0,-0.31
305164.0,6404448.0,-0.31
305166.0,6404448.0,-0.31
305168.0,6404448.0,-0.31
305170.0,6404448.0,-0.31
305172.0,6404448.0,-0.31
305174.0,6404448.0,-0.31
305176.0,6404448.0,-0.31
305178.0,6404448.0,-0.31
305180.0,6404448.0,-0.31
305182.0,6404448.0,-0.31
305184.0,6404448.0,-0.31
305186.0,6404448.0,-0.31
305188.0,6404448.0,-0.31
305190.0,6404448.0,-0.31
305192.0,6404448.0,-0.31
305194.0,6404448.0,-0.31
305196.0,6404448.0,-0.31
305198.0,6404448.0,-0.31
305200.0,6404448.0,-0.31
305202.0,6404448.0,-0.31
305204.0,6404448.0,-0.31
305206.0,6404448.0,-0.31
305208.0,6404448.0,-0.31
305210.0,6404448.0,-0.31
305212.0,6404448.0,-0.25
305214.0,6404448.0,0.14
305216.0,6404448.0,0.49
305218.0,6404448.0,0.57
305220.0,6404448.0,0.63
305222.0,6404448.0,0.83
305224.0,6404448.0,1.23
305226.0,6404448.0,1.45
305228.0,6404448.0,1.45
305230.0,6404448.0,1.05
305232.0,6404448.0,1.12
305234.0,6404448.0,1.39
305236.0,6404448.0,1.45
305238.0,6404448.0,1.91
305240.0,6404448.0,2.87
305242.0,6404448.0,3.54
305244.0,6404448.0,4.13
305246.0,6404448.0,4.46
305248.0,6404448.0,4.53
305250.0,6404448.0,4.66
305252.0,6404448.0,5.21
305254.0,6404448.0,5.43
305256.0,6404448.0,5.66
305258.0,6404448.0,5.98
305260.0,6404448.0,6.14
305262.0,6404448.0,6.33
305264.0,6404448.0,6.72
305266.0,6404448.0,6.77
305268.0,6404448.0,7.03
305270.0,6404448.0,7.28
305272.0,6404448.0,7.69
305274.0,6404448.0,8.39
305276.0,6404448.0,8.09
305278.0,6404448.0,8.63
305280.0,6404448.0,9.1
305282.0,6404448.0,10.1
305284.0,6404448.0,11.03
305286.0,6404448.0,11.42
305288.0,6404448.0,11.39
305290.0,6404448.0,11.72
305292.0,6404448.0,12.13
305294.0,6404448.0,12.57
305296.0,6404448.0,13.15
305298.0,6404448.0,12.79
305300.0,6404448.0,12.65
305302.0,6404448.0,13.3
305304.0,6404448.0,14.63
305306.0,6404448.0,14.85
305308.0,6404448.0,15.0
305310.0,6404448.0,14.83
305312.0,6404448.0,14.82
305314.0,6404448.0,14.74
305316.0,6404448.0,14.78
305318.0,6404448.0,14.61
305320.0,6404448.0,14.39
305322.0,6404448.0,13.89
305324.0,6404448.0,14.12
305326.0,6404448.0,14.68
305328.0,6404448.0,14.87
305330.0,6404448.0,14.41
305332.0,6404448.0,13.95
305334.0,6404448.0,13.86
305336.0,6404448.0,14.02
305338.0,6404448.0,14.1
305340.0,6404448.0,14.15
305342.0,6404448.0,14.21
305344.0,6404448.0,13.74
305346.0,6404448.0,13.5
305348.0,6404448.0,13.53
305350.0,6404448.0,14.16
305352.0,6404448.0,14.55
305354.0,6404448.0,14.35
305356.0,6404448.0,14.06
305358.0,6404448.0,14.0
305360.0,6404448.0,13.86
305362.0,6404448.0,13.69
305364.0,6404448.0,13.42
305366.0,6404448.0,13.09
305368.0,6404448.0,12.77
305370.0,6404448.0,12.35
305372.0,6404448.0,11.8
305374.0,6404448.0,11.45
305376.0,6404448.0,10.64
305378.0,6404448.0,10.52
305380.0,6404448.0,10.5
305382.0,6404448.0,10.38
305384.0,6404448.0,9.88
305386.0,6404448.0,9.55
305388.0,6404448.0,9.3
305390.0,6404448.0,9.03
305392.0,6404448.0,8.74
305394.0,6404448.0,8.49
305396.0,6404448.0,8.07
305398.0,6404448.0,7.82
305400.0,6404448.0,7.68
305402.0,6404448.0,7.51
305404.0,6404448.0,7.35
305406.0,6404448.0,7.21
305408.0,6404448.0,7.07
305410.0,6404448.0,6.99
305412.0,6404448.0,6.9
305414.0,6404448.0,6.86
305416.0,6404448.0,6.78
305418.0,6404448.0,6.72
305420.0,6404448.0,6.69
305422.0,6404448.0,6.61
305424.0,6404448.0,6.42
305426.0,6404448.0,6.34
305428.0,6404448.0,6.13
305430.0,6404448.0,5.83
305432.0,6404448.0,5.8
305434.0,6404448.0,5.67
305436.0,6404448.0,5.63
305438.0,6404448.0,5.56
305440.0,6404448.0,5.5
305442.0,6404448.0,5.37
305444.0,6404448.0,5.23
305446.0,6404448.0,5.14
305448.0,6404448.0,5.01
305450.0,6404448.0,4.95
305452.0,6404448.0,4.86
305454.0,6404448.0,4.76
305456.0,6404448.0,4.67
305458.0,6404448.0,4.56
305460.0,6404448.0,4.43
305462.0,6404448.0,4.33
305464.0,6404448.0,4.24
305466.0,6404448.0,4.11
305468.0,6404448.0,4.14
305470.0,6404448.0,4.05
305472.0,6404448.0,3.99
305474.0,6404448.0,3.96
305476.0,6404448.0,3.89
305478.0,6404448.0,4.15
305480.0,6404448.0,4.9
305482.0,6404448.0,4.78
305484.0,6404448.0,4.74
305486.0,6404448.0,4.76
305488.0,6404448.0,4.68
305490.0,6404448.0,4.49
305492.0,6404448.0,4.1
305494.0,6404448.0,3.87
305496.0,6404448.0,3.73
305498.0,6404448.0,3.44
305500.0,6404448.0,3.33
305502.0,6404448.0,3.21
305504.0,6404448.0,2.94
305506.0,6404448.0,2.62
305508.0,6404448.0,2.35
305510.0,6404448.0,2.4
305512.0,6404448.0,2.53
305514.0,6404448.0,2.53
305516.0,6404448.0,2.27
305518.0,6404448.0,2.36
305520.0,6404448.0,2.39
305522.0,6404448.0,2.41
305524.0,6404448.0,2.45
305526.0,6404448.0,2.43
305528.0,6404448.0,2.46
305530.0,6404448.0,2.44
305532.0,6404448.0,2.45
305534.0,6404448.0,2.49
305536.0,6404448.0,2.52
305538.0,6404448.0,2.68
305540.0,6404448.0,2.66
305542.0,6404448.0,2.75
305544.0,6404448.0,2.8
305546.0,6404448.0,2.8
305548.0,6404448.0,2.82
305550.0,6404448.0,2.91
305552.0,6404448.0,3.2
305554.0,6404448.0,3.31
305556.0,6404448.0,3.45
305558.0,6404448.0,3.56
305560.0,6404448.0,3.69
305562.0,6404448.0,3.83
305564.0,6404448.0,3.89
305566.0,6404448.0,3.87
305568.0,6404448.0,3.83
305570.0,6404448.0,3.92
305572.0,6404448.0,3.83
305574.0,6404448.0,3.85
305576.0,6404448.0,3.86
305578.0,6404448.0,3.92
305580.0,6404448.0,3.9
305582.0,6404448.0,3.92
305584.0,6404448.0,3.88
305586.0,6404448.0,4.11
305588.0,6404448.0,4.15
305590.0,6404448.0,4.14
305592.0,6404448.0,4.17
305594.0,6404448.0,4.08
305596.0,6404448.0,4.31
305598.0,6404448.0,4.58
305600.0,6404448.0,4.86
305602.0,6404448.0,4.78
305604.0,6404448.0,4.77
305606.0,6404448.0,4.76
305608.0,6404448.0,4.78
305610.0,6404448.0,4.78
305612.0,6404448.0,4.36
305614.0,6404448.0,4.44
305616.0,6404448.0,4.36
305618.0,6404448.0,4.27
305620.0,6404448.0,4.3
305622.0,6404448.0,4.29
305624.0,6404448.0,4.34
305626.0,6404448.0,4.33
305628.0,6404448.0,4.34
305630.0,6404448.0,4.41
305632.0,6404448.0,4.53
305634.0,6404448.0,4.55
305636.0,6404448.0,4.61
305638.0,6404448.0,4.71
305640.0,6404448.0,4.81
305642.0,6404448.0,4.83
305644.0,6404448.0,4.9
305646.0,6404448.0,5.16
305648.0,6404448.0,5.43
305650.0,6404448.0,6.69
305652.0,6404448.0,7.21
305654.0,6404448.0,7.18
305656.0,6404448.0,7.09
305658.0,6404448.0,7.1
305660.0,6404448.0,6.96
305662.0,6404448.0,7.01
305664.0,6404448.0,7.1
305666.0,6404448.0,7.05
305668.0,6404448.0,6.19
305670.0,6404448.0,6.02
305672.0,6404448.0,5.61
305674.0,6404448.0,6.4
305676.0,6404448.0,6.69
305678.0,6404448.0,6.89
305680.0,6404448.0,7.06
305150.0,6404450.0,-0.31
305152.0,6404450.0,-0.31
305154.0,6404450.0,-0.31
305156.0,6404450.0,-0.31
305158.0,6404450.0,-0.31
305160.0,6404450.0,-0.31
305162.0,6404450.0,-0.31
305164.0,6404450.0,-0.31
305166.0,6404450.0,-0.31
305168.0,6404450.0,-0.31
305170.0,6404450.0,-0.31
305172.0,6404450.0,-0.31
305174.0,6404450.0,-0.31
305176.0,6404450.0,-0.31
305178.0,6404450.0,-0.31
305180.0,6404450.0,-0.31
305182.0,6404450.0,-0.31
305184.0,6404450.0,-0.31
305186.0,6404450.0,-0.31
305188.0,6404450.0,-0.31
305190.0,6404450.0,-0.31
305192.0,6404450.0,-0.31
305194.0,6404450.0,-0.31
305196.0,6404450.0,-0.31
305198.0,6404450.0,-0.31
305200.0,6404450.0,-0.31
305202.0,6404450.0,-0.31
305204.0,6404450.0,-0.31
305206.0,6404450.0,-0.31
305208.0,6404450.0,-0.31
305210.0,6404450.0,-0.31
305212.0,6404450.0,-0.31
305214.0,6404450.0,-0.29
305216.0,6404450.0,-0.23
305218.0,6404450.0,-0.12
305220.0,6404450.0,-0.04
305222.0,6404450.0,0.08
305224.0,6404450.0,0.43
305226.0,6404450.0,0.47
305228.0,6404450.0,0.43
305230.0,6404450.0,0.5
305232.0,6404450.0,0.66
305234.0,6404450.0,0.88
305236.0,6404450.0,1.18
305238.0,6404450.0,1.22
305240.0,6404450.0,1.81
305242.0,6404450.0,2.69
305244.0,6404450.0,3.7
305246.0,6404450.0,4.18
305248.0,6404450.0,4.48
305250.0,6404450.0,4.59
305252.0,6404450.0,4.7
305254.0,6404450.0,5.32
305256.0,6404450.0,5.5
305258.0,6404450.0,5.67
305260.0,6404450.0,5.91
305262.0,6404450.0,6.02
305264.0,6404450.0,6.22
305266.0,6404450.0,6.73
305268.0,6404450.0,7.01
305270.0,6404450.0,7.18
305272.0,6404450.0,7.4
305274.0,6404450.0,8.02
305276.0,6404450.0,8.32
305278.0,6404450.0,8.53
305280.0,6404450.0,8.92
305282.0,6404450.0,9.47
305284.0,6404450.0,11.24
305286.0,6404450.0,11.63
305288.0,6404450.0,11.59
305290.0,6404450.0,11.8
305292.0,6404450.0,12.17
305294.0,6404450.0,12.4
305296.0,6404450.0,12.66
305298.0,6404450.0,12.79
305300.0,6404450.0,13.08
305302.0,6404450.0,13.09
305304.0,6404450.0,14.33
305306.0,6404450.0,14.93
305308.0,6404450.0,15.18
305310.0,6404450.0,15.36
305312.0,6404450.0,15.24
305314.0,6404450.0,15.07
305316.0,6404450.0,14.93
305318.0,6404450.0,14.72
305320.0,6404450.0,14.52
305322.0,6404450.0,14.63
305324.0,6404450.0,14.58
305326.0,6404450.0,14.57
305328.0,6404450.0,14.41
305330.0,6404450.0,14.06
305332.0,6404450.0,14.01
305334.0,6404450.0,14.12
305336.0,6404450.0,14.18
305338.0,6404450.0,14.39
305340.0,6404450.0,14.06
305342.0,6404450.0,13.79
305344.0,6404450.0,13.59
305346.0,6404450.0,13.82
305348.0,6404450.0,14.23
305350.0,6404450.0,14.68
305352.0,6404450.0,14.67
305354.0,6404450.0,14.55
305356.0,6404450.0,14.3
305358.0,6404450.0,14.14
305360.0,6404450.0,14.02
305362.0,6404450.0,13.98
305364.0,6404450.0,13.78
305366.0,6404450.0,13.41
305368.0,6404450.0,13.0
305370.0,6404450.0,12.32
305372.0,6404450.0,11.73
305374.0,6404450.0,11.29
305376.0,6404450.0,11.09
305378.0,6404450.0,10.4
305380.0,6404450.0,10.27
305382.0,6404450.0,10.82
305384.0,6404450.0,10.45
305386.0,6404450.0,9.6
305388.0,6404450.0,9.26
305390.0,6404450.0,8.99
305392.0,6404450.0,8.7
305394.0,6404450.0,8.42
305396.0,6404450.0,8.15
305398.0,6404450.0,7.89
305400.0,6404450.0,7.68
305402.0,6404450.0,7.51
305404.0,6404450.0,7.33
305406.0,6404450.0,7.2
305408.0,6404450.0,7.06
305410.0,6404450.0,6.96
305412.0,6404450.0,6.85
305414.0,6404450.0,6.79
305416.0,6404450.0,6.76
305418.0,6404450.0,6.71
305420.0,6404450.0,6.66
305422.0,6404450.0,6.51
305424.0,6404450.0,6.32
305426.0,6404450.0,6.31
305428.0,6404450.0,6.08
305430.0,6404450.0,5.7
305432.0,6404450.0,5.64
305434.0,6404450.0,5.55
305436.0,6404450.0,5.48
305438.0,6404450.0,5.41
305440.0,6404450.0,5.31
305442.0,6404450.0,5.24
305444.0,6404450.0,5.21
305446.0,6404450.0,5.15
305448.0,6404450.0,4.99
305450.0,6404450.0,4.94
305452.0,6404450.0,4.81
305454.0,6404450.0,4.73
305456.0,6404450.0,4.63
305458.0,6404450.0,4.4
305460.0,6404450.0,4.37
305462.0,6404450.0,4.29
305464.0,6404450.0,4.15
305466.0,6404450.0,4.01
305468.0,6404450.0,3.97
305470.0,6404450.0,3.88
305472.0,6404450.0,3.79
305474.0,6404450.0,3.73
305476.0,6404450.0,3.66
305478.0,6404450.0,3.59
305480.0,6404450.0,3.61
305482.0,6404450.0,3.62
305484.0,6404450.0,3.59
305486.0,6404450.0,3.56
305488.0,6404450.0,3.59
305490.0,6404450.0,3.9
305492.0,6404450.0,3.75
305494.0,6404450.0,3.24
305496.0,6404450.0,3.04
305498.0,6404450.0,2.82
305500.0,6404450.0,2.74
305502.0,6404450.0,2.49
305504.0,6404450.0,2.42
305506.0,6404450.0,2.42
305508.0,6404450.0,2.44
305510.0,6404450.0,2.34
305512.0,6404450.0,2.26
305514.0,6404450.0,2.31
305516.0,6404450.0,2.21
305518.0,6404450.0,2.33
305520.0,6404450.0,2.42
305522.0,6404450.0,2.4
305524.0,6404450.0,2.48
305526.0,6404450.0,2.47
305528.0,6404450.0,2.52
305530.0,6404450.0,2.47
305532.0,6404450.0,2.44
305534.0,6404450.0,2.47
305536.0,6404450.0,2.52
305538.0,6404450.0,2.63
305540.0,6404450.0,2.7
305542.0,6404450.0,2.86
305544.0,6404450.0,2.73
305546.0,6404450.0,2.82
305548.0,6404450.0,2.94
305550.0,6404450.0,3.05
305552.0,6404450.0,3.15
305554.0,6404450.0,3.27
305556.0,6404450.0,3.37
305558.0,6404450.0,3.47
305560.0,6404450.0,3.58
305562.0,6404450.0,3.67
305564.0,6404450.0,3.7
305566.0,6404450.0,3.8
305568.0,6404450.0,3.92
305570.0,6404450.0,3.88
305572.0,6404450.0,3.89
305574.0,6404450.0,3.9
305576.0,6404450.0,3.92
305578.0,6404450.0,3.92
305580.0,6404450.0,3.99
305582.0,6404450.0,3.95
305584.0,6404450.0,3.94
305586.0,6404450.0,3.93
305588.0,6404450.0,4.07
305590.0,6404450.0,4.13
305592.0,6404450.0,4.33
305594.0,6404450.0,5.01
305596.0,6404450.0,4.83
305598.0,6404450.0,5.2
305600.0,6404450.0,5.02
305602.0,6404450.0,5.02
305604.0,6404450.0,5.01
305606.0,6404450.0,5.0
305608.0,6404450.0,4.99
305610.0,6404450.0,4.91
305612.0,6404450.0,4.57
305614.0,6404450.0,4.41
305616.0,6404450.0,4.42
305618.0,6404450.0,4.31
305620.0,6404450.0,4.3
305622.0,6404450.0,4.34
305624.0,6404450.0,4.31
305626.0,6404450.0,4.27
305628.0,6404450.0,4.39
305630.0,6404450.0,4.37
305632.0,6404450.0,4.53
305634.0,6404450.0,4.65
305636.0,6404450.0,4.7
305638.0,6404450.0,4.57
305640.0,6404450.0,4.64
305642.0,6404450.0,4.66
305644.0,6404450.0,4.65
305646.0,6404450.0,4.57
305648.0,6404450.0,4.51
305650.0,6404450.0,6.98
305652.0,6404450.0,7.22
305654.0,6404450.0,7.27
305656.0,6404450.0,7.18
305658.0,6404450.0,7.1
305660.0,6404450.0,7.03
305662.0,6404450.0,7.08
305664.0,6404450.0,6.92
305666.0,6404450.0,6.66
305668.0,6404450.0,5.89
305670.0,6404450.0,4.48
305672.0,6404450.0,4.64
305674.0,6404450.0,4.98
305676.0,6404450.0,5.43
305678.0,6404450.0,5.75
305680.0,6404450.0,5.66
305150.0,6404452.0,-0.31
305152.0,6404452.0,-0.31
305154.0,6404452.0,-0.31
305156.0,6404452.0,-0.31
305158.0,6404452.0,-0.31
305160.0,6404452.0,-0.31
305162.0,6404452.0,-0.31
305164.0,6404452.0,-0.31
305166.0,6404452.0,-0.31
305168.0,6404452.0,-0.31
305170.0,6404452.0,-0.31
305172.0,6404452.0,-0.31
305174.0,6404452.0,-0.31
305176.0,6404452.0,-0.31
305178.0,6404452.0,-0.31
305180.0,6404452.0,-0.31
305182.0,6404452.0,-0.31
305184.0,6404452.0,-0.31
305186.0,6404452.0,-0.31
305188.0,6404452.0,-0.31
305190.0,6404452.0,-0.31
305192.0,6404452.0,-0.31
305194.0,6404452.0,-0.31
305196.0,6404452.0,-0.31
305198.0,6404452.0,-0.31
305200.0,6404452.0,-0.31
305202.0,6404452.0,-0.31
305204.0,6404452.0,-0.31
305206.0,6404452.0,-0.31
305208.0,6404452.0,-0.31
305210.0,6404452.0,-0.31
305212.0,6404452.0,-0.31
305214.0,6404452.0,-0.31
305216.0,6404452.0,-0.31
305218.0,6404452.0,-0.29
305220.0,6404452.0,-0.26
305222.0,6404452.0,-0.08
305224.0,6404452.0,0.09
305226.0,6404452.0,0.22
305228.0,6404452.0,0.28
305230.0,6404452.0,0.3
305232.0,6404452.0,0.37
305234.0,6404452.0,0.75
305236.0,6404452.0,0.75
305238.0,6404452.0,0.91
305240.0,6404452.0,1.3
305242.0,6404452.0,2.09
305244.0,6404452.0,2.75
305246.0,6404452.0,3.49
305248.0,6404452.0,4.22
305250.0,6404452.0,4.54
305252.0,6404452.0,4.66
305254.0,6404452.0,4.79
305256.0,6404452.0,4.94
305258.0,6404452.0,5.41
305260.0,6404452.0,5.49
305262.0,6404452.0,5.65
305264.0,6404452.0,5.83
305266.0,6404452.0,6.42
305268.0,6404452.0,6.79
305270.0,6404452.0,6.9
305272.0,6404452.0,7.16
305274.0,6404452.0,7.41
305276.0,6404452.0,8.2
305278.0,6404452.0,8.55
305280.0,6404452.0,8.9
305282.0,6404452.0,9.4
305284.0,6404452.0,11.43
305286.0,6404452.0,11.89
305288.0,6404452.0,12.01
305290.0,6404452.0,12.04
305292.0,6404452.0,11.88
305294.0,6404452.0,12.13
305296.0,6404452.0,12.79
305298.0,6404452.0,13.29
305300.0,6404452.0,13.35
305302.0,6404452.0,13.37
305304.0,6404452.0,13.58
305306.0,6404452.0,15.2
305308.0,6404452.0,15.38
305310.0,6404452.0,15.41
305312.0,6404452.0,15.39
305314.0,6404452.0,15.11
305316.0,6404452.0,14.88
305318.0,6404452.0,14.86
305320.0,6404452.0,15.06
305322.0,6404452.0,14.99
305324.0,6404452.0,14.76
305326.0,6404452.0,14.42
305328.0,6404452.0,14.33
305330.0,6404452.0,14.78
305332.0,6404452.0,14.66
305334.0,6404452.0,14.45
305336.0,6404452.0,14.45
305338.0,6404452.0,14.38
305340.0,6404452.0,14.14
305342.0,6404452.0,14.26
305344.0,6404452.0,14.42
305346.0,6404452.0,14.39
305348.0,6404452.0,14.49
305350.0,6404452.0,14.51
305352.0,6404452.0,14.53
305354.0,6404452.0,14.33
305356.0,6404452.0,14.18
305358.0,6404452.0,14.03
305360.0,6404452.0,13.92
305362.0,6404452.0,13.98
305364.0,6404452.0,13.9
305366.0,6404452.0,13.59
305368.0,6404452.0,13.21
305370.0,6404452.0,12.61
305372.0,6404452.0,11.84
305374.0,6404452.0,11.17
305376.0,6404452.0,11.23
305378.0,6404452.0,10.51
305380.0,6404452.0,10.18
305382.0,6404452.0,10.47
305384.0,6404452.0,10.28
305386.0,6404452.0,9.79
305388.0,6404452.0,9.62
305390.0,6404452.0,9.43
305392.0,6404452.0,8.9
305394.0,6404452.0,8.48
305396.0,6404452.0,8.13
305398.0,6404452.0,7.88
305400.0,6404452.0,7.56
305402.0,6404452.0,7.42
305404.0,6404452.0,7.2
305406.0,6404452.0,7.07
305408.0,6404452.0,7.01
305410.0,6404452.0,6.85
305412.0,6404452.0,6.77
305414.0,6404452.0,6.75
305416.0,6404452.0,6.71
305418.0,6404452.0,6.64
305420.0,6404452.0,6.61
305422.0,6404452.0,6.66
305424.0,6404452.0,6.21
305426.0,6404452.0,6.18
305428.0,6404452.0,5.93
305430.0,6404452.0,5.74
305432.0,6404452.0,5.64
305434.0,6404452.0,5.53
305436.0,6404452.0,5.46
305438.0,6404452.0,5.37
305440.0,6404452.0,5.27
305442.0,6404452.0,5.23
305444.0,6404452.0,5.17
305446.0,6404452.0,5.15
305448.0,6404452.0,5.04
305450.0,6404452.0,4.98
305452.0,6404452.0,5.09
305454.0,6404452.0,4.77
305456.0,6404452.0,4.81
305458.0,6404452.0,4.82
305460.0,6404452.0,4.65
305462.0,6404452.0,4.47
305464.0,6404452.0,4.32
305466.0,6404452.0,4.2
305468.0,6404452.0,3.98
305470.0,6404452.0,3.78
305472.0,6404452.0,3.73
305474.0,6404452.0,3.65
305476.0,6404452.0,3.61
305478.0,6404452.0,3.55
305480.0,6404452.0,3.48
305482.0,6404452.0,3.41
305484.0,6404452.0,3.3
305486.0,6404452.0,3.22
305488.0,6404452.0,3.14
305490.0,6404452.0,3.05
305492.0,6404452.0,2.98
305494.0,6404452.0,2.92
305496.0,6404452.0,2.78
305498.0,6404452.0,2.69
305500.0,6404452.0,2.61
305502.0,6404452.0,2.54
305504.0,6404452.0,2.46
305506.0,6404452.0,2.4
305508.0,6404452.0,2.3
305510.0,6404452.0,2.3
305512.0,6404452.0,2.18
305514.0,6404452.0,2.11
305516.0,6404452.0,2.34
305518.0,6404452.0,2.43
305520.0,6404452.0,2.49
305522.0,6404452.0,2.54
305524.0,6404452.0,2.54
305526.0,6404452.0,2.56
305528.0,6404452.0,2.54
305530.0,6404452.0,2.54
305532.0,6404452.0,2.52
305534.0,6404452.0,2.51
305536.0,6404452.0,2.54
305538.0,6404452.0,2.63
305540.0,6404452.0,2.68
305542.0,6404452.0,2.77
305544.0,6404452.0,2.82
305546.0,6404452.0,2.87
305548.0,6404452.0,2.9
305550.0,6404452.0,3.01
305552.0,6404452.0,3.03
305554.0,6404452.0,3.13
305556.0,6404452.0,3.26
305558.0,6404452.0,3.37
305560.0,6404452.0,3.47
305562.0,6404452.0,3.55
305564.0,6404452.0,3.66
305566.0,6404452.0,3.71
305568.0,6404452.0,3.81
305570.0,6404452.0,3.92
305572.0,6404452.0,3.97
305574.0,6404452.0,3.93
305576.0,6404452.0,3.99
305578.0,6404452.0,4.01
305580.0,6404452.0,4.02
305582.0,6404452.0,4.0
305584.0,6404452.0,3.96
305586.0,6404452.0,3.95
305588.0,6404452.0,4.05
305590.0,6404452.0,4.13
305592.0,6404452.0,4.44
305594.0,6404452.0,5.06
305596.0,6404452.0,5.05
305598.0,6404452.0,5.32
305600.0,6404452.0,5.26
305602.0,6404452.0,5.2
305604.0,6404452.0,5.05
305606.0,6404452.0,4.9
305608.0,6404452.0,4.75
305610.0,6404452.0,4.71
305612.0,6404452.0,4.62
305614.0,6404452.0,4.41
305616.0,6404452.0,4.47
305618.0,6404452.0,4.4
305620.0,6404452.0,4.32
305622.0,6404452.0,4.31
305624.0,6404452.0,4.31
305626.0,6404452.0,4.43
305628.0,6404452.0,4.41
305630.0,6404452.0,4.5
305632.0,6404452.0,4.54
305634.0,6404452.0,4.57
305636.0,6404452.0,4.62
305638.0,6404452.0,4.55
305640.0,6404452.0,4.43
305642.0,6404452.0,4.45
305644.0,6404452.0,4.45
305646.0,6404452.0,4.44
305648.0,6404452.0,4.37
305650.0,6404452.0,4.84
305652.0,6404452.0,6.89
305654.0,6404452.0,7.16
305656.0,6404452.0,7.16
305658.0,6404452.0,7.09
305660.0,6404452.0,7.04
305662.0,6404452.0,6.1
305664.0,6404452.0,4.83
305666.0,6404452.0,4.49
305668.0,6404452.0,4.51
305670.0,6404452.0,4.41
305672.0,6404452.0,4.26
305674.0,6404452.0,4.16
305676.0,6404452.0,4.28
305678.0,6404452.0,4.57
305680.0,6404452.0,4.95
305150.0,6404454.0,-0.31
305152.0,6404454.0,-0.31
305154.0,6404454.0,-0.31
305156.0,6404454.0,-0.31
305158.0,6404454.0,-0.31
305160.0,6404454.0,-0.31
305162.0,6404454.0,-0.31
305164.0,6404454.0,-0.31
305166.0,6404454.0,-0.31
305168.0,6404454.0,-0.31
305170.0,6404454.0,-0.31
305172.0,6404454.0,-0.31
305174.0,6404454.0,-0.31
305176.0,6404454.0,-0.31
305178.0,6404454.0,-0.31
305180.0,6404454.0,-0.31
305182.0,6404454.0,-0.31
305184.0,6404454.0,-0.31
305186.0,6404454.0,-0.31
305188.0,6404454.0,-0.31
305190.0,6404454.0,-0.31
305192.0,6404454.0,-0.31
305194.0,6404454.0,-0.31
305196.0,6404454.0,-0.31
305198.0,6404454.0,-0.31
305200.0,6404454.0,-0.31
305202.0,6404454.0,-0.31
305204.0,6404454.0,-0.31
305206.0,6404454.0,-0.31
305208.0,6404454.0,-0.31
305210.0,6404454.0,-0.31
305212.0,6404454.0,-0.31
305214.0,6404454.0,-0.31
305216.0,6404454.0,-0.31
305218.0,6404454.0,-0.31
305220.0,6404454.0,-0.31
305222.0,6404454.0,-0.3
305224.0,6404454.0,-0.2
305226.0,6404454.0,-0.04
305228.0,6404454.0,0.07
305230.0,6404454.0,0.05
305232.0,6404454.0,0.2
305234.0,6404454.0,0.43
305236.0,6404454.0,0.69
305238.0,6404454.0,0.84
305240.0,6404454.0,0.95
305242.0,6404454.0,1.21
305244.0,6404454.0,1.58
305246.0,6404454.0,2.6
305248.0,6404454.0,3.57
305250.0,6404454.0,4.2
305252.0,6404454.0,4.61
305254.0,6404454.0,4.66
305256.0,6404454.0,4.85
305258.0,6404454.0,4.94
305260.0,6404454.0,5.2
305262.0,6404454.0,5.42
305264.0,6404454.0,5.57
305266.0,6404454.0,5.83
305268.0,6404454.0,6.4
305270.0,6404454.0,6.62
305272.0,6404454.0,7.04
305274.0,6404454.0,7.22
305276.0,6404454.0,7.64
305278.0,6404454.0,8.05
305280.0,6404454.0,8.46
305282.0,6404454.0,9.17
305284.0,6404454.0,9.91
305286.0,6404454.0,11.14
305288.0,6404454.0,11.77
305290.0,6404454.0,11.59
305292.0,6404454.0,11.99
305294.0,6404454.0,12.47
305296.0,6404454.0,12.88
305298.0,6404454.0,13.31
305300.0,6404454.0,13.4
305302.0,6404454.0,13.42
305304.0,6404454.0,13.56
305306.0,6404454.0,13.53
305308.0,6404454.0,15.14
305310.0,6404454.0,15.15
305312.0,6404454.0,14.85
305314.0,6404454.0,14.34
305316.0,6404454.0,14.94
305318.0,6404454.0,15.39
305320.0,6404454.0,15.24
305322.0,6404454.0,15.07
305324.0,6404454.0,14.85
305326.0,6404454.0,14.88
305328.0,6404454.0,14.84
305330.0,6404454.0,14.98
305332.0,6404454.0,14.95
305334.0,6404454.0,14.9
305336.0,6404454.0,14.79
305338.0,6404454.0,14.46
305340.0,6404454.0,14.48
305342.0,6404454.0,14.32
305344.0,6404454.0,14.83
305346.0,6404454.0,14.77
305348.0,6404454.0,14.51
305350.0,6404454.0,14.5
305352.0,6404454.0,14.25
305354.0,6404454.0,14.25
305356.0,6404454.0,14.25
305358.0,6404454.0,13.94
305360.0,6404454.0,13.64
305362.0,6404454.0,13.69
305364.0,6404454.0,13.6
305366.0,6404454.0,13.45
305368.0,6404454.0,13.17
305370.0,6404454.0,12.64
305372.0,6404454.0,11.92
305374.0,6404454.0,11.36
305376.0,6404454.0,10.86
305378.0,6404454.0,10.67
305380.0,6404454.0,10.14
305382.0,6404454.0,9.98
305384.0,6404454.0,10.16
305386.0,6404454.0,10.19
305388.0,6404454.0,10.04
305390.0,6404454.0,10.0
305392.0,6404454.0,9.34
305394.0,6404454.0,8.49
305396.0,6404454.0,7.78
305398.0,6404454.0,7.69
305400.0,6404454.0,7.56
305402.0,6404454.0,7.67
305404.0,6404454.0,7.27
305406.0,6404454.0,6.97
305408.0,6404454.0,6.94
305410.0,6404454.0,6.83
305412.0,6404454.0,6.88
305414.0,6404454.0,6.75
305416.0,6404454.0,6.7
305418.0,6404454.0,6.69
305420.0,6404454.0,6.66
305422.0,6404454.0,6.65
305424.0,6404454.0,6.17
305426.0,6404454.0,5.98
305428.0,6404454.0,5.92
305430.0,6404454.0,5.82
305432.0,6404454.0,5.73
305434.0,6404454.0,5.59
305436.0,6404454.0,5.53
305438.0,6404454.0,5.41
305440.0,6404454.0,5.29
305442.0,6404454.0,5.23
305444.0,6404454.0,5.24
305446.0,6404454.0,5.31
305448.0,6404454.0,5.17
305450.0,6404454.0,5.02
305452.0,6404454.0,5.04
305454.0,6404454.0,4.9
305456.0,6404454.0,4.84
305458.0,6404454.0,4.91
305460.0,6404454.0,4.87
305462.0,6404454.0,4.87
305464.0,6404454.0,4.46
305466.0,6404454.0,4.32
305468.0,6404454.0,4.11
305470.0,6404454.0,3.91
305472.0,6404454.0,3.68
305474.0,6404454.0,3.51
305476.0,6404454.0,3.37
305478.0,6404454.0,3.43
305480.0,6404454.0,3.38
305482.0,6404454.0,3.28
305484.0,6404454.0,3.24
305486.0,6404454.0,3.2
305488.0,6404454.0,3.11
305490.0,6404454.0,3.09
305492.0,6404454.0,2.94
305494.0,6404454.0,2.84
305496.0,6404454.0,2.78
305498.0,6404454.0,2.68
305500.0,6404454.0,2.62
305502.0,6404454.0,2.58
305504.0,6404454.0,2.52
305506.0,6404454.0,2.44
305508.0,6404454.0,2.44
305510.0,6404454.0,2.43
305512.0,6404454.0,2.47
305514.0,6404454.0,2.47
305516.0,6404454.0,2.62
305518.0,6404454.0,2.61
305520.0,6404454.0,2.58
305522.0,6404454.0,2.58
305524.0,6404454.0,2.57
305526.0,6404454.0,2.58
305528.0,6404454.0,2.59
305530.0,6404454.0,2.59
305532.0,6404454.0,2.6
305534.0,6404454.0,2.58
305536.0,6404454.0,2.61
305538.0,6404454.0,2.62
305540.0,6404454.0,2.69
305542.0,6404454.0,2.72
305544.0,6404454.0,2.81
305546.0,6404454.0,2.82
305548.0,6404454.0,2.81
305550.0,6404454.0,2.93
305552.0,6404454.0,3.03
305554.0,6404454.0,3.12
305556.0,6404454.0,3.35
305558.0,6404454.0,3.34
305560.0,6404454.0,3.43
305562.0,6404454.0,3.56
305564.0,6404454.0,3.67
305566.0,6404454.0,3.71
305568.0,6404454.0,3.83
305570.0,6404454.0,3.91
305572.0,6404454.0,4.11
305574.0,6404454.0,4.0
305576.0,6404454.0,4.06
305578.0,6404454.0,4.05
305580.0,6404454.0,4.05
305582.0,6404454.0,4.03
305584.0,6404454.0,3.91
305586.0,6404454.0,3.92
305588.0,6404454.0,4.09
305590.0,6404454.0,4.19
305592.0,6404454.0,4.14
305594.0,6404454.0,4.91
305596.0,6404454.0,5.0
305598.0,6404454.0,5.15
305600.0,6404454.0,5.05
305602.0,6404454.0,4.91
305604.0,6404454.0,4.76
305606.0,6404454.0,4.61
305608.0,6404454.0,4.45
305610.0,6404454.0,4.52
305612.0,6404454.0,4.48
305614.0,6404454.0,4.43
305616.0,6404454.0,4.43
305618.0,6404454.0,4.36
305620.0,6404454.0,4.34
305622.0,6404454.0,4.33
305624.0,6404454.0,4.42
305626.0,6404454.0,4.45
305628.0,6404454.0,4.43
305630.0,6404454.0,4.49
305632.0,6404454.0,4.52
305634.0,6404454.0,4.55
305636.0,6404454.0,4.42
305638.0,6404454.0,4.38
305640.0,6404454.0,4.36
305642.0,6404454.0,4.3
305644.0,6404454.0,4.35
305646.0,6404454.0,4.34
305648.0,6404454.0,4.34
305650.0,6404454.0,4.56
305652.0,6404454.0,6.62
305654.0,6404454.0,6.92
305656.0,6404454.0,7.05
305658.0,6404454.0,7.03
305660.0,6404454.0,7.03
305662.0,6404454.0,4.43
305664.0,6404454.0,4.45
305666.0,6404454.0,4.43
305668.0,6404454.0,4.35
305670.0,6404454.0,4.23
305672.0,6404454.0,4.11
305674.0,6404454.0,4.0
305676.0,6404454.0,3.92
305678.0,6404454.0,3.9
305680.0,6404454.0,3.96
305150.0,6404456.0,-0.31
305152.0,6404456.0,-0.31
305154.0,6404456.0,-0.31
305156.0,6404456.0,-0.31
305158.0,6404456.0,-0.31
305160.0,6404456.0,-0.31
305162.0,6404456.0,-0.31
305164.0,6404456.0,-0.31
305166.0,6404456.0,-0.31
305168.0,6404456.0,-0.31
305170.0,6404456.0,-0.31
305172.0,6404456.0,-0.31
305174.0,6404456.0,-0.31
305176.0,6404456.0,-0.31
305178.0,6404456.0,-0.31
305180.0,6404456.0,-0.31
305182.0,6404456.0,-0.31
305184.0,6404456.0,-0.31
305186.0,6404456.0,-0.31
305188.0,6404456.0,-0.31
305190.0,6404456.0,-0.31
305192.0,6404456.0,-0.31
305194.0,6404456.0,-0.31
305196.0,6404456.0,-0.31
305198.0,6404456.0,-0.31
305200.0,6404456.0,-0.31
305202.0,6404456.0,-0.31
305204.0,6404456.0,-0.31
305206.0,6404456.0,-0.31
305208.0,6404456.0,-0.31
305210.0,6404456.0,-0.31
305212.0,6404456.0,-0.31
305214.0,6404456.0,-0.31
305216.0,6404456.0,-0.31
305218.0,6404456.0,-0.31
305220.0,6404456.0,-0.31
305222.0,6404456.0,-0.31
305224.0,6404456.0,-0.31
305226.0,6404456.0,-0.31
305228.0,6404456.0,-0.18
305230.0,6404456.0,-0.03
305232.0,6404456.0,0.05
305234.0,6404456.0,0.23
305236.0,6404456.0,0.4
305238.0,6404456.0,0.55
305240.0,6404456.0,0.75
305242.0,6404456.0,0.91
305244.0,6404456.0,1.17
305246.0,6404456.0,1.71
305248.0,6404456.0,2.96
305250.0,6404456.0,3.76
305252.0,6404456.0,4.26
305254.0,6404456.0,4.62
305256.0,6404456.0,4.82
305258.0,6404456.0,4.85
305260.0,6404456.0,5.04
305262.0,6404456.0,5.25
305264.0,6404456.0,5.46
305266.0,6404456.0,5.76
305268.0,6404456.0,6.14
305270.0,6404456.0,6.36
305272.0,6404456.0,6.52
305274.0,6404456.0,6.76
305276.0,6404456.0,7.04
305278.0,6404456.0,7.61
305280.0,6404456.0,8.15
305282.0,6404456.0,8.84
305284.0,6404456.0,9.58
305286.0,6404456.0,10.08
305288.0,6404456.0,10.85
305290.0,6404456.0,11.57
305292.0,6404456.0,12.45
305294.0,6404456.0,12.65
305296.0,6404456.0,12.52
305298.0,6404456.0,13.1
305300.0,6404456.0,12.93
305302.0,6404456.0,13.09
305304.0,6404456.0,13.16
305306.0,6404456.0,13.36
305308.0,6404456.0,13.44
305310.0,6404456.0,14.54
305312.0,6404456.0,14.55
305314.0,6404456.0,14.78
305316.0,6404456.0,14.82
305318.0,6404456.0,15.41
305320.0,6404456.0,15.26
305322.0,6404456.0,14.86
305324.0,6404456.0,14.94
305326.0,6404456.0,15.34
305328.0,6404456.0,15.24
305330.0,6404456.0,15.03
305332.0,6404456.0,14.98
305334.0,6404456.0,14.95
305336.0,6404456.0,14.7
305338.0,6404456.0,14.37
305340.0,6404456.0,14.39
305342.0,6404456.0,14.54
305344.0,6404456.0,14.85
305346.0,6404456.0,14.98
305348.0,6404456.0,14.7
305350.0,6404456.0,14.32
305352.0,6404456.0,14.14
305354.0,6404456.0,14.25
305356.0,6404456.0,14.08
305358.0,6404456.0,13.86
305360.0,6404456.0,13.48
305362.0,6404456.0,13.15
305364.0,6404456.0,13.2
305366.0,6404456.0,13.33
305368.0,6404456.0,13.06
305370.0,6404456.0,12.67
305372.0,6404456.0,11.98
305374.0,6404456.0,11.49
305376.0,6404456.0,10.99
305378.0,6404456.0,10.68
305380.0,6404456.0,10.27
305382.0,6404456.0,10.34
305384.0,6404456.0,10.06
305386.0,6404456.0,10.27
305388.0,6404456.0,10.19
305390.0,6404456.0,9.74
305392.0,6404456.0,9.02
305394.0,6404456.0,8.14
305396.0,6404456.0,8.13
305398.0,6404456.0,7.9
305400.0,6404456.0,8.01
305402.0,6404456.0,8.4
305404.0,6404456.0,8.16
305406.0,6404456.0,7.7
305408.0,6404456.0,7.07
305410.0,6404456.0,7.0
305412.0,6404456.0,7.04
305414.0,6404456.0,6.94
305416.0,6404456.0,6.9
305418.0,6404456.0,6.95
305420.0,6404456.0,6.97
305422.0,6404456.0,6.67
305424.0,6404456.0,6.73
305426.0,6404456.0,7.08
305428.0,6404456.0,6.93
305430.0,6404456.0,7.16
305432.0,6404456.0,7.25
305434.0,6404456.0,6.74
305436.0,6404456.0,6.34
305438.0,6404456.0,5.82
305440.0,6404456.0,5.34
305442.0,6404456.0,5.29
305444.0,6404456.0,5.25
305446.0,6404456.0,5.26
305448.0,6404456.0,5.29
305450.0,6404456.0,5.15
305452.0,6404456.0,5.26
305454.0,6404456.0,5.05
305456.0,6404456.0,4.94
305458.0,6404456.0,4.91
305460.0,6404456.0,4.94
305462.0,6404456.0,5.03
305464.0,6404456.0,4.87
305466.0,6404456.0,4.73
305468.0,6404456.0,4.3
305470.0,6404456.0,4.06
305472.0,6404456.0,3.66
305474.0,6404456.0,3.43
305476.0,6404456.0,3.31
305478.0,6404456.0,3.21
305480.0,6404456.0,3.2
305482.0,6404456.0,3.15
305484.0,6404456.0,3.03
305486.0,6404456.0,3.01
305488.0,6404456.0,3.15
305490.0,6404456.0,3.09
305492.0,6404456.0,2.93
305494.0,6404456.0,2.66
305496.0,6404456.0,2.64
305498.0,6404456.0,2.42
305500.0,6404456.0,2.46
305502.0,6404456.0,2.37
305504.0,6404456.0,2.36
305506.0,6404456.0,2.3
305508.0,6404456.0,2.38
305510.0,6404456.0,2.41
305512.0,6404456.0,2.48
305514.0,6404456.0,2.61
305516.0,6404456.0,2.64
305518.0,6404456.0,2.61
305520.0,6404456.0,2.59
305522.0,6404456.0,2.56
305524.0,6404456.0,2.56
305526.0,6404456.0,2.58
305528.0,6404456.0,2.61
305530.0,6404456.0,2.58
305532.0,6404456.0,2.6
305534.0,6404456.0,2.6
305536.0,6404456.0,2.62
305538.0,6404456.0,2.66
305540.0,6404456.0,2.63
305542.0,6404456.0,2.62
305544.0,6404456.0,2.66
305546.0,6404456.0,2.79
305548.0,6404456.0,2.94
305550.0,6404456.0,3.07
305552.0,6404456.0,3.17
305554.0,6404456.0,3.32
305556.0,6404456.0,3.3
305558.0,6404456.0,3.37
305560.0,6404456.0,3.52
305562.0,6404456.0,3.61
305564.0,6404456.0,3.7
305566.0,6404456.0,3.8
305568.0,6404456.0,3.88
305570.0,6404456.0,3.96
305572.0,6404456.0,4.05
305574.0,6404456.0,4.05
305576.0,6404456.0,4.06
305578.0,6404456.0,4.05
305580.0,6404456.0,4.11
305582.0,6404456.0,3.98
305584.0,6404456.0,4.04
305586.0,6404456.0,3.93
305588.0,6404456.0,4.0
305590.0,6404456.0,4.22
305592.0,6404456.0,4.17
305594.0,6404456.0,4.38
305596.0,6404456.0,4.71
305598.0,6404456.0,4.77
305600.0,6404456.0,4.72
305602.0,6404456.0,4.56
305604.0,6404456.0,4.47
305606.0,6404456.0,4.32
305608.0,6404456.0,4.12
305610.0,6404456.0,4.43
305612.0,6404456.0,4.47
305614.0,6404456.0,4.42
305616.0,6404456.0,4.39
305618.0,6404456.0,4.35
305620.0,6404456.0,4.27
305622.0,6404456.0,4.32
305624.0,6404456.0,4.41
305626.0,6404456.0,4.37
305628.0,6404456.0,4.38
305630.0,6404456.0,4.47
305632.0,6404456.0,4.45
305634.0,6404456.0,4.48
305636.0,6404456.0,4.4
305638.0,6404456.0,4.39
305640.0,6404456.0,4.31
305642.0,6404456.0,4.27
305644.0,6404456.0,4.27
305646.0,6404456.0,4.27
305648.0,6404456.0,4.29
305650.0,6404456.0,4.31
305652.0,6404456.0,5.11
305654.0,6404456.0,7.04
305656.0,6404456.0,7.04
305658.0,6404456.0,5.8
305660.0,6404456.0,4.38
305662.0,6404456.0,4.38
305664.0,6404456.0,4.35
305666.0,6404456.0,4.25
305668.0,6404456.0,4.11
305670.0,6404456.0,4.05
305672.0,6404456.0,3.98
305674.0,6404456.0,3.9
305676.0,6404456.0,3.77
305678.0,6404456.0,3.7
305680.0,6404456.0,3.65
305150.0,6404458.0,-0.31
305152.0,6404458.0,-0.31
305154.0,6404458.0,-0.31
305156.0,6404458.0,-0.31
305158.0,6404458.0,-0.31
305160.0,6404458.0,-0.31
305162.0,6404458.0,-0.31
305164.0,6404458.0,-0.31
305166.0,6404458.0,-0.31
305168.0,6404458.0,-0.31
305170.0,6404458.0,-0.31
305172.0,6404458.0,-0.31
305174.0,6404458.0,-0.31
305176.0,6404458.0,-0.31
305178.0,6404458.0,-0.31
305180.0,6404458.0,-0.31
305182.0,6404458.0,-0.31
305184.0,6404458.0,-0.31
305186.0,6404458.0,-0.31
305188.0,6404458.0,-0.31
305190.0,6404458.0,-0.31
305192.0,6404458.0,-0.31
305194.0,6404458.0,-0.31
305196.0,6404458.0,-0.31
305198.0,6404458.0,-0.31
305200.0,6404458.0,-0.31
305202.0,6404458.0,-0.31
305204.0,6404458.0,-0.31
305206.0,6404458.0,-0.31
305208.0,6404458.0,-0.31
305210.0,6404458.0,-0.31
305212.0,6404458.0,-0.31
305214.0,6404458.0,-0.31
305216.0,6404458.0,-0.31
305218.0,6404458.0,-0.31
305220.0,6404458.0,-0.31
305222.0,6404458.0,-0.31
305224.0,6404458.0,-0.31
305226.0,6404458.0,-0.31
305228.0,6404458.0,-0.31
305230.0,6404458.0,-0.31
305232.0,6404458.0,-0.28
305234.0,6404458.0,0.08
305236.0,6404458.0,0.28
305238.0,6404458.0,0.41
305240.0,6404458.0,0.57
305242.0,6404458.0,0.76
305244.0,6404458.0,1.01
305246.0,6404458.0,1.21
305248.0,6404458.0,1.7
305250.0,6404458.0,3.12
305252.0,6404458.0,3.75
305254.0,6404458.0,4.23
305256.0,6404458.0,4.59
305258.0,6404458.0,4.87
305260.0,6404458.0,5.01
305262.0,6404458.0,5.13
305264.0,6404458.0,5.33
305266.0,6404458.0,5.72
305268.0,6404458.0,5.97
305270.0,6404458.0,6.12
305272.0,6404458.0,6.21
305274.0,6404458.0,6.57
305276.0,6404458.0,6.63
305278.0,6404458.0,7.16
305280.0,6404458.0,7.48
305282.0,6404458.0,8.11
305284.0,6404458.0,8.43
305286.0,6404458.0,9.29
305288.0,6404458.0,10.61
305290.0,6404458.0,11.46
305292.0,6404458.0,12.16
305294.0,6404458.0,12.27
305296.0,6404458.0,12.54
305298.0,6404458.0,12.41
305300.0,6404458.0,12.85
305302.0,6404458.0,13.0
305304.0,6404458.0,12.9
305306.0,6404458.0,13.37
305308.0,6404458.0,13.81
305310.0,6404458.0,13.93
305312.0,6404458.0,15.12
305314.0,6404458.0,15.22
305316.0,6404458.0,15.15
305318.0,6404458.0,15.1
305320.0,6404458.0,15.02
305322.0,6404458.0,15.11
305324.0,6404458.0,15.58
305326.0,6404458.0,15.76
305328.0,6404458.0,15.69
305330.0,6404458.0,15.43
305332.0,6404458.0,15.31
305334.0,6404458.0,15.16
305336.0,6404458.0,15.02
305338.0,6404458.0,14.58
305340.0,6404458.0,14.42
305342.0,6404458.0,14.38
305344.0,6404458.0,14.59
305346.0,6404458.0,15.05
305348.0,6404458.0,14.89
305350.0,6404458.0,14.51
305352.0,6404458.0,14.34
305354.0,6404458.0,14.14
305356.0,6404458.0,14.03
305358.0,6404458.0,13.69
305360.0,6404458.0,13.36
305362.0,6404458.0,13.13
305364.0,6404458.0,12.79
305366.0,6404458.0,12.72
305368.0,6404458.0,12.81
305370.0,6404458.0,12.57
305372.0,6404458.0,12.06
305374.0,6404458.0,11.6
305376.0,6404458.0,10.97
305378.0,6404458.0,10.6
305380.0,6404458.0,10.31
305382.0,6404458.0,10.03
305384.0,6404458.0,10.08
305386.0,6404458.0,10.01
305388.0,6404458.0,10.15
305390.0,6404458.0,10.0
305392.0,6404458.0,9.36
305394.0,6404458.0,8.95
305396.0,6404458.0,8.84
305398.0,6404458.0,8.78
305400.0,6404458.0,8.7
305402.0,6404458.0,8.73
305404.0,6404458.0,8.82
305406.0,6404458.0,8.12
305408.0,6404458.0,7.49
305410.0,6404458.0,7.5
305412.0,6404458.0,7.42
305414.0,6404458.0,7.47
305416.0,6404458.0,7.49
305418.0,6404458.0,7.37
305420.0,6404458.0,7.34
305422.0,6404458.0,7.2
305424.0,6404458.0,7.29
305426.0,6404458.0,7.43
305428.0,6404458.0,7.56
305430.0,6404458.0,7.73
305432.0,6404458.0,7.57
305434.0,6404458.0,7.18
305436.0,6404458.0,6.7
305438.0,6404458.0,6.15
305440.0,6404458.0,5.55
305442.0,6404458.0,5.37
305444.0,6404458.0,5.25
305446.0,6404458.0,5.18
305448.0,6404458.0,5.17
305450.0,6404458.0,5.4
305452.0,6404458.0,5.59
305454.0,6404458.0,5.49
305456.0,6404458.0,5.22
305458.0,6404458.0,4.84
305460.0,6404458.0,4.79
305462.0,6404458.0,4.8
305464.0,6404458.0,4.78
305466.0,6404458.0,4.71
305468.0,6404458.0,4.62
305470.0,6404458.0,4.42
305472.0,6404458.0,3.99
305474.0,6404458.0,3.52
305476.0,6404458.0,3.37
305478.0,6404458.0,3.36
305480.0,6404458.0,3.35
305482.0,6404458.0,3.29
305484.0,6404458.0,3.08
305486.0,6404458.0,3.09
305488.0,6404458.0,3.24
305490.0,6404458.0,3.14
305492.0,6404458.0,2.79
305494.0,6404458.0,2.79
305496.0,6404458.0,2.72
305498.0,6404458.0,2.48
305500.0,6404458.0,2.42
305502.0,6404458.0,2.35
305504.0,6404458.0,2.3
305506.0,6404458.0,2.21
305508.0,6404458.0,2.14
305510.0,6404458.0,2.09
305512.0,6404458.0,2.16
305514.0,6404458.0,2.28
305516.0,6404458.0,2.48
305518.0,6404458.0,2.52
305520.0,6404458.0,2.48
305522.0,6404458.0,2.52
305524.0,6404458.0,2.55
305526.0,6404458.0,2.56
305528.0,6404458.0,2.58
305530.0,6404458.0,2.59
305532.0,6404458.0,2.61
305534.0,6404458.0,2.58
305536.0,6404458.0,2.71
305538.0,6404458.0,2.58
305540.0,6404458.0,2.54
305542.0,6404458.0,2.63
305544.0,6404458.0,2.73
305546.0,6404458.0,2.9
305548.0,6404458.0,3.0
305550.0,6404458.0,3.2
305552.0,6404458.0,3.31
305554.0,6404458.0,3.43
305556.0,6404458.0,3.43
305558.0,6404458.0,3.63
305560.0,6404458.0,3.67
305562.0,6404458.0,3.73
305564.0,6404458.0,3.78
305566.0,6404458.0,3.88
305568.0,6404458.0,3.92
305570.0,6404458.0,3.95
305572.0,6404458.0,4.1
305574.0,6404458.0,4.14
305576.0,6404458.0,4.13
305578.0,6404458.0,4.11
305580.0,6404458.0,4.13
305582.0,6404458.0,3.97
305584.0,6404458.0,4.18
305586.0,6404458.0,4.18
305588.0,6404458.0,4.2
305590.0,6404458.0,4.29
305592.0,6404458.0,4.0
305594.0,6404458.0,4.11
305596.0,6404458.0,4.35
305598.0,6404458.0,4.4
305600.0,6404458.0,4.43
305602.0,6404458.0,4.25
305604.0,6404458.0,4.07
305606.0,6404458.0,4.22
305608.0,6404458.0,4.4
305610.0,6404458.0,4.48
305612.0,6404458.0,4.38
305614.0,6404458.0,4.34
305616.0,6404458.0,4.24
305618.0,6404458.0,4.27
305620.0,6404458.0,4.3
305622.0,6404458.0,4.37
305624.0,6404458.0,4.41
305626.0,6404458.0,4.35
305628.0,6404458.0,4.37
305630.0,6404458.0,4.43
305632.0,6404458.0,4.41
305634.0,6404458.0,4.41
305636.0,6404458.0,4.43
305638.0,6404458.0,4.39
305640.0,6404458.0,4.33
305642.0,6404458.0,4.29
305644.0,6404458.0,4.23
305646.0,6404458.0,4.23
305648.0,6404458.0,4.23
305650.0,6404458.0,4.26
305652.0,6404458.0,4.26
305654.0,6404458.0,4.78
305656.0,6404458.0,4.36
305658.0,6404458.0,4.34
305660.0,6404458.0,4.3
305662.0,6404458.0,4.24
305664.0,6404458.0,4.16
305666.0,6404458.0,4.14
305668.0,6404458.0,4.0
305670.0,6404458.0,3.91
305672.0,6404458.0,3.84
305674.0,6404458.0,3.79
305676.0,6404458.0,3.74
305678.0,6404458.0,3.65
305680.0,6404458.0,3.57
305150.0,6404460.0,-0.31
305152.0,6404460.0,-0.31
305154.0,6404460.0,-0.31
305156.0,6404460.0,-0.31
305158.0,6404460.0,-0.31
305160.0,6404460.0,-0.31
305162.0,6404460.0,-0.31
305164.0,6404460.0,-0.31
305166.0,6404460.0,-0.31
305168.0,6404460.0,-0.31
305170.0,6404460.0,-0.31
305172.0,6404460.0,-0.31
305174.0,6404460.0,-0.31
305176.0,6404460.0,-0.31
305178.0,6404460.0,-0.31
305180.0,6404460.0,-0.31
305182.0,6404460.0,-0.31
305184.0,6404460.0,-0.31
305186.0,6404460.0,-0.31
305188.0,6404460.0,-0.31
305190.0,6404460.0,-0.31
305192.0,6404460.0,-0.31
305194.0,6404460.0,-0.31
305196.0,6404460.0,-0.31
305198.0,6404460.0,-0.31
305200.0,6404460.0,-0.31
305202.0,6404460.0,-0.31
305204.0,6404460.0,-0.31
305206.0,6404460.0,-0.31
305208.0,6404460.0,-0.31
305210.0,6404460.0,-0.31
305212.0,6404460.0,-0.31
305214.0,6404460.0,-0.31
305216.0,6404460.0,-0.31
305218.0,6404460.0,-0.31
305220.0,6404460.0,-0.31
305222.0,6404460.0,-0.31
305224.0,6404460.0,-0.31
305226.0,6404460.0,-0.31
305228.0,6404460.0,-0.31
305230.0,6404460.0,-0.31
305232.0,6404460.0,-0.31
305234.0,6404460.0,-0.17
305236.0,6404460.0,0.08
305238.0,6404460.0,0.29
305240.0,6404460.0,0.44
305242.0,6404460.0,0.65
305244.0,6404460.0,0.83
305246.0,6404460.0,1.06
305248.0,6404460.0,1.36
305250.0,6404460.0,1.86
305252.0,6404460.0,3.08
305254.0,6404460.0,3.77
305256.0,6404460.0,4.36
305258.0,6404460.0,4.83
305260.0,6404460.0,4.92
305262.0,6404460.0,5.05
305264.0,6404460.0,5.21
305266.0,6404460.0,5.34
305268.0,6404460.0,5.66
305270.0,6404460.0,5.79
305272.0,6404460.0,6.01
305274.0,6404460.0,6.3
305276.0,6404460.0,6.48
305278.0,6404460.0,6.64
305280.0,6404460.0,6.95
305282.0,6404460.0,7.35
305284.0,6404460.0,8.15
305286.0,6404460.0,8.81
305288.0,6404460.0,9.77
305290.0,6404460.0,10.83
305292.0,6404460.0,11.63
305294.0,6404460.0,11.64
305296.0,6404460.0,12.09
305298.0,6404460.0,12.1
305300.0,6404460.0,12.53
305302.0,6404460.0,12.64
305304.0,6404460.0,12.92
305306.0,6404460.0,13.75
305308.0,6404460.0,14.01
305310.0,6404460.0,14.16
305312.0,6404460.0,14.28
305314.0,6404460.0,14.49
305316.0,6404460.0,14.48
305318.0,6404460.0,14.73
305320.0,6404460.0,15.15
305322.0,6404460.0,15.32
305324.0,6404460.0,15.64
305326.0,6404460.0,15.62
305328.0,6404460.0,15.53
305330.0,6404460.0,15.56
305332.0,6404460.0,15.57
305334.0,6404460.0,15.57
305336.0,6404460.0,15.34
305338.0,6404460.0,15.08
305340.0,6404460.0,14.74
305342.0,6404460.0,14.48
305344.0,6404460.0,14.64
305346.0,6404460.0,14.85
305348.0,6404460.0,14.99
305350.0,6404460.0,14.8
305352.0,6404460.0,14.47
305354.0,6404460.0,14.11
305356.0,6404460.0,13.66
305358.0,6404460.0,13.49
305360.0,6404460.0,13.18
305362.0,6404460.0,13.03
305364.0,6404460.0,12.65
305366.0,6404460.0,12.28
305368.0,6404460.0,12.17
305370.0,6404460.0,12.18
305372.0,6404460.0,11.92
305374.0,6404460.0,11.4
305376.0,6404460.0,11.16
305378.0,6404460.0,10.79
305380.0,6404460.0,10.64
305382.0,6404460.0,9.81
305384.0,6404460.0,9.55
305386.0,6404460.0,9.83
305388.0,6404460.0,9.89
305390.0,6404460.0,10.69
305392.0,6404460.0,10.04
305394.0,6404460.0,9.74
305396.0,6404460.0,9.55
305398.0,6404460.0,9.47
305400.0,6404460.0,9.35
305402.0,6404460.0,9.47
305404.0,6404460.0,9.78
305406.0,6404460.0,9.06
305408.0,6404460.0,8.4
305410.0,6404460.0,8.13
305412.0,6404460.0,8.16
305414.0,6404460.0,7.96
305416.0,6404460.0,7.98
305418.0,6404460.0,7.79
305420.0,6404460.0,7.64
305422.0,6404460.0,7.64
305424.0,6404460.0,7.88
305426.0,6404460.0,7.99
305428.0,6404460.0,7.91
305430.0,6404460.0,7.75
305432.0,6404460.0,7.58
305434.0,6404460.0,7.3
305436.0,6404460.0,7.01
305438.0,6404460.0,6.49
305440.0,6404460.0,5.93
305442.0,6404460.0,5.49
305444.0,6404460.0,5.43
305446.0,6404460.0,5.86
305448.0,6404460.0,6.17
305450.0,6404460.0,6.1
305452.0,6404460.0,5.63
305454.0,6404460.0,5.5
305456.0,6404460.0,5.21
305458.0,6404460.0,5.03
305460.0,6404460.0,4.96
305462.0,6404460.0,4.79
305464.0,6404460.0,4.99
305466.0,6404460.0,4.95
305468.0,6404460.0,4.72
305470.0,6404460.0,4.77
305472.0,6404460.0,4.56
305474.0,6404460.0,4.02
305476.0,6404460.0,3.68
305478.0,6404460.0,3.44
305480.0,6404460.0,3.47
305482.0,6404460.0,3.18
305484.0,6404460.0,3.05
305486.0,6404460.0,3.24
305488.0,6404460.0,3.11
305490.0,6404460.0,3.06
305492.0,6404460.0,2.76
305494.0,6404460.0,2.77
305496.0,6404460.0,2.71
305498.0,6404460.0,2.41
305500.0,6404460.0,2.38
305502.0,6404460.0,2.39
305504.0,6404460.0,2.32
305506.0,6404460.0,2.32
305508.0,6404460.0,2.29
305510.0,6404460.0,2.28
305512.0,6404460.0,2.44
305514.0,6404460.0,2.37
305516.0,6404460.0,2.29
305518.0,6404460.0,2.26
305520.0,6404460.0,2.13
305522.0,6404460.0,2.32
305524.0,6404460.0,2.34
305526.0,6404460.0,2.44
305528.0,6404460.0,2.4
305530.0,6404460.0,2.5
305532.0,6404460.0,2.54
305534.0,6404460.0,2.55
305536.0,6404460.0,2.52
305538.0,6404460.0,2.5
305540.0,6404460.0,2.57
305542.0,6404460.0,2.71
305544.0,6404460.0,2.86
305546.0,6404460.0,2.99
305548.0,6404460.0,3.17
305550.0,6404460.0,3.31
305552.0,6404460.0,3.45
305554.0,6404460.0,3.46
305556.0,6404460.0,3.63
305558.0,6404460.0,3.71
305560.0,6404460.0,3.75
305562.0,6404460.0,3.79
305564.0,6404460.0,3.85
305566.0,6404460.0,3.9
305568.0,6404460.0,4.17
305570.0,6404460.0,4.16
305572.0,6404460.0,4.3
305574.0,6404460.0,4.17
305576.0,6404460.0,4.31
305578.0,6404460.0,4.1
305580.0,6404460.0,4.19
305582.0,6404460.0,4.16
305584.0,6404460.0,4.25
305586.0,6404460.0,4.22
305588.0,6404460.0,4.07
305590.0,6404460.0,4.22
305592.0,6404460.0,4.13
305594.0,6404460.0,4.01
305596.0,6404460.0,4.14
305598.0,6404460.0,4.13
305600.0,6404460.0,4.12
305602.0,6404460.0,4.04
305604.0,6404460.0,4.04
305606.0,6404460.0,4.3
305608.0,6404460.0,4.29
305610.0,6404460.0,4.29
305612.0,6404460.0,4.25
305614.0,6404460.0,4.21
305616.0,6404460.0,4.24
305618.0,6404460.0,4.24
305620.0,6404460.0,4.3
305622.0,6404460.0,4.29
305624.0,6404460.0,4.31
305626.0,6404460.0,4.32
305628.0,6404460.0,4.38
305630.0,6404460.0,4.44
305632.0,6404460.0,4.4
305634.0,6404460.0,4.47
305636.0,6404460.0,4.42
305638.0,6404460.0,4.38
305640.0,6404460.0,4.29
305642.0,6404460.0,4.27
305644.0,6404460.0,4.26
305646.0,6404460.0,4.2
305648.0,6404460.0,4.22
305650.0,6404460.0,4.19
305652.0,6404460.0,4.15
305654.0,6404460.0,4.07
305656.0,6404460.0,4.13
305658.0,6404460.0,4.16
305660.0,6404460.0,4.2
305662.0,6404460.0,4.07
305664.0,6404460.0,4.08
305666.0,6404460.0,4.0
305668.0,6404460.0,3.91
305670.0,6404460.0,3.9
305672.0,6404460.0,3.79
305674.0,6404460.0,3.73
305676.0,6404460.0,3.7
305678.0,6404460.0,3.57
305680.0,6404460.0,3.48
305150.0,6404462.0,-0.31
305152.0,6404462.0,-0.31
305154.0,6404462.0,-0.31
305156.0,6404462.0,-0.31
305158.0,6404462.0,-0.31
305160.0,6404462.0,-0.31
305162.0,6404462.0,-0.31
305164.0,6404462.0,-0.31
305166.0,6404462.0,-0.31
305168.0,6404462.0,-0.31
305170.0,6404462.0,-0.31
305172.0,6404462.0,-0.31
305174.0,6404462.0,-0.31
305176.0,6404462.0,-0.31
305178.0,6404462.0,-0.31
305180.0,6404462.0,-0.31
305182.0,6404462.0,-0.31
305184.0,6404462.0,-0.31
305186.0,6404462.0,-0.31
305188.0,6404462.0,-0.31
305190.0,6404462.0,-0.31
305192.0,6404462.0,-0.31
305194.0,6404462.0,-0.31
305196.0,6404462.0,-0.31
305198.0,6404462.0,-0.31
305200.0,6404462.0,-0.31
305202.0,6404462.0,-0.31
305204.0,6404462.0,-0.31
305206.0,6404462.0,-0.31
305208.0,6404462.0,-0.31
305210.0,6404462.0,-0.31
305212.0,6404462.0,-0.31
305214.0,6404462.0,-0.31
305216.0,6404462.0,-0.31
305218.0,6404462.0,-0.31
305220.0,6404462.0,-0.31
305222.0,6404462.0,-0.31
305224.0,6404462.0,-0.31
305226.0,6404462.0,-0.31
305228.0,6404462.0,-0.31
305230.0,6404462.0,-0.31
305232.0,6404462.0,-0.31
305234.0,6404462.0,-0.31
305236.0,6404462.0,-0.06
305238.0,6404462.0,0.18
305240.0,6404462.0,0.31
305242.0,6404462.0,0.51
305244.0,6404462.0,0.67
305246.0,6404462.0,1.01
305248.0,6404462.0,1.14
305250.0,6404462.0,1.4
305252.0,6404462.0,2.0
305254.0,6404462.0,2.92
305256.0,6404462.0,4.09
305258.0,6404462.0,4.72
305260.0,6404462.0,4.82
305262.0,6404462.0,4.94
305264.0,6404462.0,5.06
305266.0,6404462.0,5.14
305268.0,6404462.0,5.33
305270.0,6404462.0,5.54
305272.0,6404462.0,5.65
305274.0,6404462.0,5.96
305276.0,6404462.0,6.1
305278.0,6404462.0,6.33
305280.0,6404462.0,6.64
305282.0,6404462.0,6.76
305284.0,6404462.0,7.38
305286.0,6404462.0,8.25
305288.0,6404462.0,9.25
305290.0,6404462.0,9.69
305292.0,6404462.0,10.8
305294.0,6404462.0,11.84
305296.0,6404462.0,11.91
305298.0,6404462.0,11.75
305300.0,6404462.0,11.7
305302.0,6404462.0,11.78
305304.0,6404462.0,12.55
305306.0,6404462.0,13.8
305308.0,6404462.0,13.92
305310.0,6404462.0,14.0
305312.0,6404462.0,13.93
305314.0,6404462.0,13.94
305316.0,6404462.0,14.27
305318.0,6404462.0,14.76
305320.0,6404462.0,15.12
305322.0,6404462.0,15.19
305324.0,6404462.0,15.32
305326.0,6404462.0,15.37
305328.0,6404462.0,15.53
305330.0,6404462.0,15.51
305332.0,6404462.0,15.58
305334.0,6404462.0,15.6
305336.0,6404462.0,15.48
305338.0,6404462.0,15.32
305340.0,6404462.0,14.87
305342.0,6404462.0,14.72
305344.0,6404462.0,14.67
305346.0,6404462.0,14.72
305348.0,6404462.0,14.83
305350.0,6404462.0,14.77
305352.0,6404462.0,14.52
305354.0,6404462.0,14.07
305356.0,6404462.0,13.54
305358.0,6404462.0,13.37
305360.0,6404462.0,12.91
305362.0,6404462.0,12.89
305364.0,6404462.0,12.59
305366.0,6404462.0,12.27
305368.0,6404462.0,11.75
305370.0,6404462.0,11.47
305372.0,6404462.0,11.25
305374.0,6404462.0,11.15
305376.0,6404462.0,10.91
305378.0,6404462.0,11.01
305380.0,6404462.0,10.73
305382.0,6404462.0,10.25
305384.0,6404462.0,9.46
305386.0,6404462.0,9.33
305388.0,6404462.0,9.62
305390.0,6404462.0,9.76
305392.0,6404462.0,10.1
305394.0,6404462.0,9.96
305396.0,6404462.0,9.75
305398.0,6404462.0,9.79
305400.0,6404462.0,9.62
305402.0,6404462.0,9.59
305404.0,6404462.0,9.7
305406.0,6404462.0,9.51
305408.0,6404462.0,9.24
305410.0,6404462.0,9.27
305412.0,6404462.0,9.09
305414.0,6404462.0,8.99
305416.0,6404462.0,9.14
305418.0,6404462.0,9.17
305420.0,6404462.0,9.28
305422.0,6404462.0,9.23
305424.0,6404462.0,8.7
305426.0,6404462.0,8.82
305428.0,6404462.0,8.54
305430.0,6404462.0,8.12
305432.0,6404462.0,7.68
305434.0,6404462.0,7.35
305436.0,6404462.0,6.95
305438.0,6404462.0,6.68
305440.0,6404462.0,6.09
305442.0,6404462.0,6.13
305444.0,6404462.0,6.37
305446.0,6404462.0,6.18
305448.0,6404462.0,6.23
305450.0,6404462.0,6.11
305452.0,6404462.0,6.03
305454.0,6404462.0,5.94
305456.0,6404462.0,5.88
305458.0,6404462.0,5.49
305460.0,6404462.0,5.56
305462.0,6404462.0,5.48
305464.0,6404462.0,5.41
305466.0,6404462.0,5.29
305468.0,6404462.0,5.29
305470.0,6404462.0,5.25
305472.0,6404462.0,5.0
305474.0,6404462.0,4.56
305476.0,6404462.0,3.87
305478.0,6404462.0,3.6
305480.0,6404462.0,3.48
305482.0,6404462.0,3.32
305484.0,6404462.0,3.07
305486.0,6404462.0,3.36
305488.0,6404462.0,3.14
305490.0,6404462.0,2.9
305492.0,6404462.0,2.75
305494.0,6404462.0,2.76
305496.0,6404462.0,2.66
305498.0,6404462.0,2.56
305500.0,6404462.0,2.4
305502.0,6404462.0,2.34
305504.0,6404462.0,2.26
305506.0,6404462.0,2.22
305508.0,6404462.0,2.25
305510.0,6404462.0,2.36
305512.0,6404462.0,2.37
305514.0,6404462.0,2.46
305516.0,6404462.0,2.25
305518.0,6404462.0,2.26
305520.0,6404462.0,2.26
305522.0,6404462.0,2.18
305524.0,6404462.0,2.14
305526.0,6404462.0,2.35
305528.0,6404462.0,2.32
305530.0,6404462.0,2.35
305532.0,6404462.0,2.38
305534.0,6404462.0,2.45
305536.0,6404462.0,2.5
305538.0,6404462.0,2.6
305540.0,6404462.0,2.86
305542.0,6404462.0,3.16
305544.0,6404462.0,3.5
305546.0,6404462.0,3.28
305548.0,6404462.0,3.45
305550.0,6404462.0,3.49
305552.0,6404462.0,3.5
305554.0,6404462.0,3.61
305556.0,6404462.0,3.7
305558.0,6404462.0,3.77
305560.0,6404462.0,3.82
305562.0,6404462.0,3.86
305564.0,6404462.0,3.88
305566.0,6404462.0,4.18
305568.0,6404462.0,4.26
305570.0,6404462.0,4.38
305572.0,6404462.0,4.45
305574.0,6404462.0,4.28
305576.0,6404462.0,4.44
305578.0,6404462.0,4.53
305580.0,6404462.0,4.47
305582.0,6404462.0,4.46
305584.0,6404462.0,4.18
305586.0,6404462.0,4.13
305588.0,6404462.0,4.06
305590.0,6404462.0,4.29
305592.0,6404462.0,4.21
305594.0,6404462.0,4.05
305596.0,6404462.0,4.1
305598.0,6404462.0,4.06
305600.0,6404462.0,4.04
305602.0,6404462.0,4.05
305604.0,6404462.0,4.1
305606.0,6404462.0,4.18
305608.0,6404462.0,4.2
305610.0,6404462.0,4.15
305612.0,6404462.0,4.16
305614.0,6404462.0,4.19
305616.0,6404462.0,4.22
305618.0,6404462.0,4.25
305620.0,6404462.0,4.28
305622.0,6404462.0,4.29
305624.0,6404462.0,4.26
305626.0,6404462.0,4.3
305628.0,6404462.0,4.35
305630.0,6404462.0,4.42
305632.0,6404462.0,4.44
305634.0,6404462.0,4.46
305636.0,6404462.0,4.41
305638.0,6404462.0,4.39
305640.0,6404462.0,4.32
305642.0,6404462.0,4.26
305644.0,6404462.0,4.22
305646.0,6404462.0,4.2
305648.0,6404462.0,4.2
305650.0,6404462.0,4.21
305652.0,6404462.0,4.12
305654.0,6404462.0,4.12
305656.0,6404462.0,3.99
305658.0,6404462.0,4.0
305660.0,6404462.0,4.04
305662.0,6404462.0,3.97
305664.0,6404462.0,3.98
305666.0,6404462.0,3.92
305668.0,6404462.0,3.86
305670.0,6404462.0,3.78
305672.0,6404462.0,3.75
305674.0,6404462.0,3.79
305676.0,6404462.0,3.6
305678.0,6404462.0,3.51
305680.0,6404462.0,3.45
305150.0,6404464.0,-0.31
305152.0,6404464.0,-0.31
305154.0,6404464.0,-0.31
305156.0,6404464.0,-0.31
305158.0,6404464.0,-0.31
305160.0,6404464.0,-0.31
305162.0,6404464.0,-0.31
305164.0,6404464.0,-0.31
305166.0,6404464.0,-0.31
305168.0,6404464.0,-0.31
305170.0,6404464.0,-0.31
305172.0,6404464.0,-0.31
305174.0,6404464.0,-0.31
305176.0,6404464.0,-0.31
305178.0,6404464.0,-0.31
305180.0,6404464.0,-0.31
305182.0,6404464.0,-0.31
305184.0,6404464.0,-0.31
305186.0,6404464.0,-0.31
305188.0,6404464.0,-0.31
305190.0,6404464.0,-0.31
305192.0,6404464.0,-0.31
305194.0,6404464.0,-0.31
305196.0,6404464.0,-0.31
305198.0,6404464.0,-0.31
305200.0,6404464.0,-0.31
305202.0,6404464.0,-0.31
305204.0,6404464.0,-0.31
305206.0,6404464.0,-0.31
305208.0,6404464.0,-0.31
305210.0,6404464.0,-0.31
305212.0,6404464.0,-0.31
305214.0,6404464.0,-0.31
305216.0,6404464.0,-0.31
305218.0,6404464.0,-0.31
305220.0,6404464.0,-0.31
305222.0,6404464.0,-0.31
305224.0,6404464.0,-0.31
305226.0,6404464.0,-0.31
305228.0,6404464.0,-0.31
305230.0,6404464.0,-0.31
305232.0,6404464.0,-0.31
305234.0,6404464.0,-0.31
305236.0,6404464.0,-0.31
305238.0,6404464.0,-0.02
305240.0,6404464.0,0.17
305242.0,6404464.0,0.38
305244.0,6404464.0,0.56
305246.0,6404464.0,0.81
305248.0,6404464.0,0.97
305250.0,6404464.0,1.26
305252.0,6404464.0,1.47
305254.0,6404464.0,2.5
305256.0,6404464.0,3.71
305258.0,6404464.0,4.33
305260.0,6404464.0,4.65
305262.0,6404464.0,4.81
305264.0,6404464.0,4.91
305266.0,6404464.0,5.01
305268.0,6404464.0,5.15
305270.0,6404464.0,5.31
305272.0,6404464.0,5.48
305274.0,6404464.0,5.78
305276.0,6404464.0,6.08
305278.0,6404464.0,6.13
305280.0,6404464.0,6.2
305282.0,6404464.0,6.44
305284.0,6404464.0,6.85
305286.0,6404464.0,7.89
305288.0,6404464.0,8.65
305290.0,6404464.0,9.24
305292.0,6404464.0,9.65
305294.0,6404464.0,11.63
305296.0,6404464.0,11.71
305298.0,6404464.0,10.77
305300.0,6404464.0,10.75
305302.0,6404464.0,11.14
305304.0,6404464.0,11.75
305306.0,6404464.0,12.64
305308.0,6404464.0,13.57
305310.0,6404464.0,13.69
305312.0,6404464.0,13.7
305314.0,6404464.0,13.74
305316.0,6404464.0,14.08
305318.0,6404464.0,14.01
305320.0,6404464.0,14.22
305322.0,6404464.0,14.53
305324.0,6404464.0,14.88
305326.0,6404464.0,15.45
305328.0,6404464.0,15.8
305330.0,6404464.0,15.73
305332.0,6404464.0,15.94
305334.0,6404464.0,15.77
305336.0,6404464.0,15.63
305338.0,6404464.0,15.39
305340.0,6404464.0,14.99
305342.0,6404464.0,14.67
305344.0,6404464.0,14.52
305346.0,6404464.0,14.64
305348.0,6404464.0,14.73
305350.0,6404464.0,14.6
305352.0,6404464.0,14.25
305354.0,6404464.0,13.92
305356.0,6404464.0,13.59
305358.0,6404464.0,13.38
305360.0,6404464.0,12.96
305362.0,6404464.0,12.84
305364.0,6404464.0,12.58
305366.0,6404464.0,12.15
305368.0,6404464.0,11.8
305370.0,6404464.0,11.28
305372.0,6404464.0,11.0
305374.0,6404464.0,10.91
305376.0,6404464.0,10.57
305378.0,6404464.0,10.41
305380.0,6404464.0,9.9
305382.0,6404464.0,9.52
305384.0,6404464.0,9.26
305386.0,6404464.0,9.32
305388.0,6404464.0,9.25
305390.0,6404464.0,9.44
305392.0,6404464.0,9.6
305394.0,6404464.0,9.93
305396.0,6404464.0,10.06
305398.0,6404464.0,9.69
305400.0,6404464.0,9.43
305402.0,6404464.0,9.69
305404.0,6404464.0,10.25
305406.0,6404464.0,10.46
305408.0,6404464.0,9.92
305410.0,6404464.0,10.01
305412.0,6404464.0,10.18
305414.0,6404464.0,9.78
305416.0,6404464.0,9.71
305418.0,6404464.0,9.91
305420.0,6404464.0,10.12
305422.0,6404464.0,9.98
305424.0,6404464.0,9.83
305426.0,6404464.0,9.68
305428.0,6404464.0,9.42
305430.0,6404464.0,8.94
305432.0,6404464.0,8.31
305434.0,6404464.0,7.65
305436.0,6404464.0,7.15
305438.0,6404464.0,6.96
305440.0,6404464.0,6.87
305442.0,6404464.0,6.74
305444.0,6404464.0,6.57
305446.0,6404464.0,6.24
305448.0,6404464.0,6.32
305450.0,6404464.0,6.82
305452.0,6404464.0,6.74
305454.0,6404464.0,6.49
305456.0,6404464.0,6.18
305458.0,6404464.0,6.11
305460.0,6404464.0,6.22
305462.0,6404464.0,6.58
305464.0,6404464.0,6.44
305466.0,6404464.0,6.06
305468.0,6404464.0,5.56
305470.0,6404464.0,5.45
305472.0,6404464.0,5.15
305474.0,6404464.0,5.39
305476.0,6404464.0,5.14
305478.0,6404464.0,4.96
305480.0,6404464.0,4.8
305482.0,6404464.0,4.19
305484.0,6404464.0,3.53
305486.0,6404464.0,3.44
305488.0,6404464.0,3.26
305490.0,6404464.0,2.97
305492.0,6404464.0,2.86
305494.0,6404464.0,2.68
305496.0,6404464.0,2.53
305498.0,6404464.0,2.47
305500.0,6404464.0,2.4
305502.0,6404464.0,2.34
305504.0,6404464.0,2.31
305506.0,6404464.0,2.25
305508.0,6404464.0,2.21
305510.0,6404464.0,2.26
305512.0,6404464.0,2.21
305514.0,6404464.0,2.18
305516.0,6404464.0,2.2
305518.0,6404464.0,2.1
305520.0,6404464.0,2.25
305522.0,6404464.0,2.15
305524.0,6404464.0,2.2
305526.0,6404464.0,2.15
305528.0,6404464.0,2.29
305530.0,6404464.0,2.36
305532.0,6404464.0,2.29
305534.0,6404464.0,2.28
305536.0,6404464.0,2.49
305538.0,6404464.0,2.78
305540.0,6404464.0,3.53
305542.0,6404464.0,3.74
305544.0,6404464.0,3.84
305546.0,6404464.0,3.77
305548.0,6404464.0,3.62
305550.0,6404464.0,3.57
305552.0,6404464.0,3.54
305554.0,6404464.0,3.64
305556.0,6404464.0,3.7
305558.0,6404464.0,3.77
305560.0,6404464.0,3.85
305562.0,6404464.0,3.93
305564.0,6404464.0,3.85
305566.0,6404464.0,4.16
305568.0,6404464.0,4.36
305570.0,6404464.0,4.54
305572.0,6404464.0,4.6
305574.0,6404464.0,4.49
305576.0,6404464.0,4.62
305578.0,6404464.0,4.86
305580.0,6404464.0,4.88
305582.0,6404464.0,5.2
305584.0,6404464.0,5.08
305586.0,6404464.0,4.5
305588.0,6404464.0,4.35
305590.0,6404464.0,4.39
305592.0,6404464.0,4.27
305594.0,6404464.0,4.11
305596.0,6404464.0,4.18
305598.0,6404464.0,4.1
305600.0,6404464.0,4.06
305602.0,6404464.0,4.1
305604.0,6404464.0,4.14
305606.0,6404464.0,4.16
305608.0,6404464.0,4.2
305610.0,6404464.0,4.27
305612.0,6404464.0,4.23
305614.0,6404464.0,4.27
305616.0,6404464.0,4.33
305618.0,6404464.0,4.28
305620.0,6404464.0,4.28
305622.0,6404464.0,4.26
305624.0,6404464.0,4.27
305626.0,6404464.0,4.32
305628.0,6404464.0,4.3
305630.0,6404464.0,4.35
305632.0,6404464.0,4.38
305634.0,6404464.0,4.42
305636.0,6404464.0,4.4
305638.0,6404464.0,4.38
305640.0,6404464.0,4.32
305642.0,6404464.0,4.25
305644.0,6404464.0,4.17
305646.0,6404464.0,4.2
305648.0,6404464.0,4.14
305650.0,6404464.0,4.13
305652.0,6404464.0,4.13
305654.0,6404464.0,4.02
305656.0,6404464.0,3.99
305658.0,6404464.0,3.89
305660.0,6404464.0,3.91
305662.0,6404464.0,3.89
305664.0,6404464.0,3.86
305666.0,6404464.0,3.82
305668.0,6404464.0,3.8
305670.0,6404464.0,3.83
305672.0,6404464.0,3.7
305674.0,6404464.0,3.66
305676.0,6404464.0,3.55
305678.0,6404464.0,3.47
305680.0,6404464.0,3.51
305150.0,6404466.0,-0.31
305152.0,6404466.0,-0.31
305154.0,6404466.0,-0.31
305156.0,6404466.0,-0.31
305158.0,6404466.0,-0.31
305160.0,6404466.0,-0.31
305162.0,6404466.0,-0.31
305164.0,6404466.0,-0.31
305166.0,6404466.0,-0.31
305168.0,6404466.0,-0.31
305170.0,6404466.0,-0.31
305172.0,6404466.0,-0.31
305174.0,6404466.0,-0.31
305176.0,6404466.0,-0.31
305178.0,6404466.0,-0.31
305180.0,6404466.0,-0.31
305182.0,6404466.0,-0.31
305184.0,6404466.0,-0.31
305186.0,6404466.0,-0.31
305188.0,6404466.0,-0.31
305190.0,6404466.0,-0.31
305192.0,6404466.0,-0.31
305194.0,6404466.0,-0.31
305196.0,6404466.0,-0.31
305198.0,6404466.0,-0.31
305200.0,6404466.0,-0.31
305202.0,6404466.0,-0.31
305204.0,6404466.0,-0.31
305206.0,6404466.0,-0.31
305208.0,6404466.0,-0.31
305210.0,6404466.0,-0.31
305212.0,6404466.0,-0.31
305214.0,6404466.0,-0.31
305216.0,6404466.0,-0.31
305218.0,6404466.0,-0.31
305220.0,6404466.0,-0.31
305222.0,6404466.0,-0.31
305224.0,6404466.0,-0.31
305226.0,6404466.0,-0.31
305228.0,6404466.0,-0.31
305230.0,6404466.0,-0.31
305232.0,6404466.0,-0.31
305234.0,6404466.0,-0.31
305236.0,6404466.0,-0.31
305238.0,6404466.0,-0.2
305240.0,6404466.0,0.05
305242.0,6404466.0,0.27
305244.0,6404466.0,0.53
305246.0,6404466.0,0.65
305248.0,6404466.0,0.86
305250.0,6404466.0,0.99
305252.0,6404466.0,1.28
305254.0,6404466.0,1.79
305256.0,6404466.0,2.89
305258.0,6404466.0,3.63
305260.0,6404466.0,4.26
305262.0,6404466.0,4.61
305264.0,6404466.0,4.79
305266.0,6404466.0,4.91
305268.0,6404466.0,5.04
305270.0,6404466.0,5.14
305272.0,6404466.0,5.24
305274.0,6404466.0,5.48
305276.0,6404466.0,5.67
305278.0,6404466.0,5.81
305280.0,6404466.0,5.95
305282.0,6404466.0,6.31
305284.0,6404466.0,6.45
305286.0,6404466.0,6.84
305288.0,6404466.0,7.97
305290.0,6404466.0,9.02
305292.0,6404466.0,8.84
305294.0,6404466.0,10.45
305296.0,6404466.0,10.58
305298.0,6404466.0,9.87
305300.0,6404466.0,9.99
305302.0,6404466.0,10.61
305304.0,6404466.0,10.91
305306.0,6404466.0,11.77
305308.0,6404466.0,12.84
305310.0,6404466.0,13.11
305312.0,6404466.0,13.17
305314.0,6404466.0,13.4
305316.0,6404466.0,13.19
305318.0,6404466.0,13.43
305320.0,6404466.0,13.89
305322.0,6404466.0,14.51
305324.0,6404466.0,14.82
305326.0,6404466.0,15.28
305328.0,6404466.0,15.95
305330.0,6404466.0,16.04
305332.0,6404466.0,16.02
305334.0,6404466.0,15.77
305336.0,6404466.0,15.75
305338.0,6404466.0,15.61
305340.0,6404466.0,15.2
305342.0,6404466.0,14.77
305344.0,6404466.0,14.77
305346.0,6404466.0,14.68
305348.0,6404466.0,14.63
305350.0,6404466.0,14.5
305352.0,6404466.0,14.21
305354.0,6404466.0,13.83
305356.0,6404466.0,13.81
305358.0,6404466.0,13.25
305360.0,6404466.0,13.08
305362.0,6404466.0,12.88
305364.0,6404466.0,12.6
305366.0,6404466.0,12.32
305368.0,6404466.0,11.92
305370.0,6404466.0,11.38
305372.0,6404466.0,11.0
305374.0,6404466.0,10.84
305376.0,6404466.0,10.57
305378.0,6404466.0,10.19
305380.0,6404466.0,9.8
305382.0,6404466.0,9.39
305384.0,6404466.0,9.24
305386.0,6404466.0,9.16
305388.0,6404466.0,9.2
305390.0,6404466.0,9.27
305392.0,6404466.0,9.37
305394.0,6404466.0,9.68
305396.0,6404466.0,10.07
305398.0,6404466.0,9.83
305400.0,6404466.0,9.69
305402.0,6404466.0,9.57
305404.0,6404466.0,9.94
305406.0,6404466.0,10.74
305408.0,6404466.0,10.62
305410.0,6404466.0,10.12
305412.0,6404466.0,10.05
305414.0,6404466.0,9.86
305416.0,6404466.0,9.97
305418.0,6404466.0,10.1
305420.0,6404466.0,10.25
305422.0,6404466.0,10.12
305424.0,6404466.0,9.85
305426.0,6404466.0,9.86
305428.0,6404466.0,9.85
305430.0,6404466.0,9.66
305432.0,6404466.0,8.61
305434.0,6404466.0,7.7
305436.0,6404466.0,7.49
305438.0,6404466.0,7.38
305440.0,6404466.0,6.97
305442.0,6404466.0,6.8
305444.0,6404466.0,6.71
305446.0,6404466.0,6.8
305448.0,6404466.0,7.23
305450.0,6404466.0,7.26
305452.0,6404466.0,6.9
305454.0,6404466.0,6.86
305456.0,6404466.0,6.7
305458.0,6404466.0,6.7
305460.0,6404466.0,6.63
305462.0,6404466.0,6.56
305464.0,6404466.0,6.28
305466.0,6404466.0,6.02
305468.0,6404466.0,5.31
305470.0,6404466.0,5.3
305472.0,6404466.0,5.48
305474.0,6404466.0,6.05
305476.0,6404466.0,5.88
305478.0,6404466.0,5.48
305480.0,6404466.0,5.0
305482.0,6404466.0,4.35
305484.0,6404466.0,3.63
305486.0,6404466.0,3.6
305488.0,6404466.0,3.39
305490.0,6404466.0,3.26
305492.0,6404466.0,3.0
305494.0,6404466.0,2.83
305496.0,6404466.0,2.65
305498.0,6404466.0,2.47
305500.0,6404466.0,2.4
305502.0,6404466.0,2.34
305504.0,6404466.0,2.28
305506.0,6404466.0,2.27
305508.0,6404466.0,2.19
305510.0,6404466.0,2.18
305512.0,6404466.0,2.17
305514.0,6404466.0,2.14
305516.0,6404466.0,2.13
305518.0,6404466.0,2.15
305520.0,6404466.0,2.09
305522.0,6404466.0,2.15
305524.0,6404466.0,2.16
305526.0,6404466.0,2.07
305528.0,6404466.0,2.16
305530.0,6404466.0,2.24
305532.0,6404466.0,2.16
305534.0,6404466.0,2.2
305536.0,6404466.0,2.4
305538.0,6404466.0,3.21
305540.0,6404466.0,3.73
305542.0,6404466.0,3.97
305544.0,6404466.0,3.88
305546.0,6404466.0,3.79
305548.0,6404466.0,3.63
305550.0,6404466.0,3.57
305552.0,6404466.0,3.59
305554.0,6404466.0,3.67
305556.0,6404466.0,3.71
305558.0,6404466.0,3.77
305560.0,6404466.0,3.83
305562.0,6404466.0,3.87
305564.0,6404466.0,3.86
305566.0,6404466.0,4.11
305568.0,6404466.0,4.51
305570.0,6404466.0,4.67
305572.0,6404466.0,4.86
305574.0,6404466.0,5.0
305576.0,6404466.0,5.62
305578.0,6404466.0,6.19
305580.0,6404466.0,6.74
305582.0,6404466.0,6.81
305584.0,6404466.0,6.21
305586.0,6404466.0,6.13
305588.0,6404466.0,5.36
305590.0,6404466.0,4.75
305592.0,6404466.0,4.76
305594.0,6404466.0,4.36
305596.0,6404466.0,4.39
305598.0,6404466.0,4.32
305600.0,6404466.0,4.08
305602.0,6404466.0,4.13
305604.0,6404466.0,4.19
305606.0,6404466.0,4.24
305608.0,6404466.0,4.4
305610.0,6404466.0,4.41
305612.0,6404466.0,4.42
305614.0,6404466.0,4.43
305616.0,6404466.0,4.36
305618.0,6404466.0,4.32
305620.0,6404466.0,4.31
305622.0,6404466.0,4.27
305624.0,6404466.0,4.28
305626.0,6404466.0,4.3
305628.0,6404466.0,4.32
305630.0,6404466.0,4.36
305632.0,6404466.0,4.35
305634.0,6404466.0,4.38
305636.0,6404466.0,4.37
305638.0,6404466.0,4.33
305640.0,6404466.0,4.28
305642.0,6404466.0,4.2
305644.0,6404466.0,4.18
305646.0,6404466.0,4.13
305648.0,6404466.0,4.15
305650.0,6404466.0,4.09
305652.0,6404466.0,4.05
305654.0,6404466.0,4.0
305656.0,6404466.0,3.92
305658.0,6404466.0,3.78
305660.0,6404466.0,3.74
305662.0,6404466.0,3.79
305664.0,6404466.0,3.76
305666.0,6404466.0,3.76
305668.0,6404466.0,3.75
305670.0,6404466.0,3.75
305672.0,6404466.0,3.62
305674.0,6404466.0,3.59
305676.0,6404466.0,3.52
305678.0,6404466.0,3.41
305680.0,6404466.0,3.34
305150.0,6404468.0,-0.31
305152.0,6404468.0,-0.31
305154.0,6404468.0,-0.31
305156.0,6404468.0,-0.31
305158.0,6404468.0,-0.31
305160.0,6404468.0,-0.31
305162.0,6404468.0,-0.31
305164.0,6404468.0,-0.31
305166.0,6404468.0,-0.31
305168.0,6404468.0,-0.31
305170.0,6404468.0,-0.31
305172.0,6404468.0,-0.31
305174.0,6404468.0,-0.31
305176.0,6404468.0,-0.31
305178.0,6404468.0,-0.31
305180.0,6404468.0,-0.31
305182.0,6404468.0,-0.31
305184.0,6404468.0,-0.31
305186.0,6404468.0,-0.31
305188.0,6404468.0,-0.31
305190.0,6404468.0,-0.31
305192.0,6404468.0,-0.31
305194.0,6404468.0,-0.31
305196.0,6404468.0,-0.31
305198.0,6404468.0,-0.31
305200.0,6404468.0,-0.31
305202.0,6404468.0,-0.31
305204.0,6404468.0,-0.31
305206.0,6404468.0,-0.31
305208.0,6404468.0,-0.31
305210.0,6404468.0,-0.31
305212.0,6404468.0,-0.31
305214.0,6404468.0,-0.31
305216.0,6404468.0,-0.31
305218.0,6404468.0,-0.31
305220.0,6404468.0,-0.31
305222.0,6404468.0,-0.31
305224.0,6404468.0,-0.31
305226.0,6404468.0,-0.31
305228.0,6404468.0,-0.31
305230.0,6404468.0,-0.31
305232.0,6404468.0,-0.31
305234.0,6404468.0,-0.31
305236.0,6404468.0,-0.31
305238.0,6404468.0,-0.31
305240.0,6404468.0,-0.04
305242.0,6404468.0,0.2
305244.0,6404468.0,0.36
305246.0,6404468.0,0.57
305248.0,6404468.0,0.75
305250.0,6404468.0,0.89
305252.0,6404468.0,1.08
305254.0,6404468.0,1.45
305256.0,6404468.0,2.2
305258.0,6404468.0,2.87
305260.0,6404468.0,3.36
305262.0,6404468.0,4.06
305264.0,6404468.0,4.61
305266.0,6404468.0,4.71
305268.0,6404468.0,4.89
305270.0,6404468.0,5.02
305272.0,6404468.0,5.11
305274.0,6404468.0,5.18
305276.0,6404468.0,5.36
305278.0,6404468.0,5.55
305280.0,6404468.0,5.74
305282.0,6404468.0,6.48
305284.0,6404468.0,6.63
305286.0,6404468.0,6.48
305288.0,6404468.0,7.42
305290.0,6404468.0,8.18
305292.0,6404468.0,8.75
305294.0,6404468.0,8.6
305296.0,6404468.0,9.16
305298.0,6404468.0,10.21
305300.0,6404468.0,9.89
305302.0,6404468.0,9.98
305304.0,6404468.0,10.22
305306.0,6404468.0,11.11
305308.0,6404468.0,12.26
305310.0,6404468.0,12.79
305312.0,6404468.0,12.75
305314.0,6404468.0,12.85
305316.0,6404468.0,13.0
305318.0,6404468.0,13.08
305320.0,6404468.0,13.59
305322.0,6404468.0,14.15
305324.0,6404468.0,14.54
305326.0,6404468.0,14.93
305328.0,6404468.0,15.42
305330.0,6404468.0,15.5
305332.0,6404468.0,15.6
305334.0,6404468.0,15.66
305336.0,6404468.0,15.55
305338.0,6404468.0,15.62
305340.0,6404468.0,15.45
305342.0,6404468.0,15.33
305344.0,6404468.0,15.29
305346.0,6404468.0,15.13
305348.0,6404468.0,14.85
305350.0,6404468.0,14.52
305352.0,6404468.0,14.41
305354.0,6404468.0,13.79
305356.0,6404468.0,13.49
305358.0,6404468.0,13.31
305360.0,6404468.0,13.17
305362.0,6404468.0,13.0
305364.0,6404468.0,12.76
305366.0,6404468.0,12.45
305368.0,6404468.0,11.95
305370.0,6404468.0,11.41
305372.0,6404468.0,11.15
305374.0,6404468.0,10.77
305376.0,6404468.0,10.42
305378.0,6404468.0,10.4
305380.0,6404468.0,10.2
305382.0,6404468.0,9.73
305384.0,6404468.0,9.41
305386.0,6404468.0,9.17
305388.0,6404468.0,9.27
305390.0,6404468.0,9.29
305392.0,6404468.0,9.36
305394.0,6404468.0,9.52
305396.0,6404468.0,9.82
305398.0,6404468.0,9.83
305400.0,6404468.0,9.67
305402.0,6404468.0,9.28
305404.0,6404468.0,9.35
305406.0,6404468.0,10.46
305408.0,6404468.0,10.71
305410.0,6404468.0,10.67
305412.0,6404468.0,10.19
305414.0,6404468.0,9.74
305416.0,6404468.0,9.76
305418.0,6404468.0,9.87
305420.0,6404468.0,9.88
305422.0,6404468.0,9.85
305424.0,6404468.0,9.78
305426.0,6404468.0,9.95
305428.0,6404468.0,9.84
305430.0,6404468.0,9.57
305432.0,6404468.0,8.37
305434.0,6404468.0,8.04
305436.0,6404468.0,7.69
305438.0,6404468.0,7.3
305440.0,6404468.0,7.14
305442.0,6404468.0,7.07
305444.0,6404468.0,7.06
305446.0,6404468.0,7.43
305448.0,6404468.0,7.57
305450.0,6404468.0,7.48
305452.0,6404468.0,7.38
305454.0,6404468.0,7.33
305456.0,6404468.0,7.06
305458.0,6404468.0,6.76
305460.0,6404468.0,6.51
305462.0,6404468.0,6.18
305464.0,6404468.0,5.97
305466.0,6404468.0,5.46
305468.0,6404468.0,5.22
305470.0,6404468.0,5.22
305472.0,6404468.0,5.71
305474.0,6404468.0,6.17
305476.0,6404468.0,6.04
305478.0,6404468.0,5.7
305480.0,6404468.0,5.41
305482.0,6404468.0,4.57
305484.0,6404468.0,4.09
305486.0,6404468.0,3.79
305488.0,6404468.0,3.63
305490.0,6404468.0,3.57
305492.0,6404468.0,3.35
305494.0,6404468.0,3.32
305496.0,6404468.0,3.1
305498.0,6404468.0,2.79
305500.0,6404468.0,2.46
305502.0,6404468.0,2.38
305504.0,6404468.0,2.35
305506.0,6404468.0,2.27
305508.0,6404468.0,2.21
305510.0,6404468.0,2.15
305512.0,6404468.0,2.11
305514.0,6404468.0,2.09
305516.0,6404468.0,2.04
305518.0,6404468.0,2.05
305520.0,6404468.0,2.09
305522.0,6404468.0,2.1
305524.0,6404468.0,2.16
305526.0,6404468.0,2.19
305528.0,6404468.0,2.26
305530.0,6404468.0,2.15
305532.0,6404468.0,2.15
305534.0,6404468.0,2.27
305536.0,6404468.0,2.36
305538.0,6404468.0,3.33
305540.0,6404468.0,3.77
305542.0,6404468.0,3.93
305544.0,6404468.0,3.83
305546.0,6404468.0,3.79
305548.0,6404468.0,3.65
305550.0,6404468.0,3.55
305552.0,6404468.0,3.63
305554.0,6404468.0,3.68
305556.0,6404468.0,3.72
305558.0,6404468.0,3.76
305560.0,6404468.0,3.78
305562.0,6404468.0,3.87
305564.0,6404468.0,4.11
305566.0,6404468.0,4.48
305568.0,6404468.0,4.8
305570.0,6404468.0,5.05
305572.0,6404468.0,5.96
305574.0,6404468.0,6.35
305576.0,6404468.0,6.94
305578.0,6404468.0,7.99
305580.0,6404468.0,8.2
305582.0,6404468.0,8.84
305584.0,6404468.0,8.39
305586.0,6404468.0,7.49
305588.0,6404468.0,6.93
305590.0,6404468.0,7.96
305592.0,6404468.0,6.67
305594.0,6404468.0,6.06
305596.0,6404468.0,5.59
305598.0,6404468.0,5.02
305600.0,6404468.0,4.42
305602.0,6404468.0,4.41
305604.0,6404468.0,4.43
305606.0,6404468.0,4.32
305608.0,6404468.0,4.48
305610.0,6404468.0,4.56
305612.0,6404468.0,4.62
305614.0,6404468.0,4.62
305616.0,6404468.0,4.32
305618.0,6404468.0,4.34
305620.0,6404468.0,4.31
305622.0,6404468.0,4.37
305624.0,6404468.0,4.28
305626.0,6404468.0,4.28
305628.0,6404468.0,4.33
305630.0,6404468.0,4.37
305632.0,6404468.0,4.4
305634.0,6404468.0,4.38
305636.0,6404468.0,4.39
305638.0,6404468.0,4.32
305640.0,6404468.0,4.26
305642.0,6404468.0,4.15
305644.0,6404468.0,4.11
305646.0,6404468.0,4.08
305648.0,6404468.0,4.07
305650.0,6404468.0,4.03
305652.0,6404468.0,3.93
305654.0,6404468.0,3.69
305656.0,6404468.0,3.62
305658.0,6404468.0,3.61
305660.0,6404468.0,3.72
305662.0,6404468.0,3.77
305664.0,6404468.0,3.69
305666.0,6404468.0,3.68
305668.0,6404468.0,3.62
305670.0,6404468.0,3.56
305672.0,6404468.0,3.53
305674.0,6404468.0,3.54
305676.0,6404468.0,3.49
305678.0,6404468.0,3.24
305680.0,6404468.0,3.09
305150.0,6404470.0,-0.31
305152.0,6404470.0,-0.31
305154.0,6404470.0,-0.31
305156.0,6404470.0,-0.31
305158.0,6404470.0,-0.31
305160.0,6404470.0,-0.31
305162.0,6404470.0,-0.31
305164.0,6404470.0,-0.31
305166.0,6404470.0,-0.31
305168.0,6404470.0,-0.31
305170.0,6404470.0,-0.31
305172.0,6404470.0,-0.31
305174.0,6404470.0,-0.31
305176.0,6404470.0,-0.31
305178.0,6404470.0,-0.31
305180.0,6404470.0,-0.31
305182.0,6404470.0,-0.31
305184.0,6404470.0,-0.31
305186.0,6404470.0,-0.31
305188.0,6404470.0,-0.31
305190.0,6404470.0,-0.31
305192.0,6404470.0,-0.31
305194.0,6404470.0,-0.31
305196.0,6404470.0,-0.31
305198.0,6404470.0,-0.31
305200.0,6404470.0,-0.31
305202.0,6404470.0,-0.31
305204.0,6404470.0,-0.31
305206.0,6404470.0,-0.31
305208.0,6404470.0,-0.31
305210.0,6404470.0,-0.31
305212.0,6404470.0,-0.31
305214.0,6404470.0,-0.31
305216.0,6404470.0,-0.31
305218.0,6404470.0,-0.31
305220.0,6404470.0,-0.31
305222.0,6404470.0,-0.31
305224.0,6404470.0,-0.31
305226.0,6404470.0,-0.31
305228.0,6404470.0,-0.31
305230.0,6404470.0,-0.31
305232.0,6404470.0,-0.31
305234.0,6404470.0,-0.31
305236.0,6404470.0,-0.31
305238.0,6404470.0,-0.31
305240.0,6404470.0,-0.31
305242.0,6404470.0,0.03
305244.0,6404470.0,0.24
305246.0,6404470.0,0.4
305248.0,6404470.0,0.56
305250.0,6404470.0,0.79
305252.0,6404470.0,0.93
305254.0,6404470.0,1.11
305256.0,6404470.0,1.57
305258.0,6404470.0,2.4
305260.0,6404470.0,2.9
305262.0,6404470.0,3.46
305264.0,6404470.0,4.02
305266.0,6404470.0,4.46
305268.0,6404470.0,4.71
305270.0,6404470.0,4.88
305272.0,6404470.0,4.96
305274.0,6404470.0,5.02
305276.0,6404470.0,5.07
305278.0,6404470.0,5.23
305280.0,6404470.0,5.79
305282.0,6404470.0,6.35
305284.0,6404470.0,6.39
305286.0,6404470.0,6.43
305288.0,6404470.0,6.7
305290.0,6404470.0,7.14
305292.0,6404470.0,7.8
305294.0,6404470.0,7.9
305296.0,6404470.0,8.18
305298.0,6404470.0,9.34
305300.0,6404470.0,9.97
305302.0,6404470.0,9.77
305304.0,6404470.0,10.41
305306.0,6404470.0,11.05
305308.0,6404470.0,12.1
305310.0,6404470.0,12.26
305312.0,6404470.0,12.37
305314.0,6404470.0,12.54
305316.0,6404470.0,12.69
305318.0,6404470.0,12.67
305320.0,6404470.0,13.15
305322.0,6404470.0,13.94
305324.0,6404470.0,14.17
305326.0,6404470.0,14.27
305328.0,6404470.0,14.63
305330.0,6404470.0,14.8
305332.0,6404470.0,14.92
305334.0,6404470.0,15.07
305336.0,6404470.0,15.26
305338.0,6404470.0,15.34
305340.0,6404470.0,15.28
305342.0,6404470.0,15.11
305344.0,6404470.0,15.16
305346.0,6404470.0,15.08
305348.0,6404470.0,14.84
305350.0,6404470.0,14.45
305352.0,6404470.0,14.23
305354.0,6404470.0,13.76
305356.0,6404470.0,13.57
305358.0,6404470.0,13.4
305360.0,6404470.0,13.32
305362.0,6404470.0,13.12
305364.0,6404470.0,12.83
305366.0,6404470.0,12.5
305368.0,6404470.0,12.15
305370.0,6404470.0,11.52
305372.0,6404470.0,10.98
305374.0,6404470.0,10.57
305376.0,6404470.0,10.4
305378.0,6404470.0,10.49
305380.0,6404470.0,10.46
305382.0,6404470.0,10.21
305384.0,6404470.0,9.88
305386.0,6404470.0,9.7
305388.0,6404470.0,9.38
305390.0,6404470.0,9.27
305392.0,6404470.0,9.48
305394.0,6404470.0,9.49
305396.0,6404470.0,9.66
305398.0,6404470.0,9.54
305400.0,6404470.0,9.23
305402.0,6404470.0,9.08
305404.0,6404470.0,8.95
305406.0,6404470.0,9.46
305408.0,6404470.0,10.54
305410.0,6404470.0,10.55
305412.0,6404470.0,10.44
305414.0,6404470.0,10.24
305416.0,6404470.0,10.01
305418.0,6404470.0,10.01
305420.0,6404470.0,9.78
305422.0,6404470.0,9.69
305424.0,6404470.0,9.84
305426.0,6404470.0,9.94
305428.0,6404470.0,9.84
305430.0,6404470.0,9.65
305432.0,6404470.0,8.4
305434.0,6404470.0,8.17
305436.0,6404470.0,7.95
305438.0,6404470.0,7.6
305440.0,6404470.0,7.31
305442.0,6404470.0,7.28
305444.0,6404470.0,7.33
305446.0,6404470.0,7.82
305448.0,6404470.0,8.07
305450.0,6404470.0,8.0
305452.0,6404470.0,7.74
305454.0,6404470.0,7.48
305456.0,6404470.0,7.13
305458.0,6404470.0,6.89
305460.0,6404470.0,6.55
305462.0,6404470.0,6.01
305464.0,6404470.0,5.61
305466.0,6404470.0,5.23
305468.0,6404470.0,5.21
305470.0,6404470.0,5.22
305472.0,6404470.0,5.5
305474.0,6404470.0,6.26
305476.0,6404470.0,6.13
305478.0,6404470.0,5.78
305480.0,6404470.0,5.44
305482.0,6404470.0,4.94
305484.0,6404470.0,4.37
305486.0,6404470.0,4.21
305488.0,6404470.0,3.83
305490.0,6404470.0,3.46
305492.0,6404470.0,3.44
305494.0,6404470.0,3.43
305496.0,6404470.0,3.27
305498.0,6404470.0,3.16
305500.0,6404470.0,2.57
305502.0,6404470.0,2.51
305504.0,6404470.0,2.38
305506.0,6404470.0,2.35
305508.0,6404470.0,2.27
305510.0,6404470.0,2.16
305512.0,6404470.0,2.1
305514.0,6404470.0,2.08
305516.0,6404470.0,2.02
305518.0,6404470.0,2.04
305520.0,6404470.0,2.06
305522.0,6404470.0,2.1
305524.0,6404470.0,2.16
305526.0,6404470.0,2.19
305528.0,6404470.0,2.11
305530.0,6404470.0,2.09
305532.0,6404470.0,2.21
305534.0,6404470.0,2.27
305536.0,6404470.0,2.39
305538.0,6404470.0,3.18
305540.0,6404470.0,3.72
305542.0,6404470.0,3.82
305544.0,6404470.0,3.79
305546.0,6404470.0,3.7
305548.0,6404470.0,3.72
305550.0,6404470.0,3.54
305552.0,6404470.0,3.62
305554.0,6404470.0,3.69
305556.0,6404470.0,3.74
305558.0,6404470.0,3.98
305560.0,6404470.0,4.19
305562.0,6404470.0,4.66
305564.0,6404470.0,5.23
305566.0,6404470.0,5.91
305568.0,6404470.0,6.55
305570.0,6404470.0,7.27
305572.0,6404470.0,7.75
305574.0,6404470.0,8.27
305576.0,6404470.0,8.95
305578.0,6404470.0,9.39
305580.0,6404470.0,10.03
305582.0,6404470.0,10.23
305584.0,6404470.0,9.54
305586.0,6404470.0,8.95
305588.0,6404470.0,9.38
305590.0,6404470.0,9.46
305592.0,6404470.0,9.37
305594.0,6404470.0,7.87
305596.0,6404470.0,6.85
305598.0,6404470.0,6.86
305600.0,6404470.0,6.7
305602.0,6404470.0,6.73
305604.0,6404470.0,4.71
305606.0,6404470.0,4.32
305608.0,6404470.0,4.4
305610.0,6404470.0,4.49
305612.0,6404470.0,4.56
305614.0,6404470.0,4.58
305616.0,6404470.0,4.41
305618.0,6404470.0,4.38
305620.0,6404470.0,4.29
305622.0,6404470.0,4.37
305624.0,6404470.0,4.31
305626.0,6404470.0,4.33
305628.0,6404470.0,4.34
305630.0,6404470.0,4.43
305632.0,6404470.0,4.41
305634.0,6404470.0,4.42
305636.0,6404470.0,4.41
305638.0,6404470.0,4.33
305640.0,6404470.0,4.23
305642.0,6404470.0,4.14
305644.0,6404470.0,4.06
305646.0,6404470.0,4.1
305648.0,6404470.0,3.96
305650.0,6404470.0,3.65
305652.0,6404470.0,3.16
305654.0,6404470.0,2.73
305656.0,6404470.0,2.84
305658.0,6404470.0,3.07
305660.0,6404470.0,3.2
305662.0,6404470.0,3.34
305664.0,6404470.0,3.68
305666.0,6404470.0,3.6
305668.0,6404470.0,3.39
305670.0,6404470.0,3.23
305672.0,6404470.0,3.26
305674.0,6404470.0,3.25
305676.0,6404470.0,3.16
305678.0,6404470.0,2.98
305680.0,6404470.0,2.86
305150.0,6404472.0,-0.31
305152.0,6404472.0,-0.31
305154.0,6404472.0,-0.31
305156.0,6404472.0,-0.31
305158.0,6404472.0,-0.31
305160.0,6404472.0,-0.31
305162.0,6404472.0,-0.31
305164.0,6404472.0,-0.31
305166.0,6404472.0,-0.31
305168.0,6404472.0,-0.31
305170.0,6404472.0,-0.31
305172.0,6404472.0,-0.31
305174.0,6404472.0,-0.31
305176.0,6404472.0,-0.31
305178.0,6404472.0,-0.31
305180.0,6404472.0,-0.31
305182.0,6404472.0,-0.31
305184.0,6404472.0,-0.31
305186.0,6404472.0,-0.31
305188.0,6404472.0,-0.31
305190.0,6404472.0,-0.31
305192.0,6404472.0,-0.31
305194.0,6404472.0,-0.31
305196.0,6404472.0,-0.31
305198.0,6404472.0,-0.31
305200.0,6404472.0,-0.31
305202.0,6404472.0,-0.31
305204.0,6404472.0,-0.31
305206.0,6404472.0,-0.31
305208.0,6404472.0,-0.31
305210.0,6404472.0,-0.31
305212.0,6404472.0,-0.31
305214.0,6404472.0,-0.31
305216.0,6404472.0,-0.31
305218.0,6404472.0,-0.31
305220.0,6404472.0,-0.31
305222.0,6404472.0,-0.31
305224.0,6404472.0,-0.31
305226.0,6404472.0,-0.31
305228.0,6404472.0,-0.31
305230.0,6404472.0,-0.31
305232.0,6404472.0,-0.31
305234.0,6404472.0,-0.31
305236.0,6404472.0,-0.31
305238.0,6404472.0,-0.31
305240.0,6404472.0,-0.31
305242.0,6404472.0,-0.22
305244.0,6404472.0,0.07
305246.0,6404472.0,0.27
305248.0,6404472.0,0.47
305250.0,6404472.0,0.69
305252.0,6404472.0,0.86
305254.0,6404472.0,0.98
305256.0,6404472.0,1.35
305258.0,6404472.0,2.08
305260.0,6404472.0,2.29
305262.0,6404472.0,2.33
305264.0,6404472.0,2.64
305266.0,6404472.0,4.0
305268.0,6404472.0,4.54
305270.0,6404472.0,4.71
305272.0,6404472.0,4.84
305274.0,6404472.0,4.94
305276.0,6404472.0,5.01
305278.0,6404472.0,4.95
305280.0,6404472.0,5.45
305282.0,6404472.0,6.03
305284.0,6404472.0,6.06
305286.0,6404472.0,6.14
305288.0,6404472.0,6.35
305290.0,6404472.0,6.44
305292.0,6404472.0,7.0
305294.0,6404472.0,7.52
305296.0,6404472.0,8.15
305298.0,6404472.0,8.62
305300.0,6404472.0,9.23
305302.0,6404472.0,9.81
305304.0,6404472.0,10.65
305306.0,6404472.0,11.28
305308.0,6404472.0,11.62
305310.0,6404472.0,11.89
305312.0,6404472.0,12.02
305314.0,6404472.0,12.17
305316.0,6404472.0,12.35
305318.0,6404472.0,12.37
305320.0,6404472.0,12.33
305322.0,6404472.0,12.76
305324.0,6404472.0,13.4
305326.0,6404472.0,13.72
305328.0,6404472.0,14.04
305330.0,6404472.0,14.31
305332.0,6404472.0,14.28
305334.0,6404472.0,14.38
305336.0,6404472.0,14.07
305338.0,6404472.0,14.76
305340.0,6404472.0,14.68
305342.0,6404472.0,14.46
305344.0,6404472.0,14.39
305346.0,6404472.0,14.48
305348.0,6404472.0,14.35
305350.0,6404472.0,14.24
305352.0,6404472.0,14.11
305354.0,6404472.0,13.88
305356.0,6404472.0,13.79
305358.0,6404472.0,13.66
305360.0,6404472.0,13.6
305362.0,6404472.0,13.21
305364.0,6404472.0,13.0
305366.0,6404472.0,12.58
305368.0,6404472.0,12.13
305370.0,6404472.0,11.73
305372.0,6404472.0,11.23
305374.0,6404472.0,10.73
305376.0,6404472.0,10.29
305378.0,6404472.0,10.24
305380.0,6404472.0,10.46
305382.0,6404472.0,10.54
305384.0,6404472.0,10.19
305386.0,6404472.0,9.92
305388.0,6404472.0,9.59
305390.0,6404472.0,9.42
305392.0,6404472.0,9.39
305394.0,6404472.0,9.49
305396.0,6404472.0,9.47
305398.0,6404472.0,9.13
305400.0,6404472.0,8.82
305402.0,6404472.0,8.66
305404.0,6404472.0,9.03
305406.0,6404472.0,8.99
305408.0,6404472.0,9.7
305410.0,6404472.0,10.64
305412.0,6404472.0,10.34
305414.0,6404472.0,10.28
305416.0,6404472.0,10.01
305418.0,6404472.0,10.01
305420.0,6404472.0,9.69
305422.0,6404472.0,9.67
305424.0,6404472.0,9.76
305426.0,6404472.0,9.75
305428.0,6404472.0,9.76
305430.0,6404472.0,9.58
305432.0,6404472.0,8.78
305434.0,6404472.0,8.34
305436.0,6404472.0,8.01
305438.0,6404472.0,7.52
305440.0,6404472.0,7.37
305442.0,6404472.0,7.33
305444.0,6404472.0,7.21
305446.0,6404472.0,7.2
305448.0,6404472.0,7.8
305450.0,6404472.0,7.87
305452.0,6404472.0,7.71
305454.0,6404472.0,7.52
305456.0,6404472.0,7.21
305458.0,6404472.0,6.95
305460.0,6404472.0,6.53
305462.0,6404472.0,6.1
305464.0,6404472.0,5.7
305466.0,6404472.0,5.46
305468.0,6404472.0,5.25
305470.0,6404472.0,5.51
305472.0,6404472.0,5.53
305474.0,6404472.0,6.22
305476.0,6404472.0,6.28
305478.0,6404472.0,6.02
305480.0,6404472.0,5.52
305482.0,6404472.0,5.02
305484.0,6404472.0,4.65
305486.0,6404472.0,4.12
305488.0,6404472.0,3.73
305490.0,6404472.0,3.43
305492.0,6404472.0,3.59
305494.0,6404472.0,3.54
305496.0,6404472.0,3.29
305498.0,6404472.0,2.81
305500.0,6404472.0,2.71
305502.0,6404472.0,2.62
305504.0,6404472.0,2.54
305506.0,6404472.0,2.41
305508.0,6404472.0,2.31
305510.0,6404472.0,2.15
305512.0,6404472.0,2.08
305514.0,6404472.0,2.12
305516.0,6404472.0,2.06
305518.0,6404472.0,2.06
305520.0,6404472.0,2.19
305522.0,6404472.0,2.09
305524.0,6404472.0,2.12
305526.0,6404472.0,2.09
305528.0,6404472.0,2.02
305530.0,6404472.0,2.05
305532.0,6404472.0,2.15
305534.0,6404472.0,2.19
305536.0,6404472.0,2.26
305538.0,6404472.0,2.69
305540.0,6404472.0,3.49
305542.0,6404472.0,3.77
305544.0,6404472.0,3.72
305546.0,6404472.0,3.67
305548.0,6404472.0,3.62
305550.0,6404472.0,3.54
305552.0,6404472.0,3.6
305554.0,6404472.0,4.0
305556.0,6404472.0,4.34
305558.0,6404472.0,4.83
305560.0,6404472.0,4.76
305562.0,6404472.0,5.28
305564.0,6404472.0,6.08
305566.0,6404472.0,6.59
305568.0,6404472.0,7.26
305570.0,6404472.0,8.3
305572.0,6404472.0,8.42
305574.0,6404472.0,9.28
305576.0,6404472.0,10.63
305578.0,6404472.0,10.57
305580.0,6404472.0,10.73
305582.0,6404472.0,10.65
305584.0,6404472.0,10.53
305586.0,6404472.0,10.09
305588.0,6404472.0,10.22
305590.0,6404472.0,10.06
305592.0,6404472.0,9.78
305594.0,6404472.0,9.34
305596.0,6404472.0,8.74
305598.0,6404472.0,8.01
305600.0,6404472.0,8.09
305602.0,6404472.0,7.84
305604.0,6404472.0,6.95
305606.0,6404472.0,4.77
305608.0,6404472.0,4.4
305610.0,6404472.0,4.36
305612.0,6404472.0,4.43
305614.0,6404472.0,4.37
305616.0,6404472.0,4.43
305618.0,6404472.0,4.51
305620.0,6404472.0,4.6
305622.0,6404472.0,4.42
305624.0,6404472.0,4.36
305626.0,6404472.0,4.41
305628.0,6404472.0,4.41
305630.0,6404472.0,4.45
305632.0,6404472.0,4.44
305634.0,6404472.0,4.42
305636.0,6404472.0,4.38
305638.0,6404472.0,4.27
305640.0,6404472.0,4.16
305642.0,6404472.0,4.1
305644.0,6404472.0,4.1
305646.0,6404472.0,4.05
305648.0,6404472.0,3.8
305650.0,6404472.0,2.76
305652.0,6404472.0,2.21
305654.0,6404472.0,2.08
305656.0,6404472.0,2.15
305658.0,6404472.0,2.34
305660.0,6404472.0,2.59
305662.0,6404472.0,2.81
305664.0,6404472.0,3.46
305666.0,6404472.0,3.45
305668.0,6404472.0,3.07
305670.0,6404472.0,2.93
305672.0,6404472.0,2.87
305674.0,6404472.0,2.64
305676.0,6404472.0,2.48
305678.0,6404472.0,2.74
305680.0,6404472.0,3.07
305150.0,6404474.0,-0.31
305152.0,6404474.0,-0.31
305154.0,6404474.0,-0.31
305156.0,6404474.0,-0.31
305158.0,6404474.0,-0.31
305160.0,6404474.0,-0.31
305162.0,6404474.0,-0.31
305164.0,6404474.0,-0.31
305166.0,6404474.0,-0.31
305168.0,6404474.0,-0.31
305170.0,6404474.0,-0.31
305172.0,6404474.0,-0.31
305174.0,6404474.0,-0.31
305176.0,6404474.0,-0.31
305178.0,6404474.0,-0.31
305180.0,6404474.0,-0.31
305182.0,6404474.0,-0.31
305184.0,6404474.0,-0.31
305186.0,6404474.0,-0.31
305188.0,6404474.0,-0.31
305190.0,6404474.0,-0.31
305192.0,6404474.0,-0.31
305194.0,6404474.0,-0.31
305196.0,6404474.0,-0.31
305198.0,6404474.0,-0.31
305200.0,6404474.0,-0.31
305202.0,6404474.0,-0.31
305204.0,6404474.0,-0.31
305206.0,6404474.0,-0.31
305208.0,6404474.0,-0.31
305210.0,6404474.0,-0.31
305212.0,6404474.0,-0.31
305214.0,6404474.0,-0.31
305216.0,6404474.0,-0.31
305218.0,6404474.0,-0.31
305220.0,6404474.0,-0.31
305222.0,6404474.0,-0.31
305224.0,6404474.0,-0.31
305226.0,6404474.0,-0.31
305228.0,6404474.0,-0.31
305230.0,6404474.0,-0.31
305232.0,6404474.0,-0.31
305234.0,6404474.0,-0.31
305236.0,6404474.0,-0.31
305238.0,6404474.0,-0.31
305240.0,6404474.0,-0.31
305242.0,6404474.0,-0.31
305244.0,6404474.0,0.14
305246.0,6404474.0,0.29
305248.0,6404474.0,0.49
305250.0,6404474.0,0.62
305252.0,6404474.0,0.77
305254.0,6404474.0,0.88
305256.0,6404474.0,1.14
305258.0,6404474.0,1.88
305260.0,6404474.0,2.03
305262.0,6404474.0,2.41
305264.0,6404474.0,2.53
305266.0,6404474.0,3.48
305268.0,6404474.0,4.05
305270.0,6404474.0,4.5
305272.0,6404474.0,4.69
305274.0,6404474.0,4.8
305276.0,6404474.0,4.94
305278.0,6404474.0,4.99
305280.0,6404474.0,5.18
305282.0,6404474.0,5.71
305284.0,6404474.0,5.78
305286.0,6404474.0,5.98
305288.0,6404474.0,6.29
305290.0,6404474.0,6.33
305292.0,6404474.0,6.81
305294.0,6404474.0,7.14
305296.0,6404474.0,7.76
305298.0,6404474.0,7.85
305300.0,6404474.0,8.73
305302.0,6404474.0,9.75
305304.0,6404474.0,10.45
305306.0,6404474.0,10.96
305308.0,6404474.0,11.21
305310.0,6404474.0,11.32
305312.0,6404474.0,11.56
305314.0,6404474.0,11.89
305316.0,6404474.0,11.99
305318.0,6404474.0,12.03
305320.0,6404474.0,12.07
305322.0,6404474.0,12.22
305324.0,6404474.0,12.12
305326.0,6404474.0,12.84
305328.0,6404474.0,13.25
305330.0,6404474.0,13.42
305332.0,6404474.0,13.33
305334.0,6404474.0,13.05
305336.0,6404474.0,12.92
305338.0,6404474.0,13.06
305340.0,6404474.0,14.15
305342.0,6404474.0,14.14
305344.0,6404474.0,13.83
305346.0,6404474.0,13.64
305348.0,6404474.0,13.77
305350.0,6404474.0,14.04
305352.0,6404474.0,14.23
305354.0,6404474.0,13.89
305356.0,6404474.0,13.67
305358.0,6404474.0,13.63
305360.0,6404474.0,13.53
305362.0,6404474.0,13.41
305364.0,6404474.0,13.08
305366.0,6404474.0,12.68
305368.0,6404474.0,12.23
305370.0,6404474.0,11.7
305372.0,6404474.0,11.4
305374.0,6404474.0,11.09
305376.0,6404474.0,10.38
305378.0,6404474.0,10.13
305380.0,6404474.0,10.12
305382.0,6404474.0,10.47
305384.0,6404474.0,10.28
305386.0,6404474.0,9.88
305388.0,6404474.0,9.83
305390.0,6404474.0,9.58
305392.0,6404474.0,9.18
305394.0,6404474.0,8.95
305396.0,6404474.0,9.19
305398.0,6404474.0,8.93
305400.0,6404474.0,8.52
305402.0,6404474.0,8.59
305404.0,6404474.0,8.88
305406.0,6404474.0,8.75
305408.0,6404474.0,9.27
305410.0,6404474.0,10.46
305412.0,6404474.0,10.46
305414.0,6404474.0,10.09
305416.0,6404474.0,9.67
305418.0,6404474.0,9.55
305420.0,6404474.0,9.45
305422.0,6404474.0,9.53
305424.0,6404474.0,9.58
305426.0,6404474.0,9.59
305428.0,6404474.0,9.76
305430.0,6404474.0,9.45
305432.0,6404474.0,8.99
305434.0,6404474.0,8.72
305436.0,6404474.0,8.43
305438.0,6404474.0,7.91
305440.0,6404474.0,7.71
305442.0,6404474.0,7.51
305444.0,6404474.0,7.28
305446.0,6404474.0,7.06
305448.0,6404474.0,7.28
305450.0,6404474.0,7.58
305452.0,6404474.0,7.61
305454.0,6404474.0,7.25
305456.0,6404474.0,6.98
305458.0,6404474.0,6.54
305460.0,6404474.0,6.12
305462.0,6404474.0,6.52
305464.0,6404474.0,6.11
305466.0,6404474.0,5.59
305468.0,6404474.0,5.55
305470.0,6404474.0,5.49
305472.0,6404474.0,5.29
305474.0,6404474.0,5.78
305476.0,6404474.0,6.0
305478.0,6404474.0,5.99
305480.0,6404474.0,5.68
305482.0,6404474.0,5.36
305484.0,6404474.0,4.82
305486.0,6404474.0,4.02
305488.0,6404474.0,3.68
305490.0,6404474.0,3.64
305492.0,6404474.0,3.75
305494.0,6404474.0,3.5
305496.0,6404474.0,3.16
305498.0,6404474.0,2.97
305500.0,6404474.0,2.76
305502.0,6404474.0,2.7
305504.0,6404474.0,2.55
305506.0,6404474.0,2.41
305508.0,6404474.0,2.3
305510.0,6404474.0,2.18
305512.0,6404474.0,2.05
305514.0,6404474.0,2.14
305516.0,6404474.0,1.99
305518.0,6404474.0,1.94
305520.0,6404474.0,2.1
305522.0,6404474.0,2.06
305524.0,6404474.0,1.97
305526.0,6404474.0,1.98
305528.0,6404474.0,1.96
305530.0,6404474.0,1.99
305532.0,6404474.0,2.01
305534.0,6404474.0,2.1
305536.0,6404474.0,2.21
305538.0,6404474.0,2.28
305540.0,6404474.0,2.6
305542.0,6404474.0,3.11
305544.0,6404474.0,3.27
305546.0,6404474.0,3.31
305548.0,6404474.0,3.37
305550.0,6404474.0,3.46
305552.0,6404474.0,4.09
305554.0,6404474.0,4.78
305556.0,6404474.0,5.09
305558.0,6404474.0,5.0
305560.0,6404474.0,5.23
305562.0,6404474.0,5.96
305564.0,6404474.0,6.66
305566.0,6404474.0,7.09
305568.0,6404474.0,9.16
305570.0,6404474.0,9.76
305572.0,6404474.0,9.97
305574.0,6404474.0,10.83
305576.0,6404474.0,10.8
305578.0,6404474.0,10.7
305580.0,6404474.0,10.87
305582.0,6404474.0,10.78
305584.0,6404474.0,10.5
305586.0,6404474.0,10.18
305588.0,6404474.0,10.02
305590.0,6404474.0,9.84
305592.0,6404474.0,9.52
305594.0,6404474.0,9.17
305596.0,6404474.0,8.83
305598.0,6404474.0,8.36
305600.0,6404474.0,7.91
305602.0,6404474.0,7.21
305604.0,6404474.0,6.48
305606.0,6404474.0,6.13
305608.0,6404474.0,5.41
305610.0,6404474.0,4.61
305612.0,6404474.0,5.29
305614.0,6404474.0,5.4
305616.0,6404474.0,5.76
305618.0,6404474.0,5.16
305620.0,6404474.0,4.76
305622.0,6404474.0,4.8
305624.0,6404474.0,4.68
305626.0,6404474.0,4.7
305628.0,6404474.0,4.49
305630.0,6404474.0,4.44
305632.0,6404474.0,4.44
305634.0,6404474.0,4.4
305636.0,6404474.0,4.36
305638.0,6404474.0,4.19
305640.0,6404474.0,4.08
305642.0,6404474.0,4.02
305644.0,6404474.0,3.99
305646.0,6404474.0,3.78
305648.0,6404474.0,3.12
305650.0,6404474.0,2.3
305652.0,6404474.0,2.16
305654.0,6404474.0,2.4
305656.0,6404474.0,2.26
305658.0,6404474.0,2.17
305660.0,6404474.0,2.27
305662.0,6404474.0,2.55
305664.0,6404474.0,2.53
305666.0,6404474.0,2.73
305668.0,6404474.0,2.74
305670.0,6404474.0,2.52
305672.0,6404474.0,2.27
305674.0,6404474.0,2.27
305676.0,6404474.0,3.04
305678.0,6404474.0,3.11
305680.0,6404474.0,3.19
305150.0,6404476.0,-0.31
305152.0,6404476.0,-0.31
305154.0,6404476.0,-0.31
305156.0,6404476.0,-0.31
305158.0,6404476.0,-0.31
305160.0,6404476.0,-0.31
305162.0,6404476.0,-0.31
305164.0,6404476.0,-0.31
305166.0,6404476.0,-0.31
305168.0,6404476.0,-0.31
305170.0,6404476.0,-0.31
305172.0,6404476.0,-0.31
305174.0,6404476.0,-0.31
305176.0,6404476.0,-0.31
305178.0,6404476.0,-0.31
305180.0,6404476.0,-0.31
305182.0,6404476.0,-0.31
305184.0,6404476.0,-0.31
305186.0,6404476.0,-0.31
305188.0,6404476.0,-0.31
305190.0,6404476.0,-0.31
305192.0,6404476.0,-0.31
305194.0,6404476.0,-0.31
305196.0,6404476.0,-0.31
305198.0,6404476.0,-0.31
305200.0,6404476.0,-0.31
305202.0,6404476.0,-0.31
305204.0,6404476.0,-0.31
305206.0,6404476.0,-0.31
305208.0,6404476.0,-0.31
305210.0,6404476.0,-0.31
305212.0,6404476.0,-0.31
305214.0,6404476.0,-0.31
305216.0,6404476.0,-0.31
305218.0,6404476.0,-0.31
305220.0,6404476.0,-0.31
305222.0,6404476.0,-0.31
305224.0,6404476.0,-0.31
305226.0,6404476.0,-0.31
305228.0,6404476.0,-0.31
305230.0,6404476.0,-0.31
305232.0,6404476.0,-0.31
305234.0,6404476.0,-0.31
305236.0,6404476.0,-0.31
305238.0,6404476.0,-0.31
305240.0,6404476.0,-0.31
305242.0,6404476.0,-0.31
305244.0,6404476.0,-0.31
305246.0,6404476.0,0.06
305248.0,6404476.0,0.4
305250.0,6404476.0,0.55
305252.0,6404476.0,0.67
305254.0,6404476.0,0.78
305256.0,6404476.0,1.0
305258.0,6404476.0,1.58
305260.0,6404476.0,1.79
305262.0,6404476.0,1.99
305264.0,6404476.0,2.2
305266.0,6404476.0,2.68
305268.0,6404476.0,3.46
305270.0,6404476.0,4.01
305272.0,6404476.0,4.48
305274.0,6404476.0,4.67
305276.0,6404476.0,4.94
305278.0,6404476.0,5.13
305280.0,6404476.0,5.13
305282.0,6404476.0,5.44
305284.0,6404476.0,5.64
305286.0,6404476.0,5.84
305288.0,6404476.0,6.22
305290.0,6404476.0,6.4
305292.0,6404476.0,6.67
305294.0,6404476.0,6.83
305296.0,6404476.0,7.13
305298.0,6404476.0,7.33
305300.0,6404476.0,8.16
305302.0,6404476.0,8.73
305304.0,6404476.0,9.52
305306.0,6404476.0,9.73
305308.0,6404476.0,10.19
305310.0,6404476.0,10.51
305312.0,6404476.0,11.02
305314.0,6404476.0,11.36
305316.0,6404476.0,11.49
305318.0,6404476.0,11.69
305320.0,6404476.0,11.78
305322.0,6404476.0,11.77
305324.0,6404476.0,11.57
305326.0,6404476.0,11.6
305328.0,6404476.0,12.25
305330.0,6404476.0,12.56
305332.0,6404476.0,12.6
305334.0,6404476.0,12.38
305336.0,6404476.0,12.47
305338.0,6404476.0,12.31
305340.0,6404476.0,12.35
305342.0,6404476.0,12.92
305344.0,6404476.0,13.13
305346.0,6404476.0,13.41
305348.0,6404476.0,13.66
305350.0,6404476.0,14.23
305352.0,6404476.0,14.45
305354.0,6404476.0,14.17
305356.0,6404476.0,13.65
305358.0,6404476.0,13.46
305360.0,6404476.0,13.58
305362.0,6404476.0,13.51
305364.0,6404476.0,13.16
305366.0,6404476.0,12.76
305368.0,6404476.0,12.29
305370.0,6404476.0,11.68
305372.0,6404476.0,11.37
305374.0,6404476.0,11.19
305376.0,6404476.0,10.69
305378.0,6404476.0,10.18
305380.0,6404476.0,10.07
305382.0,6404476.0,10.09
305384.0,6404476.0,9.79
305386.0,6404476.0,10.32
305388.0,6404476.0,10.05
305390.0,6404476.0,9.49
305392.0,6404476.0,9.28
305394.0,6404476.0,9.05
305396.0,6404476.0,8.57
305398.0,6404476.0,8.61
305400.0,6404476.0,8.41
305402.0,6404476.0,8.65
305404.0,6404476.0,8.42
305406.0,6404476.0,8.1
305408.0,6404476.0,8.77
305410.0,6404476.0,9.46
305412.0,6404476.0,9.91
305414.0,6404476.0,9.97
305416.0,6404476.0,9.71
305418.0,6404476.0,9.56
305420.0,6404476.0,9.38
305422.0,6404476.0,9.55
305424.0,6404476.0,9.54
305426.0,6404476.0,9.54
305428.0,6404476.0,9.49
305430.0,6404476.0,9.54
305432.0,6404476.0,9.08
305434.0,6404476.0,8.77
305436.0,6404476.0,8.33
305438.0,6404476.0,8.03
305440.0,6404476.0,8.29
305442.0,6404476.0,7.89
305444.0,6404476.0,7.15
305446.0,6404476.0,7.22
305448.0,6404476.0,7.13
305450.0,6404476.0,7.0
305452.0,6404476.0,7.14
305454.0,6404476.0,6.78
305456.0,6404476.0,6.45
305458.0,6404476.0,6.05
305460.0,6404476.0,6.36
305462.0,6404476.0,6.42
305464.0,6404476.0,6.07
305466.0,6404476.0,5.69
305468.0,6404476.0,5.67
305470.0,6404476.0,5.6
305472.0,6404476.0,5.32
305474.0,6404476.0,5.21
305476.0,6404476.0,5.41
305478.0,6404476.0,5.53
305480.0,6404476.0,5.52
305482.0,6404476.0,5.43
305484.0,6404476.0,5.0
305486.0,6404476.0,4.17
305488.0,6404476.0,3.9
305490.0,6404476.0,3.95
305492.0,6404476.0,3.84
305494.0,6404476.0,3.72
305496.0,6404476.0,3.28
305498.0,6404476.0,3.15
305500.0,6404476.0,2.76
305502.0,6404476.0,2.65
305504.0,6404476.0,2.54
305506.0,6404476.0,2.59
305508.0,6404476.0,2.44
305510.0,6404476.0,2.33
305512.0,6404476.0,2.22
305514.0,6404476.0,2.05
305516.0,6404476.0,1.93
305518.0,6404476.0,1.97
305520.0,6404476.0,1.92
305522.0,6404476.0,1.92
305524.0,6404476.0,1.96
305526.0,6404476.0,1.97
305528.0,6404476.0,1.96
305530.0,6404476.0,1.97
305532.0,6404476.0,1.96
305534.0,6404476.0,2.0
305536.0,6404476.0,2.16
305538.0,6404476.0,2.24
305540.0,6404476.0,2.38
305542.0,6404476.0,2.52
305544.0,6404476.0,2.72
305546.0,6404476.0,3.04
305548.0,6404476.0,3.26
305550.0,6404476.0,3.46
305552.0,6404476.0,4.3
305554.0,6404476.0,4.74
305556.0,6404476.0,5.05
305558.0,6404476.0,5.18
305560.0,6404476.0,5.66
305562.0,6404476.0,6.19
305564.0,6404476.0,7.62
305566.0,6404476.0,8.72
305568.0,6404476.0,9.74
305570.0,6404476.0,10.28
305572.0,6404476.0,10.8
305574.0,6404476.0,10.92
305576.0,6404476.0,10.78
305578.0,6404476.0,10.6
305580.0,6404476.0,10.5
305582.0,6404476.0,10.17
305584.0,6404476.0,9.88
305586.0,6404476.0,10.1
305588.0,6404476.0,9.88
305590.0,6404476.0,9.57
305592.0,6404476.0,9.15
305594.0,6404476.0,8.7
305596.0,6404476.0,8.32
305598.0,6404476.0,8.01
305600.0,6404476.0,7.15
305602.0,6404476.0,6.58
305604.0,6404476.0,6.46
305606.0,6404476.0,6.5
305608.0,6404476.0,6.39
305610.0,6404476.0,6.25
305612.0,6404476.0,6.19
305614.0,6404476.0,6.04
305616.0,6404476.0,5.87
305618.0,6404476.0,5.9
305620.0,6404476.0,5.57
305622.0,6404476.0,5.22
305624.0,6404476.0,4.85
305626.0,6404476.0,4.68
305628.0,6404476.0,4.5
305630.0,6404476.0,4.48
305632.0,6404476.0,4.45
305634.0,6404476.0,4.4
305636.0,6404476.0,4.29
305638.0,6404476.0,4.1
305640.0,6404476.0,4.02
305642.0,6404476.0,3.95
305644.0,6404476.0,3.89
305646.0,6404476.0,3.41
305648.0,6404476.0,2.34
305650.0,6404476.0,2.13
305652.0,6404476.0,2.62
305654.0,6404476.0,3.12
305656.0,6404476.0,3.21
305658.0,6404476.0,2.94
305660.0,6404476.0,2.96
305662.0,6404476.0,2.67
305664.0,6404476.0,2.5
305666.0,6404476.0,2.5
305668.0,6404476.0,2.41
305670.0,6404476.0,2.49
305672.0,6404476.0,2.59
305674.0,6404476.0,2.73
305676.0,6404476.0,3.18
305678.0,6404476.0,3.29
305680.0,6404476.0,3.49
305150.0,6404478.0,-0.31
305152.0,6404478.0,-0.31
305154.0,6404478.0,-0.31
305156.0,6404478.0,-0.31
305158.0,6404478.0,-0.31
305160.0,6404478.0,-0.31
305162.0,6404478.0,-0.31
305164.0,6404478.0,-0.31
305166.0,6404478.0,-0.31
305168.0,6404478.0,-0.31
305170.0,6404478.0,-0.31
305172.0,6404478.0,-0.31
305174.0,6404478.0,-0.31
305176.0,6404478.0,-0.31
305178.0,6404478.0,-0.31
305180.0,6404478.0,-0.31
305182.0,6404478.0,-0.31
305184.0,6404478.0,-0.31
305186.0,6404478.0,-0.31
305188.0,6404478.0,-0.31
305190.0,6404478.0,-0.31
305192.0,6404478.0,-0.31
305194.0,6404478.0,-0.31
305196.0,6404478.0,-0.31
305198.0,6404478.0,-0.31
305200.0,6404478.0,-0.31
305202.0,6404478.0,-0.31
305204.0,6404478.0,-0.31
305206.0,6404478.0,-0.31
305208.0,6404478.0,-0.31
305210.0,6404478.0,-0.31
305212.0,6404478.0,-0.31
305214.0,6404478.0,-0.31
305216.0,6404478.0,-0.31
305218.0,6404478.0,-0.31
305220.0,6404478.0,-0.31
305222.0,6404478.0,-0.31
305224.0,6404478.0,-0.31
305226.0,6404478.0,-0.31
305228.0,6404478.0,-0.31
305230.0,6404478.0,-0.31
305232.0,6404478.0,-0.31
305234.0,6404478.0,-0.31
305236.0,6404478.0,-0.31
305238.0,6404478.0,-0.31
305240.0,6404478.0,-0.31
305242.0,6404478.0,-0.31
305244.0,6404478.0,-0.31
305246.0,6404478.0,-0.22
305248.0,6404478.0,0.1
305250.0,6404478.0,0.36
305252.0,6404478.0,0.6
305254.0,6404478.0,0.71
305256.0,6404478.0,0.85
305258.0,6404478.0,1.0
305260.0,6404478.0,1.46
305262.0,6404478.0,1.8
305264.0,6404478.0,2.21
305266.0,6404478.0,2.57
305268.0,6404478.0,3.09
305270.0,6404478.0,3.64
305272.0,6404478.0,4.31
305274.0,6404478.0,4.34
305276.0,6404478.0,4.64
305278.0,6404478.0,5.07
305280.0,6404478.0,5.28
305282.0,6404478.0,5.38
305284.0,6404478.0,5.63
305286.0,6404478.0,5.94
305288.0,6404478.0,6.28
305290.0,6404478.0,6.47
305292.0,6404478.0,6.6
305294.0,6404478.0,7.0
305296.0,6404478.0,7.66
305298.0,6404478.0,7.97
305300.0,6404478.0,7.91
305302.0,6404478.0,7.91
305304.0,6404478.0,7.99
305306.0,6404478.0,8.03
305308.0,6404478.0,8.41
305310.0,6404478.0,9.44
305312.0,6404478.0,9.58
305314.0,6404478.0,9.48
305316.0,6404478.0,10.15
305318.0,6404478.0,11.2
305320.0,6404478.0,11.3
305322.0,6404478.0,11.37
305324.0,6404478.0,11.18
305326.0,6404478.0,11.01
305328.0,6404478.0,10.94
305330.0,6404478.0,11.29
305332.0,6404478.0,11.74
305334.0,6404478.0,11.88
305336.0,6404478.0,12.05
305338.0,6404478.0,12.4
305340.0,6404478.0,12.95
305342.0,6404478.0,13.23
305344.0,6404478.0,13.47
305346.0,6404478.0,13.71
305348.0,6404478.0,14.0
305350.0,6404478.0,13.89
305352.0,6404478.0,14.18
305354.0,6404478.0,13.77
305356.0,6404478.0,13.44
305358.0,6404478.0,13.28
305360.0,6404478.0,13.4
305362.0,6404478.0,13.55
305364.0,6404478.0,13.12
305366.0,6404478.0,12.62
305368.0,6404478.0,12.22
305370.0,6404478.0,11.7
305372.0,6404478.0,11.44
305374.0,6404478.0,11.35
305376.0,6404478.0,10.76
305378.0,6404478.0,10.38
305380.0,6404478.0,10.09
305382.0,6404478.0,9.69
305384.0,6404478.0,9.67
305386.0,6404478.0,9.72
305388.0,6404478.0,10.32
305390.0,6404478.0,10.05
305392.0,6404478.0,9.51
305394.0,6404478.0,9.43
305396.0,6404478.0,8.96
305398.0,6404478.0,8.36
305400.0,6404478.0,8.03
305402.0,6404478.0,8.24
305404.0,6404478.0,8.31
305406.0,6404478.0,8.0
305408.0,6404478.0,7.89
305410.0,6404478.0,8.42
305412.0,6404478.0,9.12
305414.0,6404478.0,9.08
305416.0,6404478.0,9.55
305418.0,6404478.0,9.57
305420.0,6404478.0,9.15
305422.0,6404478.0,8.99
305424.0,6404478.0,9.32
305426.0,6404478.0,8.75
305428.0,6404478.0,9.54
305430.0,6404478.0,9.47
305432.0,6404478.0,9.01
305434.0,6404478.0,8.69
305436.0,6404478.0,8.33
305438.0,6404478.0,7.96
305440.0,6404478.0,7.78
305442.0,6404478.0,7.52
305444.0,6404478.0,7.05
305446.0,6404478.0,7.01
305448.0,6404478.0,7.03
305450.0,6404478.0,6.9
305452.0,6404478.0,6.8
305454.0,6404478.0,6.57
305456.0,6404478.0,6.12
305458.0,6404478.0,6.09
305460.0,6404478.0,6.43
305462.0,6404478.0,6.26
305464.0,6404478.0,5.96
305466.0,6404478.0,5.58
305468.0,6404478.0,5.69
305470.0,6404478.0,5.68
305472.0,6404478.0,5.28
305474.0,6404478.0,4.96
305476.0,6404478.0,5.0
305478.0,6404478.0,5.22
305480.0,6404478.0,4.93
305482.0,6404478.0,4.69
305484.0,6404478.0,4.79
305486.0,6404478.0,4.24
305488.0,6404478.0,3.91
305490.0,6404478.0,3.85
305492.0,6404478.0,3.79
305494.0,6404478.0,3.66
305496.0,6404478.0,3.44
305498.0,6404478.0,3.47
305500.0,6404478.0,3.14
305502.0,6404478.0,2.8
305504.0,6404478.0,2.71
305506.0,6404478.0,2.71
305508.0,6404478.0,2.58
305510.0,6404478.0,2.44
305512.0,6404478.0,2.53
305514.0,6404478.0,2.31
305516.0,6404478.0,2.08
305518.0,6404478.0,1.89
305520.0,6404478.0,1.9
305522.0,6404478.0,1.91
305524.0,6404478.0,1.98
305526.0,6404478.0,1.98
305528.0,6404478.0,1.94
305530.0,6404478.0,1.91
305532.0,6404478.0,1.94
305534.0,6404478.0,1.99
305536.0,6404478.0,2.11
305538.0,6404478.0,2.18
305540.0,6404478.0,2.29
305542.0,6404478.0,2.38
305544.0,6404478.0,2.58
305546.0,6404478.0,2.96
305548.0,6404478.0,3.21
305550.0,6404478.0,3.55
305552.0,6404478.0,4.26
305554.0,6404478.0,4.58
305556.0,6404478.0,4.81
305558.0,6404478.0,5.09
305560.0,6404478.0,5.85
305562.0,6404478.0,7.01
305564.0,6404478.0,8.44
305566.0,6404478.0,9.34
305568.0,6404478.0,10.02
305570.0,6404478.0,10.18
305572.0,6404478.0,10.43
305574.0,6404478.0,10.44
305576.0,6404478.0,10.65
305578.0,6404478.0,10.6
305580.0,6404478.0,10.11
305582.0,6404478.0,9.9
305584.0,6404478.0,9.68
305586.0,6404478.0,9.43
305588.0,6404478.0,9.34
305590.0,6404478.0,9.09
305592.0,6404478.0,8.67
305594.0,6404478.0,8.21
305596.0,6404478.0,7.76
305598.0,6404478.0,7.47
305600.0,6404478.0,6.83
305602.0,6404478.0,6.63
305604.0,6404478.0,6.49
305606.0,6404478.0,6.57
305608.0,6404478.0,6.56
305610.0,6404478.0,6.28
305612.0,6404478.0,6.18
305614.0,6404478.0,5.87
305616.0,6404478.0,5.76
305618.0,6404478.0,5.71
305620.0,6404478.0,5.54
305622.0,6404478.0,5.34
305624.0,6404478.0,5.04
305626.0,6404478.0,4.73
305628.0,6404478.0,4.67
305630.0,6404478.0,4.59
305632.0,6404478.0,4.49
305634.0,6404478.0,4.4
305636.0,6404478.0,4.21
305638.0,6404478.0,4.07
305640.0,6404478.0,3.98
305642.0,6404478.0,3.88
305644.0,6404478.0,3.77
305646.0,6404478.0,2.95
305648.0,6404478.0,2.1
305650.0,6404478.0,2.32
305652.0,6404478.0,3.17
305654.0,6404478.0,3.33
305656.0,6404478.0,3.43
305658.0,6404478.0,3.39
305660.0,6404478.0,3.41
305662.0,6404478.0,3.38
305664.0,6404478.0,3.29
305666.0,6404478.0,3.35
305668.0,6404478.0,3.36
305670.0,6404478.0,3.42
305672.0,6404478.0,3.43
305674.0,6404478.0,3.54
305676.0,6404478.0,3.5
305678.0,6404478.0,3.77
305680.0,6404478.0,3.79
305150.0,6404480.0,-0.31
305152.0,6404480.0,-0.31
305154.0,6404480.0,-0.31
305156.0,6404480.0,-0.31
305158.0,6404480.0,-0.31
305160.0,6404480.0,-0.31
305162.0,6404480.0,-0.31
305164.0,6404480.0,-0.31
305166.0,6404480.0,-0.31
305168.0,6404480.0,-0.31
305170.0,6404480.0,-0.31
305172.0,6404480.0,-0.31
305174.0,6404480.0,-0.31
305176.0,6404480.0,-0.31
305178.0,6404480.0,-0.31
305180.0,6404480.0,-0.31
305182.0,6404480.0,-0.31
305184.0,6404480.0,-0.31
305186.0,6404480.0,-0.31
305188.0,6404480.0,-0.31
305190.0,6404480.0,-0.31
305192.0,6404480.0,-0.31
305194.0,6404480.0,-0.31
305196.0,6404480.0,-0.31
305198.0,6404480.0,-0.31
305200.0,6404480.0,-0.31
305202.0,6404480.0,-0.31
305204.0,6404480.0,-0.31
305206.0,6404480.0,-0.31
305208.0,6404480.0,-0.31
305210.0,6404480.0,-0.31
305212.0,6404480.0,-0.31
305214.0,6404480.0,-0.31
305216.0,6404480.0,-0.31
305218.0,6404480.0,-0.31
305220.0,6404480.0,-0.31
305222.0,6404480.0,-0.31
305224.0,6404480.0,-0.31
305226.0,6404480.0,-0.31
305228.0,6404480.0,-0.31
305230.0,6404480.0,-0.31
305232.0,6404480.0,-0.31
305234.0,6404480.0,-0.31
305236.0,6404480.0,-0.31
305238.0,6404480.0,-0.31
305240.0,6404480.0,-0.31
305242.0,6404480.0,-0.31
305244.0,6404480.0,-0.31
305246.0,6404480.0,-0.31
305248.0,6404480.0,-0.07
305250.0,6404480.0,0.16
305252.0,6404480.0,0.42
305254.0,6404480.0,0.64
305256.0,6404480.0,0.78
305258.0,6404480.0,0.9
305260.0,6404480.0,1.29
305262.0,6404480.0,1.81
305264.0,6404480.0,1.96
305266.0,6404480.0,2.25
305268.0,6404480.0,2.48
305270.0,6404480.0,3.32
305272.0,6404480.0,3.89
305274.0,6404480.0,4.1
305276.0,6404480.0,4.13
305278.0,6404480.0,4.45
305280.0,6404480.0,5.01
305282.0,6404480.0,5.35
305284.0,6404480.0,5.49
305286.0,6404480.0,5.59
305288.0,6404480.0,6.03
305290.0,6404480.0,6.29
305292.0,6404480.0,6.51
305294.0,6404480.0,7.36
305296.0,6404480.0,8.22
305298.0,6404480.0,8.51
305300.0,6404480.0,8.35
305302.0,6404480.0,8.56
305304.0,6404480.0,8.34
305306.0,6404480.0,8.46
305308.0,6404480.0,8.59
305310.0,6404480.0,8.69
305312.0,6404480.0,8.96
305314.0,6404480.0,8.42
305316.0,6404480.0,8.28
305318.0,6404480.0,10.06
305320.0,6404480.0,10.53
305322.0,6404480.0,10.63
305324.0,6404480.0,10.41
305326.0,6404480.0,10.38
305328.0,6404480.0,10.17
305330.0,6404480.0,10.91
305332.0,6404480.0,11.2
305334.0,6404480.0,11.32
305336.0,6404480.0,11.64
305338.0,6404480.0,12.4
305340.0,6404480.0,12.5
305342.0,6404480.0,12.69
305344.0,6404480.0,13.04
305346.0,6404480.0,13.57
305348.0,6404480.0,13.64
305350.0,6404480.0,13.59
305352.0,6404480.0,13.41
305354.0,6404480.0,13.27
305356.0,6404480.0,13.02
305358.0,6404480.0,13.09
305360.0,6404480.0,13.49
305362.0,6404480.0,13.46
305364.0,6404480.0,13.11
305366.0,6404480.0,12.54
305368.0,6404480.0,12.14
305370.0,6404480.0,11.8
305372.0,6404480.0,11.68
305374.0,6404480.0,11.51
305376.0,6404480.0,10.96
305378.0,6404480.0,10.54
305380.0,6404480.0,10.21
305382.0,6404480.0,9.94
305384.0,6404480.0,9.79
305386.0,6404480.0,9.66
305388.0,6404480.0,9.88
305390.0,6404480.0,10.09
305392.0,6404480.0,9.89
305394.0,6404480.0,9.55
305396.0,6404480.0,9.13
305398.0,6404480.0,8.58
305400.0,6404480.0,7.92
305402.0,6404480.0,7.88
305404.0,6404480.0,7.78
305406.0,6404480.0,7.67
305408.0,6404480.0,7.34
305410.0,6404480.0,7.36
305412.0,6404480.0,7.63
305414.0,6404480.0,8.04
305416.0,6404480.0,8.58
305418.0,6404480.0,8.75
305420.0,6404480.0,8.82
305422.0,6404480.0,8.59
305424.0,6404480.0,8.42
305426.0,6404480.0,8.33
305428.0,6404480.0,8.37
305430.0,6404480.0,8.18
305432.0,6404480.0,8.15
305434.0,6404480.0,8.44
305436.0,6404480.0,8.4
305438.0,6404480.0,8.22
305440.0,6404480.0,7.77
305442.0,6404480.0,7.4
305444.0,6404480.0,7.15
305446.0,6404480.0,7.12
305448.0,6404480.0,7.15
305450.0,6404480.0,6.86
305452.0,6404480.0,6.45
305454.0,6404480.0,6.06
305456.0,6404480.0,5.64
305458.0,6404480.0,6.29
305460.0,6404480.0,6.22
305462.0,6404480.0,6.0
305464.0,6404480.0,5.71
305466.0,6404480.0,5.33
305468.0,6404480.0,5.59
305470.0,6404480.0,5.4
305472.0,6404480.0,5.09
305474.0,6404480.0,4.92
305476.0,6404480.0,4.83
305478.0,6404480.0,4.81
305480.0,6404480.0,4.73
305482.0,6404480.0,4.43
305484.0,6404480.0,4.27
305486.0,6404480.0,3.82
305488.0,6404480.0,3.43
305490.0,6404480.0,3.25
305492.0,6404480.0,3.28
305494.0,6404480.0,3.55
305496.0,6404480.0,3.37
305498.0,6404480.0,3.08
305500.0,6404480.0,2.85
305502.0,6404480.0,2.88
305504.0,6404480.0,2.78
305506.0,6404480.0,2.85
305508.0,6404480.0,2.95
305510.0,6404480.0,2.69
305512.0,6404480.0,2.69
305514.0,6404480.0,2.36
305516.0,6404480.0,2.1
305518.0,6404480.0,1.86
305520.0,6404480.0,1.86
305522.0,6404480.0,1.9
305524.0,6404480.0,1.94
305526.0,6404480.0,1.93
305528.0,6404480.0,1.91
305530.0,6404480.0,1.88
305532.0,6404480.0,1.91
305534.0,6404480.0,2.01
305536.0,6404480.0,2.06
305538.0,6404480.0,2.18
305540.0,6404480.0,2.26
305542.0,6404480.0,2.37
305544.0,6404480.0,2.54
305546.0,6404480.0,2.78
305548.0,6404480.0,3.2
305550.0,6404480.0,3.67
305552.0,6404480.0,4.25
305554.0,6404480.0,4.54
305556.0,6404480.0,4.68
305558.0,6404480.0,4.94
305560.0,6404480.0,5.31
305562.0,6404480.0,7.43
305564.0,6404480.0,8.86
305566.0,6404480.0,10.13
305568.0,6404480.0,10.38
305570.0,6404480.0,10.21
305572.0,6404480.0,10.44
305574.0,6404480.0,10.26
305576.0,6404480.0,10.18
305578.0,6404480.0,10.14
305580.0,6404480.0,10.09
305582.0,6404480.0,9.88
305584.0,6404480.0,9.62
305586.0,6404480.0,9.38
305588.0,6404480.0,9.11
305590.0,6404480.0,8.71
305592.0,6404480.0,8.37
305594.0,6404480.0,7.94
305596.0,6404480.0,7.54
305598.0,6404480.0,7.14
305600.0,6404480.0,6.77
305602.0,6404480.0,6.64
305604.0,6404480.0,6.59
305606.0,6404480.0,6.59
305608.0,6404480.0,6.51
305610.0,6404480.0,6.33
305612.0,6404480.0,6.21
305614.0,6404480.0,5.97
305616.0,6404480.0,5.8
305618.0,6404480.0,5.64
305620.0,6404480.0,5.59
305622.0,6404480.0,5.37
305624.0,6404480.0,5.07
305626.0,6404480.0,4.92
305628.0,6404480.0,4.75
305630.0,6404480.0,4.68
305632.0,6404480.0,4.59
305634.0,6404480.0,4.39
305636.0,6404480.0,4.17
305638.0,6404480.0,4.02
305640.0,6404480.0,3.93
305642.0,6404480.0,3.88
305644.0,6404480.0,3.67
305646.0,6404480.0,3.01
305648.0,6404480.0,2.18
305650.0,6404480.0,2.48
305652.0,6404480.0,3.24
305654.0,6404480.0,3.82
305656.0,6404480.0,3.52
305658.0,6404480.0,3.39
305660.0,6404480.0,3.39
305662.0,6404480.0,3.36
305664.0,6404480.0,3.41
305666.0,6404480.0,3.33
305668.0,6404480.0,3.41
305670.0,6404480.0,3.51
305672.0,6404480.0,3.59
305674.0,6404480.0,3.71
305676.0,6404480.0,3.79
305678.0,6404480.0,3.97
305680.0,6404480.0,3.92
305150.0,6404482.0,-0.31
305152.0,6404482.0,-0.31
305154.0,6404482.0,-0.31
305156.0,6404482.0,-0.31
305158.0,6404482.0,-0.31
305160.0,6404482.0,-0.31
305162.0,6404482.0,-0.31
305164.0,6404482.0,-0.31
305166.0,6404482.0,-0.31
305168.0,6404482.0,-0.31
305170.0,6404482.0,-0.31
305172.0,6404482.0,-0.31
305174.0,6404482.0,-0.31
305176.0,6404482.0,-0.31
305178.0,6404482.0,-0.31
305180.0,6404482.0,-0.31
305182.0,6404482.0,-0.31
305184.0,6404482.0,-0.31
305186.0,6404482.0,-0.31
305188.0,6404482.0,-0.31
305190.0,6404482.0,-0.31
305192.0,6404482.0,-0.31
305194.0,6404482.0,-0.31
305196.0,6404482.0,-0.31
305198.0,6404482.0,-0.31
305200.0,6404482.0,-0.31
305202.0,6404482.0,-0.31
305204.0,6404482.0,-0.31
305206.0,6404482.0,-0.31
305208.0,6404482.0,-0.31
305210.0,6404482.0,-0.31
305212.0,6404482.0,-0.31
305214.0,6404482.0,-0.31
305216.0,6404482.0,-0.31
305218.0,6404482.0,-0.31
305220.0,6404482.0,-0.31
305222.0,6404482.0,-0.31
305224.0,6404482.0,-0.31
305226.0,6404482.0,-0.31
305228.0,6404482.0,-0.31
305230.0,6404482.0,-0.31
305232.0,6404482.0,-0.31
305234.0,6404482.0,-0.31
305236.0,6404482.0,-0.31
305238.0,6404482.0,-0.31
305240.0,6404482.0,-0.31
305242.0,6404482.0,-0.31
305244.0,6404482.0,-0.31
305246.0,6404482.0,-0.31
305248.0,6404482.0,-0.31
305250.0,6404482.0,0.16
305252.0,6404482.0,0.36
305254.0,6404482.0,0.59
305256.0,6404482.0,0.74
305258.0,6404482.0,0.8
305260.0,6404482.0,1.06
305262.0,6404482.0,1.33
305264.0,6404482.0,1.76
305266.0,6404482.0,2.1
305268.0,6404482.0,2.33
305270.0,6404482.0,2.5
305272.0,6404482.0,3.11
305274.0,6404482.0,3.39
305276.0,6404482.0,3.89
305278.0,6404482.0,4.06
305280.0,6404482.0,4.12
305282.0,6404482.0,4.23
305284.0,6404482.0,4.78
305286.0,6404482.0,5.2
305288.0,6404482.0,5.69
305290.0,6404482.0,6.11
305292.0,6404482.0,6.42
305294.0,6404482.0,7.37
305296.0,6404482.0,7.93
305298.0,6404482.0,8.3
305300.0,6404482.0,8.5
305302.0,6404482.0,8.52
305304.0,6404482.0,8.71
305306.0,6404482.0,8.85
305308.0,6404482.0,9.1
305310.0,6404482.0,9.22
305312.0,6404482.0,8.91
305314.0,6404482.0,8.66
305316.0,6404482.0,8.23
305318.0,6404482.0,8.35
305320.0,6404482.0,8.88
305322.0,6404482.0,9.21
305324.0,6404482.0,9.25
305326.0,6404482.0,9.34
305328.0,6404482.0,9.43
305330.0,6404482.0,10.08
305332.0,6404482.0,10.59
305334.0,6404482.0,10.94
305336.0,6404482.0,11.08
305338.0,6404482.0,11.62
305340.0,6404482.0,11.94
305342.0,6404482.0,11.85
305344.0,6404482.0,11.93
305346.0,6404482.0,12.66
305348.0,6404482.0,12.85
305350.0,6404482.0,12.86
305352.0,6404482.0,13.03
305354.0,6404482.0,12.87
305356.0,6404482.0,12.55
305358.0,6404482.0,12.82
305360.0,6404482.0,12.95
305362.0,6404482.0,13.04
305364.0,6404482.0,12.91
305366.0,6404482.0,12.56
305368.0,6404482.0,12.17
305370.0,6404482.0,11.75
305372.0,6404482.0,11.53
305374.0,6404482.0,11.18
305376.0,6404482.0,10.65
305378.0,6404482.0,10.57
305380.0,6404482.0,10.16
305382.0,6404482.0,9.95
305384.0,6404482.0,9.85
305386.0,6404482.0,9.73
305388.0,6404482.0,9.55
305390.0,6404482.0,9.76
305392.0,6404482.0,9.68
305394.0,6404482.0,9.35
305396.0,6404482.0,8.88
305398.0,6404482.0,8.65
305400.0,6404482.0,7.97
305402.0,6404482.0,7.71
305404.0,6404482.0,7.57
305406.0,6404482.0,6.86
305408.0,6404482.0,6.71
305410.0,6404482.0,6.67
305412.0,6404482.0,6.71
305414.0,6404482.0,6.82
305416.0,6404482.0,7.41
305418.0,6404482.0,7.61
305420.0,6404482.0,8.19
305422.0,6404482.0,8.21
305424.0,6404482.0,8.19
305426.0,6404482.0,8.09
305428.0,6404482.0,8.15
305430.0,6404482.0,7.73
305432.0,6404482.0,7.48
305434.0,6404482.0,7.53
305436.0,6404482.0,7.7
305438.0,6404482.0,7.86
305440.0,6404482.0,7.51
305442.0,6404482.0,7.38
305444.0,6404482.0,7.17
305446.0,6404482.0,7.15
305448.0,6404482.0,7.0
305450.0,6404482.0,6.55
305452.0,6404482.0,5.95
305454.0,6404482.0,5.27
305456.0,6404482.0,5.08
305458.0,6404482.0,5.41
305460.0,6404482.0,5.75
305462.0,6404482.0,5.72
305464.0,6404482.0,5.51
305466.0,6404482.0,5.12
305468.0,6404482.0,5.32
305470.0,6404482.0,5.23
305472.0,6404482.0,5.06
305474.0,6404482.0,4.89
305476.0,6404482.0,4.63
305478.0,6404482.0,4.56
305480.0,6404482.0,4.48
305482.0,6404482.0,4.36
305484.0,6404482.0,4.13
305486.0,6404482.0,3.8
305488.0,6404482.0,3.32
305490.0,6404482.0,3.16
305492.0,6404482.0,3.5
305494.0,6404482.0,3.63
305496.0,6404482.0,3.31
305498.0,6404482.0,2.99
305500.0,6404482.0,2.8
305502.0,6404482.0,2.88
305504.0,6404482.0,2.82
305506.0,6404482.0,2.96
305508.0,6404482.0,3.15
305510.0,6404482.0,2.94
305512.0,6404482.0,2.73
305514.0,6404482.0,2.4
305516.0,6404482.0,2.21
305518.0,6404482.0,2.02
305520.0,6404482.0,1.82
305522.0,6404482.0,1.86
305524.0,6404482.0,1.88
305526.0,6404482.0,1.89
305528.0,6404482.0,1.84
305530.0,6404482.0,1.88
305532.0,6404482.0,1.91
305534.0,6404482.0,1.98
305536.0,6404482.0,2.08
305538.0,6404482.0,2.17
305540.0,6404482.0,2.24
305542.0,6404482.0,2.36
305544.0,6404482.0,2.5
305546.0,6404482.0,2.64
305548.0,6404482.0,2.78
305550.0,6404482.0,3.19
305552.0,6404482.0,4.35
305554.0,6404482.0,4.54
305556.0,6404482.0,4.6
305558.0,6404482.0,4.65
305560.0,6404482.0,5.99
305562.0,6404482.0,7.79
305564.0,6404482.0,9.03
305566.0,6404482.0,10.39
305568.0,6404482.0,10.49
305570.0,6404482.0,10.47
305572.0,6404482.0,10.58
305574.0,6404482.0,10.38
305576.0,6404482.0,10.11
305578.0,6404482.0,9.72
305580.0,6404482.0,9.3
305582.0,6404482.0,9.3
305584.0,6404482.0,9.54
305586.0,6404482.0,9.28
305588.0,6404482.0,9.1
305590.0,6404482.0,8.72
305592.0,6404482.0,8.45
305594.0,6404482.0,8.24
305596.0,6404482.0,7.45
305598.0,6404482.0,6.97
305600.0,6404482.0,6.56
305602.0,6404482.0,6.7
305604.0,6404482.0,6.67
305606.0,6404482.0,6.61
305608.0,6404482.0,6.49
305610.0,6404482.0,6.28
305612.0,6404482.0,6.22
305614.0,6404482.0,6.14
305616.0,6404482.0,6.01
305618.0,6404482.0,5.75
305620.0,6404482.0,5.61
305622.0,6404482.0,5.41
305624.0,6404482.0,5.23
305626.0,6404482.0,4.98
305628.0,6404482.0,4.82
305630.0,6404482.0,4.79
305632.0,6404482.0,4.64
305634.0,6404482.0,4.38
305636.0,6404482.0,4.15
305638.0,6404482.0,3.99
305640.0,6404482.0,3.87
305642.0,6404482.0,3.87
305644.0,6404482.0,3.63
305646.0,6404482.0,2.8
305648.0,6404482.0,2.22
305650.0,6404482.0,2.27
305652.0,6404482.0,3.28
305654.0,6404482.0,3.61
305656.0,6404482.0,3.43
305658.0,6404482.0,3.4
305660.0,6404482.0,3.36
305662.0,6404482.0,3.45
305664.0,6404482.0,3.45
305666.0,6404482.0,3.47
305668.0,6404482.0,3.55
305670.0,6404482.0,3.66
305672.0,6404482.0,3.74
305674.0,6404482.0,3.85
305676.0,6404482.0,3.87
305678.0,6404482.0,3.88
305680.0,6404482.0,4.0
305150.0,6404484.0,-0.31
305152.0,6404484.0,-0.31
305154.0,6404484.0,-0.31
305156.0,6404484.0,-0.31
305158.0,6404484.0,-0.31
305160.0,6404484.0,-0.31
305162.0,6404484.0,-0.31
305164.0,6404484.0,-0.31
305166.0,6404484.0,-0.31
305168.0,6404484.0,-0.31
305170.0,6404484.0,-0.31
305172.0,6404484.0,-0.31
305174.0,6404484.0,-0.31
305176.0,6404484.0,-0.31
305178.0,6404484.0,-0.31
305180.0,6404484.0,-0.31
305182.0,6404484.0,-0.31
305184.0,6404484.0,-0.31
305186.0,6404484.0,-0.31
305188.0,6404484.0,-0.31
305190.0,6404484.0,-0.31
305192.0,6404484.0,-0.31
305194.0,6404484.0,-0.31
305196.0,6404484.0,-0.31
305198.0,6404484.0,-0.31
305200.0,6404484.0,-0.31
305202.0,6404484.0,-0.31
305204.0,6404484.0,-0.31
305206.0,6404484.0,-0.31
305208.0,6404484.0,-0.31
305210.0,6404484.0,-0.31
305212.0,6404484.0,-0.31
305214.0,6404484.0,-0.31
305216.0,6404484.0,-0.31
305218.0,6404484.0,-0.31
305220.0,6404484.0,-0.31
305222.0,6404484.0,-0.31
305224.0,6404484.0,-0.31
305226.0,6404484.0,-0.31
305228.0,6404484.0,-0.31
305230.0,6404484.0,-0.31
305232.0,6404484.0,-0.31
305234.0,6404484.0,-0.31
305236.0,6404484.0,-0.31
305238.0,6404484.0,-0.31
305240.0,6404484.0,-0.31
305242.0,6404484.0,-0.31
305244.0,6404484.0,-0.31
305246.0,6404484.0,-0.31
305248.0,6404484.0,-0.31
305250.0,6404484.0,-0.29
305252.0,6404484.0,0.36
305254.0,6404484.0,0.55
305256.0,6404484.0,0.68
305258.0,6404484.0,0.77
305260.0,6404484.0,1.06
305262.0,6404484.0,1.15
305264.0,6404484.0,1.53
305266.0,6404484.0,1.95
305268.0,6404484.0,2.27
305270.0,6404484.0,2.57
305272.0,6404484.0,2.75
305274.0,6404484.0,3.37
305276.0,6404484.0,3.44
305278.0,6404484.0,3.72
305280.0,6404484.0,3.86
305282.0,6404484.0,4.01
305284.0,6404484.0,4.09
305286.0,6404484.0,4.51
305288.0,6404484.0,5.21
305290.0,6404484.0,5.73
305292.0,6404484.0,6.28
305294.0,6404484.0,6.71
305296.0,6404484.0,7.49
305298.0,6404484.0,7.64
305300.0,6404484.0,7.86
305302.0,6404484.0,8.1
305304.0,6404484.0,8.61
305306.0,6404484.0,8.79
305308.0,6404484.0,8.94
305310.0,6404484.0,9.22
305312.0,6404484.0,9.21
305314.0,6404484.0,9.05
305316.0,6404484.0,8.61
305318.0,6404484.0,8.75
305320.0,6404484.0,8.64
305322.0,6404484.0,8.63
305324.0,6404484.0,8.43
305326.0,6404484.0,8.75
305328.0,6404484.0,8.92
305330.0,6404484.0,9.28
305332.0,6404484.0,10.06
305334.0,6404484.0,10.77
305336.0,6404484.0,10.83
305338.0,6404484.0,10.79
305340.0,6404484.0,11.24
305342.0,6404484.0,11.14
305344.0,6404484.0,11.46
305346.0,6404484.0,11.8
305348.0,6404484.0,12.11
305350.0,6404484.0,12.34
305352.0,6404484.0,11.99
305354.0,6404484.0,11.79
305356.0,6404484.0,11.96
305358.0,6404484.0,12.41
305360.0,6404484.0,12.34
305362.0,6404484.0,12.18
305364.0,6404484.0,12.18
305366.0,6404484.0,12.04
305368.0,6404484.0,12.0
305370.0,6404484.0,11.47
305372.0,6404484.0,11.44
305374.0,6404484.0,10.81
305376.0,6404484.0,10.57
305378.0,6404484.0,10.39
305380.0,6404484.0,10.21
305382.0,6404484.0,9.92
305384.0,6404484.0,9.96
305386.0,6404484.0,9.71
305388.0,6404484.0,9.37
305390.0,6404484.0,9.33
305392.0,6404484.0,9.21
305394.0,6404484.0,8.91
305396.0,6404484.0,8.41
305398.0,6404484.0,8.3
305400.0,6404484.0,7.78
305402.0,6404484.0,7.48
305404.0,6404484.0,7.1
305406.0,6404484.0,6.91
305408.0,6404484.0,7.26
305410.0,6404484.0,6.72
305412.0,6404484.0,6.45
305414.0,6404484.0,6.39
305416.0,6404484.0,6.2
305418.0,6404484.0,6.27
305420.0,6404484.0,6.53
305422.0,6404484.0,7.16
305424.0,6404484.0,7.66
305426.0,6404484.0,7.52
305428.0,6404484.0,7.35
305430.0,6404484.0,7.04
305432.0,6404484.0,6.83
305434.0,6404484.0,6.96
305436.0,6404484.0,7.27
305438.0,6404484.0,7.3
305440.0,6404484.0,7.26
305442.0,6404484.0,7.21
305444.0,6404484.0,7.2
305446.0,6404484.0,7.28
305448.0,6404484.0,7.01
305450.0,6404484.0,6.42
305452.0,6404484.0,5.7
305454.0,6404484.0,5.39
305456.0,6404484.0,5.06
305458.0,6404484.0,5.0
305460.0,6404484.0,5.17
305462.0,6404484.0,5.25
305464.0,6404484.0,5.02
305466.0,6404484.0,4.73
305468.0,6404484.0,5.26
305470.0,6404484.0,5.19
305472.0,6404484.0,4.76
305474.0,6404484.0,4.38
305476.0,6404484.0,4.24
305478.0,6404484.0,4.31
305480.0,6404484.0,4.2
305482.0,6404484.0,4.31
305484.0,6404484.0,4.02
305486.0,6404484.0,3.58
305488.0,6404484.0,3.3
305490.0,6404484.0,3.17
305492.0,6404484.0,3.44
305494.0,6404484.0,3.57
305496.0,6404484.0,3.23
305498.0,6404484.0,2.91
305500.0,6404484.0,2.76
305502.0,6404484.0,2.81
305504.0,6404484.0,2.7
305506.0,6404484.0,2.83
305508.0,6404484.0,3.04
305510.0,6404484.0,2.87
305512.0,6404484.0,2.49
305514.0,6404484.0,2.09
305516.0,6404484.0,1.99
305518.0,6404484.0,1.93
305520.0,6404484.0,1.81
305522.0,6404484.0,1.86
305524.0,6404484.0,1.84
305526.0,6404484.0,1.84
305528.0,6404484.0,1.86
305530.0,6404484.0,1.9
305532.0,6404484.0,1.93
305534.0,6404484.0,2.0
305536.0,6404484.0,2.09
305538.0,6404484.0,2.19
305540.0,6404484.0,2.3
305542.0,6404484.0,2.46
305544.0,6404484.0,2.65
305546.0,6404484.0,2.6
305548.0,6404484.0,2.77
305550.0,6404484.0,3.43
305552.0,6404484.0,4.4
305554.0,6404484.0,4.46
305556.0,6404484.0,4.51
305558.0,6404484.0,4.26
305560.0,6404484.0,5.5
305562.0,6404484.0,7.53
305564.0,6404484.0,9.29
305566.0,6404484.0,9.61
305568.0,6404484.0,9.65
305570.0,6404484.0,9.89
305572.0,6404484.0,9.74
305574.0,6404484.0,9.61
305576.0,6404484.0,9.33
305578.0,6404484.0,8.9
305580.0,6404484.0,8.48
305582.0,6404484.0,8.35
305584.0,6404484.0,9.2
305586.0,6404484.0,9.21
305588.0,6404484.0,9.07
305590.0,6404484.0,8.95
305592.0,6404484.0,8.8
305594.0,6404484.0,8.54
305596.0,6404484.0,7.55
305598.0,6404484.0,6.92
305600.0,6404484.0,6.68
305602.0,6404484.0,6.74
305604.0,6404484.0,6.82
305606.0,6404484.0,6.74
305608.0,6404484.0,6.59
305610.0,6404484.0,6.43
305612.0,6404484.0,6.34
305614.0,6404484.0,6.16
305616.0,6404484.0,5.97
305618.0,6404484.0,5.85
305620.0,6404484.0,5.73
305622.0,6404484.0,5.5
305624.0,6404484.0,5.27
305626.0,6404484.0,5.07
305628.0,6404484.0,4.92
305630.0,6404484.0,4.79
305632.0,6404484.0,4.6
305634.0,6404484.0,4.38
305636.0,6404484.0,4.15
305638.0,6404484.0,3.97
305640.0,6404484.0,3.83
305642.0,6404484.0,3.76
305644.0,6404484.0,3.66
305646.0,6404484.0,3.0
305648.0,6404484.0,2.34
305650.0,6404484.0,2.08
305652.0,6404484.0,3.35
305654.0,6404484.0,3.38
305656.0,6404484.0,3.55
305658.0,6404484.0,3.47
305660.0,6404484.0,3.43
305662.0,6404484.0,3.41
305664.0,6404484.0,3.53
305666.0,6404484.0,3.56
305668.0,6404484.0,4.03
305670.0,6404484.0,3.92
305672.0,6404484.0,3.83
305674.0,6404484.0,3.9
305676.0,6404484.0,3.91
305678.0,6404484.0,3.96
305680.0,6404484.0,4.06
305150.0,6404486.0,-0.31
305152.0,6404486.0,-0.31
305154.0,6404486.0,-0.31
305156.0,6404486.0,-0.31
305158.0,6404486.0,-0.31
305160.0,6404486.0,-0.31
305162.0,6404486.0,-0.31
305164.0,6404486.0,-0.31
305166.0,6404486.0,-0.31
305168.0,6404486.0,-0.31
305170.0,6404486.0,-0.31
305172.0,6404486.0,-0.31
305174.0,6404486.0,-0.31
305176.0,6404486.0,-0.31
305178.0,6404486.0,-0.31
305180.0,6404486.0,-0.31
305182.0,6404486.0,-0.31
305184.0,6404486.0,-0.31
305186.0,6404486.0,-0.31
305188.0,6404486.0,-0.31
305190.0,6404486.0,-0.31
305192.0,6404486.0,-0.31
305194.0,6404486.0,-0.31
305196.0,6404486.0,-0.31
305198.0,6404486.0,-0.31
305200.0,6404486.0,-0.31
305202.0,6404486.0,-0.31
305204.0,6404486.0,-0.31
305206.0,6404486.0,-0.31
305208.0,6404486.0,-0.31
305210.0,6404486.0,-0.31
305212.0,6404486.0,-0.31
305214.0,6404486.0,-0.31
305216.0,6404486.0,-0.31
305218.0,6404486.0,-0.31
305220.0,6404486.0,-0.31
305222.0,6404486.0,-0.31
305224.0,6404486.0,-0.31
305226.0,6404486.0,-0.31
305228.0,6404486.0,-0.31
305230.0,6404486.0,-0.31
305232.0,6404486.0,-0.31
305234.0,6404486.0,-0.31
305236.0,6404486.0,-0.31
305238.0,6404486.0,-0.31
305240.0,6404486.0,-0.31
305242.0,6404486.0,-0.31
305244.0,6404486.0,-0.31
305246.0,6404486.0,-0.31
305248.0,6404486.0,-0.31
305250.0,6404486.0,-0.31
305252.0,6404486.0,0.16
305254.0,6404486.0,0.52
305256.0,6404486.0,0.61
305258.0,6404486.0,0.78
305260.0,6404486.0,0.91
305262.0,6404486.0,1.08
305264.0,6404486.0,1.3
305266.0,6404486.0,1.64
305268.0,6404486.0,2.11
305270.0,6404486.0,2.4
305272.0,6404486.0,2.41
305274.0,6404486.0,2.56
305276.0,6404486.0,3.03
305278.0,6404486.0,3.4
305280.0,6404486.0,3.59
305282.0,6404486.0,3.84
305284.0,6404486.0,3.89
305286.0,6404486.0,4.04
305288.0,6404486.0,4.5
305290.0,6404486.0,5.44
305292.0,6404486.0,5.91
305294.0,6404486.0,6.04
305296.0,6404486.0,6.35
305298.0,6404486.0,7.04
305300.0,6404486.0,7.23
305302.0,6404486.0,7.59
305304.0,6404486.0,8.24
305306.0,6404486.0,8.73
305308.0,6404486.0,8.46
305310.0,6404486.0,8.76
305312.0,6404486.0,8.67
305314.0,6404486.0,8.55
305316.0,6404486.0,8.51
305318.0,6404486.0,8.95
305320.0,6404486.0,8.24
305322.0,6404486.0,8.15
305324.0,6404486.0,8.48
305326.0,6404486.0,8.6
305328.0,6404486.0,8.49
305330.0,6404486.0,8.35
305332.0,6404486.0,8.8
305334.0,6404486.0,9.89
305336.0,6404486.0,10.48
305338.0,6404486.0,10.46
305340.0,6404486.0,10.4
305342.0,6404486.0,10.18
305344.0,6404486.0,10.04
305346.0,6404486.0,10.88
305348.0,6404486.0,11.11
305350.0,6404486.0,11.21
305352.0,6404486.0,11.25
305354.0,6404486.0,10.92
305356.0,6404486.0,11.17
305358.0,6404486.0,11.58
305360.0,6404486.0,12.1
305362.0,6404486.0,12.06
305364.0,6404486.0,11.71
305366.0,6404486.0,11.2
305368.0,6404486.0,11.14
305370.0,6404486.0,11.18
305372.0,6404486.0,10.96
305374.0,6404486.0,10.61
305376.0,6404486.0,10.05
305378.0,6404486.0,9.99
305380.0,6404486.0,10.32
305382.0,6404486.0,10.19
305384.0,6404486.0,10.13
305386.0,6404486.0,9.78
305388.0,6404486.0,9.29
305390.0,6404486.0,8.93
305392.0,6404486.0,8.83
305394.0,6404486.0,8.44
305396.0,6404486.0,8.16
305398.0,6404486.0,8.01
305400.0,6404486.0,7.51
305402.0,6404486.0,7.35
305404.0,6404486.0,7.74
305406.0,6404486.0,7.93
305408.0,6404486.0,7.7
305410.0,6404486.0,7.18
305412.0,6404486.0,6.71
305414.0,6404486.0,6.48
305416.0,6404486.0,6.0
305418.0,6404486.0,5.76
305420.0,6404486.0,5.63
305422.0,6404486.0,5.81
305424.0,6404486.0,5.96
305426.0,6404486.0,5.88
305428.0,6404486.0,5.56
305430.0,6404486.0,5.58
305432.0,6404486.0,5.46
305434.0,6404486.0,6.07
305436.0,6404486.0,6.73
305438.0,6404486.0,6.84
305440.0,6404486.0,6.98
305442.0,6404486.0,6.88
305444.0,6404486.0,6.95
305446.0,6404486.0,6.88
305448.0,6404486.0,6.52
305450.0,6404486.0,5.98
305452.0,6404486.0,5.17
305454.0,6404486.0,5.26
305456.0,6404486.0,5.21
305458.0,6404486.0,4.87
305460.0,6404486.0,4.9
305462.0,6404486.0,4.75
305464.0,6404486.0,4.71
305466.0,6404486.0,5.01
305468.0,6404486.0,5.15
305470.0,6404486.0,5.02
305472.0,6404486.0,4.25
305474.0,6404486.0,4.12
305476.0,6404486.0,4.05
305478.0,6404486.0,4.16
305480.0,6404486.0,4.09
305482.0,6404486.0,4.19
305484.0,6404486.0,3.87
305486.0,6404486.0,3.61
305488.0,6404486.0,3.22
305490.0,6404486.0,3.09
305492.0,6404486.0,3.32
305494.0,6404486.0,3.43
305496.0,6404486.0,3.23
305498.0,6404486.0,2.83
305500.0,6404486.0,2.7
305502.0,6404486.0,2.68
305504.0,6404486.0,2.54
305506.0,6404486.0,2.51
305508.0,6404486.0,2.62
305510.0,6404486.0,2.5
305512.0,6404486.0,2.11
305514.0,6404486.0,1.96
305516.0,6404486.0,1.97
305518.0,6404486.0,1.95
305520.0,6404486.0,1.89
305522.0,6404486.0,1.94
305524.0,6404486.0,1.88
305526.0,6404486.0,1.84
305528.0,6404486.0,1.87
305530.0,6404486.0,1.89
305532.0,6404486.0,1.95
305534.0,6404486.0,2.06
305536.0,6404486.0,2.12
305538.0,6404486.0,2.24
305540.0,6404486.0,2.38
305542.0,6404486.0,2.5
305544.0,6404486.0,2.8
305546.0,6404486.0,2.72
305548.0,6404486.0,2.9
305550.0,6404486.0,3.38
305552.0,6404486.0,4.12
305554.0,6404486.0,4.2
305556.0,6404486.0,4.42
305558.0,6404486.0,4.37
305560.0,6404486.0,4.53
305562.0,6404486.0,6.07
305564.0,6404486.0,8.19
305566.0,6404486.0,8.52
305568.0,6404486.0,8.62
305570.0,6404486.0,8.45
305572.0,6404486.0,7.81
305574.0,6404486.0,7.91
305576.0,6404486.0,7.77
305578.0,6404486.0,7.57
305580.0,6404486.0,7.83
305582.0,6404486.0,7.7
305584.0,6404486.0,8.12
305586.0,6404486.0,8.65
305588.0,6404486.0,8.68
305590.0,6404486.0,8.47
305592.0,6404486.0,8.14
305594.0,6404486.0,7.86
305596.0,6404486.0,7.39
305598.0,6404486.0,6.76
305600.0,6404486.0,6.6
305602.0,6404486.0,6.76
305604.0,6404486.0,7.14
305606.0,6404486.0,6.76
305608.0,6404486.0,6.44
305610.0,6404486.0,6.39
305612.0,6404486.0,6.42
305614.0,6404486.0,6.35
305616.0,6404486.0,6.29
305618.0,6404486.0,6.1
305620.0,6404486.0,5.87
305622.0,6404486.0,5.59
305624.0,6404486.0,5.31
305626.0,6404486.0,5.06
305628.0,6404486.0,4.96
305630.0,6404486.0,4.79
305632.0,6404486.0,4.58
305634.0,6404486.0,4.36
305636.0,6404486.0,4.16
305638.0,6404486.0,3.91
305640.0,6404486.0,3.67
305642.0,6404486.0,3.64
305644.0,6404486.0,3.51
305646.0,6404486.0,3.15
305648.0,6404486.0,2.35
305650.0,6404486.0,2.16
305652.0,6404486.0,2.96
305654.0,6404486.0,3.45
305656.0,6404486.0,3.65
305658.0,6404486.0,3.6
305660.0,6404486.0,3.52
305662.0,6404486.0,3.53
305664.0,6404486.0,3.7
305666.0,6404486.0,4.06
305668.0,6404486.0,4.19
305670.0,6404486.0,3.95
305672.0,6404486.0,3.9
305674.0,6404486.0,3.93
305676.0,6404486.0,4.01
305678.0,6404486.0,4.05
305680.0,6404486.0,4.1
305150.0,6404488.0,-0.31
305152.0,6404488.0,-0.31
305154.0,6404488.0,-0.31
305156.0,6404488.0,-0.31
305158.0,6404488.0,-0.31
305160.0,6404488.0,-0.31
305162.0,6404488.0,-0.31
305164.0,6404488.0,-0.31
305166.0,6404488.0,-0.31
305168.0,6404488.0,-0.31
305170.0,6404488.0,-0.31
305172.0,6404488.0,-0.31
305174.0,6404488.0,-0.31
305176.0,6404488.0,-0.31
305178.0,6404488.0,-0.31
305180.0,6404488.0,-0.31
305182.0,6404488.0,-0.31
305184.0,6404488.0,-0.31
305186.0,6404488.0,-0.31
305188.0,6404488.0,-0.31
305190.0,6404488.0,-0.31
305192.0,6404488.0,-0.31
305194.0,6404488.0,-0.31
305196.0,6404488.0,-0.31
305198.0,6404488.0,-0.31
305200.0,6404488.0,-0.31
305202.0,6404488.0,-0.31
305204.0,6404488.0,-0.31
305206.0,6404488.0,-0.31
305208.0,6404488.0,-0.31
305210.0,6404488.0,-0.31
305212.0,6404488.0,-0.31
305214.0,6404488.0,-0.31
305216.0,6404488.0,-0.31
305218.0,6404488.0,-0.31
305220.0,6404488.0,-0.31
305222.0,6404488.0,-0.31
305224.0,6404488.0,-0.31
305226.0,6404488.0,-0.31
305228.0,6404488.0,-0.31
305230.0,6404488.0,-0.31
305232.0,6404488.0,-0.31
305234.0,6404488.0,-0.31
305236.0,6404488.0,-0.31
305238.0,6404488.0,-0.31
305240.0,6404488.0,-0.31
305242.0,6404488.0,-0.31
305244.0,6404488.0,-0.31
305246.0,6404488.0,-0.31
305248.0,6404488.0,-0.31
305250.0,6404488.0,-0.31
305252.0,6404488.0,-0.08
305254.0,6404488.0,0.49
305256.0,6404488.0,0.64
305258.0,6404488.0,0.76
305260.0,6404488.0,0.87
305262.0,6404488.0,0.99
305264.0,6404488.0,1.09
305266.0,6404488.0,1.18
305268.0,6404488.0,1.67
305270.0,6404488.0,1.67
305272.0,6404488.0,1.77
305274.0,6404488.0,1.87
305276.0,6404488.0,2.2
305278.0,6404488.0,2.78
305280.0,6404488.0,3.05
305282.0,6404488.0,3.61
305284.0,6404488.0,3.62
305286.0,6404488.0,3.76
305288.0,6404488.0,4.2
305290.0,6404488.0,4.81
305292.0,6404488.0,5.59
305294.0,6404488.0,6.17
305296.0,6404488.0,6.47
305298.0,6404488.0,6.69
305300.0,6404488.0,6.82
305302.0,6404488.0,6.69
305304.0,6404488.0,7.06
305306.0,6404488.0,7.53
305308.0,6404488.0,7.9
305310.0,6404488.0,7.99
305312.0,6404488.0,7.9
305314.0,6404488.0,7.81
305316.0,6404488.0,8.06
305318.0,6404488.0,8.0
305320.0,6404488.0,8.0
305322.0,6404488.0,8.14
305324.0,6404488.0,8.76
305326.0,6404488.0,9.1
305328.0,6404488.0,8.85
305330.0,6404488.0,8.57
305332.0,6404488.0,8.0
305334.0,6404488.0,7.87
305336.0,6404488.0,8.44
305338.0,6404488.0,9.06
305340.0,6404488.0,9.42
305342.0,6404488.0,9.43
305344.0,6404488.0,9.1
305346.0,6404488.0,9.09
305348.0,6404488.0,9.35
305350.0,6404488.0,9.84
305352.0,6404488.0,10.53
305354.0,6404488.0,10.52
305356.0,6404488.0,10.67
305358.0,6404488.0,10.59
305360.0,6404488.0,11.54
305362.0,6404488.0,11.42
305364.0,6404488.0,11.12
305366.0,6404488.0,10.72
305368.0,6404488.0,9.99
305370.0,6404488.0,10.1
305372.0,6404488.0,10.04
305374.0,6404488.0,10.19
305376.0,6404488.0,9.98
305378.0,6404488.0,10.23
305380.0,6404488.0,10.19
305382.0,6404488.0,10.17
305384.0,6404488.0,10.06
305386.0,6404488.0,9.87
305388.0,6404488.0,9.58
305390.0,6404488.0,8.9
305392.0,6404488.0,8.37
305394.0,6404488.0,7.81
305396.0,6404488.0,7.58
305398.0,6404488.0,7.74
305400.0,6404488.0,7.55
305402.0,6404488.0,7.48
305404.0,6404488.0,7.81
305406.0,6404488.0,7.83
305408.0,6404488.0,7.51
305410.0,6404488.0,7.28
305412.0,6404488.0,6.91
305414.0,6404488.0,6.41
305416.0,6404488.0,5.98
305418.0,6404488.0,5.37
305420.0,6404488.0,5.09
305422.0,6404488.0,5.26
305424.0,6404488.0,5.37
305426.0,6404488.0,5.08
305428.0,6404488.0,4.87
305430.0,6404488.0,4.85
305432.0,6404488.0,4.26
305434.0,6404488.0,5.04
305436.0,6404488.0,6.17
305438.0,6404488.0,6.23
305440.0,6404488.0,6.43
305442.0,6404488.0,6.28
305444.0,6404488.0,6.23
305446.0,6404488.0,6.19
305448.0,6404488.0,5.56
305450.0,6404488.0,5.08
305452.0,6404488.0,4.98
305454.0,6404488.0,5.04
305456.0,6404488.0,5.42
305458.0,6404488.0,5.3
305460.0,6404488.0,4.99
305462.0,6404488.0,4.82
305464.0,6404488.0,5.16
305466.0,6404488.0,5.07
305468.0,6404488.0,5.07
305470.0,6404488.0,4.57
305472.0,6404488.0,4.21
305474.0,6404488.0,4.15
305476.0,6404488.0,4.12
305478.0,6404488.0,4.17
305480.0,6404488.0,4.41
305482.0,6404488.0,4.12
305484.0,6404488.0,3.91
305486.0,6404488.0,3.73
305488.0,6404488.0,3.18
305490.0,6404488.0,3.03
305492.0,6404488.0,3.05
305494.0,6404488.0,3.15
305496.0,6404488.0,3.04
305498.0,6404488.0,2.83
305500.0,6404488.0,2.73
305502.0,6404488.0,2.64
305504.0,6404488.0,2.56
305506.0,6404488.0,2.45
305508.0,6404488.0,2.27
305510.0,6404488.0,2.16
305512.0,6404488.0,1.98
305514.0,6404488.0,1.92
305516.0,6404488.0,1.83
305518.0,6404488.0,1.87
305520.0,6404488.0,1.98
305522.0,6404488.0,2.04
305524.0,6404488.0,1.97
305526.0,6404488.0,1.93
305528.0,6404488.0,1.91
305530.0,6404488.0,1.89
305532.0,6404488.0,1.93
305534.0,6404488.0,2.06
305536.0,6404488.0,2.21
305538.0,6404488.0,2.35
305540.0,6404488.0,2.5
305542.0,6404488.0,2.53
305544.0,6404488.0,2.74
305546.0,6404488.0,2.87
305548.0,6404488.0,3.01
305550.0,6404488.0,3.29
305552.0,6404488.0,3.74
305554.0,6404488.0,4.06
305556.0,6404488.0,4.36
305558.0,6404488.0,4.45
305560.0,6404488.0,4.55
305562.0,6404488.0,4.9
305564.0,6404488.0,6.85
305566.0,6404488.0,7.14
305568.0,6404488.0,6.87
305570.0,6404488.0,6.7
305572.0,6404488.0,6.57
305574.0,6404488.0,6.37
305576.0,6404488.0,6.76
305578.0,6404488.0,7.47
305580.0,6404488.0,7.65
305582.0,6404488.0,7.7
305584.0,6404488.0,7.79
305586.0,6404488.0,7.66
305588.0,6404488.0,8.04
305590.0,6404488.0,7.84
305592.0,6404488.0,7.77
305594.0,6404488.0,7.42
305596.0,6404488.0,6.96
305598.0,6404488.0,6.08
305600.0,6404488.0,6.11
305602.0,6404488.0,6.42
305604.0,6404488.0,6.83
305606.0,6404488.0,6.55
305608.0,6404488.0,6.25
305610.0,6404488.0,6.31
305612.0,6404488.0,6.45
305614.0,6404488.0,6.4
305616.0,6404488.0,6.34
305618.0,6404488.0,6.13
305620.0,6404488.0,5.92
305622.0,6404488.0,5.8
305624.0,6404488.0,5.42
305626.0,6404488.0,5.23
305628.0,6404488.0,5.0
305630.0,6404488.0,4.77
305632.0,6404488.0,4.53
305634.0,6404488.0,4.29
305636.0,6404488.0,4.0
305638.0,6404488.0,3.75
305640.0,6404488.0,3.54
305642.0,6404488.0,3.41
305644.0,6404488.0,3.37
305646.0,6404488.0,3.17
305648.0,6404488.0,2.39
305650.0,6404488.0,2.17
305652.0,6404488.0,2.86
305654.0,6404488.0,3.53
305656.0,6404488.0,3.38
305658.0,6404488.0,3.48
305660.0,6404488.0,3.58
305662.0,6404488.0,3.68
305664.0,6404488.0,3.78
305666.0,6404488.0,4.09
305668.0,6404488.0,3.91
305670.0,6404488.0,3.87
305672.0,6404488.0,3.9
305674.0,6404488.0,4.01
305676.0,6404488.0,4.06
305678.0,6404488.0,4.06
305680.0,6404488.0,4.08
305150.0,6404490.0,-0.31
305152.0,6404490.0,-0.31
305154.0,6404490.0,-0.31
305156.0,6404490.0,-0.31
305158.0,6404490.0,-0.31
305160.0,6404490.0,-0.31
305162.0,6404490.0,-0.31
305164.0,6404490.0,-0.31
305166.0,6404490.0,-0.31
305168.0,6404490.0,-0.31
305170.0,6404490.0,-0.31
305172.0,6404490.0,-0.31
305174.0,6404490.0,-0.31
305176.0,6404490.0,-0.31
305178.0,6404490.0,-0.31
305180.0,6404490.0,-0.31
305182.0,6404490.0,-0.31
305184.0,6404490.0,-0.31
305186.0,6404490.0,-0.31
305188.0,6404490.0,-0.31
305190.0,6404490.0,-0.31
305192.0,6404490.0,-0.31
305194.0,6404490.0,-0.31
305196.0,6404490.0,-0.31
305198.0,6404490.0,-0.31
305200.0,6404490.0,-0.31
305202.0,6404490.0,-0.31
305204.0,6404490.0,-0.31
305206.0,6404490.0,-0.31
305208.0,6404490.0,-0.31
305210.0,6404490.0,-0.31
305212.0,6404490.0,-0.31
305214.0,6404490.0,-0.31
305216.0,6404490.0,-0.31
305218.0,6404490.0,-0.31
305220.0,6404490.0,-0.31
305222.0,6404490.0,-0.31
305224.0,6404490.0,-0.31
305226.0,6404490.0,-0.31
305228.0,6404490.0,-0.31
305230.0,6404490.0,-0.31
305232.0,6404490.0,-0.31
305234.0,6404490.0,-0.31
305236.0,6404490.0,-0.31
305238.0,6404490.0,-0.31
305240.0,6404490.0,-0.31
305242.0,6404490.0,-0.31
305244.0,6404490.0,-0.31
305246.0,6404490.0,-0.31
305248.0,6404490.0,-0.31
305250.0,6404490.0,-0.31
305252.0,6404490.0,-0.31
305254.0,6404490.0,0.4
305256.0,6404490.0,0.65
305258.0,6404490.0,0.76
305260.0,6404490.0,0.78
305262.0,6404490.0,0.85
305264.0,6404490.0,0.93
305266.0,6404490.0,0.98
305268.0,6404490.0,1.31
305270.0,6404490.0,1.42
305272.0,6404490.0,1.52
305274.0,6404490.0,1.55
305276.0,6404490.0,1.82
305278.0,6404490.0,2.2
305280.0,6404490.0,2.41
305282.0,6404490.0,2.89
305284.0,6404490.0,3.17
305286.0,6404490.0,3.54
305288.0,6404490.0,3.68
305290.0,6404490.0,4.25
305292.0,6404490.0,5.18
305294.0,6404490.0,5.44
305296.0,6404490.0,6.11
305298.0,6404490.0,7.18
305300.0,6404490.0,7.3
305302.0,6404490.0,7.46
305304.0,6404490.0,7.13
305306.0,6404490.0,6.73
305308.0,6404490.0,6.68
305310.0,6404490.0,6.97
305312.0,6404490.0,7.11
305314.0,6404490.0,7.09
305316.0,6404490.0,7.16
305318.0,6404490.0,6.35
305320.0,6404490.0,7.59
305322.0,6404490.0,8.07
305324.0,6404490.0,8.46
305326.0,6404490.0,9.16
305328.0,6404490.0,8.88
305330.0,6404490.0,8.64
305332.0,6404490.0,8.51
305334.0,6404490.0,7.95
305336.0,6404490.0,7.47
305338.0,6404490.0,7.39
305340.0,6404490.0,7.71
305342.0,6404490.0,8.01
305344.0,6404490.0,8.27
305346.0,6404490.0,8.29
305348.0,6404490.0,8.46
305350.0,6404490.0,9.07
305352.0,6404490.0,10.01
305354.0,6404490.0,10.16
305356.0,6404490.0,9.78
305358.0,6404490.0,9.44
305360.0,6404490.0,9.93
305362.0,6404490.0,10.06
305364.0,6404490.0,9.95
305366.0,6404490.0,9.98
305368.0,6404490.0,9.58
305370.0,6404490.0,9.27
305372.0,6404490.0,9.92
305374.0,6404490.0,10.46
305376.0,6404490.0,10.42
305378.0,6404490.0,10.18
305380.0,6404490.0,9.86
305382.0,6404490.0,10.14
305384.0,6404490.0,9.86
305386.0,6404490.0,9.57
305388.0,6404490.0,9.29
305390.0,6404490.0,8.87
305392.0,6404490.0,8.54
305394.0,6404490.0,7.46
305396.0,6404490.0,7.47
305398.0,6404490.0,7.49
305400.0,6404490.0,7.65
305402.0,6404490.0,7.46
305404.0,6404490.0,7.34
305406.0,6404490.0,7.47
305408.0,6404490.0,7.27
305410.0,6404490.0,6.72
305412.0,6404490.0,6.48
305414.0,6404490.0,6.1
305416.0,6404490.0,5.44
305418.0,6404490.0,4.89
305420.0,6404490.0,4.94
305422.0,6404490.0,5.36
305424.0,6404490.0,5.43
305426.0,6404490.0,4.97
305428.0,6404490.0,4.93
305430.0,6404490.0,4.62
305432.0,6404490.0,3.91
305434.0,6404490.0,3.49
305436.0,6404490.0,4.68
305438.0,6404490.0,5.45
305440.0,6404490.0,5.64
305442.0,6404490.0,5.6
305444.0,6404490.0,5.5
305446.0,6404490.0,5.08
305448.0,6404490.0,4.65
305450.0,6404490.0,4.24
305452.0,6404490.0,4.64
305454.0,6404490.0,4.25
305456.0,6404490.0,4.99
305458.0,6404490.0,4.8
305460.0,6404490.0,4.75
305462.0,6404490.0,4.85
305464.0,6404490.0,5.1
305466.0,6404490.0,4.93
305468.0,6404490.0,4.74
305470.0,6404490.0,4.38
305472.0,6404490.0,4.2
305474.0,6404490.0,4.12
305476.0,6404490.0,3.71
305478.0,6404490.0,3.62
305480.0,6404490.0,4.3
305482.0,6404490.0,4.37
305484.0,6404490.0,3.9
305486.0,6404490.0,3.49
305488.0,6404490.0,3.05
305490.0,6404490.0,2.93
305492.0,6404490.0,2.98
305494.0,6404490.0,3.0
305496.0,6404490.0,2.92
305498.0,6404490.0,2.88
305500.0,6404490.0,2.8
305502.0,6404490.0,2.93
305504.0,6404490.0,2.7
305506.0,6404490.0,2.44
305508.0,6404490.0,2.25
305510.0,6404490.0,2.12
305512.0,6404490.0,1.88
305514.0,6404490.0,1.79
305516.0,6404490.0,1.78
305518.0,6404490.0,1.88
305520.0,6404490.0,2.08
305522.0,6404490.0,2.09
305524.0,6404490.0,2.03
305526.0,6404490.0,2.03
305528.0,6404490.0,1.95
305530.0,6404490.0,1.96
305532.0,6404490.0,2.01
305534.0,6404490.0,2.11
305536.0,6404490.0,2.22
305538.0,6404490.0,2.58
305540.0,6404490.0,2.52
305542.0,6404490.0,2.78
305544.0,6404490.0,2.93
305546.0,6404490.0,3.04
305548.0,6404490.0,3.18
305550.0,6404490.0,3.4
305552.0,6404490.0,3.72
305554.0,6404490.0,4.15
305556.0,6404490.0,4.39
305558.0,6404490.0,4.48
305560.0,6404490.0,4.53
305562.0,6404490.0,4.39
305564.0,6404490.0,4.57
305566.0,6404490.0,5.7
305568.0,6404490.0,5.27
305570.0,6404490.0,5.59
305572.0,6404490.0,5.38
305574.0,6404490.0,5.58
305576.0,6404490.0,6.22
305578.0,6404490.0,6.68
305580.0,6404490.0,6.73
305582.0,6404490.0,7.18
305584.0,6404490.0,7.46
305586.0,6404490.0,7.17
305588.0,6404490.0,7.14
305590.0,6404490.0,7.24
305592.0,6404490.0,7.05
305594.0,6404490.0,6.58
305596.0,6404490.0,5.73
305598.0,6404490.0,5.63
305600.0,6404490.0,5.61
305602.0,6404490.0,5.73
305604.0,6404490.0,6.14
305606.0,6404490.0,6.23
305608.0,6404490.0,6.18
305610.0,6404490.0,6.28
305612.0,6404490.0,6.44
305614.0,6404490.0,6.36
305616.0,6404490.0,6.22
305618.0,6404490.0,6.05
305620.0,6404490.0,5.98
305622.0,6404490.0,5.96
305624.0,6404490.0,5.66
305626.0,6404490.0,5.49
305628.0,6404490.0,5.13
305630.0,6404490.0,4.87
305632.0,6404490.0,4.61
305634.0,6404490.0,4.27
305636.0,6404490.0,3.96
305638.0,6404490.0,3.65
305640.0,6404490.0,3.37
305642.0,6404490.0,3.2
305644.0,6404490.0,3.14
305646.0,6404490.0,3.02
305648.0,6404490.0,2.19
305650.0,6404490.0,2.29
305652.0,6404490.0,2.92
305654.0,6404490.0,3.62
305656.0,6404490.0,3.32
305658.0,6404490.0,3.48
305660.0,6404490.0,3.64
305662.0,6404490.0,3.81
305664.0,6404490.0,3.85
305666.0,6404490.0,3.83
305668.0,6404490.0,3.89
305670.0,6404490.0,3.92
305672.0,6404490.0,3.98
305674.0,6404490.0,4.05
305676.0,6404490.0,4.08
305678.0,6404490.0,4.11
305680.0,6404490.0,4.38
305150.0,6404492.0,-0.31
305152.0,6404492.0,-0.31
305154.0,6404492.0,-0.31
305156.0,6404492.0,-0.31
305158.0,6404492.0,-0.31
305160.0,6404492.0,-0.31
305162.0,6404492.0,-0.31
305164.0,6404492.0,-0.31
305166.0,6404492.0,-0.31
305168.0,6404492.0,-0.31
305170.0,6404492.0,-0.31
305172.0,6404492.0,-0.31
305174.0,6404492.0,-0.31
305176.0,6404492.0,-0.31
305178.0,6404492.0,-0.31
305180.0,6404492.0,-0.31
305182.0,6404492.0,-0.31
305184.0,6404492.0,-0.31
305186.0,6404492.0,-0.31
305188.0,6404492.0,-0.31
305190.0,6404492.0,-0.31
305192.0,6404492.0,-0.31
305194.0,6404492.0,-0.31
305196.0,6404492.0,-0.31
305198.0,6404492.0,-0.31
305200.0,6404492.0,-0.31
305202.0,6404492.0,-0.31
305204.0,6404492.0,-0.31
305206.0,6404492.0,-0.31
305208.0,6404492.0,-0.31
305210.0,6404492.0,-0.31
305212.0,6404492.0,-0.31
305214.0,6404492.0,-0.31
305216.0,6404492.0,-0.31
305218.0,6404492.0,-0.31
305220.0,6404492.0,-0.31
305222.0,6404492.0,-0.31
305224.0,6404492.0,-0.31
305226.0,6404492.0,-0.31
305228.0,6404492.0,-0.31
305230.0,6404492.0,-0.31
305232.0,6404492.0,-0.31
305234.0,6404492.0,-0.31
305236.0,6404492.0,-0.31
305238.0,6404492.0,-0.31
305240.0,6404492.0,-0.31
305242.0,6404492.0,-0.31
305244.0,6404492.0,-0.31
305246.0,6404492.0,-0.31
305248.0,6404492.0,-0.31
305250.0,6404492.0,-0.31
305252.0,6404492.0,-0.31
305254.0,6404492.0,0.28
305256.0,6404492.0,0.49
305258.0,6404492.0,0.49
305260.0,6404492.0,0.57
305262.0,6404492.0,0.58
305264.0,6404492.0,0.76
305266.0,6404492.0,0.93
305268.0,6404492.0,1.11
305270.0,6404492.0,1.04
305272.0,6404492.0,1.02
305274.0,6404492.0,1.19
305276.0,6404492.0,1.29
305278.0,6404492.0,1.65
305280.0,6404492.0,1.91
305282.0,6404492.0,2.1
305284.0,6404492.0,2.57
305286.0,6404492.0,2.7
305288.0,6404492.0,3.04
305290.0,6404492.0,3.7
305292.0,6404492.0,4.32
305294.0,6404492.0,4.79
305296.0,6404492.0,5.13
305298.0,6404492.0,5.86
305300.0,6404492.0,7.42
305302.0,6404492.0,7.53
305304.0,6404492.0,7.43
305306.0,6404492.0,7.25
305308.0,6404492.0,7.43
305310.0,6404492.0,6.91
305312.0,6404492.0,5.75
305314.0,6404492.0,5.36
305316.0,6404492.0,5.76
305318.0,6404492.0,6.0
305320.0,6404492.0,6.89
305322.0,6404492.0,7.02
305324.0,6404492.0,7.23
305326.0,6404492.0,7.95
305328.0,6404492.0,8.24
305330.0,6404492.0,8.53
305332.0,6404492.0,8.93
305334.0,6404492.0,8.98
305336.0,6404492.0,8.17
305338.0,6404492.0,7.65
305340.0,6404492.0,6.94
305342.0,6404492.0,6.88
305344.0,6404492.0,7.64
305346.0,6404492.0,7.56
305348.0,6404492.0,7.36
305350.0,6404492.0,8.56
305352.0,6404492.0,9.0
305354.0,6404492.0,9.0
305356.0,6404492.0,8.84
305358.0,6404492.0,8.23
305360.0,6404492.0,9.26
305362.0,6404492.0,9.18
305364.0,6404492.0,9.06
305366.0,6404492.0,9.2
305368.0,6404492.0,9.06
305370.0,6404492.0,9.34
305372.0,6404492.0,9.52
305374.0,6404492.0,10.22
305376.0,6404492.0,10.18
305378.0,6404492.0,10.14
305380.0,6404492.0,9.69
305382.0,6404492.0,9.55
305384.0,6404492.0,9.72
305386.0,6404492.0,9.31
305388.0,6404492.0,8.73
305390.0,6404492.0,8.43
305392.0,6404492.0,8.26
305394.0,6404492.0,7.9
305396.0,6404492.0,7.93
305398.0,6404492.0,8.01
305400.0,6404492.0,7.98
305402.0,6404492.0,7.59
305404.0,6404492.0,7.19
305406.0,6404492.0,6.57
305408.0,6404492.0,6.16
305410.0,6404492.0,6.33
305412.0,6404492.0,6.17
305414.0,6404492.0,5.52
305416.0,6404492.0,4.9
305418.0,6404492.0,4.77
305420.0,6404492.0,5.28
305422.0,6404492.0,5.75
305424.0,6404492.0,5.57
305426.0,6404492.0,5.36
305428.0,6404492.0,5.09
305430.0,6404492.0,4.63
305432.0,6404492.0,3.83
305434.0,6404492.0,3.14
305436.0,6404492.0,2.96
305438.0,6404492.0,3.89
305440.0,6404492.0,4.4
305442.0,6404492.0,4.8
305444.0,6404492.0,4.59
305446.0,6404492.0,4.63
305448.0,6404492.0,4.19
305450.0,6404492.0,4.03
305452.0,6404492.0,3.92
305454.0,6404492.0,3.98
305456.0,6404492.0,4.06
305458.0,6404492.0,4.11
305460.0,6404492.0,4.57
305462.0,6404492.0,4.93
305464.0,6404492.0,4.97
305466.0,6404492.0,4.79
305468.0,6404492.0,4.54
305470.0,6404492.0,4.27
305472.0,6404492.0,4.19
305474.0,6404492.0,4.04
305476.0,6404492.0,3.78
305478.0,6404492.0,3.27
305480.0,6404492.0,3.83
305482.0,6404492.0,4.16
305484.0,6404492.0,4.06
305486.0,6404492.0,3.7
305488.0,6404492.0,3.3
305490.0,6404492.0,2.73
305492.0,6404492.0,3.17
305494.0,6404492.0,3.13
305496.0,6404492.0,3.01
305498.0,6404492.0,2.99
305500.0,6404492.0,3.11
305502.0,6404492.0,2.95
305504.0,6404492.0,2.73
305506.0,6404492.0,2.46
305508.0,6404492.0,2.34
305510.0,6404492.0,2.13
305512.0,6404492.0,1.83
305514.0,6404492.0,1.7
305516.0,6404492.0,1.74
305518.0,6404492.0,1.93
305520.0,6404492.0,2.05
305522.0,6404492.0,2.04
305524.0,6404492.0,2.08
305526.0,6404492.0,2.08
305528.0,6404492.0,2.12
305530.0,6404492.0,2.11
305532.0,6404492.0,2.09
305534.0,6404492.0,2.15
305536.0,6404492.0,2.25
305538.0,6404492.0,2.62
305540.0,6404492.0,2.94
305542.0,6404492.0,2.96
305544.0,6404492.0,3.03
305546.0,6404492.0,3.21
305548.0,6404492.0,3.34
305550.0,6404492.0,3.67
305552.0,6404492.0,4.31
305554.0,6404492.0,4.36
305556.0,6404492.0,4.42
305558.0,6404492.0,4.42
305560.0,6404492.0,4.41
305562.0,6404492.0,4.53
305564.0,6404492.0,4.74
305566.0,6404492.0,5.07
305568.0,6404492.0,5.24
305570.0,6404492.0,5.32
305572.0,6404492.0,5.26
305574.0,6404492.0,5.28
305576.0,6404492.0,6.03
305578.0,6404492.0,6.29
305580.0,6404492.0,6.43
305582.0,6404492.0,6.47
305584.0,6404492.0,6.71
305586.0,6404492.0,6.36
305588.0,6404492.0,6.02
305590.0,6404492.0,6.6
305592.0,6404492.0,6.21
305594.0,6404492.0,5.71
305596.0,6404492.0,5.37
305598.0,6404492.0,5.37
305600.0,6404492.0,5.35
305602.0,6404492.0,5.34
305604.0,6404492.0,5.59
305606.0,6404492.0,5.8
305608.0,6404492.0,6.0
305610.0,6404492.0,6.21
305612.0,6404492.0,6.26
305614.0,6404492.0,6.07
305616.0,6404492.0,5.66
305618.0,6404492.0,5.54
305620.0,6404492.0,5.81
305622.0,6404492.0,5.91
305624.0,6404492.0,5.94
305626.0,6404492.0,5.33
305628.0,6404492.0,5.05
305630.0,6404492.0,5.0
305632.0,6404492.0,4.84
305634.0,6404492.0,4.4
305636.0,6404492.0,3.91
305638.0,6404492.0,3.65
305640.0,6404492.0,3.28
305642.0,6404492.0,3.06
305644.0,6404492.0,2.82
305646.0,6404492.0,2.73
305648.0,6404492.0,2.5
305650.0,6404492.0,2.62
305652.0,6404492.0,3.02
305654.0,6404492.0,3.17
305656.0,6404492.0,3.25
305658.0,6404492.0,3.48
305660.0,6404492.0,3.84
305662.0,6404492.0,3.86
305664.0,6404492.0,3.9
305666.0,6404492.0,3.89
305668.0,6404492.0,3.91
305670.0,6404492.0,3.99
305672.0,6404492.0,4.06
305674.0,6404492.0,4.08
305676.0,6404492.0,4.23
305678.0,6404492.0,4.47
305680.0,6404492.0,4.68
305150.0,6404494.0,-0.31
305152.0,6404494.0,-0.31
305154.0,6404494.0,-0.31
305156.0,6404494.0,-0.31
305158.0,6404494.0,-0.31
305160.0,6404494.0,-0.31
305162.0,6404494.0,-0.31
305164.0,6404494.0,-0.31
305166.0,6404494.0,-0.31
305168.0,6404494.0,-0.31
305170.0,6404494.0,-0.31
305172.0,6404494.0,-0.31
305174.0,6404494.0,-0.31
305176.0,6404494.0,-0.31
305178.0,6404494.0,-0.31
305180.0,6404494.0,-0.31
305182.0,6404494.0,-0.31
305184.0,6404494.0,-0.31
305186.0,6404494.0,-0.31
305188.0,6404494.0,-0.31
305190.0,6404494.0,-0.31
305192.0,6404494.0,-0.31
305194.0,6404494.0,-0.31
305196.0,6404494.0,-0.31
305198.0,6404494.0,-0.31
305200.0,6404494.0,-0.31
305202.0,6404494.0,-0.31
305204.0,6404494.0,-0.31
305206.0,6404494.0,-0.31
305208.0,6404494.0,-0.31
305210.0,6404494.0,-0.31
305212.0,6404494.0,-0.31
305214.0,6404494.0,-0.31
305216.0,6404494.0,-0.31
305218.0,6404494.0,-0.31
305220.0,6404494.0,-0.31
305222.0,6404494.0,-0.31
305224.0,6404494.0,-0.31
305226.0,6404494.0,-0.31
305228.0,6404494.0,-0.31
305230.0,6404494.0,-0.31
305232.0,6404494.0,-0.31
305234.0,6404494.0,-0.31
305236.0,6404494.0,-0.31
305238.0,6404494.0,-0.31
305240.0,6404494.0,-0.31
305242.0,6404494.0,-0.31
305244.0,6404494.0,-0.31
305246.0,6404494.0,-0.31
305248.0,6404494.0,-0.31
305250.0,6404494.0,-0.31
305252.0,6404494.0,-0.31
305254.0,6404494.0,0.04
305256.0,6404494.0,0.18
305258.0,6404494.0,0.02
305260.0,6404494.0,0.21
305262.0,6404494.0,0.39
305264.0,6404494.0,0.64
305266.0,6404494.0,0.91
305268.0,6404494.0,0.97
305270.0,6404494.0,0.9
305272.0,6404494.0,0.75
305274.0,6404494.0,0.74
305276.0,6404494.0,0.9
305278.0,6404494.0,1.09
305280.0,6404494.0,1.16
305282.0,6404494.0,1.27
305284.0,6404494.0,1.65
305286.0,6404494.0,1.8
305288.0,6404494.0,2.04
305290.0,6404494.0,2.58
305292.0,6404494.0,3.16
305294.0,6404494.0,3.77
305296.0,6404494.0,4.34
305298.0,6404494.0,4.54
305300.0,6404494.0,5.85
305302.0,6404494.0,6.75
305304.0,6404494.0,6.98
305306.0,6404494.0,7.52
305308.0,6404494.0,7.56
305310.0,6404494.0,7.54
305312.0,6404494.0,5.34
305314.0,6404494.0,5.21
305316.0,6404494.0,5.8
305318.0,6404494.0,6.33
305320.0,6404494.0,6.52
305322.0,6404494.0,6.8
305324.0,6404494.0,6.81
305326.0,6404494.0,6.83
305328.0,6404494.0,7.18
305330.0,6404494.0,7.67
305332.0,6404494.0,8.27
305334.0,6404494.0,8.68
305336.0,6404494.0,8.77
305338.0,6404494.0,8.31
305340.0,6404494.0,7.64
305342.0,6404494.0,7.13
305344.0,6404494.0,6.74
305346.0,6404494.0,6.41
305348.0,6404494.0,5.79
305350.0,6404494.0,5.96
305352.0,6404494.0,7.48
305354.0,6404494.0,7.49
305356.0,6404494.0,7.13
305358.0,6404494.0,7.18
305360.0,6404494.0,8.25
305362.0,6404494.0,8.52
305364.0,6404494.0,8.28
305366.0,6404494.0,8.47
305368.0,6404494.0,8.5
305370.0,6404494.0,8.64
305372.0,6404494.0,8.47
305374.0,6404494.0,9.56
305376.0,6404494.0,9.44
305378.0,6404494.0,9.82
305380.0,6404494.0,9.61
305382.0,6404494.0,9.33
305384.0,6404494.0,8.98
305386.0,6404494.0,8.84
305388.0,6404494.0,8.56
305390.0,6404494.0,8.6
305392.0,6404494.0,8.65
305394.0,6404494.0,8.35
305396.0,6404494.0,8.28
305398.0,6404494.0,8.03
305400.0,6404494.0,7.67
305402.0,6404494.0,7.26
305404.0,6404494.0,6.89
305406.0,6404494.0,6.57
305408.0,6404494.0,5.84
305410.0,6404494.0,5.42
305412.0,6404494.0,5.07
305414.0,6404494.0,4.64
305416.0,6404494.0,4.63
305418.0,6404494.0,4.94
305420.0,6404494.0,5.28
305422.0,6404494.0,5.38
305424.0,6404494.0,5.19
305426.0,6404494.0,5.13
305428.0,6404494.0,4.83
305430.0,6404494.0,4.52
305432.0,6404494.0,3.79
305434.0,6404494.0,3.04
305436.0,6404494.0,2.59
305438.0,6404494.0,2.44
305440.0,6404494.0,3.45
305442.0,6404494.0,4.38
305444.0,6404494.0,4.15
305446.0,6404494.0,4.0
305448.0,6404494.0,3.75
305450.0,6404494.0,4.19
305452.0,6404494.0,3.9
305454.0,6404494.0,3.83
305456.0,6404494.0,3.85
305458.0,6404494.0,4.18
305460.0,6404494.0,4.62
305462.0,6404494.0,4.7
305464.0,6404494.0,4.65
305466.0,6404494.0,4.53
305468.0,6404494.0,4.34
305470.0,6404494.0,4.24
305472.0,6404494.0,4.05
305474.0,6404494.0,3.89
305476.0,6404494.0,3.42
305478.0,6404494.0,3.04
305480.0,6404494.0,3.32
305482.0,6404494.0,3.95
305484.0,6404494.0,3.83
305486.0,6404494.0,3.29
305488.0,6404494.0,3.05
305490.0,6404494.0,2.91
305492.0,6404494.0,3.25
305494.0,6404494.0,3.35
305496.0,6404494.0,3.15
305498.0,6404494.0,3.06
305500.0,6404494.0,3.04
305502.0,6404494.0,2.88
305504.0,6404494.0,2.74
305506.0,6404494.0,2.62
305508.0,6404494.0,2.43
305510.0,6404494.0,2.05
305512.0,6404494.0,1.65
305514.0,6404494.0,1.68
305516.0,6404494.0,1.79
305518.0,6404494.0,1.91
305520.0,6404494.0,1.97
305522.0,6404494.0,2.02
305524.0,6404494.0,2.04
305526.0,6404494.0,2.18
305528.0,6404494.0,2.12
305530.0,6404494.0,2.18
305532.0,6404494.0,2.2
305534.0,6404494.0,2.31
305536.0,6404494.0,2.47
305538.0,6404494.0,3.07
305540.0,6404494.0,3.31
305542.0,6404494.0,3.15
305544.0,6404494.0,3.41
305546.0,6404494.0,3.43
305548.0,6404494.0,3.65
305550.0,6404494.0,4.32
305552.0,6404494.0,4.36
305554.0,6404494.0,4.4
305556.0,6404494.0,4.41
305558.0,6404494.0,4.56
305560.0,6404494.0,4.45
305562.0,6404494.0,4.67
305564.0,6404494.0,4.79
305566.0,6404494.0,5.03
305568.0,6404494.0,4.93
305570.0,6404494.0,5.01
305572.0,6404494.0,5.33
305574.0,6404494.0,5.4
305576.0,6404494.0,5.69
305578.0,6404494.0,5.79
305580.0,6404494.0,6.08
305582.0,6404494.0,6.13
305584.0,6404494.0,6.2
305586.0,6404494.0,5.64
305588.0,6404494.0,5.45
305590.0,6404494.0,5.78
305592.0,6404494.0,5.5
305594.0,6404494.0,5.37
305596.0,6404494.0,5.35
305598.0,6404494.0,5.32
305600.0,6404494.0,5.22
305602.0,6404494.0,5.29
305604.0,6404494.0,5.46
305606.0,6404494.0,5.5
305608.0,6404494.0,5.55
305610.0,6404494.0,5.81
305612.0,6404494.0,6.01
305614.0,6404494.0,5.84
305616.0,6404494.0,5.41
305618.0,6404494.0,4.85
305620.0,6404494.0,5.14
305622.0,6404494.0,5.55
305624.0,6404494.0,5.74
305626.0,6404494.0,5.42
305628.0,6404494.0,4.97
305630.0,6404494.0,4.99
305632.0,6404494.0,4.81
305634.0,6404494.0,4.42
305636.0,6404494.0,3.88
305638.0,6404494.0,3.71
305640.0,6404494.0,3.45
305642.0,6404494.0,3.0
305644.0,6404494.0,2.76
305646.0,6404494.0,2.66
305648.0,6404494.0,2.59
305650.0,6404494.0,2.63
305652.0,6404494.0,2.85
305654.0,6404494.0,3.02
305656.0,6404494.0,3.23
305658.0,6404494.0,3.67
305660.0,6404494.0,3.81
305662.0,6404494.0,3.9
305664.0,6404494.0,3.9
305666.0,6404494.0,3.93
305668.0,6404494.0,4.01
305670.0,6404494.0,4.03
305672.0,6404494.0,4.11
305674.0,6404494.0,4.17
305676.0,6404494.0,4.4
305678.0,6404494.0,4.65
305680.0,6404494.0,4.78
305150.0,6404496.0,-0.31
305152.0,6404496.0,-0.31
305154.0,6404496.0,-0.31
305156.0,6404496.0,-0.31
305158.0,6404496.0,-0.31
305160.0,6404496.0,-0.31
305162.0,6404496.0,-0.31
305164.0,6404496.0,-0.31
305166.0,6404496.0,-0.31
305168.0,6404496.0,-0.31
305170.0,6404496.0,-0.31
305172.0,6404496.0,-0.31
305174.0,6404496.0,-0.31
305176.0,6404496.0,-0.31
305178.0,6404496.0,-0.31
305180.0,6404496.0,-0.31
305182.0,6404496.0,-0.31
305184.0,6404496.0,-0.31
305186.0,6404496.0,-0.31
305188.0,6404496.0,-0.31
305190.0,6404496.0,-0.31
305192.0,6404496.0,-0.31
305194.0,6404496.0,-0.31
305196.0,6404496.0,-0.31
305198.0,6404496.0,-0.31
305200.0,6404496.0,-0.31
305202.0,6404496.0,-0.31
305204.0,6404496.0,-0.31
305206.0,6404496.0,-0.31
305208.0,6404496.0,-0.31
305210.0,6404496.0,-0.31
305212.0,6404496.0,-0.31
305214.0,6404496.0,-0.31
305216.0,6404496.0,-0.31
305218.0,6404496.0,-0.31
305220.0,6404496.0,-0.31
305222.0,6404496.0,-0.31
305224.0,6404496.0,-0.31
305226.0,6404496.0,-0.31
305228.0,6404496.0,-0.31
305230.0,6404496.0,-0.31
305232.0,6404496.0,-0.31
305234.0,6404496.0,-0.31
305236.0,6404496.0,-0.31
305238.0,6404496.0,-0.31
305240.0,6404496.0,-0.31
305242.0,6404496.0,-0.31
305244.0,6404496.0,-0.31
305246.0,6404496.0,-0.31
305248.0,6404496.0,-0.31
305250.0,6404496.0,-0.31
305252.0,6404496.0,-0.31
305254.0,6404496.0,-0.1
305256.0,6404496.0,-0.15
305258.0,6404496.0,-0.14
305260.0,6404496.0,0.1
305262.0,6404496.0,0.41
305264.0,6404496.0,0.59
305266.0,6404496.0,0.98
305268.0,6404496.0,0.97
305270.0,6404496.0,0.89
305272.0,6404496.0,0.62
305274.0,6404496.0,0.48
305276.0,6404496.0,0.69
305278.0,6404496.0,0.71
305280.0,6404496.0,0.71
305282.0,6404496.0,0.67
305284.0,6404496.0,0.71
305286.0,6404496.0,0.7
305288.0,6404496.0,0.74
305290.0,6404496.0,1.13
305292.0,6404496.0,1.8
305294.0,6404496.0,2.51
305296.0,6404496.0,3.55
305298.0,6404496.0,3.62
305300.0,6404496.0,4.13
305302.0,6404496.0,4.62
305304.0,6404496.0,6.05
305306.0,6404496.0,6.75
305308.0,6404496.0,6.72
305310.0,6404496.0,5.26
305312.0,6404496.0,5.03
305314.0,6404496.0,5.29
305316.0,6404496.0,5.36
305318.0,6404496.0,6.19
305320.0,6404496.0,6.77
305322.0,6404496.0,6.8
305324.0,6404496.0,6.78
305326.0,6404496.0,7.16
305328.0,6404496.0,6.77
305330.0,6404496.0,6.61
305332.0,6404496.0,6.24
305334.0,6404496.0,7.46
305336.0,6404496.0,8.35
305338.0,6404496.0,8.0
305340.0,6404496.0,7.7
305342.0,6404496.0,7.0
305344.0,6404496.0,6.6
305346.0,6404496.0,6.2
305348.0,6404496.0,6.18
305350.0,6404496.0,5.93
305352.0,6404496.0,5.48
305354.0,6404496.0,5.13
305356.0,6404496.0,5.13
305358.0,6404496.0,5.87
305360.0,6404496.0,6.44
305362.0,6404496.0,7.54
305364.0,6404496.0,7.64
305366.0,6404496.0,7.56
305368.0,6404496.0,7.59
305370.0,6404496.0,7.17
305372.0,6404496.0,7.45
305374.0,6404496.0,8.54
305376.0,6404496.0,8.68
305378.0,6404496.0,9.16
305380.0,6404496.0,9.23
305382.0,6404496.0,9.22
305384.0,6404496.0,9.11
305386.0,6404496.0,8.87
305388.0,6404496.0,8.45
305390.0,6404496.0,8.09
305392.0,6404496.0,8.25
305394.0,6404496.0,8.21
305396.0,6404496.0,7.91
305398.0,6404496.0,7.51
305400.0,6404496.0,7.09
305402.0,6404496.0,6.68
305404.0,6404496.0,6.35
305406.0,6404496.0,5.93
305408.0,6404496.0,5.02
305410.0,6404496.0,4.97
305412.0,6404496.0,4.98
305414.0,6404496.0,4.81
305416.0,6404496.0,4.88
305418.0,6404496.0,4.92
305420.0,6404496.0,5.04
305422.0,6404496.0,5.17
305424.0,6404496.0,4.94
305426.0,6404496.0,4.78
305428.0,6404496.0,4.58
305430.0,6404496.0,4.11
305432.0,6404496.0,3.45
305434.0,6404496.0,2.83
305436.0,6404496.0,2.44
305438.0,6404496.0,2.33
305440.0,6404496.0,2.74
305442.0,6404496.0,3.65
305444.0,6404496.0,3.39
305446.0,6404496.0,3.94
305448.0,6404496.0,3.86
305450.0,6404496.0,3.75
305452.0,6404496.0,3.84
305454.0,6404496.0,3.65
305456.0,6404496.0,3.34
305458.0,6404496.0,3.09
305460.0,6404496.0,3.34
305462.0,6404496.0,4.11
305464.0,6404496.0,4.23
305466.0,6404496.0,4.15
305468.0,6404496.0,4.16
305470.0,6404496.0,4.05
305472.0,6404496.0,3.96
305474.0,6404496.0,3.84
305476.0,6404496.0,3.38
305478.0,6404496.0,3.01
305480.0,6404496.0,2.87
305482.0,6404496.0,3.41
305484.0,6404496.0,2.89
305486.0,6404496.0,2.16
305488.0,6404496.0,2.39
305490.0,6404496.0,2.76
305492.0,6404496.0,3.24
305494.0,6404496.0,3.25
305496.0,6404496.0,3.13
305498.0,6404496.0,2.96
305500.0,6404496.0,2.89
305502.0,6404496.0,2.64
305504.0,6404496.0,2.5
305506.0,6404496.0,2.41
305508.0,6404496.0,2.18
305510.0,6404496.0,1.77
305512.0,6404496.0,1.63
305514.0,6404496.0,1.68
305516.0,6404496.0,1.76
305518.0,6404496.0,1.83
305520.0,6404496.0,1.95
305522.0,6404496.0,2.24
305524.0,6404496.0,1.98
305526.0,6404496.0,2.04
305528.0,6404496.0,2.23
305530.0,6404496.0,2.16
305532.0,6404496.0,2.3
305534.0,6404496.0,2.57
305536.0,6404496.0,3.53
305538.0,6404496.0,3.45
305540.0,6404496.0,3.53
305542.0,6404496.0,3.46
305544.0,6404496.0,3.84
305546.0,6404496.0,3.98
305548.0,6404496.0,4.69
305550.0,6404496.0,4.89
305552.0,6404496.0,4.73
305554.0,6404496.0,4.6
305556.0,6404496.0,4.51
305558.0,6404496.0,4.75
305560.0,6404496.0,4.73
305562.0,6404496.0,4.49
305564.0,6404496.0,4.72
305566.0,6404496.0,4.96
305568.0,6404496.0,4.64
305570.0,6404496.0,4.65
305572.0,6404496.0,5.14
305574.0,6404496.0,5.34
305576.0,6404496.0,5.39
305578.0,6404496.0,5.26
305580.0,6404496.0,5.29
305582.0,6404496.0,5.24
305584.0,6404496.0,5.17
305586.0,6404496.0,5.41
305588.0,6404496.0,5.25
305590.0,6404496.0,5.22
305592.0,6404496.0,5.26
305594.0,6404496.0,5.26
305596.0,6404496.0,5.12
305598.0,6404496.0,5.11
305600.0,6404496.0,5.06
305602.0,6404496.0,5.08
305604.0,6404496.0,4.98
305606.0,6404496.0,4.82
305608.0,6404496.0,4.56
305610.0,6404496.0,4.86
305612.0,6404496.0,5.03
305614.0,6404496.0,4.87
305616.0,6404496.0,4.07
305618.0,6404496.0,4.33
305620.0,6404496.0,4.55
305622.0,6404496.0,4.87
305624.0,6404496.0,5.29
305626.0,6404496.0,5.5
305628.0,6404496.0,5.12
305630.0,6404496.0,4.87
305632.0,6404496.0,4.64
305634.0,6404496.0,4.25
305636.0,6404496.0,3.75
305638.0,6404496.0,3.68
305640.0,6404496.0,3.55
305642.0,6404496.0,2.92
305644.0,6404496.0,2.71
305646.0,6404496.0,2.69
305648.0,6404496.0,2.16
305650.0,6404496.0,2.18
305652.0,6404496.0,2.78
305654.0,6404496.0,2.92
305656.0,6404496.0,3.23
305658.0,6404496.0,3.64
305660.0,6404496.0,3.62
305662.0,6404496.0,3.81
305664.0,6404496.0,3.81
305666.0,6404496.0,3.94
305668.0,6404496.0,4.01
305670.0,6404496.0,4.11
305672.0,6404496.0,4.14
305674.0,6404496.0,4.35
305676.0,6404496.0,4.7
305678.0,6404496.0,4.92
305680.0,6404496.0,5.08
305150.0,6404498.0,-0.31
305152.0,6404498.0,-0.31
305154.0,6404498.0,-0.31
305156.0,6404498.0,-0.31
305158.0,6404498.0,-0.31
305160.0,6404498.0,-0.31
305162.0,6404498.0,-0.31
305164.0,6404498.0,-0.31
305166.0,6404498.0,-0.31
305168.0,6404498.0,-0.31
305170.0,6404498.0,-0.31
305172.0,6404498.0,-0.31
305174.0,6404498.0,-0.31
305176.0,6404498.0,-0.31
305178.0,6404498.0,-0.31
305180.0,6404498.0,-0.31
305182.0,6404498.0,-0.31
305184.0,6404498.0,-0.31
305186.0,6404498.0,-0.31
305188.0,6404498.0,-0.31
305190.0,6404498.0,-0.31
305192.0,6404498.0,-0.31
305194.0,6404498.0,-0.31
305196.0,6404498.0,-0.31
305198.0,6404498.0,-0.31
305200.0,6404498.0,-0.31
305202.0,6404498.0,-0.31
305204.0,6404498.0,-0.31
305206.0,6404498.0,-0.31
305208.0,6404498.0,-0.31
305210.0,6404498.0,-0.31
305212.0,6404498.0,-0.31
305214.0,6404498.0,-0.31
305216.0,6404498.0,-0.31
305218.0,6404498.0,-0.31
305220.0,6404498.0,-0.31
305222.0,6404498.0,-0.31
305224.0,6404498.0,-0.31
305226.0,6404498.0,-0.31
305228.0,6404498.0,-0.31
305230.0,6404498.0,-0.31
305232.0,6404498.0,-0.31
305234.0,6404498.0,-0.31
305236.0,6404498.0,-0.31
305238.0,6404498.0,-0.31
305240.0,6404498.0,-0.31
305242.0,6404498.0,-0.31
305244.0,6404498.0,-0.31
305246.0,6404498.0,-0.31
305248.0,6404498.0,-0.31
305250.0,6404498.0,-0.31
305252.0,6404498.0,-0.29
305254.0,6404498.0,-0.27
305256.0,6404498.0,-0.42
305258.0,6404498.0,-0.06
305260.0,6404498.0,0.3
305262.0,6404498.0,0.28
305264.0,6404498.0,0.34
305266.0,6404498.0,0.68
305268.0,6404498.0,0.91
305270.0,6404498.0,0.8
305272.0,6404498.0,0.64
305274.0,6404498.0,0.22
305276.0,6404498.0,0.34
305278.0,6404498.0,0.54
305280.0,6404498.0,0.53
305282.0,6404498.0,0.42
305284.0,6404498.0,0.41
305286.0,6404498.0,0.43
305288.0,6404498.0,0.47
305290.0,6404498.0,0.57
305292.0,6404498.0,0.39
305294.0,6404498.0,0.83
305296.0,6404498.0,1.58
305298.0,6404498.0,2.08
305300.0,6404498.0,2.36
305302.0,6404498.0,2.51
305304.0,6404498.0,4.21
305306.0,6404498.0,4.93
305308.0,6404498.0,4.32
305310.0,6404498.0,4.3
305312.0,6404498.0,5.19
305314.0,6404498.0,5.08
305316.0,6404498.0,4.97
305318.0,6404498.0,5.61
305320.0,6404498.0,5.97
305322.0,6404498.0,6.03
305324.0,6404498.0,7.03
305326.0,6404498.0,7.93
305328.0,6404498.0,7.86
305330.0,6404498.0,7.07
305332.0,6404498.0,6.93
305334.0,6404498.0,6.24
305336.0,6404498.0,6.27
305338.0,6404498.0,6.77
305340.0,6404498.0,6.43
305342.0,6404498.0,6.37
305344.0,6404498.0,6.15
305346.0,6404498.0,5.75
305348.0,6404498.0,5.7
305350.0,6404498.0,5.52
305352.0,6404498.0,5.52
305354.0,6404498.0,5.43
305356.0,6404498.0,4.97
305358.0,6404498.0,4.48
305360.0,6404498.0,4.44
305362.0,6404498.0,4.87
305364.0,6404498.0,5.72
305366.0,6404498.0,6.21
305368.0,6404498.0,6.01
305370.0,6404498.0,6.17
305372.0,6404498.0,5.99
305374.0,6404498.0,7.13
305376.0,6404498.0,7.29
305378.0,6404498.0,8.09
305380.0,6404498.0,8.76
305382.0,6404498.0,8.96
305384.0,6404498.0,8.97
305386.0,6404498.0,8.62
305388.0,6404498.0,8.41
305390.0,6404498.0,8.11
305392.0,6404498.0,7.44
305394.0,6404498.0,6.9
305396.0,6404498.0,7.05
305398.0,6404498.0,6.7
305400.0,6404498.0,6.66
305402.0,6404498.0,6.36
305404.0,6404498.0,6.05
305406.0,6404498.0,5.66
305408.0,6404498.0,5.15
305410.0,6404498.0,5.1
305412.0,6404498.0,5.02
305414.0,6404498.0,4.9
305416.0,6404498.0,4.9
305418.0,6404498.0,4.78
305420.0,6404498.0,5.05
305422.0,6404498.0,5.12
305424.0,6404498.0,4.92
305426.0,6404498.0,4.58
305428.0,6404498.0,4.16
305430.0,6404498.0,3.75
305432.0,6404498.0,3.21
305434.0,6404498.0,2.56
305436.0,6404498.0,2.4
305438.0,6404498.0,2.29
305440.0,6404498.0,2.33
305442.0,6404498.0,2.27
305444.0,6404498.0,2.6
305446.0,6404498.0,3.41
305448.0,6404498.0,3.34
305450.0,6404498.0,3.01
305452.0,6404498.0,3.14
305454.0,6404498.0,3.03
305456.0,6404498.0,3.16
305458.0,6404498.0,3.1
305460.0,6404498.0,2.89
305462.0,6404498.0,2.71
305464.0,6404498.0,3.5
305466.0,6404498.0,3.98
305468.0,6404498.0,3.9
305470.0,6404498.0,3.81
305472.0,6404498.0,3.71
305474.0,6404498.0,3.45
305476.0,6404498.0,3.2
305478.0,6404498.0,2.86
305480.0,6404498.0,2.44
305482.0,6404498.0,1.89
305484.0,6404498.0,1.85
305486.0,6404498.0,2.05
305488.0,6404498.0,2.31
305490.0,6404498.0,2.77
305492.0,6404498.0,2.88
305494.0,6404498.0,2.85
305496.0,6404498.0,2.8
305498.0,6404498.0,2.74
305500.0,6404498.0,2.65
305502.0,6404498.0,2.42
305504.0,6404498.0,2.3
305506.0,6404498.0,2.13
305508.0,6404498.0,1.95
305510.0,6404498.0,1.57
305512.0,6404498.0,1.66
305514.0,6404498.0,1.73
305516.0,6404498.0,1.71
305518.0,6404498.0,1.86
305520.0,6404498.0,2.2
305522.0,6404498.0,2.19
305524.0,6404498.0,2.21
305526.0,6404498.0,1.89
305528.0,6404498.0,1.98
305530.0,6404498.0,2.22
305532.0,6404498.0,2.66
305534.0,6404498.0,3.77
305536.0,6404498.0,4.22
305538.0,6404498.0,4.13
305540.0,6404498.0,3.85
305542.0,6404498.0,3.89
305544.0,6404498.0,4.44
305546.0,6404498.0,4.8
305548.0,6404498.0,4.75
305550.0,6404498.0,5.01
305552.0,6404498.0,5.12
305554.0,6404498.0,5.06
305556.0,6404498.0,4.82
305558.0,6404498.0,5.09
305560.0,6404498.0,5.46
305562.0,6404498.0,5.18
305564.0,6404498.0,4.97
305566.0,6404498.0,4.76
305568.0,6404498.0,4.36
305570.0,6404498.0,4.34
305572.0,6404498.0,4.83
305574.0,6404498.0,5.32
305576.0,6404498.0,5.23
305578.0,6404498.0,4.69
305580.0,6404498.0,3.89
305582.0,6404498.0,3.42
305584.0,6404498.0,4.83
305586.0,6404498.0,4.93
305588.0,6404498.0,5.01
305590.0,6404498.0,5.12
305592.0,6404498.0,5.08
305594.0,6404498.0,4.91
305596.0,6404498.0,4.77
305598.0,6404498.0,4.67
305600.0,6404498.0,4.61
305602.0,6404498.0,4.56
305604.0,6404498.0,4.5
305606.0,6404498.0,4.49
305608.0,6404498.0,4.31
305610.0,6404498.0,3.93
305612.0,6404498.0,3.37
305614.0,6404498.0,2.98
305616.0,6404498.0,3.55
305618.0,6404498.0,3.85
305620.0,6404498.0,4.09
305622.0,6404498.0,4.03
305624.0,6404498.0,3.83
305626.0,6404498.0,4.04
305628.0,6404498.0,4.6
305630.0,6404498.0,4.43
305632.0,6404498.0,4.26
305634.0,6404498.0,3.99
305636.0,6404498.0,3.49
305638.0,6404498.0,3.4
305640.0,6404498.0,3.2
305642.0,6404498.0,2.87
305644.0,6404498.0,2.61
305646.0,6404498.0,2.02
305648.0,6404498.0,1.78
305650.0,6404498.0,2.19
305652.0,6404498.0,2.79
305654.0,6404498.0,2.88
305656.0,6404498.0,3.33
305658.0,6404498.0,3.37
305660.0,6404498.0,3.64
305662.0,6404498.0,3.89
305664.0,6404498.0,3.89
305666.0,6404498.0,3.9
305668.0,6404498.0,4.02
305670.0,6404498.0,4.14
305672.0,6404498.0,4.21
305674.0,6404498.0,4.3
305676.0,6404498.0,4.91
305678.0,6404498.0,5.13
305680.0,6404498.0,5.24
305150.0,6404500.0,-0.31
305152.0,6404500.0,-0.31
305154.0,6404500.0,-0.31
305156.0,6404500.0,-0.31
305158.0,6404500.0,-0.31
305160.0,6404500.0,-0.31
305162.0,6404500.0,-0.31
305164.0,6404500.0,-0.31
305166.0,6404500.0,-0.31
305168.0,6404500.0,-0.31
305170.0,6404500.0,-0.31
305172.0,6404500.0,-0.31
305174.0,6404500.0,-0.31
305176.0,6404500.0,-0.31
305178.0,6404500.0,-0.31
305180.0,6404500.0,-0.31
305182.0,6404500.0,-0.31
305184.0,6404500.0,-0.31
305186.0,6404500.0,-0.31
305188.0,6404500.0,-0.31
305190.0,6404500.0,-0.31
305192.0,6404500.0,-0.31
305194.0,6404500.0,-0.31
305196.0,6404500.0,-0.31
305198.0,6404500.0,-0.31
305200.0,6404500.0,-0.31
305202.0,6404500.0,-0.31
305204.0,6404500.0,-0.31
305206.0,6404500.0,-0.31
305208.0,6404500.0,-0.31
305210.0,6404500.0,-0.31
305212.0,6404500.0,-0.31
305214.0,6404500.0,-0.31
305216.0,6404500.0,-0.31
305218.0,6404500.0,-0.31
305220.0,6404500.0,-0.31
305222.0,6404500.0,-0.31
305224.0,6404500.0,-0.31
305226.0,6404500.0,-0.31
305228.0,6404500.0,-0.31
305230.0,6404500.0,-0.31
305232.0,6404500.0,-0.31
305234.0,6404500.0,-0.31
305236.0,6404500.0,-0.31
305238.0,6404500.0,-0.31
305240.0,6404500.0,-0.31
305242.0,6404500.0,-0.31
305244.0,6404500.0,-0.31
305246.0,6404500.0,-0.31
305248.0,6404500.0,-0.31
305250.0,6404500.0,-0.31
305252.0,6404500.0,-0.3
305254.0,6404500.0,-0.25
305256.0,6404500.0,-0.08
305258.0,6404500.0,0.31
305260.0,6404500.0,0.59
305262.0,6404500.0,0.47
305264.0,6404500.0,0.37
305266.0,6404500.0,0.33
305268.0,6404500.0,0.32
305270.0,6404500.0,0.33
305272.0,6404500.0,0.61
305274.0,6404500.0,0.22
305276.0,6404500.0,0.13
305278.0,6404500.0,0.39
305280.0,6404500.0,0.17
305282.0,6404500.0,-0.31
305284.0,6404500.0,-0.31
305286.0,6404500.0,-0.23
305288.0,6404500.0,0.01
305290.0,6404500.0,0.23
305292.0,6404500.0,0.31
305294.0,6404500.0,0.19
305296.0,6404500.0,0.25
305298.0,6404500.0,0.4
305300.0,6404500.0,0.98
305302.0,6404500.0,1.07
305304.0,6404500.0,1.88
305306.0,6404500.0,2.53
305308.0,6404500.0,2.23
305310.0,6404500.0,3.66
305312.0,6404500.0,4.75
305314.0,6404500.0,4.87
305316.0,6404500.0,4.77
305318.0,6404500.0,4.94
305320.0,6404500.0,5.15
305322.0,6404500.0,5.74
305324.0,6404500.0,6.76
305326.0,6404500.0,7.99
305328.0,6404500.0,7.95
305330.0,6404500.0,7.43
305332.0,6404500.0,7.14
305334.0,6404500.0,6.72
305336.0,6404500.0,6.72
305338.0,6404500.0,6.08
305340.0,6404500.0,5.53
305342.0,6404500.0,5.01
305344.0,6404500.0,5.16
305346.0,6404500.0,5.28
305348.0,6404500.0,5.12
305350.0,6404500.0,5.3
305352.0,6404500.0,5.17
305354.0,6404500.0,4.89
305356.0,6404500.0,4.77
305358.0,6404500.0,4.56
305360.0,6404500.0,3.99
305362.0,6404500.0,4.24
305364.0,6404500.0,4.41
305366.0,6404500.0,4.62
305368.0,6404500.0,4.71
305370.0,6404500.0,4.38
305372.0,6404500.0,4.83
305374.0,6404500.0,5.62
305376.0,6404500.0,6.38
305378.0,6404500.0,6.55
305380.0,6404500.0,7.52
305382.0,6404500.0,8.02
305384.0,6404500.0,8.58
305386.0,6404500.0,8.57
305388.0,6404500.0,8.33
305390.0,6404500.0,8.16
305392.0,6404500.0,7.79
305394.0,6404500.0,7.19
305396.0,6404500.0,6.75
305398.0,6404500.0,6.45
305400.0,6404500.0,6.32
305402.0,6404500.0,5.8
305404.0,6404500.0,5.75
305406.0,6404500.0,5.22
305408.0,6404500.0,4.79
305410.0,6404500.0,4.5
305412.0,6404500.0,4.16
305414.0,6404500.0,4.6
305416.0,6404500.0,4.73
305418.0,6404500.0,4.48
305420.0,6404500.0,4.51
305422.0,6404500.0,4.83
305424.0,6404500.0,4.71
305426.0,6404500.0,4.37
305428.0,6404500.0,3.91
305430.0,6404500.0,3.45
305432.0,6404500.0,3.0
305434.0,6404500.0,2.46
305436.0,6404500.0,2.14
305438.0,6404500.0,2.23
305440.0,6404500.0,2.25
305442.0,6404500.0,2.28
305444.0,6404500.0,2.55
305446.0,6404500.0,2.75
305448.0,6404500.0,2.9
305450.0,6404500.0,2.97
305452.0,6404500.0,2.98
305454.0,6404500.0,2.81
305456.0,6404500.0,2.63
305458.0,6404500.0,2.47
305460.0,6404500.0,2.13
305462.0,6404500.0,1.9
305464.0,6404500.0,2.46
305466.0,6404500.0,3.61
305468.0,6404500.0,3.7
305470.0,6404500.0,3.49
305472.0,6404500.0,3.32
305474.0,6404500.0,3.06
305476.0,6404500.0,2.66
305478.0,6404500.0,2.33
305480.0,6404500.0,1.91
305482.0,6404500.0,1.71
305484.0,6404500.0,1.78
305486.0,6404500.0,1.98
305488.0,6404500.0,2.54
305490.0,6404500.0,2.69
305492.0,6404500.0,2.59
305494.0,6404500.0,2.54
305496.0,6404500.0,2.38
305498.0,6404500.0,2.19
305500.0,6404500.0,2.2
305502.0,6404500.0,2.11
305504.0,6404500.0,1.93
305506.0,6404500.0,1.66
305508.0,6404500.0,1.49
305510.0,6404500.0,1.32
305512.0,6404500.0,1.4
305514.0,6404500.0,1.36
305516.0,6404500.0,1.61
305518.0,6404500.0,1.89
305520.0,6404500.0,2.2
305522.0,6404500.0,2.19
305524.0,6404500.0,2.19
305526.0,6404500.0,2.14
305528.0,6404500.0,2.06
305530.0,6404500.0,2.52
305532.0,6404500.0,3.36
305534.0,6404500.0,4.37
305536.0,6404500.0,4.44
305538.0,6404500.0,4.32
305540.0,6404500.0,4.1
305542.0,6404500.0,4.45
305544.0,6404500.0,5.1
305546.0,6404500.0,5.03
305548.0,6404500.0,5.23
305550.0,6404500.0,5.43
305552.0,6404500.0,5.54
305554.0,6404500.0,5.56
305556.0,6404500.0,5.58
305558.0,6404500.0,6.17
305560.0,6404500.0,6.49
305562.0,6404500.0,5.98
305564.0,6404500.0,5.36
305566.0,6404500.0,5.08
305568.0,6404500.0,4.9
305570.0,6404500.0,4.07
305572.0,6404500.0,3.82
305574.0,6404500.0,4.08
305576.0,6404500.0,4.88
305578.0,6404500.0,3.75
305580.0,6404500.0,2.44
305582.0,6404500.0,2.33
305584.0,6404500.0,2.19
305586.0,6404500.0,2.59
305588.0,6404500.0,3.99
305590.0,6404500.0,4.52
305592.0,6404500.0,4.58
305594.0,6404500.0,4.62
305596.0,6404500.0,4.47
305598.0,6404500.0,4.24
305600.0,6404500.0,4.06
305602.0,6404500.0,3.91
305604.0,6404500.0,3.92
305606.0,6404500.0,3.88
305608.0,6404500.0,3.57
305610.0,6404500.0,3.18
305612.0,6404500.0,2.81
305614.0,6404500.0,2.55
305616.0,6404500.0,2.74
305618.0,6404500.0,2.77
305620.0,6404500.0,2.76
305622.0,6404500.0,2.54
305624.0,6404500.0,2.55
305626.0,6404500.0,2.6
305628.0,6404500.0,2.97
305630.0,6404500.0,3.25
305632.0,6404500.0,3.47
305634.0,6404500.0,3.26
305636.0,6404500.0,3.18
305638.0,6404500.0,3.19
305640.0,6404500.0,2.75
305642.0,6404500.0,2.37
305644.0,6404500.0,1.76
305646.0,6404500.0,1.73
305648.0,6404500.0,1.79
305650.0,6404500.0,2.6
305652.0,6404500.0,2.75
305654.0,6404500.0,2.87
305656.0,6404500.0,3.52
305658.0,6404500.0,3.51
305660.0,6404500.0,3.91
305662.0,6404500.0,4.04
305664.0,6404500.0,3.8
305666.0,6404500.0,3.76
305668.0,6404500.0,4.04
305670.0,6404500.0,4.2
305672.0,6404500.0,4.26
305674.0,6404500.0,4.27
305676.0,6404500.0,4.44
305678.0,6404500.0,4.78
305680.0,6404500.0,4.96
305150.0,6404502.0,-0.31
305152.0,6404502.0,-0.31
305154.0,6404502.0,-0.31
305156.0,6404502.0,-0.31
305158.0,6404502.0,-0.31
305160.0,6404502.0,-0.31
305162.0,6404502.0,-0.31
305164.0,6404502.0,-0.31
305166.0,6404502.0,-0.31
305168.0,6404502.0,-0.31
305170.0,6404502.0,-0.31
305172.0,6404502.0,-0.31
305174.0,6404502.0,-0.31
305176.0,6404502.0,-0.31
305178.0,6404502.0,-0.31
305180.0,6404502.0,-0.31
305182.0,6404502.0,-0.31
305184.0,6404502.0,-0.31
305186.0,6404502.0,-0.31
305188.0,6404502.0,-0.31
305190.0,6404502.0,-0.31
305192.0,6404502.0,-0.31
305194.0,6404502.0,-0.31
305196.0,6404502.0,-0.31
305198.0,6404502.0,-0.31
305200.0,6404502.0,-0.31
305202.0,6404502.0,-0.31
305204.0,6404502.0,-0.31
305206.0,6404502.0,-0.31
305208.0,6404502.0,-0.31
305210.0,6404502.0,-0.31
305212.0,6404502.0,-0.31
305214.0,6404502.0,-0.31
305216.0,6404502.0,-0.31
305218.0,6404502.0,-0.31
305220.0,6404502.0,-0.31
305222.0,6404502.0,-0.31
305224.0,6404502.0,-0.31
305226.0,6404502.0,-0.31
305228.0,6404502.0,-0.31
305230.0,6404502.0,-0.31
305232.0,6404502.0,-0.31
305234.0,6404502.0,-0.31
305236.0,6404502.0,-0.31
305238.0,6404502.0,-0.31
305240.0,6404502.0,-0.31
305242.0,6404502.0,-0.31
305244.0,6404502.0,-0.31
305246.0,6404502.0,-0.31
305248.0,6404502.0,-0.31
305250.0,6404502.0,-0.32
305252.0,6404502.0,-0.23
305254.0,6404502.0,0.05
305256.0,6404502.0,0.14
305258.0,6404502.0,0.23
305260.0,6404502.0,0.26
305262.0,6404502.0,0.22
305264.0,6404502.0,0.39
305266.0,6404502.0,0.43
305268.0,6404502.0,0.35
305270.0,6404502.0,0.07
305272.0,6404502.0,0.01
305274.0,6404502.0,-0.12
305276.0,6404502.0,-0.08
305278.0,6404502.0,0.22
305280.0,6404502.0,-0.31
305282.0,6404502.0,-0.31
305284.0,6404502.0,-0.31
305286.0,6404502.0,-0.31
305288.0,6404502.0,-0.31
305290.0,6404502.0,-0.31
305292.0,6404502.0,-0.31
305294.0,6404502.0,-0.11
305296.0,6404502.0,0.01
305298.0,6404502.0,0.06
305300.0,6404502.0,0.18
305302.0,6404502.0,0.28
305304.0,6404502.0,0.49
305306.0,6404502.0,0.79
305308.0,6404502.0,2.26
305310.0,6404502.0,3.08
305312.0,6404502.0,3.48
305314.0,6404502.0,3.8
305316.0,6404502.0,3.87
305318.0,6404502.0,3.14
305320.0,6404502.0,3.03
305322.0,6404502.0,3.89
305324.0,6404502.0,6.78
305326.0,6404502.0,7.5
305328.0,6404502.0,7.48
305330.0,6404502.0,7.06
305332.0,6404502.0,6.79
305334.0,6404502.0,6.66
305336.0,6404502.0,6.73
305338.0,6404502.0,6.27
305340.0,6404502.0,5.81
305342.0,6404502.0,5.24
305344.0,6404502.0,4.84
305346.0,6404502.0,4.78
305348.0,6404502.0,4.46
305350.0,6404502.0,4.27
305352.0,6404502.0,4.19
305354.0,6404502.0,4.23
305356.0,6404502.0,4.19
305358.0,6404502.0,3.93
305360.0,6404502.0,3.66
305362.0,6404502.0,3.9
305364.0,6404502.0,4.15
305366.0,6404502.0,4.48
305368.0,6404502.0,3.77
305370.0,6404502.0,3.59
305372.0,6404502.0,3.38
305374.0,6404502.0,3.52
305376.0,6404502.0,3.69
305378.0,6404502.0,4.69
305380.0,6404502.0,5.92
305382.0,6404502.0,6.22
305384.0,6404502.0,7.26
305386.0,6404502.0,7.68
305388.0,6404502.0,7.64
305390.0,6404502.0,7.25
305392.0,6404502.0,7.33
305394.0,6404502.0,7.07
305396.0,6404502.0,6.34
305398.0,6404502.0,5.74
305400.0,6404502.0,5.35
305402.0,6404502.0,5.2
305404.0,6404502.0,4.89
305406.0,6404502.0,4.63
305408.0,6404502.0,4.55
305410.0,6404502.0,4.13
305412.0,6404502.0,3.59
305414.0,6404502.0,3.86
305416.0,6404502.0,3.96
305418.0,6404502.0,3.91
305420.0,6404502.0,3.96
305422.0,6404502.0,3.9
305424.0,6404502.0,3.78
305426.0,6404502.0,3.87
305428.0,6404502.0,3.62
305430.0,6404502.0,3.17
305432.0,6404502.0,2.81
305434.0,6404502.0,2.17
305436.0,6404502.0,1.83
305438.0,6404502.0,1.86
305440.0,6404502.0,2.45
305442.0,6404502.0,2.41
305444.0,6404502.0,2.35
305446.0,6404502.0,2.43
305448.0,6404502.0,2.82
305450.0,6404502.0,3.13
305452.0,6404502.0,2.88
305454.0,6404502.0,2.43
305456.0,6404502.0,2.03
305458.0,6404502.0,1.54
305460.0,6404502.0,1.14
305462.0,6404502.0,1.33
305464.0,6404502.0,2.18
305466.0,6404502.0,2.71
305468.0,6404502.0,2.76
305470.0,6404502.0,2.77
305472.0,6404502.0,2.64
305474.0,6404502.0,2.23
305476.0,6404502.0,1.86
305478.0,6404502.0,1.57
305480.0,6404502.0,1.53
305482.0,6404502.0,1.58
305484.0,6404502.0,1.67
305486.0,6404502.0,2.16
305488.0,6404502.0,2.62
305490.0,6404502.0,2.55
305492.0,6404502.0,2.33
305494.0,6404502.0,2.29
305496.0,6404502.0,2.03
305498.0,6404502.0,1.95
305500.0,6404502.0,1.89
305502.0,6404502.0,1.78
305504.0,6404502.0,1.54
305506.0,6404502.0,1.35
305508.0,6404502.0,1.34
305510.0,6404502.0,1.11
305512.0,6404502.0,1.01
305514.0,6404502.0,1.03
305516.0,6404502.0,0.96
305518.0,6404502.0,1.49
305520.0,6404502.0,2.06
305522.0,6404502.0,2.19
305524.0,6404502.0,2.18
305526.0,6404502.0,2.21
305528.0,6404502.0,2.55
305530.0,6404502.0,3.7
305532.0,6404502.0,4.43
305534.0,6404502.0,4.57
305536.0,6404502.0,4.53
305538.0,6404502.0,4.56
305540.0,6404502.0,4.53
305542.0,6404502.0,4.77
305544.0,6404502.0,5.22
305546.0,6404502.0,5.14
305548.0,6404502.0,5.35
305550.0,6404502.0,5.57
305552.0,6404502.0,5.73
305554.0,6404502.0,5.85
305556.0,6404502.0,6.13
305558.0,6404502.0,6.61
305560.0,6404502.0,6.84
305562.0,6404502.0,6.48
305564.0,6404502.0,6.05
305566.0,6404502.0,5.51
305568.0,6404502.0,5.33
305570.0,6404502.0,4.83
305572.0,6404502.0,3.94
305574.0,6404502.0,3.09
305576.0,6404502.0,2.76
305578.0,6404502.0,2.61
305580.0,6404502.0,2.31
305582.0,6404502.0,2.22
305584.0,6404502.0,2.14
305586.0,6404502.0,2.07
305588.0,6404502.0,1.99
305590.0,6404502.0,2.39
305592.0,6404502.0,3.26
305594.0,6404502.0,3.96
305596.0,6404502.0,3.98
305598.0,6404502.0,3.91
305600.0,6404502.0,3.83
305602.0,6404502.0,3.56
305604.0,6404502.0,3.48
305606.0,6404502.0,3.5
305608.0,6404502.0,3.34
305610.0,6404502.0,3.06
305612.0,6404502.0,2.83
305614.0,6404502.0,2.54
305616.0,6404502.0,2.27
305618.0,6404502.0,2.18
305620.0,6404502.0,2.47
305622.0,6404502.0,2.47
305624.0,6404502.0,2.64
305626.0,6404502.0,2.61
305628.0,6404502.0,2.55
305630.0,6404502.0,2.57
305632.0,6404502.0,2.51
305634.0,6404502.0,2.47
305636.0,6404502.0,2.41
305638.0,6404502.0,2.41
305640.0,6404502.0,2.16
305642.0,6404502.0,1.8
305644.0,6404502.0,1.58
305646.0,6404502.0,2.17
305648.0,6404502.0,2.43
305650.0,6404502.0,2.47
305652.0,6404502.0,2.76
305654.0,6404502.0,3.0
305656.0,6404502.0,3.21
305658.0,6404502.0,3.4
305660.0,6404502.0,3.56
305662.0,6404502.0,3.48
305664.0,6404502.0,3.6
305666.0,6404502.0,3.83
305668.0,6404502.0,4.13
305670.0,6404502.0,4.4
305672.0,6404502.0,4.39
305674.0,6404502.0,4.4
305676.0,6404502.0,4.32
305678.0,6404502.0,4.43
305680.0,6404502.0,4.52
305150.0,6404504.0,-0.31
305152.0,6404504.0,-0.31
305154.0,6404504.0,-0.31
305156.0,6404504.0,-0.31
305158.0,6404504.0,-0.31
305160.0,6404504.0,-0.31
305162.0,6404504.0,-0.31
305164.0,6404504.0,-0.31
305166.0,6404504.0,-0.31
305168.0,6404504.0,-0.31
305170.0,6404504.0,-0.31
305172.0,6404504.0,-0.31
305174.0,6404504.0,-0.31
305176.0,6404504.0,-0.31
305178.0,6404504.0,-0.31
305180.0,6404504.0,-0.31
305182.0,6404504.0,-0.31
305184.0,6404504.0,-0.31
305186.0,6404504.0,-0.31
305188.0,6404504.0,-0.31
305190.0,6404504.0,-0.31
305192.0,6404504.0,-0.31
305194.0,6404504.0,-0.31
305196.0,6404504.0,-0.31
305198.0,6404504.0,-0.31
305200.0,6404504.0,-0.31
305202.0,6404504.0,-0.31
305204.0,6404504.0,-0.31
305206.0,6404504.0,-0.31
305208.0,6404504.0,-0.31
305210.0,6404504.0,-0.31
305212.0,6404504.0,-0.31
305214.0,6404504.0,-0.31
305216.0,6404504.0,-0.31
305218.0,6404504.0,-0.31
305220.0,6404504.0,-0.31
305222.0,6404504.0,-0.31
305224.0,6404504.0,-0.31
305226.0,6404504.0,-0.31
305228.0,6404504.0,-0.31
305230.0,6404504.0,-0.31
305232.0,6404504.0,-0.31
305234.0,6404504.0,-0.31
305236.0,6404504.0,-0.31
305238.0,6404504.0,-0.31
305240.0,6404504.0,-0.31
305242.0,6404504.0,-0.31
305244.0,6404504.0,-0.31
305246.0,6404504.0,-0.31
305248.0,6404504.0,-0.31
305250.0,6404504.0,-0.38
305252.0,6404504.0,0.02
305254.0,6404504.0,0.23
305256.0,6404504.0,0.16
305258.0,6404504.0,0.09
305260.0,6404504.0,0.01
305262.0,6404504.0,0.15
305264.0,6404504.0,0.3
305266.0,6404504.0,0.63
305268.0,6404504.0,0.65
305270.0,6404504.0,0.12
305272.0,6404504.0,-0.27
305274.0,6404504.0,-0.28
305276.0,6404504.0,-0.29
305278.0,6404504.0,-0.31
305280.0,6404504.0,-0.31
305282.0,6404504.0,-0.31
305284.0,6404504.0,-0.31
305286.0,6404504.0,-0.31
305288.0,6404504.0,-0.31
305290.0,6404504.0,-0.31
305292.0,6404504.0,-0.31
305294.0,6404504.0,-0.31
305296.0,6404504.0,-0.31
305298.0,6404504.0,-0.31
305300.0,6404504.0,-0.23
305302.0,6404504.0,0.07
305304.0,6404504.0,0.18
305306.0,6404504.0,0.18
305308.0,6404504.0,0.73
305310.0,6404504.0,1.56
305312.0,6404504.0,1.7
305314.0,6404504.0,1.75
305316.0,6404504.0,1.77
305318.0,6404504.0,1.91
305320.0,6404504.0,2.64
305322.0,6404504.0,3.69
305324.0,6404504.0,6.33
305326.0,6404504.0,6.76
305328.0,6404504.0,6.76
305330.0,6404504.0,6.56
305332.0,6404504.0,6.33
305334.0,6404504.0,6.24
305336.0,6404504.0,6.09
305338.0,6404504.0,5.63
305340.0,6404504.0,5.21
305342.0,6404504.0,4.72
305344.0,6404504.0,4.5
305346.0,6404504.0,4.38
305348.0,6404504.0,3.87
305350.0,6404504.0,3.6
305352.0,6404504.0,3.52
305354.0,6404504.0,3.58
305356.0,6404504.0,3.53
305358.0,6404504.0,3.3
305360.0,6404504.0,3.16
305362.0,6404504.0,3.19
305364.0,6404504.0,3.35
305366.0,6404504.0,3.61
305368.0,6404504.0,3.36
305370.0,6404504.0,3.15
305372.0,6404504.0,2.88
305374.0,6404504.0,2.64
305376.0,6404504.0,2.53
305378.0,6404504.0,2.61
305380.0,6404504.0,3.81
305382.0,6404504.0,4.54
305384.0,6404504.0,5.85
305386.0,6404504.0,6.5
305388.0,6404504.0,6.48
305390.0,6404504.0,6.44
305392.0,6404504.0,6.45
305394.0,6404504.0,6.41
305396.0,6404504.0,5.91
305398.0,6404504.0,5.12
305400.0,6404504.0,4.71
305402.0,6404504.0,4.5
305404.0,6404504.0,4.39
305406.0,6404504.0,4.19
305408.0,6404504.0,3.97
305410.0,6404504.0,3.56
305412.0,6404504.0,3.12
305414.0,6404504.0,3.09
305416.0,6404504.0,3.07
305418.0,6404504.0,3.18
305420.0,6404504.0,3.36
305422.0,6404504.0,3.0
305424.0,6404504.0,2.84
305426.0,6404504.0,2.68
305428.0,6404504.0,2.76
305430.0,6404504.0,2.43
305432.0,6404504.0,2.15
305434.0,6404504.0,1.82
305436.0,6404504.0,1.55
305438.0,6404504.0,1.13
305440.0,6404504.0,1.68
305442.0,6404504.0,2.32
305444.0,6404504.0,1.96
305446.0,6404504.0,1.67
305448.0,6404504.0,2.3
305450.0,6404504.0,2.05
305452.0,6404504.0,2.58
305454.0,6404504.0,2.19
305456.0,6404504.0,1.58
305458.0,6404504.0,1.04
305460.0,6404504.0,0.79
305462.0,6404504.0,0.8
305464.0,6404504.0,0.88
305466.0,6404504.0,1.59
305468.0,6404504.0,1.84
305470.0,6404504.0,1.76
305472.0,6404504.0,1.59
305474.0,6404504.0,1.04
305476.0,6404504.0,0.97
305478.0,6404504.0,1.21
305480.0,6404504.0,1.19
305482.0,6404504.0,1.35
305484.0,6404504.0,1.75
305486.0,6404504.0,2.37
305488.0,6404504.0,2.69
305490.0,6404504.0,2.58
305492.0,6404504.0,2.35
305494.0,6404504.0,2.18
305496.0,6404504.0,2.02
305498.0,6404504.0,1.88
305500.0,6404504.0,1.69
305502.0,6404504.0,1.57
305504.0,6404504.0,1.19
305506.0,6404504.0,1.02
305508.0,6404504.0,1.0
305510.0,6404504.0,0.85
305512.0,6404504.0,0.55
305514.0,6404504.0,0.53
305516.0,6404504.0,0.62
305518.0,6404504.0,0.7
305520.0,6404504.0,1.34
305522.0,6404504.0,2.02
305524.0,6404504.0,2.21
305526.0,6404504.0,3.33
305528.0,6404504.0,3.9
305530.0,6404504.0,4.4
305532.0,6404504.0,4.73
305534.0,6404504.0,4.98
305536.0,6404504.0,5.04
305538.0,6404504.0,5.19
305540.0,6404504.0,5.12
305542.0,6404504.0,5.09
305544.0,6404504.0,5.1
305546.0,6404504.0,5.12
305548.0,6404504.0,5.24
305550.0,6404504.0,5.43
305552.0,6404504.0,5.69
305554.0,6404504.0,5.86
305556.0,6404504.0,6.14
305558.0,6404504.0,6.31
305560.0,6404504.0,6.57
305562.0,6404504.0,6.69
305564.0,6404504.0,6.32
305566.0,6404504.0,5.99
305568.0,6404504.0,5.55
305570.0,6404504.0,4.91
305572.0,6404504.0,4.82
305574.0,6404504.0,4.05
305576.0,6404504.0,3.45
305578.0,6404504.0,3.36
305580.0,6404504.0,1.92
305582.0,6404504.0,1.81
305584.0,6404504.0,2.04
305586.0,6404504.0,2.23
305588.0,6404504.0,1.88
305590.0,6404504.0,1.54
305592.0,6404504.0,1.39
305594.0,6404504.0,2.17
305596.0,6404504.0,2.41
305598.0,6404504.0,2.64
305600.0,6404504.0,2.73
305602.0,6404504.0,2.92
305604.0,6404504.0,3.12
305606.0,6404504.0,3.01
305608.0,6404504.0,2.93
305610.0,6404504.0,2.29
305612.0,6404504.0,2.41
305614.0,6404504.0,2.15
305616.0,6404504.0,1.58
305618.0,6404504.0,1.41
305620.0,6404504.0,2.24
305622.0,6404504.0,2.57
305624.0,6404504.0,2.44
305626.0,6404504.0,2.53
305628.0,6404504.0,2.45
305630.0,6404504.0,2.49
305632.0,6404504.0,2.46
305634.0,6404504.0,2.24
305636.0,6404504.0,2.21
305638.0,6404504.0,2.09
305640.0,6404504.0,1.84
305642.0,6404504.0,1.6
305644.0,6404504.0,1.93
305646.0,6404504.0,2.19
305648.0,6404504.0,2.32
305650.0,6404504.0,2.48
305652.0,6404504.0,2.75
305654.0,6404504.0,3.16
305656.0,6404504.0,3.33
305658.0,6404504.0,3.39
305660.0,6404504.0,3.34
305662.0,6404504.0,3.4
305664.0,6404504.0,3.61
305666.0,6404504.0,3.91
305668.0,6404504.0,4.15
305670.0,6404504.0,4.4
305672.0,6404504.0,4.34
305674.0,6404504.0,4.37
305676.0,6404504.0,4.42
305678.0,6404504.0,4.44
305680.0,6404504.0,4.47
305150.0,6404506.0,-0.31
305152.0,6404506.0,-0.31
305154.0,6404506.0,-0.31
305156.0,6404506.0,-0.31
305158.0,6404506.0,-0.31
305160.0,6404506.0,-0.31
305162.0,6404506.0,-0.31
305164.0,6404506.0,-0.31
305166.0,6404506.0,-0.31
305168.0,6404506.0,-0.31
305170.0,6404506.0,-0.31
305172.0,6404506.0,-0.31
305174.0,6404506.0,-0.31
305176.0,6404506.0,-0.31
305178.0,6404506.0,-0.31
305180.0,6404506.0,-0.31
305182.0,6404506.0,-0.31
305184.0,6404506.0,-0.31
305186.0,6404506.0,-0.31
305188.0,6404506.0,-0.31
305190.0,6404506.0,-0.31
305192.0,6404506.0,-0.31
305194.0,6404506.0,-0.31
305196.0,6404506.0,-0.31
305198.0,6404506.0,-0.31
305200.0,6404506.0,-0.31
305202.0,6404506.0,-0.31
305204.0,6404506.0,-0.31
305206.0,6404506.0,-0.31
305208.0,6404506.0,-0.31
305210.0,6404506.0,-0.31
305212.0,6404506.0,-0.31
305214.0,6404506.0,-0.31
305216.0,6404506.0,-0.31
305218.0,6404506.0,-0.31
305220.0,6404506.0,-0.31
305222.0,6404506.0,-0.31
305224.0,6404506.0,-0.31
305226.0,6404506.0,-0.31
305228.0,6404506.0,-0.31
305230.0,6404506.0,-0.31
305232.0,6404506.0,-0.31
305234.0,6404506.0,-0.31
305236.0,6404506.0,-0.31
305238.0,6404506.0,-0.31
305240.0,6404506.0,-0.31
305242.0,6404506.0,-0.31
305244.0,6404506.0,-0.31
305246.0,6404506.0,-0.31
305248.0,6404506.0,-0.29
305250.0,6404506.0,-0.25
305252.0,6404506.0,0.09
305254.0,6404506.0,0.33
305256.0,6404506.0,0.2
305258.0,6404506.0,-0.05
305260.0,6404506.0,-0.13
305262.0,6404506.0,-0.1
305264.0,6404506.0,0.1
305266.0,6404506.0,0.24
305268.0,6404506.0,0.27
305270.0,6404506.0,0.06
305272.0,6404506.0,-0.28
305274.0,6404506.0,-0.31
305276.0,6404506.0,-0.31
305278.0,6404506.0,-0.31
305280.0,6404506.0,-0.31
305282.0,6404506.0,-0.31
305284.0,6404506.0,-0.31
305286.0,6404506.0,-0.31
305288.0,6404506.0,-0.31
305290.0,6404506.0,-0.31
305292.0,6404506.0,-0.31
305294.0,6404506.0,-0.31
305296.0,6404506.0,-0.31
305298.0,6404506.0,-0.31
305300.0,6404506.0,-0.31
305302.0,6404506.0,-0.31
305304.0,6404506.0,-0.31
305306.0,6404506.0,-0.1
305308.0,6404506.0,0.03
305310.0,6404506.0,0.18
305312.0,6404506.0,1.01
305314.0,6404506.0,1.49
305316.0,6404506.0,1.93
305318.0,6404506.0,2.75
305320.0,6404506.0,3.67
305322.0,6404506.0,4.86
305324.0,6404506.0,5.78
305326.0,6404506.0,5.9
305328.0,6404506.0,5.95
305330.0,6404506.0,5.74
305332.0,6404506.0,5.31
305334.0,6404506.0,5.24
305336.0,6404506.0,5.06
305338.0,6404506.0,4.83
305340.0,6404506.0,4.2
305342.0,6404506.0,4.1
305344.0,6404506.0,3.59
305346.0,6404506.0,3.33
305348.0,6404506.0,3.1
305350.0,6404506.0,3.08
305352.0,6404506.0,3.32
305354.0,6404506.0,3.74
305356.0,6404506.0,3.89
305358.0,6404506.0,3.61
305360.0,6404506.0,3.16
305362.0,6404506.0,2.8
305364.0,6404506.0,2.57
305366.0,6404506.0,3.01
305368.0,6404506.0,2.83
305370.0,6404506.0,2.56
305372.0,6404506.0,1.92
305374.0,6404506.0,1.9
305376.0,6404506.0,2.31
305378.0,6404506.0,1.98
305380.0,6404506.0,1.45
305382.0,6404506.0,2.61
305384.0,6404506.0,3.79
305386.0,6404506.0,5.04
305388.0,6404506.0,5.3
305390.0,6404506.0,5.47
305392.0,6404506.0,5.55
305394.0,6404506.0,5.43
305396.0,6404506.0,5.17
305398.0,6404506.0,4.66
305400.0,6404506.0,4.54
305402.0,6404506.0,4.63
305404.0,6404506.0,4.12
305406.0,6404506.0,3.41
305408.0,6404506.0,2.87
305410.0,6404506.0,2.91
305412.0,6404506.0,2.47
305414.0,6404506.0,2.07
305416.0,6404506.0,1.97
305418.0,6404506.0,2.37
305420.0,6404506.0,2.62
305422.0,6404506.0,2.47
305424.0,6404506.0,2.01
305426.0,6404506.0,1.41
305428.0,6404506.0,1.01
305430.0,6404506.0,1.08
305432.0,6404506.0,1.45
305434.0,6404506.0,1.49
305436.0,6404506.0,1.23
305438.0,6404506.0,0.81
305440.0,6404506.0,0.59
305442.0,6404506.0,1.17
305444.0,6404506.0,1.49
305446.0,6404506.0,1.3
305448.0,6404506.0,1.55
305450.0,6404506.0,1.53
305452.0,6404506.0,1.58
305454.0,6404506.0,1.74
305456.0,6404506.0,1.34
305458.0,6404506.0,0.92
305460.0,6404506.0,0.68
305462.0,6404506.0,0.51
305464.0,6404506.0,0.31
305466.0,6404506.0,0.32
305468.0,6404506.0,0.64
305470.0,6404506.0,1.59
305472.0,6404506.0,1.07
305474.0,6404506.0,0.75
305476.0,6404506.0,0.96
305478.0,6404506.0,0.96
305480.0,6404506.0,1.16
305482.0,6404506.0,1.91
305484.0,6404506.0,2.26
305486.0,6404506.0,2.45
305488.0,6404506.0,2.87
305490.0,6404506.0,2.72
305492.0,6404506.0,2.49
305494.0,6404506.0,2.21
305496.0,6404506.0,1.98
305498.0,6404506.0,1.78
305500.0,6404506.0,1.38
305502.0,6404506.0,1.01
305504.0,6404506.0,0.85
305506.0,6404506.0,0.83
305508.0,6404506.0,0.75
305510.0,6404506.0,0.46
305512.0,6404506.0,0.21
305514.0,6404506.0,0.21
305516.0,6404506.0,0.25
305518.0,6404506.0,0.3
305520.0,6404506.0,0.69
305522.0,6404506.0,0.98
305524.0,6404506.0,2.7
305526.0,6404506.0,3.94
305528.0,6404506.0,4.18
305530.0,6404506.0,4.48
305532.0,6404506.0,4.75
305534.0,6404506.0,5.02
305536.0,6404506.0,5.34
305538.0,6404506.0,5.37
305540.0,6404506.0,5.21
305542.0,6404506.0,5.3
305544.0,6404506.0,5.28
305546.0,6404506.0,5.16
305548.0,6404506.0,5.26
305550.0,6404506.0,5.36
305552.0,6404506.0,5.74
305554.0,6404506.0,5.4
305556.0,6404506.0,6.04
305558.0,6404506.0,6.3
305560.0,6404506.0,6.56
305562.0,6404506.0,6.58
305564.0,6404506.0,6.37
305566.0,6404506.0,5.92
305568.0,6404506.0,5.23
305570.0,6404506.0,4.75
305572.0,6404506.0,4.77
305574.0,6404506.0,4.38
305576.0,6404506.0,4.17
305578.0,6404506.0,3.94
305580.0,6404506.0,1.87
305582.0,6404506.0,0.87
305584.0,6404506.0,1.16
305586.0,6404506.0,1.18
305588.0,6404506.0,1.32
305590.0,6404506.0,1.5
305592.0,6404506.0,1.37
305594.0,6404506.0,1.21
305596.0,6404506.0,1.13
305598.0,6404506.0,1.18
305600.0,6404506.0,1.18
305602.0,6404506.0,1.69
305604.0,6404506.0,2.01
305606.0,6404506.0,1.65
305608.0,6404506.0,1.74
305610.0,6404506.0,1.09
305612.0,6404506.0,1.13
305614.0,6404506.0,1.19
305616.0,6404506.0,1.26
305618.0,6404506.0,1.3
305620.0,6404506.0,1.76
305622.0,6404506.0,2.1
305624.0,6404506.0,2.11
305626.0,6404506.0,2.36
305628.0,6404506.0,2.25
305630.0,6404506.0,2.31
305632.0,6404506.0,2.38
305634.0,6404506.0,2.16
305636.0,6404506.0,1.94
305638.0,6404506.0,1.99
305640.0,6404506.0,1.9
305642.0,6404506.0,1.85
305644.0,6404506.0,2.09
305646.0,6404506.0,2.15
305648.0,6404506.0,2.25
305650.0,6404506.0,2.58
305652.0,6404506.0,2.82
305654.0,6404506.0,3.27
305656.0,6404506.0,3.22
305658.0,6404506.0,3.25
305660.0,6404506.0,3.3
305662.0,6404506.0,3.6
305664.0,6404506.0,3.73
305666.0,6404506.0,3.84
305668.0,6404506.0,4.03
305670.0,6404506.0,4.19
305672.0,6404506.0,4.26
305674.0,6404506.0,4.24
305676.0,6404506.0,4.35
305678.0,6404506.0,4.35
305680.0,6404506.0,4.42
305150.0,6404508.0,-0.31
305152.0,6404508.0,-0.31
305154.0,6404508.0,-0.31
305156.0,6404508.0,-0.31
305158.0,6404508.0,-0.31
305160.0,6404508.0,-0.31
305162.0,6404508.0,-0.31
305164.0,6404508.0,-0.31
305166.0,6404508.0,-0.31
305168.0,6404508.0,-0.31
305170.0,6404508.0,-0.31
305172.0,6404508.0,-0.31
305174.0,6404508.0,-0.31
305176.0,6404508.0,-0.31
305178.0,6404508.0,-0.31
305180.0,6404508.0,-0.31
305182.0,6404508.0,-0.31
305184.0,6404508.0,-0.31
305186.0,6404508.0,-0.31
305188.0,6404508.0,-0.31
305190.0,6404508.0,-0.31
305192.0,6404508.0,-0.31
305194.0,6404508.0,-0.31
305196.0,6404508.0,-0.31
305198.0,6404508.0,-0.31
305200.0,6404508.0,-0.31
305202.0,6404508.0,-0.31
305204.0,6404508.0,-0.31
305206.0,6404508.0,-0.31
305208.0,6404508.0,-0.31
305210.0,6404508.0,-0.31
305212.0,6404508.0,-0.31
305214.0,6404508.0,-0.31
305216.0,6404508.0,-0.31
305218.0,6404508.0,-0.31
305220.0,6404508.0,-0.31
305222.0,6404508.0,-0.31
305224.0,6404508.0,-0.31
305226.0,6404508.0,-0.31
305228.0,6404508.0,-0.31
305230.0,6404508.0,-0.31
305232.0,6404508.0,-0.31
305234.0,6404508.0,-0.31
305236.0,6404508.0,-0.31
305238.0,6404508.0,-0.31
305240.0,6404508.0,-0.31
305242.0,6404508.0,-0.31
305244.0,6404508.0,-0.31
305246.0,6404508.0,-0.31
305248.0,6404508.0,-0.26
305250.0,6404508.0,0.06
305252.0,6404508.0,0.66
305254.0,6404508.0,0.49
305256.0,6404508.0,0.21
305258.0,6404508.0,-0.22
305260.0,6404508.0,-0.22
305262.0,6404508.0,-0.23
305264.0,6404508.0,-0.23
305266.0,6404508.0,-0.2
305268.0,6404508.0,-0.11
305270.0,6404508.0,-0.17
305272.0,6404508.0,-0.29
305274.0,6404508.0,-0.31
305276.0,6404508.0,-0.31
305278.0,6404508.0,-0.31
305280.0,6404508.0,-0.31
305282.0,6404508.0,-0.31
305284.0,6404508.0,-0.31
305286.0,6404508.0,-0.31
305288.0,6404508.0,-0.31
305290.0,6404508.0,-0.31
305292.0,6404508.0,-0.31
305294.0,6404508.0,-0.31
305296.0,6404508.0,-0.31
305298.0,6404508.0,-0.31
305300.0,6404508.0,-0.31
305302.0,6404508.0,-0.31
305304.0,6404508.0,-0.31
305306.0,6404508.0,-0.31
305308.0,6404508.0,-0.31
305310.0,6404508.0,-0.17
305312.0,6404508.0,0.64
305314.0,6404508.0,1.77
305316.0,6404508.0,2.49
305318.0,6404508.0,2.93
305320.0,6404508.0,3.89
305322.0,6404508.0,4.7
305324.0,6404508.0,5.32
305326.0,6404508.0,5.23
305328.0,6404508.0,4.84
305330.0,6404508.0,4.2
305332.0,6404508.0,4.19
305334.0,6404508.0,4.13
305336.0,6404508.0,3.76
305338.0,6404508.0,3.89
305340.0,6404508.0,3.8
305342.0,6404508.0,3.78
305344.0,6404508.0,3.12
305346.0,6404508.0,2.74
305348.0,6404508.0,2.81
305350.0,6404508.0,3.11
305352.0,6404508.0,3.49
305354.0,6404508.0,3.92
305356.0,6404508.0,4.13
305358.0,6404508.0,3.77
305360.0,6404508.0,3.32
305362.0,6404508.0,2.69
305364.0,6404508.0,1.7
305366.0,6404508.0,1.67
305368.0,6404508.0,1.44
305370.0,6404508.0,1.26
305372.0,6404508.0,1.34
305374.0,6404508.0,1.44
305376.0,6404508.0,1.34
305378.0,6404508.0,1.25
305380.0,6404508.0,1.44
305382.0,6404508.0,1.11
305384.0,6404508.0,0.61
305386.0,6404508.0,2.92
305388.0,6404508.0,3.74
305390.0,6404508.0,4.87
305392.0,6404508.0,4.72
305394.0,6404508.0,4.55
305396.0,6404508.0,4.44
305398.0,6404508.0,4.16
305400.0,6404508.0,3.95
305402.0,6404508.0,3.49
305404.0,6404508.0,2.97
305406.0,6404508.0,2.53
305408.0,6404508.0,2.26
305410.0,6404508.0,1.7
305412.0,6404508.0,1.37
305414.0,6404508.0,1.0
305416.0,6404508.0,0.96
305418.0,6404508.0,1.3
305420.0,6404508.0,1.48
305422.0,6404508.0,1.61
305424.0,6404508.0,1.19
305426.0,6404508.0,1.01
305428.0,6404508.0,0.6
305430.0,6404508.0,0.19
305432.0,6404508.0,0.18
305434.0,6404508.0,0.47
305436.0,6404508.0,0.48
305438.0,6404508.0,0.24
305440.0,6404508.0,0.13
305442.0,6404508.0,-0.05
305444.0,6404508.0,0.18
305446.0,6404508.0,0.32
305448.0,6404508.0,0.29
305450.0,6404508.0,1.48
305452.0,6404508.0,1.57
305454.0,6404508.0,1.24
305456.0,6404508.0,0.87
305458.0,6404508.0,0.6
305460.0,6404508.0,0.34
305462.0,6404508.0,0.24
305464.0,6404508.0,0.05
305466.0,6404508.0,0.02
305468.0,6404508.0,0.22
305470.0,6404508.0,0.5
305472.0,6404508.0,0.67
305474.0,6404508.0,0.67
305476.0,6404508.0,0.97
305478.0,6404508.0,0.75
305480.0,6404508.0,1.46
305482.0,6404508.0,2.57
305484.0,6404508.0,2.55
305486.0,6404508.0,2.65
305488.0,6404508.0,2.91
305490.0,6404508.0,2.81
305492.0,6404508.0,2.67
305494.0,6404508.0,2.36
305496.0,6404508.0,1.99
305498.0,6404508.0,1.69
305500.0,6404508.0,1.35
305502.0,6404508.0,1.01
305504.0,6404508.0,0.79
305506.0,6404508.0,0.63
305508.0,6404508.0,0.54
305510.0,6404508.0,0.29
305512.0,6404508.0,-0.19
305514.0,6404508.0,-0.15
305516.0,6404508.0,0.02
305518.0,6404508.0,0.03
305520.0,6404508.0,0.19
305522.0,6404508.0,0.4
305524.0,6404508.0,2.58
305526.0,6404508.0,4.13
305528.0,6404508.0,4.24
305530.0,6404508.0,4.51
305532.0,6404508.0,4.63
305534.0,6404508.0,4.81
305536.0,6404508.0,4.89
305538.0,6404508.0,4.69
305540.0,6404508.0,4.73
305542.0,6404508.0,5.05
305544.0,6404508.0,5.24
305546.0,6404508.0,5.08
305548.0,6404508.0,5.16
305550.0,6404508.0,5.32
305552.0,6404508.0,5.34
305554.0,6404508.0,5.27
305556.0,6404508.0,5.36
305558.0,6404508.0,5.3
305560.0,6404508.0,5.9
305562.0,6404508.0,5.91
305564.0,6404508.0,5.81
305566.0,6404508.0,5.42
305568.0,6404508.0,4.91
305570.0,6404508.0,4.69
305572.0,6404508.0,4.43
305574.0,6404508.0,4.06
305576.0,6404508.0,3.9
305578.0,6404508.0,3.69
305580.0,6404508.0,2.58
305582.0,6404508.0,0.91
305584.0,6404508.0,0.41
305586.0,6404508.0,0.12
305588.0,6404508.0,0.27
305590.0,6404508.0,0.71
305592.0,6404508.0,1.03
305594.0,6404508.0,1.1
305596.0,6404508.0,1.14
305598.0,6404508.0,0.97
305600.0,6404508.0,0.98
305602.0,6404508.0,0.94
305604.0,6404508.0,0.91
305606.0,6404508.0,0.87
305608.0,6404508.0,0.91
305610.0,6404508.0,0.96
305612.0,6404508.0,1.05
305614.0,6404508.0,1.14
305616.0,6404508.0,1.2
305618.0,6404508.0,1.31
305620.0,6404508.0,1.36
305622.0,6404508.0,1.64
305624.0,6404508.0,1.79
305626.0,6404508.0,1.73
305628.0,6404508.0,1.86
305630.0,6404508.0,1.89
305632.0,6404508.0,1.96
305634.0,6404508.0,1.99
305636.0,6404508.0,1.82
305638.0,6404508.0,1.92
305640.0,6404508.0,1.83
305642.0,6404508.0,1.97
305644.0,6404508.0,2.09
305646.0,6404508.0,2.25
305648.0,6404508.0,2.63
305650.0,6404508.0,2.95
305652.0,6404508.0,3.08
305654.0,6404508.0,3.25
305656.0,6404508.0,3.3
305658.0,6404508.0,3.2
305660.0,6404508.0,3.49
305662.0,6404508.0,3.62
305664.0,6404508.0,3.75
305666.0,6404508.0,3.95
305668.0,6404508.0,4.11
305670.0,6404508.0,4.15
305672.0,6404508.0,4.25
305674.0,6404508.0,4.08
305676.0,6404508.0,4.17
305678.0,6404508.0,4.3
305680.0,6404508.0,4.33
305150.0,6404510.0,-0.31
305152.0,6404510.0,-0.31
305154.0,6404510.0,-0.31
305156.0,6404510.0,-0.31
305158.0,6404510.0,-0.31
305160.0,6404510.0,-0.31
305162.0,6404510.0,-0.31
305164.0,6404510.0,-0.31
305166.0,6404510.0,-0.31
305168.0,6404510.0,-0.31
305170.0,6404510.0,-0.31
305172.0,6404510.0,-0.31
305174.0,6404510.0,-0.31
305176.0,6404510.0,-0.31
305178.0,6404510.0,-0.31
305180.0,6404510.0,-0.31
305182.0,6404510.0,-0.31
305184.0,6404510.0,-0.31
305186.0,6404510.0,-0.31
305188.0,6404510.0,-0.31
305190.0,6404510.0,-0.31
305192.0,6404510.0,-0.31
305194.0,6404510.0,-0.31
305196.0,6404510.0,-0.31
305198.0,6404510.0,-0.31
305200.0,6404510.0,-0.31
305202.0,6404510.0,-0.31
305204.0,6404510.0,-0.31
305206.0,6404510.0,-0.31
305208.0,6404510.0,-0.31
305210.0,6404510.0,-0.31
305212.0,6404510.0,-0.31
305214.0,6404510.0,-0.31
305216.0,6404510.0,-0.31
305218.0,6404510.0,-0.31
305220.0,6404510.0,-0.31
305222.0,6404510.0,-0.31
305224.0,6404510.0,-0.31
305226.0,6404510.0,-0.31
305228.0,6404510.0,-0.31
305230.0,6404510.0,-0.31
305232.0,6404510.0,-0.31
305234.0,6404510.0,-0.31
305236.0,6404510.0,-0.31
305238.0,6404510.0,-0.31
305240.0,6404510.0,-0.31
305242.0,6404510.0,-0.31
305244.0,6404510.0,-0.31
305246.0,6404510.0,-0.31
305248.0,6404510.0,-0.26
305250.0,6404510.0,0.26
305252.0,6404510.0,0.22
305254.0,6404510.0,0.61
305256.0,6404510.0,0.37
305258.0,6404510.0,-0.16
305260.0,6404510.0,-0.28
305262.0,6404510.0,-0.19
305264.0,6404510.0,-0.05
305266.0,6404510.0,0.12
305268.0,6404510.0,-0.1
305270.0,6404510.0,-0.34
305272.0,6404510.0,-0.39
305274.0,6404510.0,-0.31
305276.0,6404510.0,-0.31
305278.0,6404510.0,-0.31
305280.0,6404510.0,-0.31
305282.0,6404510.0,-0.31
305284.0,6404510.0,-0.31
305286.0,6404510.0,-0.31
305288.0,6404510.0,-0.31
305290.0,6404510.0,-0.31
305292.0,6404510.0,-0.31
305294.0,6404510.0,-0.31
305296.0,6404510.0,-0.31
305298.0,6404510.0,-0.31
305300.0,6404510.0,-0.31
305302.0,6404510.0,-0.31
305304.0,6404510.0,-0.31
305306.0,6404510.0,-0.31
305308.0,6404510.0,-0.31
305310.0,6404510.0,-0.31
305312.0,6404510.0,-0.17
305314.0,6404510.0,1.03
305316.0,6404510.0,1.73
305318.0,6404510.0,2.31
305320.0,6404510.0,2.74
305322.0,6404510.0,3.24
305324.0,6404510.0,3.63
305326.0,6404510.0,3.68
305328.0,6404510.0,3.46
305330.0,6404510.0,2.57
305332.0,6404510.0,3.08
305334.0,6404510.0,2.77
305336.0,6404510.0,2.42
305338.0,6404510.0,3.26
305340.0,6404510.0,3.64
305342.0,6404510.0,3.53
305344.0,6404510.0,2.62
305346.0,6404510.0,2.59
305348.0,6404510.0,2.85
305350.0,6404510.0,3.2
305352.0,6404510.0,2.98
305354.0,6404510.0,3.35
305356.0,6404510.0,3.49
305358.0,6404510.0,3.38
305360.0,6404510.0,2.83
305362.0,6404510.0,2.33
305364.0,6404510.0,1.44
305366.0,6404510.0,1.27
305368.0,6404510.0,1.12
305370.0,6404510.0,0.96
305372.0,6404510.0,0.88
305374.0,6404510.0,0.77
305376.0,6404510.0,0.68
305378.0,6404510.0,0.87
305380.0,6404510.0,1.12
305382.0,6404510.0,0.89
305384.0,6404510.0,0.22
305386.0,6404510.0,-0.03
305388.0,6404510.0,1.15
305390.0,6404510.0,1.71
305392.0,6404510.0,2.52
305394.0,6404510.0,3.85
305396.0,6404510.0,3.72
305398.0,6404510.0,3.5
305400.0,6404510.0,2.74
305402.0,6404510.0,2.19
305404.0,6404510.0,2.06
305406.0,6404510.0,1.77
305408.0,6404510.0,1.45
305410.0,6404510.0,0.7
305412.0,6404510.0,0.2
305414.0,6404510.0,0.02
305416.0,6404510.0,-0.05
305418.0,6404510.0,0.1
305420.0,6404510.0,0.35
305422.0,6404510.0,0.66
305424.0,6404510.0,0.51
305426.0,6404510.0,0.29
305428.0,6404510.0,0.15
305430.0,6404510.0,-0.09
305432.0,6404510.0,-0.15
305434.0,6404510.0,-0.06
305436.0,6404510.0,-0.2
305438.0,6404510.0,-0.17
305440.0,6404510.0,-0.05
305442.0,6404510.0,-0.18
305444.0,6404510.0,-0.19
305446.0,6404510.0,-0.19
305448.0,6404510.0,-0.2
305450.0,6404510.0,-0.05
305452.0,6404510.0,-0.08
305454.0,6404510.0,0.18
305456.0,6404510.0,0.08
305458.0,6404510.0,-0.13
305460.0,6404510.0,-0.24
305462.0,6404510.0,-0.18
305464.0,6404510.0,-0.21
305466.0,6404510.0,-0.14
305468.0,6404510.0,0.03
305470.0,6404510.0,0.35
305472.0,6404510.0,0.74
305474.0,6404510.0,1.0
305476.0,6404510.0,1.1
305478.0,6404510.0,0.69
305480.0,6404510.0,0.77
305482.0,6404510.0,2.86
305484.0,6404510.0,2.88
305486.0,6404510.0,2.88
305488.0,6404510.0,2.86
305490.0,6404510.0,2.72
305492.0,6404510.0,2.58
305494.0,6404510.0,2.35
305496.0,6404510.0,2.02
305498.0,6404510.0,1.57
305500.0,6404510.0,1.34
305502.0,6404510.0,1.11
305504.0,6404510.0,0.85
305506.0,6404510.0,0.66
305508.0,6404510.0,0.37
305510.0,6404510.0,-0.19
305512.0,6404510.0,-0.31
305514.0,6404510.0,-0.31
305516.0,6404510.0,-0.31
305518.0,6404510.0,-0.19
305520.0,6404510.0,-0.03
305522.0,6404510.0,-0.05
305524.0,6404510.0,1.14
305526.0,6404510.0,4.26
305528.0,6404510.0,4.29
305530.0,6404510.0,4.48
305532.0,6404510.0,4.52
305534.0,6404510.0,4.51
305536.0,6404510.0,4.53
305538.0,6404510.0,4.48
305540.0,6404510.0,4.68
305542.0,6404510.0,4.9
305544.0,6404510.0,5.07
305546.0,6404510.0,5.03
305548.0,6404510.0,5.03
305550.0,6404510.0,5.35
305552.0,6404510.0,5.38
305554.0,6404510.0,5.42
305556.0,6404510.0,5.27
305558.0,6404510.0,5.04
305560.0,6404510.0,5.05
305562.0,6404510.0,5.05
305564.0,6404510.0,4.67
305566.0,6404510.0,4.24
305568.0,6404510.0,4.36
305570.0,6404510.0,4.33
305572.0,6404510.0,4.09
305574.0,6404510.0,3.83
305576.0,6404510.0,3.63
305578.0,6404510.0,3.21
305580.0,6404510.0,2.68
305582.0,6404510.0,0.85
305584.0,6404510.0,0.3
305586.0,6404510.0,-0.07
305588.0,6404510.0,-0.1
305590.0,6404510.0,-0.03
305592.0,6404510.0,0.12
305594.0,6404510.0,0.36
305596.0,6404510.0,0.43
305598.0,6404510.0,0.55
305600.0,6404510.0,0.68
305602.0,6404510.0,0.73
305604.0,6404510.0,0.71
305606.0,6404510.0,0.9
305608.0,6404510.0,0.8
305610.0,6404510.0,0.73
305612.0,6404510.0,0.91
305614.0,6404510.0,1.05
305616.0,6404510.0,1.16
305618.0,6404510.0,1.27
305620.0,6404510.0,1.36
305622.0,6404510.0,1.43
305624.0,6404510.0,1.66
305626.0,6404510.0,1.76
305628.0,6404510.0,1.79
305630.0,6404510.0,1.91
305632.0,6404510.0,1.93
305634.0,6404510.0,1.95
305636.0,6404510.0,1.3
305638.0,6404510.0,1.93
305640.0,6404510.0,1.98
305642.0,6404510.0,1.98
305644.0,6404510.0,2.24
305646.0,6404510.0,2.51
305648.0,6404510.0,2.76
305650.0,6404510.0,3.26
305652.0,6404510.0,3.24
305654.0,6404510.0,3.17
305656.0,6404510.0,3.09
305658.0,6404510.0,3.32
305660.0,6404510.0,3.6
305662.0,6404510.0,3.71
305664.0,6404510.0,3.83
305666.0,6404510.0,3.93
305668.0,6404510.0,3.99
305670.0,6404510.0,4.14
305672.0,6404510.0,4.14
305674.0,6404510.0,4.05
305676.0,6404510.0,4.14
305678.0,6404510.0,4.25
305680.0,6404510.0,4.34
305150.0,6404512.0,-0.31
305152.0,6404512.0,-0.31
305154.0,6404512.0,-0.31
305156.0,6404512.0,-0.31
305158.0,6404512.0,-0.31
305160.0,6404512.0,-0.31
305162.0,6404512.0,-0.31
305164.0,6404512.0,-0.31
305166.0,6404512.0,-0.31
305168.0,6404512.0,-0.31
305170.0,6404512.0,-0.31
305172.0,6404512.0,-0.31
305174.0,6404512.0,-0.31
305176.0,6404512.0,-0.31
305178.0,6404512.0,-0.31
305180.0,6404512.0,-0.31
305182.0,6404512.0,-0.31
305184.0,6404512.0,-0.31
305186.0,6404512.0,-0.31
305188.0,6404512.0,-0.31
305190.0,6404512.0,-0.31
305192.0,6404512.0,-0.31
305194.0,6404512.0,-0.31
305196.0,6404512.0,-0.31
305198.0,6404512.0,-0.31
305200.0,6404512.0,-0.31
305202.0,6404512.0,-0.31
305204.0,6404512.0,-0.31
305206.0,6404512.0,-0.31
305208.0,6404512.0,-0.31
305210.0,6404512.0,-0.31
305212.0,6404512.0,-0.31
305214.0,6404512.0,-0.31
305216.0,6404512.0,-0.31
305218.0,6404512.0,-0.31
305220.0,6404512.0,-0.31
305222.0,6404512.0,-0.31
305224.0,6404512.0,-0.31
305226.0,6404512.0,-0.31
305228.0,6404512.0,-0.31
305230.0,6404512.0,-0.31
305232.0,6404512.0,-0.31
305234.0,6404512.0,-0.31
305236.0,6404512.0,-0.31
305238.0,6404512.0,-0.31
305240.0,6404512.0,-0.31
305242.0,6404512.0,-0.31
305244.0,6404512.0,-0.31
305246.0,6404512.0,-0.31
305248.0,6404512.0,-0.36
305250.0,6404512.0,-0.17
305252.0,6404512.0,0.2
305254.0,6404512.0,0.58
305256.0,6404512.0,0.39
305258.0,6404512.0,-0.08
305260.0,6404512.0,-0.07
305262.0,6404512.0,0.04
305264.0,6404512.0,0.32
305266.0,6404512.0,0.24
305268.0,6404512.0,0.09
305270.0,6404512.0,-0.14
305272.0,6404512.0,-0.44
305274.0,6404512.0,-0.31
305276.0,6404512.0,-0.31
305278.0,6404512.0,-0.31
305280.0,6404512.0,-0.31
305282.0,6404512.0,-0.31
305284.0,6404512.0,-0.31
305286.0,6404512.0,-0.31
305288.0,6404512.0,-0.31
305290.0,6404512.0,-0.31
305292.0,6404512.0,-0.31
305294.0,6404512.0,-0.31
305296.0,6404512.0,-0.31
305298.0,6404512.0,-0.31
305300.0,6404512.0,-0.31
305302.0,6404512.0,-0.31
305304.0,6404512.0,-0.31
305306.0,6404512.0,-0.31
305308.0,6404512.0,-0.31
305310.0,6404512.0,-0.31
305312.0,6404512.0,-0.31
305314.0,6404512.0,-0.28
305316.0,6404512.0,0.14
305318.0,6404512.0,0.97
305320.0,6404512.0,1.37
305322.0,6404512.0,1.14
305324.0,6404512.0,1.03
305326.0,6404512.0,0.6
305328.0,6404512.0,0.69
305330.0,6404512.0,0.99
305332.0,6404512.0,1.23
305334.0,6404512.0,1.49
305336.0,6404512.0,1.8
305338.0,6404512.0,2.29
305340.0,6404512.0,2.75
305342.0,6404512.0,2.03
305344.0,6404512.0,2.07
305346.0,6404512.0,2.93
305348.0,6404512.0,3.3
305350.0,6404512.0,2.93
305352.0,6404512.0,2.51
305354.0,6404512.0,2.68
305356.0,6404512.0,2.98
305358.0,6404512.0,2.43
305360.0,6404512.0,2.12
305362.0,6404512.0,1.54
305364.0,6404512.0,1.31
305366.0,6404512.0,1.26
305368.0,6404512.0,0.93
305370.0,6404512.0,0.81
305372.0,6404512.0,0.79
305374.0,6404512.0,0.95
305376.0,6404512.0,0.66
305378.0,6404512.0,0.37
305380.0,6404512.0,0.41
305382.0,6404512.0,0.25
305384.0,6404512.0,0.07
305386.0,6404512.0,-0.11
305388.0,6404512.0,-0.26
305390.0,6404512.0,-0.27
305392.0,6404512.0,1.39
305394.0,6404512.0,2.37
305396.0,6404512.0,2.37
305398.0,6404512.0,1.96
305400.0,6404512.0,1.42
305402.0,6404512.0,1.2
305404.0,6404512.0,0.72
305406.0,6404512.0,-0.21
305408.0,6404512.0,-0.06
305410.0,6404512.0,-0.14
305412.0,6404512.0,-0.29
305414.0,6404512.0,-0.27
305416.0,6404512.0,-0.33
305418.0,6404512.0,-0.33
305420.0,6404512.0,-0.19
305422.0,6404512.0,-0.07
305424.0,6404512.0,-0.16
305426.0,6404512.0,-0.15
305428.0,6404512.0,-0.22
305430.0,6404512.0,-0.31
305432.0,6404512.0,-0.31
305434.0,6404512.0,-0.31
305436.0,6404512.0,-0.31
305438.0,6404512.0,-0.31
305440.0,6404512.0,-0.31
305442.0,6404512.0,-0.31
305444.0,6404512.0,-0.31
305446.0,6404512.0,-0.31
305448.0,6404512.0,-0.31
305450.0,6404512.0,-0.31
305452.0,6404512.0,-0.31
305454.0,6404512.0,-0.31
305456.0,6404512.0,-0.31
305458.0,6404512.0,-0.31
305460.0,6404512.0,-0.31
305462.0,6404512.0,-0.31
305464.0,6404512.0,-0.31
305466.0,6404512.0,-0.26
305468.0,6404512.0,-0.19
305470.0,6404512.0,-0.05
305472.0,6404512.0,0.16
305474.0,6404512.0,0.54
305476.0,6404512.0,0.61
305478.0,6404512.0,0.32
305480.0,6404512.0,0.49
305482.0,6404512.0,1.72
305484.0,6404512.0,2.77
305486.0,6404512.0,2.62
305488.0,6404512.0,2.5
305490.0,6404512.0,2.44
305492.0,6404512.0,2.33
305494.0,6404512.0,2.13
305496.0,6404512.0,1.83
305498.0,6404512.0,1.45
305500.0,6404512.0,0.98
305502.0,6404512.0,0.99
305504.0,6404512.0,0.66
305506.0,6404512.0,0.45
305508.0,6404512.0,0.29
305510.0,6404512.0,-0.31
305512.0,6404512.0,-0.31
305514.0,6404512.0,-0.31
305516.0,6404512.0,-0.31
305518.0,6404512.0,-0.31
305520.0,6404512.0,-0.31
305522.0,6404512.0,-0.13
305524.0,6404512.0,0.67
305526.0,6404512.0,4.02
305528.0,6404512.0,4.05
305530.0,6404512.0,4.13
305532.0,6404512.0,4.18
305534.0,6404512.0,4.35
305536.0,6404512.0,4.46
305538.0,6404512.0,4.62
305540.0,6404512.0,4.67
305542.0,6404512.0,4.84
305544.0,6404512.0,4.97
305546.0,6404512.0,5.03
305548.0,6404512.0,5.18
305550.0,6404512.0,5.3
305552.0,6404512.0,5.61
305554.0,6404512.0,5.63
305556.0,6404512.0,5.43
305558.0,6404512.0,4.99
305560.0,6404512.0,4.5
305562.0,6404512.0,4.24
305564.0,6404512.0,4.01
305566.0,6404512.0,3.35
305568.0,6404512.0,3.51
305570.0,6404512.0,3.93
305572.0,6404512.0,3.66
305574.0,6404512.0,2.75
305576.0,6404512.0,2.25
305578.0,6404512.0,2.08
305580.0,6404512.0,1.17
305582.0,6404512.0,0.06
305584.0,6404512.0,-0.13
305586.0,6404512.0,-0.19
305588.0,6404512.0,-0.27
305590.0,6404512.0,-0.31
305592.0,6404512.0,-0.31
305594.0,6404512.0,-0.27
305596.0,6404512.0,-0.16
305598.0,6404512.0,-0.01
305600.0,6404512.0,0.05
305602.0,6404512.0,0.2
305604.0,6404512.0,0.26
305606.0,6404512.0,0.26
305608.0,6404512.0,0.34
305610.0,6404512.0,0.54
305612.0,6404512.0,0.77
305614.0,6404512.0,0.99
305616.0,6404512.0,1.09
305618.0,6404512.0,1.18
305620.0,6404512.0,1.33
305622.0,6404512.0,1.36
305624.0,6404512.0,1.47
305626.0,6404512.0,1.66
305628.0,6404512.0,1.82
305630.0,6404512.0,1.89
305632.0,6404512.0,1.81
305634.0,6404512.0,1.46
305636.0,6404512.0,1.21
305638.0,6404512.0,1.94
305640.0,6404512.0,1.94
305642.0,6404512.0,2.12
305644.0,6404512.0,2.36
305646.0,6404512.0,2.62
305648.0,6404512.0,2.92
305650.0,6404512.0,3.06
305652.0,6404512.0,3.16
305654.0,6404512.0,3.09
305656.0,6404512.0,3.11
305658.0,6404512.0,3.36
305660.0,6404512.0,3.56
305662.0,6404512.0,3.59
305664.0,6404512.0,3.78
305666.0,6404512.0,3.94
305668.0,6404512.0,3.97
305670.0,6404512.0,4.09
305672.0,6404512.0,4.12
305674.0,6404512.0,4.12
305676.0,6404512.0,4.2
305678.0,6404512.0,4.2
305680.0,6404512.0,4.39
305150.0,6404514.0,-0.31
305152.0,6404514.0,-0.31
305154.0,6404514.0,-0.31
305156.0,6404514.0,-0.31
305158.0,6404514.0,-0.31
305160.0,6404514.0,-0.31
305162.0,6404514.0,-0.31
305164.0,6404514.0,-0.31
305166.0,6404514.0,-0.31
305168.0,6404514.0,-0.31
305170.0,6404514.0,-0.31
305172.0,6404514.0,-0.31
305174.0,6404514.0,-0.31
305176.0,6404514.0,-0.31
305178.0,6404514.0,-0.31
305180.0,6404514.0,-0.31
305182.0,6404514.0,-0.31
305184.0,6404514.0,-0.31
305186.0,6404514.0,-0.31
305188.0,6404514.0,-0.31
305190.0,6404514.0,-0.31
305192.0,6404514.0,-0.31
305194.0,6404514.0,-0.31
305196.0,6404514.0,-0.31
305198.0,6404514.0,-0.31
305200.0,6404514.0,-0.31
305202.0,6404514.0,-0.31
305204.0,6404514.0,-0.31
305206.0,6404514.0,-0.31
305208.0,6404514.0,-0.31
305210.0,6404514.0,-0.31
305212.0,6404514.0,-0.31
305214.0,6404514.0,-0.31
305216.0,6404514.0,-0.31
305218.0,6404514.0,-0.31
305220.0,6404514.0,-0.31
305222.0,6404514.0,-0.31
305224.0,6404514.0,-0.31
305226.0,6404514.0,-0.31
305228.0,6404514.0,-0.31
305230.0,6404514.0,-0.31
305232.0,6404514.0,-0.31
305234.0,6404514.0,-0.31
305236.0,6404514.0,-0.31
305238.0,6404514.0,-0.31
305240.0,6404514.0,-0.31
305242.0,6404514.0,-0.31
305244.0,6404514.0,-0.31
305246.0,6404514.0,-0.31
305248.0,6404514.0,-0.31
305250.0,6404514.0,-0.23
305252.0,6404514.0,0.2
305254.0,6404514.0,0.37
305256.0,6404514.0,0.33
305258.0,6404514.0,-0.05
305260.0,6404514.0,0.04
305262.0,6404514.0,0.03
305264.0,6404514.0,0.3
305266.0,6404514.0,0.34
305268.0,6404514.0,0.21
305270.0,6404514.0,0.4
305272.0,6404514.0,0.05
305274.0,6404514.0,-0.31
305276.0,6404514.0,-0.31
305278.0,6404514.0,-0.31
305280.0,6404514.0,-0.31
305282.0,6404514.0,-0.31
305284.0,6404514.0,-0.31
305286.0,6404514.0,-0.31
305288.0,6404514.0,-0.31
305290.0,6404514.0,-0.31
305292.0,6404514.0,-0.31
305294.0,6404514.0,-0.31
305296.0,6404514.0,-0.31
305298.0,6404514.0,-0.31
305300.0,6404514.0,-0.31
305302.0,6404514.0,-0.31
305304.0,6404514.0,-0.31
305306.0,6404514.0,-0.31
305308.0,6404514.0,-0.31
305310.0,6404514.0,-0.31
305312.0,6404514.0,-0.31
305314.0,6404514.0,-0.31
305316.0,6404514.0,-0.23
305318.0,6404514.0,-0.15
305320.0,6404514.0,-0.16
305322.0,6404514.0,-0.32
305324.0,6404514.0,-0.14
305326.0,6404514.0,0.03
305328.0,6404514.0,-0.09
305330.0,6404514.0,-0.15
305332.0,6404514.0,-0.19
305334.0,6404514.0,0.52
305336.0,6404514.0,1.14
305338.0,6404514.0,1.2
305340.0,6404514.0,1.56
305342.0,6404514.0,2.19
305344.0,6404514.0,3.02
305346.0,6404514.0,3.36
305348.0,6404514.0,3.18
305350.0,6404514.0,2.64
305352.0,6404514.0,2.22
305354.0,6404514.0,2.64
305356.0,6404514.0,2.7
305358.0,6404514.0,2.16
305360.0,6404514.0,1.68
305362.0,6404514.0,1.83
305364.0,6404514.0,1.87
305366.0,6404514.0,1.54
305368.0,6404514.0,1.26
305370.0,6404514.0,0.95
305372.0,6404514.0,1.0
305374.0,6404514.0,1.02
305376.0,6404514.0,1.11
305378.0,6404514.0,0.47
305380.0,6404514.0,0.07
305382.0,6404514.0,-0.08
305384.0,6404514.0,-0.07
305386.0,6404514.0,-0.11
305388.0,6404514.0,-0.21
305390.0,6404514.0,-0.32
305392.0,6404514.0,0.31
305394.0,6404514.0,1.13
305396.0,6404514.0,1.02
305398.0,6404514.0,0.58
305400.0,6404514.0,0.21
305402.0,6404514.0,0.02
305404.0,6404514.0,-0.29
305406.0,6404514.0,-0.36
305408.0,6404514.0,-0.34
305410.0,6404514.0,-0.31
305412.0,6404514.0,-0.31
305414.0,6404514.0,-0.31
305416.0,6404514.0,-0.31
305418.0,6404514.0,-0.31
305420.0,6404514.0,-0.31
305422.0,6404514.0,-0.31
305424.0,6404514.0,-0.31
305426.0,6404514.0,-0.31
305428.0,6404514.0,-0.31
305430.0,6404514.0,-0.31
305432.0,6404514.0,-0.31
305434.0,6404514.0,-0.31
305436.0,6404514.0,-0.31
305438.0,6404514.0,-0.31
305440.0,6404514.0,-0.31
305442.0,6404514.0,-0.31
305444.0,6404514.0,-0.31
305446.0,6404514.0,-0.31
305448.0,6404514.0,-0.31
305450.0,6404514.0,-0.31
305452.0,6404514.0,-0.31
305454.0,6404514.0,-0.31
305456.0,6404514.0,-0.31
305458.0,6404514.0,-0.31
305460.0,6404514.0,-0.31
305462.0,6404514.0,-0.31
305464.0,6404514.0,-0.31
305466.0,6404514.0,-0.31
305468.0,6404514.0,-0.23
305470.0,6404514.0,-0.24
305472.0,6404514.0,-0.17
305474.0,6404514.0,-0.06
305476.0,6404514.0,0.1
305478.0,6404514.0,0.14
305480.0,6404514.0,0.02
305482.0,6404514.0,-0.18
305484.0,6404514.0,2.71
305486.0,6404514.0,2.55
305488.0,6404514.0,2.27
305490.0,6404514.0,2.0
305492.0,6404514.0,1.84
305494.0,6404514.0,1.59
305496.0,6404514.0,1.36
305498.0,6404514.0,0.91
305500.0,6404514.0,0.7
305502.0,6404514.0,0.61
305504.0,6404514.0,0.27
305506.0,6404514.0,0.07
305508.0,6404514.0,-0.31
305510.0,6404514.0,-0.31
305512.0,6404514.0,-0.31
305514.0,6404514.0,-0.31
305516.0,6404514.0,-0.31
305518.0,6404514.0,-0.31
305520.0,6404514.0,-0.31
305522.0,6404514.0,-0.31
305524.0,6404514.0,-0.28
305526.0,6404514.0,2.08
305528.0,6404514.0,3.7
305530.0,6404514.0,3.81
305532.0,6404514.0,3.83
305534.0,6404514.0,3.76
305536.0,6404514.0,3.92
305538.0,6404514.0,4.35
305540.0,6404514.0,4.63
305542.0,6404514.0,4.79
305544.0,6404514.0,4.91
305546.0,6404514.0,5.14
305548.0,6404514.0,5.29
305550.0,6404514.0,5.36
305552.0,6404514.0,5.47
305554.0,6404514.0,5.57
305556.0,6404514.0,5.38
305558.0,6404514.0,4.91
305560.0,6404514.0,4.41
305562.0,6404514.0,4.07
305564.0,6404514.0,3.48
305566.0,6404514.0,3.02
305568.0,6404514.0,2.56
305570.0,6404514.0,2.64
305572.0,6404514.0,2.74
305574.0,6404514.0,2.2
305576.0,6404514.0,1.7
305578.0,6404514.0,1.03
305580.0,6404514.0,-0.14
305582.0,6404514.0,-0.21
305584.0,6404514.0,-0.26
305586.0,6404514.0,-0.31
305588.0,6404514.0,-0.31
305590.0,6404514.0,-0.31
305592.0,6404514.0,-0.31
305594.0,6404514.0,-0.31
305596.0,6404514.0,-0.31
305598.0,6404514.0,-0.31
305600.0,6404514.0,-0.31
305602.0,6404514.0,0.06
305604.0,6404514.0,0.08
305606.0,6404514.0,0.14
305608.0,6404514.0,0.25
305610.0,6404514.0,0.45
305612.0,6404514.0,0.65
305614.0,6404514.0,0.93
305616.0,6404514.0,1.05
305618.0,6404514.0,1.14
305620.0,6404514.0,1.27
305622.0,6404514.0,1.37
305624.0,6404514.0,1.38
305626.0,6404514.0,1.59
305628.0,6404514.0,1.6
305630.0,6404514.0,1.1
305632.0,6404514.0,1.05
305634.0,6404514.0,1.33
305636.0,6404514.0,1.53
305638.0,6404514.0,1.9
305640.0,6404514.0,2.1
305642.0,6404514.0,2.35
305644.0,6404514.0,2.44
305646.0,6404514.0,2.65
305648.0,6404514.0,2.78
305650.0,6404514.0,2.96
305652.0,6404514.0,3.1
305654.0,6404514.0,3.23
305656.0,6404514.0,3.14
305658.0,6404514.0,3.41
305660.0,6404514.0,3.56
305662.0,6404514.0,3.64
305664.0,6404514.0,3.77
305666.0,6404514.0,3.88
305668.0,6404514.0,4.01
305670.0,6404514.0,4.02
305672.0,6404514.0,4.08
305674.0,6404514.0,4.1
305676.0,6404514.0,4.11
305678.0,6404514.0,4.24
305680.0,6404514.0,4.32
305150.0,6404516.0,-0.31
305152.0,6404516.0,-0.31
305154.0,6404516.0,-0.31
305156.0,6404516.0,-0.31
305158.0,6404516.0,-0.31
305160.0,6404516.0,-0.31
305162.0,6404516.0,-0.31
305164.0,6404516.0,-0.31
305166.0,6404516.0,-0.31
305168.0,6404516.0,-0.31
305170.0,6404516.0,-0.31
305172.0,6404516.0,-0.31
305174.0,6404516.0,-0.31
305176.0,6404516.0,-0.31
305178.0,6404516.0,-0.31
305180.0,6404516.0,-0.31
305182.0,6404516.0,-0.31
305184.0,6404516.0,-0.31
305186.0,6404516.0,-0.31
305188.0,6404516.0,-0.31
305190.0,6404516.0,-0.31
305192.0,6404516.0,-0.31
305194.0,6404516.0,-0.31
305196.0,6404516.0,-0.31
305198.0,6404516.0,-0.31
305200.0,6404516.0,-0.31
305202.0,6404516.0,-0.31
305204.0,6404516.0,-0.31
305206.0,6404516.0,-0.31
305208.0,6404516.0,-0.31
305210.0,6404516.0,-0.31
305212.0,6404516.0,-0.31
305214.0,6404516.0,-0.31
305216.0,6404516.0,-0.31
305218.0,6404516.0,-0.31
305220.0,6404516.0,-0.31
305222.0,6404516.0,-0.31
305224.0,6404516.0,-0.31
305226.0,6404516.0,-0.31
305228.0,6404516.0,-0.31
305230.0,6404516.0,-0.31
305232.0,6404516.0,-0.31
305234.0,6404516.0,-0.31
305236.0,6404516.0,-0.31
305238.0,6404516.0,-0.31
305240.0,6404516.0,-0.31
305242.0,6404516.0,-0.31
305244.0,6404516.0,-0.31
305246.0,6404516.0,-0.31
305248.0,6404516.0,-0.31
305250.0,6404516.0,-0.29
305252.0,6404516.0,-0.11
305254.0,6404516.0,0.41
305256.0,6404516.0,0.18
305258.0,6404516.0,0.01
305260.0,6404516.0,-0.07
305262.0,6404516.0,0.09
305264.0,6404516.0,0.38
305266.0,6404516.0,0.75
305268.0,6404516.0,0.64
305270.0,6404516.0,0.52
305272.0,6404516.0,0.4
305274.0,6404516.0,-0.31
305276.0,6404516.0,-0.31
305278.0,6404516.0,-0.31
305280.0,6404516.0,-0.31
305282.0,6404516.0,-0.31
305284.0,6404516.0,-0.31
305286.0,6404516.0,-0.31
305288.0,6404516.0,-0.31
305290.0,6404516.0,-0.31
305292.0,6404516.0,-0.31
305294.0,6404516.0,-0.31
305296.0,6404516.0,-0.31
305298.0,6404516.0,-0.31
305300.0,6404516.0,-0.31
305302.0,6404516.0,-0.31
305304.0,6404516.0,-0.31
305306.0,6404516.0,-0.31
305308.0,6404516.0,-0.31
305310.0,6404516.0,-0.31
305312.0,6404516.0,-0.31
305314.0,6404516.0,-0.31
305316.0,6404516.0,-0.31
305318.0,6404516.0,-0.31
305320.0,6404516.0,-0.31
305322.0,6404516.0,-0.31
305324.0,6404516.0,-0.23
305326.0,6404516.0,-0.18
305328.0,6404516.0,-0.32
305330.0,6404516.0,-0.39
305332.0,6404516.0,-0.31
305334.0,6404516.0,0.35
305336.0,6404516.0,1.04
305338.0,6404516.0,1.24
305340.0,6404516.0,1.46
305342.0,6404516.0,2.06
305344.0,6404516.0,2.48
305346.0,6404516.0,3.08
305348.0,6404516.0,2.74
305350.0,6404516.0,2.14
305352.0,6404516.0,2.1
305354.0,6404516.0,2.03
305356.0,6404516.0,1.97
305358.0,6404516.0,1.69
305360.0,6404516.0,1.65
305362.0,6404516.0,1.83
305364.0,6404516.0,2.39
305366.0,6404516.0,2.05
305368.0,6404516.0,1.95
305370.0,6404516.0,1.54
305372.0,6404516.0,1.45
305374.0,6404516.0,1.6
305376.0,6404516.0,1.45
305378.0,6404516.0,0.96
305380.0,6404516.0,0.66
305382.0,6404516.0,0.19
305384.0,6404516.0,0.21
305386.0,6404516.0,-0.11
305388.0,6404516.0,-0.19
305390.0,6404516.0,-0.33
305392.0,6404516.0,-0.23
305394.0,6404516.0,0.31
305396.0,6404516.0,0.41
305398.0,6404516.0,-0.03
305400.0,6404516.0,-0.19
305402.0,6404516.0,-0.29
305404.0,6404516.0,-0.29
305406.0,6404516.0,-0.33
305408.0,6404516.0,-0.31
305410.0,6404516.0,-0.31
305412.0,6404516.0,-0.31
305414.0,6404516.0,-0.31
305416.0,6404516.0,-0.31
305418.0,6404516.0,-0.31
305420.0,6404516.0,-0.31
305422.0,6404516.0,-0.31
305424.0,6404516.0,-0.31
305426.0,6404516.0,-0.31
305428.0,6404516.0,-0.31
305430.0,6404516.0,-0.31
305432.0,6404516.0,-0.31
305434.0,6404516.0,-0.31
305436.0,6404516.0,-0.31
305438.0,6404516.0,-0.31
305440.0,6404516.0,-0.31
305442.0,6404516.0,-0.31
305444.0,6404516.0,-0.31
305446.0,6404516.0,-0.31
305448.0,6404516.0,-0.31
305450.0,6404516.0,-0.31
305452.0,6404516.0,-0.31
305454.0,6404516.0,-0.31
305456.0,6404516.0,-0.31
305458.0,6404516.0,-0.31
305460.0,6404516.0,-0.31
305462.0,6404516.0,-0.31
305464.0,6404516.0,-0.31
305466.0,6404516.0,-0.31
305468.0,6404516.0,-0.28
305470.0,6404516.0,-0.25
305472.0,6404516.0,-0.22
305474.0,6404516.0,-0.03
305476.0,6404516.0,-0.09
305478.0,6404516.0,-0.14
305480.0,6404516.0,0.06
305482.0,6404516.0,0.12
305484.0,6404516.0,0.76
305486.0,6404516.0,2.41
305488.0,6404516.0,2.16
305490.0,6404516.0,1.88
305492.0,6404516.0,1.23
305494.0,6404516.0,0.94
305496.0,6404516.0,1.07
305498.0,6404516.0,0.87
305500.0,6404516.0,0.5
305502.0,6404516.0,0.17
305504.0,6404516.0,-0.1
305506.0,6404516.0,-0.27
305508.0,6404516.0,-0.31
305510.0,6404516.0,-0.31
305512.0,6404516.0,-0.31
305514.0,6404516.0,-0.31
305516.0,6404516.0,-0.31
305518.0,6404516.0,-0.31
305520.0,6404516.0,-0.31
305522.0,6404516.0,-0.31
305524.0,6404516.0,-0.18
305526.0,6404516.0,0.59
305528.0,6404516.0,3.2
305530.0,6404516.0,3.26
305532.0,6404516.0,3.23
305534.0,6404516.0,3.39
305536.0,6404516.0,3.44
305538.0,6404516.0,3.58
305540.0,6404516.0,3.88
305542.0,6404516.0,4.2
305544.0,6404516.0,4.41
305546.0,6404516.0,4.56
305548.0,6404516.0,4.87
305550.0,6404516.0,5.1
305552.0,6404516.0,5.08
305554.0,6404516.0,4.96
305556.0,6404516.0,4.69
305558.0,6404516.0,4.29
305560.0,6404516.0,3.94
305562.0,6404516.0,3.28
305564.0,6404516.0,2.31
305566.0,6404516.0,1.52
305568.0,6404516.0,1.06
305570.0,6404516.0,1.25
305572.0,6404516.0,0.99
305574.0,6404516.0,0.92
305576.0,6404516.0,0.43
305578.0,6404516.0,-0.09
305580.0,6404516.0,-0.26
305582.0,6404516.0,-0.3
305584.0,6404516.0,-0.31
305586.0,6404516.0,-0.31
305588.0,6404516.0,-0.31
305590.0,6404516.0,-0.31
305592.0,6404516.0,-0.31
305594.0,6404516.0,-0.31
305596.0,6404516.0,-0.31
305598.0,6404516.0,-0.31
305600.0,6404516.0,-0.31
305602.0,6404516.0,-0.31
305604.0,6404516.0,-0.31
305606.0,6404516.0,0.16
305608.0,6404516.0,0.22
305610.0,6404516.0,0.38
305612.0,6404516.0,0.62
305614.0,6404516.0,0.81
305616.0,6404516.0,1.04
305618.0,6404516.0,1.09
305620.0,6404516.0,1.21
305622.0,6404516.0,1.29
305624.0,6404516.0,1.41
305626.0,6404516.0,1.12
305628.0,6404516.0,1.2
305630.0,6404516.0,1.58
305632.0,6404516.0,1.71
305634.0,6404516.0,1.76
305636.0,6404516.0,1.87
305638.0,6404516.0,2.01
305640.0,6404516.0,2.12
305642.0,6404516.0,2.39
305644.0,6404516.0,2.67
305646.0,6404516.0,2.6
305648.0,6404516.0,2.69
305650.0,6404516.0,2.79
305652.0,6404516.0,3.07
305654.0,6404516.0,3.15
305656.0,6404516.0,3.17
305658.0,6404516.0,3.43
305660.0,6404516.0,3.56
305662.0,6404516.0,3.68
305664.0,6404516.0,3.88
305666.0,6404516.0,3.97
305668.0,6404516.0,3.98
305670.0,6404516.0,4.06
305672.0,6404516.0,4.1
305674.0,6404516.0,4.1
305676.0,6404516.0,4.24
305678.0,6404516.0,4.25
305680.0,6404516.0,4.45
305150.0,6404518.0,-0.31
305152.0,6404518.0,-0.31
305154.0,6404518.0,-0.31
305156.0,6404518.0,-0.31
305158.0,6404518.0,-0.31
305160.0,6404518.0,-0.31
305162.0,6404518.0,-0.31
305164.0,6404518.0,-0.31
305166.0,6404518.0,-0.31
305168.0,6404518.0,-0.31
305170.0,6404518.0,-0.31
305172.0,6404518.0,-0.31
305174.0,6404518.0,-0.31
305176.0,6404518.0,-0.31
305178.0,6404518.0,-0.31
305180.0,6404518.0,-0.31
305182.0,6404518.0,-0.31
305184.0,6404518.0,-0.31
305186.0,6404518.0,-0.31
305188.0,6404518.0,-0.31
305190.0,6404518.0,-0.31
305192.0,6404518.0,-0.31
305194.0,6404518.0,-0.31
305196.0,6404518.0,-0.31
305198.0,6404518.0,-0.31
305200.0,6404518.0,-0.31
305202.0,6404518.0,-0.31
305204.0,6404518.0,-0.31
305206.0,6404518.0,-0.31
305208.0,6404518.0,-0.31
305210.0,6404518.0,-0.31
305212.0,6404518.0,-0.31
305214.0,6404518.0,-0.31
305216.0,6404518.0,-0.31
305218.0,6404518.0,-0.31
305220.0,6404518.0,-0.31
305222.0,6404518.0,-0.31
305224.0,6404518.0,-0.31
305226.0,6404518.0,-0.31
305228.0,6404518.0,-0.31
305230.0,6404518.0,-0.31
305232.0,6404518.0,-0.31
305234.0,6404518.0,-0.31
305236.0,6404518.0,-0.31
305238.0,6404518.0,-0.31
305240.0,6404518.0,-0.31
305242.0,6404518.0,-0.31
305244.0,6404518.0,-0.31
305246.0,6404518.0,-0.31
305248.0,6404518.0,-0.31
305250.0,6404518.0,-0.31
305252.0,6404518.0,-0.35
305254.0,6404518.0,-0.26
305256.0,6404518.0,-0.22
305258.0,6404518.0,-0.18
305260.0,6404518.0,0.18
305262.0,6404518.0,0.46
305264.0,6404518.0,0.34
305266.0,6404518.0,0.96
305268.0,6404518.0,0.73
305270.0,6404518.0,0.48
305272.0,6404518.0,0.05
305274.0,6404518.0,-0.31
305276.0,6404518.0,-0.31
305278.0,6404518.0,-0.31
305280.0,6404518.0,-0.31
305282.0,6404518.0,-0.31
305284.0,6404518.0,-0.31
305286.0,6404518.0,-0.31
305288.0,6404518.0,-0.31
305290.0,6404518.0,-0.31
305292.0,6404518.0,-0.31
305294.0,6404518.0,-0.31
305296.0,6404518.0,-0.31
305298.0,6404518.0,-0.31
305300.0,6404518.0,-0.31
305302.0,6404518.0,-0.31
305304.0,6404518.0,-0.31
305306.0,6404518.0,-0.31
305308.0,6404518.0,-0.31
305310.0,6404518.0,-0.31
305312.0,6404518.0,-0.31
305314.0,6404518.0,-0.31
305316.0,6404518.0,-0.31
305318.0,6404518.0,-0.31
305320.0,6404518.0,-0.31
305322.0,6404518.0,-0.31
305324.0,6404518.0,-0.31
305326.0,6404518.0,-0.31
305328.0,6404518.0,-0.31
305330.0,6404518.0,-0.35
305332.0,6404518.0,-0.22
305334.0,6404518.0,0.07
305336.0,6404518.0,0.99
305338.0,6404518.0,1.13
305340.0,6404518.0,1.13
305342.0,6404518.0,2.1
305344.0,6404518.0,2.33
305346.0,6404518.0,2.53
305348.0,6404518.0,2.12
305350.0,6404518.0,1.63
305352.0,6404518.0,1.15
305354.0,6404518.0,0.99
305356.0,6404518.0,1.47
305358.0,6404518.0,1.85
305360.0,6404518.0,1.8
305362.0,6404518.0,1.89
305364.0,6404518.0,2.14
305366.0,6404518.0,1.78
305368.0,6404518.0,1.82
305370.0,6404518.0,1.45
305372.0,6404518.0,1.21
305374.0,6404518.0,0.86
305376.0,6404518.0,1.08
305378.0,6404518.0,0.95
305380.0,6404518.0,0.74
305382.0,6404518.0,0.53
305384.0,6404518.0,-0.02
305386.0,6404518.0,-0.07
305388.0,6404518.0,-0.09
305390.0,6404518.0,-0.16
305392.0,6404518.0,-0.26
305394.0,6404518.0,-0.32
305396.0,6404518.0,-0.21
305398.0,6404518.0,-0.39
305400.0,6404518.0,-0.38
305402.0,6404518.0,-0.36
305404.0,6404518.0,-0.32
305406.0,6404518.0,-0.29
305408.0,6404518.0,-0.31
305410.0,6404518.0,-0.31
305412.0,6404518.0,-0.31
305414.0,6404518.0,-0.31
305416.0,6404518.0,-0.31
305418.0,6404518.0,-0.31
305420.0,6404518.0,-0.31
305422.0,6404518.0,-0.31
305424.0,6404518.0,-0.31
305426.0,6404518.0,-0.31
305428.0,6404518.0,-0.31
305430.0,6404518.0,-0.31
305432.0,6404518.0,-0.31
305434.0,6404518.0,-0.31
305436.0,6404518.0,-0.31
305438.0,6404518.0,-0.31
305440.0,6404518.0,-0.31
305442.0,6404518.0,-0.31
305444.0,6404518.0,-0.31
305446.0,6404518.0,-0.31
305448.0,6404518.0,-0.31
305450.0,6404518.0,-0.31
305452.0,6404518.0,-0.31
305454.0,6404518.0,-0.31
305456.0,6404518.0,-0.31
305458.0,6404518.0,-0.31
305460.0,6404518.0,-0.31
305462.0,6404518.0,-0.31
305464.0,6404518.0,-0.31
305466.0,6404518.0,-0.31
305468.0,6404518.0,-0.03
305470.0,6404518.0,-0.21
305472.0,6404518.0,-0.29
305474.0,6404518.0,-0.31
305476.0,6404518.0,-0.31
305478.0,6404518.0,-0.3
305480.0,6404518.0,-0.1
305482.0,6404518.0,-0.11
305484.0,6404518.0,0.21
305486.0,6404518.0,1.94
305488.0,6404518.0,1.96
305490.0,6404518.0,1.71
305492.0,6404518.0,1.38
305494.0,6404518.0,1.18
305496.0,6404518.0,0.9
305498.0,6404518.0,0.56
305500.0,6404518.0,0.33
305502.0,6404518.0,0.01
305504.0,6404518.0,-0.18
305506.0,6404518.0,-0.31
305508.0,6404518.0,-0.31
305510.0,6404518.0,-0.31
305512.0,6404518.0,-0.31
305514.0,6404518.0,-0.31
305516.0,6404518.0,-0.31
305518.0,6404518.0,-0.31
305520.0,6404518.0,-0.31
305522.0,6404518.0,-0.31
305524.0,6404518.0,-0.31
305526.0,6404518.0,-0.02
305528.0,6404518.0,2.31
305530.0,6404518.0,2.87
305532.0,6404518.0,2.89
305534.0,6404518.0,3.15
305536.0,6404518.0,3.28
305538.0,6404518.0,3.27
305540.0,6404518.0,3.21
305542.0,6404518.0,3.09
305544.0,6404518.0,3.05
305546.0,6404518.0,3.7
305548.0,6404518.0,4.02
305550.0,6404518.0,3.95
305552.0,6404518.0,3.14
305554.0,6404518.0,3.62
305556.0,6404518.0,4.22
305558.0,6404518.0,3.76
305560.0,6404518.0,2.85
305562.0,6404518.0,1.95
305564.0,6404518.0,1.07
305566.0,6404518.0,0.38
305568.0,6404518.0,-0.14
305570.0,6404518.0,-0.28
305572.0,6404518.0,-0.31
305574.0,6404518.0,-0.29
305576.0,6404518.0,-0.33
305578.0,6404518.0,-0.33
305580.0,6404518.0,-0.31
305582.0,6404518.0,-0.31
305584.0,6404518.0,-0.31
305586.0,6404518.0,-0.31
305588.0,6404518.0,-0.31
305590.0,6404518.0,-0.31
305592.0,6404518.0,-0.31
305594.0,6404518.0,-0.31
305596.0,6404518.0,-0.31
305598.0,6404518.0,-0.31
305600.0,6404518.0,-0.31
305602.0,6404518.0,-0.31
305604.0,6404518.0,-0.31
305606.0,6404518.0,-0.31
305608.0,6404518.0,-0.2
305610.0,6404518.0,0.36
305612.0,6404518.0,0.56
305614.0,6404518.0,0.81
305616.0,6404518.0,1.21
305618.0,6404518.0,1.09
305620.0,6404518.0,1.22
305622.0,6404518.0,1.13
305624.0,6404518.0,1.46
305626.0,6404518.0,1.58
305628.0,6404518.0,1.62
305630.0,6404518.0,1.66
305632.0,6404518.0,1.81
305634.0,6404518.0,1.85
305636.0,6404518.0,2.1
305638.0,6404518.0,2.13
305640.0,6404518.0,2.16
305642.0,6404518.0,2.39
305644.0,6404518.0,2.6
305646.0,6404518.0,2.64
305648.0,6404518.0,2.71
305650.0,6404518.0,3.07
305652.0,6404518.0,3.25
305654.0,6404518.0,3.16
305656.0,6404518.0,3.34
305658.0,6404518.0,3.42
305660.0,6404518.0,3.57
305662.0,6404518.0,3.76
305664.0,6404518.0,3.91
305666.0,6404518.0,4.03
305668.0,6404518.0,4.1
305670.0,6404518.0,4.17
305672.0,6404518.0,4.13
305674.0,6404518.0,4.2
305676.0,6404518.0,4.25
305678.0,6404518.0,4.46
305680.0,6404518.0,4.55
305150.0,6404520.0,-0.31
305152.0,6404520.0,-0.31
305154.0,6404520.0,-0.31
305156.0,6404520.0,-0.31
305158.0,6404520.0,-0.31
305160.0,6404520.0,-0.31
305162.0,6404520.0,-0.31
305164.0,6404520.0,-0.31
305166.0,6404520.0,-0.31
305168.0,6404520.0,-0.31
305170.0,6404520.0,-0.31
305172.0,6404520.0,-0.31
305174.0,6404520.0,-0.31
305176.0,6404520.0,-0.31
305178.0,6404520.0,-0.31
305180.0,6404520.0,-0.31
305182.0,6404520.0,-0.31
305184.0,6404520.0,-0.31
305186.0,6404520.0,-0.31
305188.0,6404520.0,-0.31
305190.0,6404520.0,-0.31
305192.0,6404520.0,-0.31
305194.0,6404520.0,-0.31
305196.0,6404520.0,-0.31
305198.0,6404520.0,-0.31
305200.0,6404520.0,-0.31
305202.0,6404520.0,-0.31
305204.0,6404520.0,-0.31
305206.0,6404520.0,-0.31
305208.0,6404520.0,-0.31
305210.0,6404520.0,-0.31
305212.0,6404520.0,-0.31
305214.0,6404520.0,-0.31
305216.0,6404520.0,-0.31
305218.0,6404520.0,-0.31
305220.0,6404520.0,-0.31
305222.0,6404520.0,-0.31
305224.0,6404520.0,-0.31
305226.0,6404520.0,-0.31
305228.0,6404520.0,-0.31
305230.0,6404520.0,-0.31
305232.0,6404520.0,-0.31
305234.0,6404520.0,-0.31
305236.0,6404520.0,-0.31
305238.0,6404520.0,-0.31
305240.0,6404520.0,-0.31
305242.0,6404520.0,-0.31
305244.0,6404520.0,-0.31
305246.0,6404520.0,-0.31
305248.0,6404520.0,-0.31
305250.0,6404520.0,-0.31
305252.0,6404520.0,-0.31
305254.0,6404520.0,-0.3
305256.0,6404520.0,-0.29
305258.0,6404520.0,-0.31
305260.0,6404520.0,-0.01
305262.0,6404520.0,0.32
305264.0,6404520.0,0.74
305266.0,6404520.0,1.05
305268.0,6404520.0,0.63
305270.0,6404520.0,0.2
305272.0,6404520.0,-0.31
305274.0,6404520.0,-0.31
305276.0,6404520.0,-0.31
305278.0,6404520.0,-0.31
305280.0,6404520.0,-0.31
305282.0,6404520.0,-0.31
305284.0,6404520.0,-0.31
305286.0,6404520.0,-0.31
305288.0,6404520.0,-0.31
305290.0,6404520.0,-0.31
305292.0,6404520.0,-0.31
305294.0,6404520.0,-0.31
305296.0,6404520.0,-0.31
305298.0,6404520.0,-0.31
305300.0,6404520.0,-0.31
305302.0,6404520.0,-0.31
305304.0,6404520.0,-0.31
305306.0,6404520.0,-0.31
305308.0,6404520.0,-0.31
305310.0,6404520.0,-0.31
305312.0,6404520.0,-0.31
305314.0,6404520.0,-0.31
305316.0,6404520.0,-0.31
305318.0,6404520.0,-0.31
305320.0,6404520.0,-0.31
305322.0,6404520.0,-0.31
305324.0,6404520.0,-0.31
305326.0,6404520.0,-0.31
305328.0,6404520.0,-0.31
305330.0,6404520.0,-0.31
305332.0,6404520.0,-0.24
305334.0,6404520.0,0.22
305336.0,6404520.0,0.24
305338.0,6404520.0,0.46
305340.0,6404520.0,0.6
305342.0,6404520.0,1.4
305344.0,6404520.0,1.35
305346.0,6404520.0,1.19
305348.0,6404520.0,0.83
305350.0,6404520.0,0.15
305352.0,6404520.0,-0.05
305354.0,6404520.0,0.08
305356.0,6404520.0,0.5
305358.0,6404520.0,1.05
305360.0,6404520.0,1.0
305362.0,6404520.0,1.6
305364.0,6404520.0,1.64
305366.0,6404520.0,1.45
305368.0,6404520.0,1.19
305370.0,6404520.0,0.8
305372.0,6404520.0,0.15
305374.0,6404520.0,0.19
305376.0,6404520.0,0.51
305378.0,6404520.0,0.89
305380.0,6404520.0,0.62
305382.0,6404520.0,0.27
305384.0,6404520.0,-0.13
305386.0,6404520.0,-0.07
305388.0,6404520.0,-0.1
305390.0,6404520.0,-0.21
305392.0,6404520.0,-0.12
305394.0,6404520.0,0.08
305396.0,6404520.0,0.23
305398.0,6404520.0,0.37
305400.0,6404520.0,0.44
305402.0,6404520.0,0.27
305404.0,6404520.0,-0.1
305406.0,6404520.0,-0.25
305408.0,6404520.0,-0.31
305410.0,6404520.0,-0.31
305412.0,6404520.0,-0.31
305414.0,6404520.0,-0.31
305416.0,6404520.0,-0.31
305418.0,6404520.0,-0.31
305420.0,6404520.0,-0.31
305422.0,6404520.0,-0.31
305424.0,6404520.0,-0.31
305426.0,6404520.0,-0.31
305428.0,6404520.0,-0.31
305430.0,6404520.0,-0.31
305432.0,6404520.0,-0.31
305434.0,6404520.0,-0.31
305436.0,6404520.0,-0.31
305438.0,6404520.0,-0.31
305440.0,6404520.0,-0.31
305442.0,6404520.0,-0.31
305444.0,6404520.0,-0.31
305446.0,6404520.0,-0.31
305448.0,6404520.0,-0.31
305450.0,6404520.0,-0.31
305452.0,6404520.0,-0.31
305454.0,6404520.0,-0.31
305456.0,6404520.0,-0.31
305458.0,6404520.0,-0.31
305460.0,6404520.0,-0.31
305462.0,6404520.0,-0.31
305464.0,6404520.0,-0.31
305466.0,6404520.0,-0.31
305468.0,6404520.0,-0.31
305470.0,6404520.0,-0.31
305472.0,6404520.0,-0.31
305474.0,6404520.0,-0.31
305476.0,6404520.0,-0.31
305478.0,6404520.0,-0.31
305480.0,6404520.0,-0.29
305482.0,6404520.0,-0.16
305484.0,6404520.0,-0.11
305486.0,6404520.0,1.2
305488.0,6404520.0,1.3
305490.0,6404520.0,1.19
305492.0,6404520.0,1.15
305494.0,6404520.0,1.08
305496.0,6404520.0,0.82
305498.0,6404520.0,0.4
305500.0,6404520.0,0.03
305502.0,6404520.0,-0.13
305504.0,6404520.0,-0.31
305506.0,6404520.0,-0.31
305508.0,6404520.0,-0.31
305510.0,6404520.0,-0.31
305512.0,6404520.0,-0.31
305514.0,6404520.0,-0.31
305516.0,6404520.0,-0.31
305518.0,6404520.0,-0.31
305520.0,6404520.0,-0.31
305522.0,6404520.0,-0.31
305524.0,6404520.0,-0.31
305526.0,6404520.0,0.02
305528.0,6404520.0,0.82
305530.0,6404520.0,2.56
305532.0,6404520.0,2.76
305534.0,6404520.0,2.72
305536.0,6404520.0,2.84
305538.0,6404520.0,2.9
305540.0,6404520.0,2.94
305542.0,6404520.0,2.82
305544.0,6404520.0,2.79
305546.0,6404520.0,2.84
305548.0,6404520.0,2.55
305550.0,6404520.0,1.54
305552.0,6404520.0,0.83
305554.0,6404520.0,1.36
305556.0,6404520.0,1.99
305558.0,6404520.0,2.66
305560.0,6404520.0,1.57
305562.0,6404520.0,0.86
305564.0,6404520.0,0.35
305566.0,6404520.0,-0.17
305568.0,6404520.0,-0.37
305570.0,6404520.0,-0.33
305572.0,6404520.0,-0.31
305574.0,6404520.0,-0.31
305576.0,6404520.0,-0.31
305578.0,6404520.0,-0.31
305580.0,6404520.0,-0.31
305582.0,6404520.0,-0.31
305584.0,6404520.0,-0.31
305586.0,6404520.0,-0.31
305588.0,6404520.0,-0.31
305590.0,6404520.0,-0.31
305592.0,6404520.0,-0.31
305594.0,6404520.0,-0.31
305596.0,6404520.0,-0.31
305598.0,6404520.0,-0.31
305600.0,6404520.0,-0.31
305602.0,6404520.0,-0.31
305604.0,6404520.0,-0.31
305606.0,6404520.0,-0.31
305608.0,6404520.0,-0.31
305610.0,6404520.0,0.12
305612.0,6404520.0,0.54
305614.0,6404520.0,0.74
305616.0,6404520.0,1.06
305618.0,6404520.0,1.15
305620.0,6404520.0,0.91
305622.0,6404520.0,0.92
305624.0,6404520.0,1.25
305626.0,6404520.0,1.59
305628.0,6404520.0,1.6
305630.0,6404520.0,1.95
305632.0,6404520.0,2.32
305634.0,6404520.0,2.09
305636.0,6404520.0,2.36
305638.0,6404520.0,2.2
305640.0,6404520.0,2.22
305642.0,6404520.0,2.41
305644.0,6404520.0,2.65
305646.0,6404520.0,2.7
305648.0,6404520.0,2.93
305650.0,6404520.0,3.11
305652.0,6404520.0,3.28
305654.0,6404520.0,3.34
305656.0,6404520.0,3.4
305658.0,6404520.0,3.49
305660.0,6404520.0,3.61
305662.0,6404520.0,3.81
305664.0,6404520.0,3.92
305666.0,6404520.0,4.05
305668.0,6404520.0,4.14
305670.0,6404520.0,4.14
305672.0,6404520.0,4.14
305674.0,6404520.0,4.24
305676.0,6404520.0,4.35
305678.0,6404520.0,4.6
305680.0,6404520.0,4.58
305150.0,6404522.0,-0.31
305152.0,6404522.0,-0.31
305154.0,6404522.0,-0.31
305156.0,6404522.0,-0.31
305158.0,6404522.0,-0.31
305160.0,6404522.0,-0.31
305162.0,6404522.0,-0.31
305164.0,6404522.0,-0.31
305166.0,6404522.0,-0.31
305168.0,6404522.0,-0.31
305170.0,6404522.0,-0.31
305172.0,6404522.0,-0.31
305174.0,6404522.0,-0.31
305176.0,6404522.0,-0.31
305178.0,6404522.0,-0.31
305180.0,6404522.0,-0.31
305182.0,6404522.0,-0.31
305184.0,6404522.0,-0.31
305186.0,6404522.0,-0.31
305188.0,6404522.0,-0.31
305190.0,6404522.0,-0.31
305192.0,6404522.0,-0.31
305194.0,6404522.0,-0.31
305196.0,6404522.0,-0.31
305198.0,6404522.0,-0.31
305200.0,6404522.0,-0.31
305202.0,6404522.0,-0.31
305204.0,6404522.0,-0.31
305206.0,6404522.0,-0.31
305208.0,6404522.0,-0.31
305210.0,6404522.0,-0.31
305212.0,6404522.0,-0.31
305214.0,6404522.0,-0.31
305216.0,6404522.0,-0.31
305218.0,6404522.0,-0.31
305220.0,6404522.0,-0.31
305222.0,6404522.0,-0.31
305224.0,6404522.0,-0.31
305226.0,6404522.0,-0.31
305228.0,6404522.0,-0.31
305230.0,6404522.0,-0.31
305232.0,6404522.0,-0.31
305234.0,6404522.0,-0.31
305236.0,6404522.0,-0.31
305238.0,6404522.0,-0.31
305240.0,6404522.0,-0.31
305242.0,6404522.0,-0.31
305244.0,6404522.0,-0.31
305246.0,6404522.0,-0.31
305248.0,6404522.0,-0.31
305250.0,6404522.0,-0.31
305252.0,6404522.0,-0.31
305254.0,6404522.0,-0.31
305256.0,6404522.0,-0.31
305258.0,6404522.0,-0.34
305260.0,6404522.0,-0.28
305262.0,6404522.0,-0.0
305264.0,6404522.0,0.53
305266.0,6404522.0,0.77
305268.0,6404522.0,0.16
305270.0,6404522.0,-0.16
305272.0,6404522.0,-0.31
305274.0,6404522.0,-0.31
305276.0,6404522.0,-0.31
305278.0,6404522.0,-0.31
305280.0,6404522.0,-0.31
305282.0,6404522.0,-0.31
305284.0,6404522.0,-0.31
305286.0,6404522.0,-0.31
305288.0,6404522.0,-0.31
305290.0,6404522.0,-0.31
305292.0,6404522.0,-0.31
305294.0,6404522.0,-0.31
305296.0,6404522.0,-0.31
305298.0,6404522.0,-0.31
305300.0,6404522.0,-0.31
305302.0,6404522.0,-0.31
305304.0,6404522.0,-0.31
305306.0,6404522.0,-0.31
305308.0,6404522.0,-0.31
305310.0,6404522.0,-0.31
305312.0,6404522.0,-0.31
305314.0,6404522.0,-0.31
305316.0,6404522.0,-0.31
305318.0,6404522.0,-0.31
305320.0,6404522.0,-0.31
305322.0,6404522.0,-0.31
305324.0,6404522.0,-0.31
305326.0,6404522.0,-0.31
305328.0,6404522.0,-0.31
305330.0,6404522.0,-0.31
305332.0,6404522.0,-0.31
305334.0,6404522.0,-0.2
305336.0,6404522.0,-0.12
305338.0,6404522.0,-0.16
305340.0,6404522.0,-0.17
305342.0,6404522.0,-0.08
305344.0,6404522.0,-0.06
305346.0,6404522.0,-0.14
305348.0,6404522.0,0.03
305350.0,6404522.0,0.03
305352.0,6404522.0,-0.18
305354.0,6404522.0,0.33
305356.0,6404522.0,0.15
305358.0,6404522.0,0.26
305360.0,6404522.0,0.53
305362.0,6404522.0,1.08
305364.0,6404522.0,1.14
305366.0,6404522.0,1.01
305368.0,6404522.0,0.78
305370.0,6404522.0,0.3
305372.0,6404522.0,-0.23
305374.0,6404522.0,-0.23
305376.0,6404522.0,-0.22
305378.0,6404522.0,-0.25
305380.0,6404522.0,-0.23
305382.0,6404522.0,-0.26
305384.0,6404522.0,-0.2
305386.0,6404522.0,-0.14
305388.0,6404522.0,-0.28
305390.0,6404522.0,0.1
305392.0,6404522.0,0.57
305394.0,6404522.0,0.87
305396.0,6404522.0,1.44
305398.0,6404522.0,1.46
305400.0,6404522.0,1.06
305402.0,6404522.0,0.87
305404.0,6404522.0,0.56
305406.0,6404522.0,0.79
305408.0,6404522.0,0.04
305410.0,6404522.0,-0.28
305412.0,6404522.0,-0.31
305414.0,6404522.0,-0.31
305416.0,6404522.0,-0.31
305418.0,6404522.0,-0.31
305420.0,6404522.0,-0.31
305422.0,6404522.0,-0.31
305424.0,6404522.0,-0.31
305426.0,6404522.0,-0.31
305428.0,6404522.0,-0.31
305430.0,6404522.0,-0.31
305432.0,6404522.0,-0.31
305434.0,6404522.0,-0.31
305436.0,6404522.0,-0.31
305438.0,6404522.0,-0.31
305440.0,6404522.0,-0.31
305442.0,6404522.0,-0.31
305444.0,6404522.0,-0.31
305446.0,6404522.0,-0.31
305448.0,6404522.0,-0.31
305450.0,6404522.0,-0.31
305452.0,6404522.0,-0.31
305454.0,6404522.0,-0.31
305456.0,6404522.0,-0.31
305458.0,6404522.0,-0.31
305460.0,6404522.0,-0.31
305462.0,6404522.0,-0.31
305464.0,6404522.0,-0.31
305466.0,6404522.0,-0.31
305468.0,6404522.0,-0.31
305470.0,6404522.0,-0.31
305472.0,6404522.0,-0.31
305474.0,6404522.0,-0.31
305476.0,6404522.0,-0.31
305478.0,6404522.0,-0.31
305480.0,6404522.0,-0.31
305482.0,6404522.0,-0.3
305484.0,6404522.0,-0.27
305486.0,6404522.0,-0.1
305488.0,6404522.0,0.49
305490.0,6404522.0,0.32
305492.0,6404522.0,0.23
305494.0,6404522.0,0.35
305496.0,6404522.0,0.27
305498.0,6404522.0,0.03
305500.0,6404522.0,-0.17
305502.0,6404522.0,-0.31
305504.0,6404522.0,-0.31
305506.0,6404522.0,-0.31
305508.0,6404522.0,-0.31
305510.0,6404522.0,-0.31
305512.0,6404522.0,-0.31
305514.0,6404522.0,-0.31
305516.0,6404522.0,-0.31
305518.0,6404522.0,-0.31
305520.0,6404522.0,-0.31
305522.0,6404522.0,-0.31
305524.0,6404522.0,-0.31
305526.0,6404522.0,-0.29
305528.0,6404522.0,-0.16
305530.0,6404522.0,0.2
305532.0,6404522.0,1.53
305534.0,6404522.0,2.47
305536.0,6404522.0,2.31
305538.0,6404522.0,2.31
305540.0,6404522.0,2.3
305542.0,6404522.0,2.22
305544.0,6404522.0,2.1
305546.0,6404522.0,1.79
305548.0,6404522.0,1.34
305550.0,6404522.0,0.15
305552.0,6404522.0,-0.01
305554.0,6404522.0,0.28
305556.0,6404522.0,0.14
305558.0,6404522.0,0.16
305560.0,6404522.0,-0.27
305562.0,6404522.0,-0.31
305564.0,6404522.0,-0.31
305566.0,6404522.0,-0.31
305568.0,6404522.0,-0.31
305570.0,6404522.0,-0.31
305572.0,6404522.0,-0.31
305574.0,6404522.0,-0.31
305576.0,6404522.0,-0.31
305578.0,6404522.0,-0.31
305580.0,6404522.0,-0.31
305582.0,6404522.0,-0.31
305584.0,6404522.0,-0.31
305586.0,6404522.0,-0.31
305588.0,6404522.0,-0.31
305590.0,6404522.0,-0.31
305592.0,6404522.0,-0.31
305594.0,6404522.0,-0.31
305596.0,6404522.0,-0.31
305598.0,6404522.0,-0.31
305600.0,6404522.0,-0.31
305602.0,6404522.0,-0.31
305604.0,6404522.0,-0.31
305606.0,6404522.0,-0.31
305608.0,6404522.0,-0.31
305610.0,6404522.0,-0.31
305612.0,6404522.0,0.54
305614.0,6404522.0,0.69
305616.0,6404522.0,0.89
305618.0,6404522.0,0.75
305620.0,6404522.0,1.17
305622.0,6404522.0,1.36
305624.0,6404522.0,1.47
305626.0,6404522.0,1.52
305628.0,6404522.0,1.66
305630.0,6404522.0,2.21
305632.0,6404522.0,2.2
305634.0,6404522.0,2.0
305636.0,6404522.0,2.19
305638.0,6404522.0,2.14
305640.0,6404522.0,2.16
305642.0,6404522.0,2.28
305644.0,6404522.0,2.63
305646.0,6404522.0,2.93
305648.0,6404522.0,3.2
305650.0,6404522.0,3.25
305652.0,6404522.0,3.34
305654.0,6404522.0,3.5
305656.0,6404522.0,3.61
305658.0,6404522.0,3.73
305660.0,6404522.0,3.75
305662.0,6404522.0,3.89
305664.0,6404522.0,4.05
305666.0,6404522.0,4.06
305668.0,6404522.0,4.14
305670.0,6404522.0,4.14
305672.0,6404522.0,4.26
305674.0,6404522.0,4.33
305676.0,6404522.0,4.39
305678.0,6404522.0,4.48
305680.0,6404522.0,4.62
305150.0,6404524.0,-0.31
305152.0,6404524.0,-0.31
305154.0,6404524.0,-0.31
305156.0,6404524.0,-0.31
305158.0,6404524.0,-0.31
305160.0,6404524.0,-0.31
305162.0,6404524.0,-0.31
305164.0,6404524.0,-0.31
305166.0,6404524.0,-0.31
305168.0,6404524.0,-0.31
305170.0,6404524.0,-0.31
305172.0,6404524.0,-0.31
305174.0,6404524.0,-0.31
305176.0,6404524.0,-0.31
305178.0,6404524.0,-0.31
305180.0,6404524.0,-0.31
305182.0,6404524.0,-0.31
305184.0,6404524.0,-0.31
305186.0,6404524.0,-0.31
305188.0,6404524.0,-0.31
305190.0,6404524.0,-0.31
305192.0,6404524.0,-0.31
305194.0,6404524.0,-0.31
305196.0,6404524.0,-0.31
305198.0,6404524.0,-0.31
305200.0,6404524.0,-0.31
305202.0,6404524.0,-0.31
305204.0,6404524.0,-0.31
305206.0,6404524.0,-0.31
305208.0,6404524.0,-0.31
305210.0,6404524.0,-0.31
305212.0,6404524.0,-0.31
305214.0,6404524.0,-0.31
305216.0,6404524.0,-0.31
305218.0,6404524.0,-0.31
305220.0,6404524.0,-0.31
305222.0,6404524.0,-0.31
305224.0,6404524.0,-0.31
305226.0,6404524.0,-0.31
305228.0,6404524.0,-0.31
305230.0,6404524.0,-0.31
305232.0,6404524.0,-0.31
305234.0,6404524.0,-0.31
305236.0,6404524.0,-0.31
305238.0,6404524.0,-0.31
305240.0,6404524.0,-0.31
305242.0,6404524.0,-0.31
305244.0,6404524.0,-0.31
305246.0,6404524.0,-0.31
305248.0,6404524.0,-0.31
305250.0,6404524.0,-0.31
305252.0,6404524.0,-0.31
305254.0,6404524.0,-0.31
305256.0,6404524.0,-0.31
305258.0,6404524.0,-0.31
305260.0,6404524.0,-0.31
305262.0,6404524.0,-0.28
305264.0,6404524.0,-0.23
305266.0,6404524.0,-0.26
305268.0,6404524.0,-0.28
305270.0,6404524.0,-0.31
305272.0,6404524.0,-0.31
305274.0,6404524.0,-0.31
305276.0,6404524.0,-0.31
305278.0,6404524.0,-0.31
305280.0,6404524.0,-0.31
305282.0,6404524.0,-0.31
305284.0,6404524.0,-0.31
305286.0,6404524.0,-0.31
305288.0,6404524.0,-0.31
305290.0,6404524.0,-0.31
305292.0,6404524.0,-0.31
305294.0,6404524.0,-0.31
305296.0,6404524.0,-0.31
305298.0,6404524.0,-0.31
305300.0,6404524.0,-0.31
305302.0,6404524.0,-0.31
305304.0,6404524.0,-0.31
305306.0,6404524.0,-0.31
305308.0,6404524.0,-0.31
305310.0,6404524.0,-0.31
305312.0,6404524.0,-0.31
305314.0,6404524.0,-0.31
305316.0,6404524.0,-0.31
305318.0,6404524.0,-0.31
305320.0,6404524.0,-0.31
305322.0,6404524.0,-0.31
305324.0,6404524.0,-0.31
305326.0,6404524.0,-0.31
305328.0,6404524.0,-0.31
305330.0,6404524.0,-0.31
305332.0,6404524.0,-0.31
305334.0,6404524.0,-0.31
305336.0,6404524.0,-0.29
305338.0,6404524.0,-0.27
305340.0,6404524.0,-0.27
305342.0,6404524.0,-0.29
305344.0,6404524.0,-0.24
305346.0,6404524.0,-0.23
305348.0,6404524.0,-0.21
305350.0,6404524.0,-0.19
305352.0,6404524.0,-0.3
305354.0,6404524.0,-0.26
305356.0,6404524.0,0.03
305358.0,6404524.0,0.08
305360.0,6404524.0,0.11
305362.0,6404524.0,0.54
305364.0,6404524.0,0.72
305366.0,6404524.0,0.63
305368.0,6404524.0,0.42
305370.0,6404524.0,-0.01
305372.0,6404524.0,-0.24
305374.0,6404524.0,-0.29
305376.0,6404524.0,-0.25
305378.0,6404524.0,-0.31
305380.0,6404524.0,-0.31
305382.0,6404524.0,-0.31
305384.0,6404524.0,-0.27
305386.0,6404524.0,-0.25
305388.0,6404524.0,0.02
305390.0,6404524.0,0.64
305392.0,6404524.0,1.23
305394.0,6404524.0,1.29
305396.0,6404524.0,1.25
305398.0,6404524.0,1.41
305400.0,6404524.0,1.2
305402.0,6404524.0,1.12
305404.0,6404524.0,0.97
305406.0,6404524.0,0.89
305408.0,6404524.0,0.43
305410.0,6404524.0,0.18
305412.0,6404524.0,-0.25
305414.0,6404524.0,-0.28
305416.0,6404524.0,-0.31
305418.0,6404524.0,-0.31
305420.0,6404524.0,-0.31
305422.0,6404524.0,-0.31
305424.0,6404524.0,-0.31
305426.0,6404524.0,-0.31
305428.0,6404524.0,-0.31
305430.0,6404524.0,-0.31
305432.0,6404524.0,-0.31
305434.0,6404524.0,-0.31
305436.0,6404524.0,-0.31
305438.0,6404524.0,-0.31
305440.0,6404524.0,-0.31
305442.0,6404524.0,-0.31
305444.0,6404524.0,-0.31
305446.0,6404524.0,-0.31
305448.0,6404524.0,-0.31
305450.0,6404524.0,-0.31
305452.0,6404524.0,-0.31
305454.0,6404524.0,-0.31
305456.0,6404524.0,-0.31
305458.0,6404524.0,-0.31
305460.0,6404524.0,-0.31
305462.0,6404524.0,-0.31
305464.0,6404524.0,-0.31
305466.0,6404524.0,-0.31
305468.0,6404524.0,-0.31
305470.0,6404524.0,-0.31
305472.0,6404524.0,-0.31
305474.0,6404524.0,-0.31
305476.0,6404524.0,-0.31
305478.0,6404524.0,-0.31
305480.0,6404524.0,-0.31
305482.0,6404524.0,-0.31
305484.0,6404524.0,-0.18
305486.0,6404524.0,-0.06
305488.0,6404524.0,-0.26
305490.0,6404524.0,-0.3
305492.0,6404524.0,-0.23
305494.0,6404524.0,0.01
305496.0,6404524.0,0.13
305498.0,6404524.0,-0.24
305500.0,6404524.0,-0.31
305502.0,6404524.0,-0.31
305504.0,6404524.0,-0.31
305506.0,6404524.0,-0.31
305508.0,6404524.0,-0.31
305510.0,6404524.0,-0.31
305512.0,6404524.0,-0.31
305514.0,6404524.0,-0.31
305516.0,6404524.0,-0.31
305518.0,6404524.0,-0.31
305520.0,6404524.0,-0.31
305522.0,6404524.0,-0.31
305524.0,6404524.0,-0.31
305526.0,6404524.0,-0.31
305528.0,6404524.0,-0.23
305530.0,6404524.0,-0.17
305532.0,6404524.0,0.07
305534.0,6404524.0,1.49
305536.0,6404524.0,1.59
305538.0,6404524.0,1.69
305540.0,6404524.0,1.51
305542.0,6404524.0,0.85
305544.0,6404524.0,0.22
305546.0,6404524.0,-0.22
305548.0,6404524.0,0.18
305550.0,6404524.0,-0.11
305552.0,6404524.0,-0.32
305554.0,6404524.0,-0.31
305556.0,6404524.0,-0.31
305558.0,6404524.0,-0.31
305560.0,6404524.0,-0.31
305562.0,6404524.0,-0.31
305564.0,6404524.0,-0.31
305566.0,6404524.0,-0.31
305568.0,6404524.0,-0.31
305570.0,6404524.0,-0.31
305572.0,6404524.0,-0.31
305574.0,6404524.0,-0.31
305576.0,6404524.0,-0.31
305578.0,6404524.0,-0.31
305580.0,6404524.0,-0.31
305582.0,6404524.0,-0.31
305584.0,6404524.0,-0.31
305586.0,6404524.0,-0.31
305588.0,6404524.0,-0.31
305590.0,6404524.0,-0.31
305592.0,6404524.0,-0.31
305594.0,6404524.0,-0.31
305596.0,6404524.0,-0.31
305598.0,6404524.0,-0.31
305600.0,6404524.0,-0.31
305602.0,6404524.0,-0.31
305604.0,6404524.0,-0.31
305606.0,6404524.0,-0.31
305608.0,6404524.0,-0.31
305610.0,6404524.0,-0.31
305612.0,6404524.0,0.54
305614.0,6404524.0,0.72
305616.0,6404524.0,0.71
305618.0,6404524.0,1.1
305620.0,6404524.0,1.45
305622.0,6404524.0,1.48
305624.0,6404524.0,1.54
305626.0,6404524.0,1.62
305628.0,6404524.0,1.7
305630.0,6404524.0,2.13
305632.0,6404524.0,1.96
305634.0,6404524.0,2.0
305636.0,6404524.0,2.01
305638.0,6404524.0,1.91
305640.0,6404524.0,2.11
305642.0,6404524.0,2.67
305644.0,6404524.0,2.88
305646.0,6404524.0,3.06
305648.0,6404524.0,3.03
305650.0,6404524.0,3.16
305652.0,6404524.0,3.44
305654.0,6404524.0,3.71
305656.0,6404524.0,3.81
305658.0,6404524.0,3.92
305660.0,6404524.0,3.98
305662.0,6404524.0,4.12
305664.0,6404524.0,4.08
305666.0,6404524.0,4.16
305668.0,6404524.0,4.17
305670.0,6404524.0,4.24
305672.0,6404524.0,4.32
305674.0,6404524.0,4.32
305676.0,6404524.0,4.47
305678.0,6404524.0,4.61
305680.0,6404524.0,4.61
305150.0,6404526.0,-0.31
305152.0,6404526.0,-0.31
305154.0,6404526.0,-0.31
305156.0,6404526.0,-0.31
305158.0,6404526.0,-0.31
305160.0,6404526.0,-0.31
305162.0,6404526.0,-0.31
305164.0,6404526.0,-0.31
305166.0,6404526.0,-0.31
305168.0,6404526.0,-0.31
305170.0,6404526.0,-0.31
305172.0,6404526.0,-0.31
305174.0,6404526.0,-0.31
305176.0,6404526.0,-0.31
305178.0,6404526.0,-0.31
305180.0,6404526.0,-0.31
305182.0,6404526.0,-0.31
305184.0,6404526.0,-0.31
305186.0,6404526.0,-0.31
305188.0,6404526.0,-0.31
305190.0,6404526.0,-0.31
305192.0,6404526.0,-0.31
305194.0,6404526.0,-0.31
305196.0,6404526.0,-0.31
305198.0,6404526.0,-0.31
305200.0,6404526.0,-0.31
305202.0,6404526.0,-0.31
305204.0,6404526.0,-0.31
305206.0,6404526.0,-0.31
305208.0,6404526.0,-0.31
305210.0,6404526.0,-0.31
305212.0,6404526.0,-0.31
305214.0,6404526.0,-0.31
305216.0,6404526.0,-0.31
305218.0,6404526.0,-0.31
305220.0,6404526.0,-0.31
305222.0,6404526.0,-0.31
305224.0,6404526.0,-0.31
305226.0,6404526.0,-0.31
305228.0,6404526.0,-0.31
305230.0,6404526.0,-0.31
305232.0,6404526.0,-0.31
305234.0,6404526.0,-0.31
305236.0,6404526.0,-0.31
305238.0,6404526.0,-0.31
305240.0,6404526.0,-0.31
305242.0,6404526.0,-0.31
305244.0,6404526.0,-0.31
305246.0,6404526.0,-0.31
305248.0,6404526.0,-0.31
305250.0,6404526.0,-0.31
305252.0,6404526.0,-0.31
305254.0,6404526.0,-0.31
305256.0,6404526.0,-0.31
305258.0,6404526.0,-0.31
305260.0,6404526.0,-0.31
305262.0,6404526.0,-0.31
305264.0,6404526.0,-0.31
305266.0,6404526.0,-0.31
305268.0,6404526.0,-0.31
305270.0,6404526.0,-0.31
305272.0,6404526.0,-0.31
305274.0,6404526.0,-0.31
305276.0,6404526.0,-0.31
305278.0,6404526.0,-0.31
305280.0,6404526.0,-0.31
305282.0,6404526.0,-0.31
305284.0,6404526.0,-0.31
305286.0,6404526.0,-0.31
305288.0,6404526.0,-0.31
305290.0,6404526.0,-0.31
305292.0,6404526.0,-0.31
305294.0,6404526.0,-0.31
305296.0,6404526.0,-0.31
305298.0,6404526.0,-0.31
305300.0,6404526.0,-0.31
305302.0,6404526.0,-0.31
305304.0,6404526.0,-0.31
305306.0,6404526.0,-0.31
305308.0,6404526.0,-0.31
305310.0,6404526.0,-0.31
305312.0,6404526.0,-0.31
305314.0,6404526.0,-0.31
305316.0,6404526.0,-0.31
305318.0,6404526.0,-0.31
305320.0,6404526.0,-0.31
305322.0,6404526.0,-0.31
305324.0,6404526.0,-0.31
305326.0,6404526.0,-0.31
305328.0,6404526.0,-0.31
305330.0,6404526.0,-0.31
305332.0,6404526.0,-0.31
305334.0,6404526.0,-0.31
305336.0,6404526.0,-0.31
305338.0,6404526.0,-0.31
305340.0,6404526.0,-0.31
305342.0,6404526.0,-0.31
305344.0,6404526.0,-0.31
305346.0,6404526.0,-0.31
305348.0,6404526.0,-0.31
305350.0,6404526.0,-0.31
305352.0,6404526.0,-0.32
305354.0,6404526.0,-0.31
305356.0,6404526.0,-0.19
305358.0,6404526.0,-0.04
305360.0,6404526.0,0.17
305362.0,6404526.0,0.16
305364.0,6404526.0,0.23
305366.0,6404526.0,0.18
305368.0,6404526.0,0.02
305370.0,6404526.0,-0.19
305372.0,6404526.0,-0.31
305374.0,6404526.0,-0.31
305376.0,6404526.0,-0.31
305378.0,6404526.0,-0.31
305380.0,6404526.0,-0.31
305382.0,6404526.0,-0.31
305384.0,6404526.0,-0.31
305386.0,6404526.0,-0.05
305388.0,6404526.0,0.42
305390.0,6404526.0,0.63
305392.0,6404526.0,0.55
305394.0,6404526.0,1.16
305396.0,6404526.0,1.05
305398.0,6404526.0,0.96
305400.0,6404526.0,0.81
305402.0,6404526.0,1.02
305404.0,6404526.0,1.12
305406.0,6404526.0,0.71
305408.0,6404526.0,0.32
305410.0,6404526.0,0.23
305412.0,6404526.0,-0.0
305414.0,6404526.0,0.1
305416.0,6404526.0,0.06
305418.0,6404526.0,-0.31
305420.0,6404526.0,-0.31
305422.0,6404526.0,-0.31
305424.0,6404526.0,-0.31
305426.0,6404526.0,-0.31
305428.0,6404526.0,-0.31
305430.0,6404526.0,-0.31
305432.0,6404526.0,-0.31
305434.0,6404526.0,-0.31
305436.0,6404526.0,-0.31
305438.0,6404526.0,-0.31
305440.0,6404526.0,-0.31
305442.0,6404526.0,-0.31
305444.0,6404526.0,-0.31
305446.0,6404526.0,-0.31
305448.0,6404526.0,-0.31
305450.0,6404526.0,-0.31
305452.0,6404526.0,-0.31
305454.0,6404526.0,-0.31
305456.0,6404526.0,-0.31
305458.0,6404526.0,-0.31
305460.0,6404526.0,-0.31
305462.0,6404526.0,-0.31
305464.0,6404526.0,-0.31
305466.0,6404526.0,-0.31
305468.0,6404526.0,-0.31
305470.0,6404526.0,-0.31
305472.0,6404526.0,-0.31
305474.0,6404526.0,-0.31
305476.0,6404526.0,-0.31
305478.0,6404526.0,-0.31
305480.0,6404526.0,-0.31
305482.0,6404526.0,-0.31
305484.0,6404526.0,-0.31
305486.0,6404526.0,0.17
305488.0,6404526.0,-0.24
305490.0,6404526.0,-0.32
305492.0,6404526.0,-0.37
305494.0,6404526.0,-0.23
305496.0,6404526.0,-0.31
305498.0,6404526.0,-0.31
305500.0,6404526.0,-0.31
305502.0,6404526.0,-0.31
305504.0,6404526.0,-0.31
305506.0,6404526.0,-0.31
305508.0,6404526.0,-0.31
305510.0,6404526.0,-0.31
305512.0,6404526.0,-0.31
305514.0,6404526.0,-0.31
305516.0,6404526.0,-0.31
305518.0,6404526.0,-0.31
305520.0,6404526.0,-0.31
305522.0,6404526.0,-0.31
305524.0,6404526.0,-0.31
305526.0,6404526.0,-0.31
305528.0,6404526.0,-0.31
305530.0,6404526.0,-0.31
305532.0,6404526.0,-0.08
305534.0,6404526.0,0.3
305536.0,6404526.0,0.28
305538.0,6404526.0,0.27
305540.0,6404526.0,0.41
305542.0,6404526.0,0.12
305544.0,6404526.0,-0.28
305546.0,6404526.0,-0.36
305548.0,6404526.0,-0.35
305550.0,6404526.0,-0.31
305552.0,6404526.0,-0.31
305554.0,6404526.0,-0.31
305556.0,6404526.0,-0.31
305558.0,6404526.0,-0.31
305560.0,6404526.0,-0.31
305562.0,6404526.0,-0.31
305564.0,6404526.0,-0.31
305566.0,6404526.0,-0.31
305568.0,6404526.0,-0.31
305570.0,6404526.0,-0.31
305572.0,6404526.0,-0.31
305574.0,6404526.0,-0.31
305576.0,6404526.0,-0.31
305578.0,6404526.0,-0.31
305580.0,6404526.0,-0.31
305582.0,6404526.0,-0.31
305584.0,6404526.0,-0.31
305586.0,6404526.0,-0.31
305588.0,6404526.0,-0.31
305590.0,6404526.0,-0.31
305592.0,6404526.0,-0.31
305594.0,6404526.0,-0.31
305596.0,6404526.0,-0.31
305598.0,6404526.0,-0.31
305600.0,6404526.0,-0.31
305602.0,6404526.0,-0.31
305604.0,6404526.0,-0.31
305606.0,6404526.0,-0.31
305608.0,6404526.0,-0.31
305610.0,6404526.0,-0.31
305612.0,6404526.0,0.66
305614.0,6404526.0,0.59
305616.0,6404526.0,0.9
305618.0,6404526.0,1.43
305620.0,6404526.0,1.43
305622.0,6404526.0,1.57
305624.0,6404526.0,1.72
305626.0,6404526.0,1.87
305628.0,6404526.0,1.89
305630.0,6404526.0,1.88
305632.0,6404526.0,2.05
305634.0,6404526.0,1.98
305636.0,6404526.0,1.98
305638.0,6404526.0,1.95
305640.0,6404526.0,2.15
305642.0,6404526.0,2.47
305644.0,6404526.0,2.68
305646.0,6404526.0,2.81
305648.0,6404526.0,2.74
305650.0,6404526.0,2.91
305652.0,6404526.0,3.53
305654.0,6404526.0,4.01
305656.0,6404526.0,4.31
305658.0,6404526.0,4.59
305660.0,6404526.0,4.67
305662.0,6404526.0,4.67
305664.0,6404526.0,4.72
305666.0,6404526.0,4.75
305668.0,6404526.0,4.56
305670.0,6404526.0,4.48
305672.0,6404526.0,4.47
305674.0,6404526.0,4.8
305676.0,6404526.0,4.76
305678.0,6404526.0,4.68
305680.0,6404526.0,4.71
305150.0,6404528.0,-0.31
305152.0,6404528.0,-0.31
305154.0,6404528.0,-0.31
305156.0,6404528.0,-0.31
305158.0,6404528.0,-0.31
305160.0,6404528.0,-0.31
305162.0,6404528.0,-0.31
305164.0,6404528.0,-0.31
305166.0,6404528.0,-0.31
305168.0,6404528.0,-0.31
305170.0,6404528.0,-0.31
305172.0,6404528.0,-0.31
305174.0,6404528.0,-0.31
305176.0,6404528.0,-0.31
305178.0,6404528.0,-0.31
305180.0,6404528.0,-0.31
305182.0,6404528.0,-0.31
305184.0,6404528.0,-0.31
305186.0,6404528.0,-0.31
305188.0,6404528.0,-0.31
305190.0,6404528.0,-0.31
305192.0,6404528.0,-0.31
305194.0,6404528.0,-0.31
305196.0,6404528.0,-0.31
305198.0,6404528.0,-0.31
305200.0,6404528.0,-0.31
305202.0,6404528.0,-0.31
305204.0,6404528.0,-0.31
305206.0,6404528.0,-0.31
305208.0,6404528.0,-0.31
305210.0,6404528.0,-0.31
305212.0,6404528.0,-0.31
305214.0,6404528.0,-0.31
305216.0,6404528.0,-0.31
305218.0,6404528.0,-0.31
305220.0,6404528.0,-0.31
305222.0,6404528.0,-0.31
305224.0,6404528.0,-0.31
305226.0,6404528.0,-0.31
305228.0,6404528.0,-0.31
305230.0,6404528.0,-0.31
305232.0,6404528.0,-0.31
305234.0,6404528.0,-0.31
305236.0,6404528.0,-0.31
305238.0,6404528.0,-0.31
305240.0,6404528.0,-0.31
305242.0,6404528.0,-0.31
305244.0,6404528.0,-0.31
305246.0,6404528.0,-0.31
305248.0,6404528.0,-0.31
305250.0,6404528.0,-0.31
305252.0,6404528.0,-0.31
305254.0,6404528.0,-0.31
305256.0,6404528.0,-0.31
305258.0,6404528.0,-0.31
305260.0,6404528.0,-0.31
305262.0,6404528.0,-0.31
305264.0,6404528.0,-0.31
305266.0,6404528.0,-0.31
305268.0,6404528.0,-0.31
305270.0,6404528.0,-0.31
305272.0,6404528.0,-0.31
305274.0,6404528.0,-0.31
305276.0,6404528.0,-0.31
305278.0,6404528.0,-0.31
305280.0,6404528.0,-0.31
305282.0,6404528.0,-0.31
305284.0,6404528.0,-0.31
305286.0,6404528.0,-0.31
305288.0,6404528.0,-0.31
305290.0,6404528.0,-0.31
305292.0,6404528.0,-0.31
305294.0,6404528.0,-0.31
305296.0,6404528.0,-0.31
305298.0,6404528.0,-0.31
305300.0,6404528.0,-0.31
305302.0,6404528.0,-0.31
305304.0,6404528.0,-0.31
305306.0,6404528.0,-0.31
305308.0,6404528.0,-0.31
305310.0,6404528.0,-0.31
305312.0,6404528.0,-0.31
305314.0,6404528.0,-0.31
305316.0,6404528.0,-0.31
305318.0,6404528.0,-0.31
305320.0,6404528.0,-0.31
305322.0,6404528.0,-0.31
305324.0,6404528.0,-0.31
305326.0,6404528.0,-0.31
305328.0,6404528.0,-0.31
305330.0,6404528.0,-0.31
305332.0,6404528.0,-0.31
305334.0,6404528.0,-0.31
305336.0,6404528.0,-0.31
305338.0,6404528.0,-0.31
305340.0,6404528.0,-0.31
305342.0,6404528.0,-0.31
305344.0,6404528.0,-0.31
305346.0,6404528.0,-0.31
305348.0,6404528.0,-0.31
305350.0,6404528.0,-0.31
305352.0,6404528.0,-0.31
305354.0,6404528.0,-0.31
305356.0,6404528.0,-0.31
305358.0,6404528.0,-0.31
305360.0,6404528.0,-0.24
305362.0,6404528.0,-0.21
305364.0,6404528.0,-0.26
305366.0,6404528.0,-0.29
305368.0,6404528.0,-0.32
305370.0,6404528.0,-0.31
305372.0,6404528.0,-0.31
305374.0,6404528.0,-0.31
305376.0,6404528.0,-0.31
305378.0,6404528.0,-0.31
305380.0,6404528.0,-0.31
305382.0,6404528.0,-0.31
305384.0,6404528.0,-0.31
305386.0,6404528.0,-0.31
305388.0,6404528.0,-0.08
305390.0,6404528.0,0.27
305392.0,6404528.0,0.34
305394.0,6404528.0,0.6
305396.0,6404528.0,0.68
305398.0,6404528.0,0.54
305400.0,6404528.0,0.53
305402.0,6404528.0,0.5
305404.0,6404528.0,0.89
305406.0,6404528.0,0.6
305408.0,6404528.0,0.67
305410.0,6404528.0,0.26
305412.0,6404528.0,0.24
305414.0,6404528.0,0.12
305416.0,6404528.0,0.13
305418.0,6404528.0,0.18
305420.0,6404528.0,-0.24
305422.0,6404528.0,-0.31
305424.0,6404528.0,-0.31
305426.0,6404528.0,-0.31
305428.0,6404528.0,-0.31
305430.0,6404528.0,-0.31
305432.0,6404528.0,-0.31
305434.0,6404528.0,-0.31
305436.0,6404528.0,-0.31
305438.0,6404528.0,-0.31
305440.0,6404528.0,-0.31
305442.0,6404528.0,-0.31
305444.0,6404528.0,-0.31
305446.0,6404528.0,-0.31
305448.0,6404528.0,-0.31
305450.0,6404528.0,-0.31
305452.0,6404528.0,-0.31
305454.0,6404528.0,-0.31
305456.0,6404528.0,-0.31
305458.0,6404528.0,-0.31
305460.0,6404528.0,-0.31
305462.0,6404528.0,-0.31
305464.0,6404528.0,-0.31
305466.0,6404528.0,-0.31
305468.0,6404528.0,-0.31
305470.0,6404528.0,-0.31
305472.0,6404528.0,-0.31
305474.0,6404528.0,-0.31
305476.0,6404528.0,-0.31
305478.0,6404528.0,-0.31
305480.0,6404528.0,-0.31
305482.0,6404528.0,-0.31
305484.0,6404528.0,-0.31
305486.0,6404528.0,-0.27
305488.0,6404528.0,-0.31
305490.0,6404528.0,-0.31
305492.0,6404528.0,-0.31
305494.0,6404528.0,-0.31
305496.0,6404528.0,-0.31
305498.0,6404528.0,-0.31
305500.0,6404528.0,-0.31
305502.0,6404528.0,-0.31
305504.0,6404528.0,-0.31
305506.0,6404528.0,-0.31
305508.0,6404528.0,-0.31
305510.0,6404528.0,-0.31
305512.0,6404528.0,-0.31
305514.0,6404528.0,-0.31
305516.0,6404528.0,-0.31
305518.0,6404528.0,-0.31
305520.0,6404528.0,-0.31
305522.0,6404528.0,-0.31
305524.0,6404528.0,-0.31
305526.0,6404528.0,-0.31
305528.0,6404528.0,-0.31
305530.0,6404528.0,-0.31
305532.0,6404528.0,-0.31
305534.0,6404528.0,-0.25
305536.0,6404528.0,-0.14
305538.0,6404528.0,-0.16
305540.0,6404528.0,-0.39
305542.0,6404528.0,-0.32
305544.0,6404528.0,-0.31
305546.0,6404528.0,-0.31
305548.0,6404528.0,-0.31
305550.0,6404528.0,-0.31
305552.0,6404528.0,-0.31
305554.0,6404528.0,-0.31
305556.0,6404528.0,-0.31
305558.0,6404528.0,-0.31
305560.0,6404528.0,-0.31
305562.0,6404528.0,-0.31
305564.0,6404528.0,-0.31
305566.0,6404528.0,-0.31
305568.0,6404528.0,-0.31
305570.0,6404528.0,-0.31
305572.0,6404528.0,-0.31
305574.0,6404528.0,-0.31
305576.0,6404528.0,-0.31
305578.0,6404528.0,-0.31
305580.0,6404528.0,-0.31
305582.0,6404528.0,-0.31
305584.0,6404528.0,-0.31
305586.0,6404528.0,-0.31
305588.0,6404528.0,-0.31
305590.0,6404528.0,-0.31
305592.0,6404528.0,-0.31
305594.0,6404528.0,-0.31
305596.0,6404528.0,-0.31
305598.0,6404528.0,-0.31
305600.0,6404528.0,-0.31
305602.0,6404528.0,-0.31
305604.0,6404528.0,-0.31
305606.0,6404528.0,-0.31
305608.0,6404528.0,-0.31
305610.0,6404528.0,-0.31
305612.0,6404528.0,0.65
305614.0,6404528.0,0.75
305616.0,6404528.0,1.39
305618.0,6404528.0,1.52
305620.0,6404528.0,1.55
305622.0,6404528.0,1.55
305624.0,6404528.0,1.57
305626.0,6404528.0,1.74
305628.0,6404528.0,1.82
305630.0,6404528.0,1.9
305632.0,6404528.0,1.9
305634.0,6404528.0,1.89
305636.0,6404528.0,1.85
305638.0,6404528.0,1.93
305640.0,6404528.0,2.16
305642.0,6404528.0,2.28
305644.0,6404528.0,2.53
305646.0,6404528.0,2.56
305648.0,6404528.0,2.65
305650.0,6404528.0,2.89
305652.0,6404528.0,3.47
305654.0,6404528.0,4.03
305656.0,6404528.0,4.36
305658.0,6404528.0,4.82
305660.0,6404528.0,5.07
305662.0,6404528.0,5.33
305664.0,6404528.0,5.46
305666.0,6404528.0,5.37
305668.0,6404528.0,5.14
305670.0,6404528.0,5.18
305672.0,6404528.0,5.17
305674.0,6404528.0,5.34
305676.0,6404528.0,5.09
305678.0,6404528.0,5.09
305680.0,6404528.0,5.03
305150.0,6404530.0,-0.31
305152.0,6404530.0,-0.31
305154.0,6404530.0,-0.31
305156.0,6404530.0,-0.31
305158.0,6404530.0,-0.31
305160.0,6404530.0,-0.31
305162.0,6404530.0,-0.31
305164.0,6404530.0,-0.31
305166.0,6404530.0,-0.31
305168.0,6404530.0,-0.31
305170.0,6404530.0,-0.31
305172.0,6404530.0,-0.31
305174.0,6404530.0,-0.31
305176.0,6404530.0,-0.31
305178.0,6404530.0,-0.31
305180.0,6404530.0,-0.31
305182.0,6404530.0,-0.31
305184.0,6404530.0,-0.31
305186.0,6404530.0,-0.31
305188.0,6404530.0,-0.31
305190.0,6404530.0,-0.31
305192.0,6404530.0,-0.31
305194.0,6404530.0,-0.31
305196.0,6404530.0,-0.31
305198.0,6404530.0,-0.31
305200.0,6404530.0,-0.31
305202.0,6404530.0,-0.31
305204.0,6404530.0,-0.31
305206.0,6404530.0,-0.31
305208.0,6404530.0,-0.31
305210.0,6404530.0,-0.31
305212.0,6404530.0,-0.31
305214.0,6404530.0,-0.31
305216.0,6404530.0,-0.31
305218.0,6404530.0,-0.31
305220.0,6404530.0,-0.31
305222.0,6404530.0,-0.31
305224.0,6404530.0,-0.31
305226.0,6404530.0,-0.31
305228.0,6404530.0,-0.31
305230.0,6404530.0,-0.31
305232.0,6404530.0,-0.31
305234.0,6404530.0,-0.31
305236.0,6404530.0,-0.31
305238.0,6404530.0,-0.31
305240.0,6404530.0,-0.31
305242.0,6404530.0,-0.31
305244.0,6404530.0,-0.31
305246.0,6404530.0,-0.31
305248.0,6404530.0,-0.31
305250.0,6404530.0,-0.31
305252.0,6404530.0,-0.31
305254.0,6404530.0,-0.31
305256.0,6404530.0,-0.31
305258.0,6404530.0,-0.31
305260.0,6404530.0,-0.31
305262.0,6404530.0,-0.31
305264.0,6404530.0,-0.31
305266.0,6404530.0,-0.31
305268.0,6404530.0,-0.31
305270.0,6404530.0,-0.31
305272.0,6404530.0,-0.31
305274.0,6404530.0,-0.31
305276.0,6404530.0,-0.31
305278.0,6404530.0,-0.31
305280.0,6404530.0,-0.31
305282.0,6404530.0,-0.31
305284.0,6404530.0,-0.31
305286.0,6404530.0,-0.31
305288.0,6404530.0,-0.31
305290.0,6404530.0,-0.31
305292.0,6404530.0,-0.31
305294.0,6404530.0,-0.31
305296.0,6404530.0,-0.31
305298.0,6404530.0,-0.31
305300.0,6404530.0,-0.31
305302.0,6404530.0,-0.31
305304.0,6404530.0,-0.31
305306.0,6404530.0,-0.31
305308.0,6404530.0,-0.31
305310.0,6404530.0,-0.31
305312.0,6404530.0,-0.31
305314.0,6404530.0,-0.31
305316.0,6404530.0,-0.31
305318.0,6404530.0,-0.31
305320.0,6404530.0,-0.31
305322.0,6404530.0,-0.31
305324.0,6404530.0,-0.31
305326.0,6404530.0,-0.31
305328.0,6404530.0,-0.31
305330.0,6404530.0,-0.31
305332.0,6404530.0,-0.31
305334.0,6404530.0,-0.31
305336.0,6404530.0,-0.31
305338.0,6404530.0,-0.31
305340.0,6404530.0,-0.31
305342.0,6404530.0,-0.31
305344.0,6404530.0,-0.31
305346.0,6404530.0,-0.31
305348.0,6404530.0,-0.31
305350.0,6404530.0,-0.31
305352.0,6404530.0,-0.31
305354.0,6404530.0,-0.31
305356.0,6404530.0,-0.31
305358.0,6404530.0,-0.31
305360.0,6404530.0,-0.31
305362.0,6404530.0,-0.31
305364.0,6404530.0,-0.31
305366.0,6404530.0,-0.31
305368.0,6404530.0,-0.31
305370.0,6404530.0,-0.31
305372.0,6404530.0,-0.31
305374.0,6404530.0,-0.31
305376.0,6404530.0,-0.31
305378.0,6404530.0,-0.31
305380.0,6404530.0,-0.31
305382.0,6404530.0,-0.31
305384.0,6404530.0,-0.31
305386.0,6404530.0,-0.31
305388.0,6404530.0,-0.31
305390.0,6404530.0,-0.17
305392.0,6404530.0,-0.08
305394.0,6404530.0,-0.11
305396.0,6404530.0,0.11
305398.0,6404530.0,0.38
305400.0,6404530.0,0.24
305402.0,6404530.0,0.1
305404.0,6404530.0,0.57
305406.0,6404530.0,0.76
305408.0,6404530.0,0.75
305410.0,6404530.0,0.65
305412.0,6404530.0,0.56
305414.0,6404530.0,0.44
305416.0,6404530.0,0.25
305418.0,6404530.0,0.25
305420.0,6404530.0,0.12
305422.0,6404530.0,-0.31
305424.0,6404530.0,-0.31
305426.0,6404530.0,-0.31
305428.0,6404530.0,-0.31
305430.0,6404530.0,-0.31
305432.0,6404530.0,-0.31
305434.0,6404530.0,-0.31
305436.0,6404530.0,-0.31
305438.0,6404530.0,-0.31
305440.0,6404530.0,-0.31
305442.0,6404530.0,-0.31
305444.0,6404530.0,-0.31
305446.0,6404530.0,-0.31
305448.0,6404530.0,-0.31
305450.0,6404530.0,-0.31
305452.0,6404530.0,-0.31
305454.0,6404530.0,-0.31
305456.0,6404530.0,-0.31
305458.0,6404530.0,-0.31
305460.0,6404530.0,-0.31
305462.0,6404530.0,-0.31
305464.0,6404530.0,-0.31
305466.0,6404530.0,-0.31
305468.0,6404530.0,-0.31
305470.0,6404530.0,-0.31
305472.0,6404530.0,-0.31
305474.0,6404530.0,-0.31
305476.0,6404530.0,-0.31
305478.0,6404530.0,-0.31
305480.0,6404530.0,-0.31
305482.0,6404530.0,-0.31
305484.0,6404530.0,-0.31
305486.0,6404530.0,-0.31
305488.0,6404530.0,-0.31
305490.0,6404530.0,-0.31
305492.0,6404530.0,-0.31
305494.0,6404530.0,-0.31
305496.0,6404530.0,-0.31
305498.0,6404530.0,-0.31
305500.0,6404530.0,-0.31
305502.0,6404530.0,-0.31
305504.0,6404530.0,-0.31
305506.0,6404530.0,-0.31
305508.0,6404530.0,-0.31
305510.0,6404530.0,-0.31
305512.0,6404530.0,-0.31
305514.0,6404530.0,-0.31
305516.0,6404530.0,-0.31
305518.0,6404530.0,-0.31
305520.0,6404530.0,-0.31
305522.0,6404530.0,-0.31
305524.0,6404530.0,-0.31
305526.0,6404530.0,-0.31
305528.0,6404530.0,-0.31
305530.0,6404530.0,-0.31
305532.0,6404530.0,-0.31
305534.0,6404530.0,-0.31
305536.0,6404530.0,-0.31
305538.0,6404530.0,-0.31
305540.0,6404530.0,-0.31
305542.0,6404530.0,-0.31
305544.0,6404530.0,-0.31
305546.0,6404530.0,-0.31
305548.0,6404530.0,-0.31
305550.0,6404530.0,-0.31
305552.0,6404530.0,-0.31
305554.0,6404530.0,-0.31
305556.0,6404530.0,-0.31
305558.0,6404530.0,-0.31
305560.0,6404530.0,-0.31
305562.0,6404530.0,-0.31
305564.0,6404530.0,-0.31
305566.0,6404530.0,-0.31
305568.0,6404530.0,-0.31
305570.0,6404530.0,-0.31
305572.0,6404530.0,-0.31
305574.0,6404530.0,-0.31
305576.0,6404530.0,-0.31
305578.0,6404530.0,-0.31
305580.0,6404530.0,-0.31
305582.0,6404530.0,-0.31
305584.0,6404530.0,-0.31
305586.0,6404530.0,-0.31
305588.0,6404530.0,-0.31
305590.0,6404530.0,-0.31
305592.0,6404530.0,-0.31
305594.0,6404530.0,-0.31
305596.0,6404530.0,-0.31
305598.0,6404530.0,-0.31
305600.0,6404530.0,-0.31
305602.0,6404530.0,-0.31
305604.0,6404530.0,-0.31
305606.0,6404530.0,-0.31
305608.0,6404530.0,-0.31
305610.0,6404530.0,-0.2
305612.0,6404530.0,0.61
305614.0,6404530.0,1.26
305616.0,6404530.0,1.54
305618.0,6404530.0,1.5
305620.0,6404530.0,1.78
305622.0,6404530.0,1.51
305624.0,6404530.0,1.49
305626.0,6404530.0,1.58
305628.0,6404530.0,1.72
305630.0,6404530.0,1.81
305632.0,6404530.0,1.84
305634.0,6404530.0,1.82
305636.0,6404530.0,1.9
305638.0,6404530.0,1.97
305640.0,6404530.0,2.17
305642.0,6404530.0,2.25
305644.0,6404530.0,2.37
305646.0,6404530.0,2.42
305648.0,6404530.0,2.73
305650.0,6404530.0,2.85
305652.0,6404530.0,3.4
305654.0,6404530.0,3.87
305656.0,6404530.0,4.37
305658.0,6404530.0,4.74
305660.0,6404530.0,5.05
305662.0,6404530.0,5.21
305664.0,6404530.0,5.4
305666.0,6404530.0,5.54
305668.0,6404530.0,5.51
305670.0,6404530.0,5.75
305672.0,6404530.0,5.59
305674.0,6404530.0,5.73
305676.0,6404530.0,5.61
305678.0,6404530.0,5.81
305680.0,6404530.0,5.83
305150.0,6404532.0,-0.31
305152.0,6404532.0,-0.31
305154.0,6404532.0,-0.31
305156.0,6404532.0,-0.31
305158.0,6404532.0,-0.31
305160.0,6404532.0,-0.31
305162.0,6404532.0,-0.31
305164.0,6404532.0,-0.31
305166.0,6404532.0,-0.31
305168.0,6404532.0,-0.31
305170.0,6404532.0,-0.31
305172.0,6404532.0,-0.31
305174.0,6404532.0,-0.31
305176.0,6404532.0,-0.31
305178.0,6404532.0,-0.31
305180.0,6404532.0,-0.31
305182.0,6404532.0,-0.31
305184.0,6404532.0,-0.31
305186.0,6404532.0,-0.31
305188.0,6404532.0,-0.31
305190.0,6404532.0,-0.31
305192.0,6404532.0,-0.31
305194.0,6404532.0,-0.31
305196.0,6404532.0,-0.31
305198.0,6404532.0,-0.31
305200.0,6404532.0,-0.31
305202.0,6404532.0,-0.31
305204.0,6404532.0,-0.31
305206.0,6404532.0,-0.31
305208.0,6404532.0,-0.31
305210.0,6404532.0,-0.31
305212.0,6404532.0,-0.31
305214.0,6404532.0,-0.31
305216.0,6404532.0,-0.31
305218.0,6404532.0,-0.31
305220.0,6404532.0,-0.31
305222.0,6404532.0,-0.31
305224.0,6404532.0,-0.31
305226.0,6404532.0,-0.31
305228.0,6404532.0,-0.31
305230.0,6404532.0,-0.31
305232.0,6404532.0,-0.31
305234.0,6404532.0,-0.31
305236.0,6404532.0,-0.31
305238.0,6404532.0,-0.31
305240.0,6404532.0,-0.31
305242.0,6404532.0,-0.31
305244.0,6404532.0,-0.31
305246.0,6404532.0,-0.31
305248.0,6404532.0,-0.31
305250.0,6404532.0,-0.31
305252.0,6404532.0,-0.31
305254.0,6404532.0,-0.31
305256.0,6404532.0,-0.31
305258.0,6404532.0,-0.31
305260.0,6404532.0,-0.31
305262.0,6404532.0,-0.31
305264.0,6404532.0,-0.31
305266.0,6404532.0,-0.31
305268.0,6404532.0,-0.31
305270.0,6404532.0,-0.31
305272.0,6404532.0,-0.31
305274.0,6404532.0,-0.31
305276.0,6404532.0,-0.31
305278.0,6404532.0,-0.31
305280.0,6404532.0,-0.31
305282.0,6404532.0,-0.31
305284.0,6404532.0,-0.31
305286.0,6404532.0,-0.31
305288.0,6404532.0,-0.31
305290.0,6404532.0,-0.31
305292.0,6404532.0,-0.31
305294.0,6404532.0,-0.31
305296.0,6404532.0,-0.31
305298.0,6404532.0,-0.31
305300.0,6404532.0,-0.31
305302.0,6404532.0,-0.31
305304.0,6404532.0,-0.31
305306.0,6404532.0,-0.31
305308.0,6404532.0,-0.31
305310.0,6404532.0,-0.31
305312.0,6404532.0,-0.31
305314.0,6404532.0,-0.31
305316.0,6404532.0,-0.31
305318.0,6404532.0,-0.31
305320.0,6404532.0,-0.31
305322.0,6404532.0,-0.31
305324.0,6404532.0,-0.31
305326.0,6404532.0,-0.31
305328.0,6404532.0,-0.31
305330.0,6404532.0,-0.31
305332.0,6404532.0,-0.31
305334.0,6404532.0,-0.31
305336.0,6404532.0,-0.31
305338.0,6404532.0,-0.31
305340.0,6404532.0,-0.31
305342.0,6404532.0,-0.31
305344.0,6404532.0,-0.31
305346.0,6404532.0,-0.31
305348.0,6404532.0,-0.31
305350.0,6404532.0,-0.31
305352.0,6404532.0,-0.31
305354.0,6404532.0,-0.31
305356.0,6404532.0,-0.31
305358.0,6404532.0,-0.31
305360.0,6404532.0,-0.31
305362.0,6404532.0,-0.31
305364.0,6404532.0,-0.31
305366.0,6404532.0,-0.31
305368.0,6404532.0,-0.31
305370.0,6404532.0,-0.31
305372.0,6404532.0,-0.31
305374.0,6404532.0,-0.31
305376.0,6404532.0,-0.31
305378.0,6404532.0,-0.31
305380.0,6404532.0,-0.31
305382.0,6404532.0,-0.31
305384.0,6404532.0,-0.31
305386.0,6404532.0,-0.31
305388.0,6404532.0,-0.31
305390.0,6404532.0,-0.31
305392.0,6404532.0,-0.31
305394.0,6404532.0,-0.27
305396.0,6404532.0,-0.26
305398.0,6404532.0,0.2
305400.0,6404532.0,0.06
305402.0,6404532.0,-0.09
305404.0,6404532.0,0.12
305406.0,6404532.0,0.4
305408.0,6404532.0,0.51
305410.0,6404532.0,0.93
305412.0,6404532.0,0.98
305414.0,6404532.0,0.74
305416.0,6404532.0,0.48
305418.0,6404532.0,0.31
305420.0,6404532.0,0.17
305422.0,6404532.0,-0.31
305424.0,6404532.0,-0.31
305426.0,6404532.0,-0.31
305428.0,6404532.0,-0.31
305430.0,6404532.0,-0.31
305432.0,6404532.0,-0.31
305434.0,6404532.0,-0.31
305436.0,6404532.0,-0.31
305438.0,6404532.0,-0.31
305440.0,6404532.0,-0.31
305442.0,6404532.0,-0.31
305444.0,6404532.0,-0.31
305446.0,6404532.0,-0.31
305448.0,6404532.0,-0.31
305450.0,6404532.0,-0.31
305452.0,6404532.0,-0.31
305454.0,6404532.0,-0.31
305456.0,6404532.0,-0.31
305458.0,6404532.0,-0.31
305460.0,6404532.0,-0.31
305462.0,6404532.0,-0.31
305464.0,6404532.0,-0.31
305466.0,6404532.0,-0.31
305468.0,6404532.0,-0.31
305470.0,6404532.0,-0.31
305472.0,6404532.0,-0.31
305474.0,6404532.0,-0.31
305476.0,6404532.0,-0.31
305478.0,6404532.0,-0.31
305480.0,6404532.0,-0.31
305482.0,6404532.0,-0.31
305484.0,6404532.0,-0.31
305486.0,6404532.0,-0.31
305488.0,6404532.0,-0.31
305490.0,6404532.0,-0.31
305492.0,6404532.0,-0.31
305494.0,6404532.0,-0.31
305496.0,6404532.0,-0.31
305498.0,6404532.0,-0.31
305500.0,6404532.0,-0.31
305502.0,6404532.0,-0.31
305504.0,6404532.0,-0.31
305506.0,6404532.0,-0.31
305508.0,6404532.0,-0.31
305510.0,6404532.0,-0.31
305512.0,6404532.0,-0.31
305514.0,6404532.0,-0.31
305516.0,6404532.0,-0.31
305518.0,6404532.0,-0.31
305520.0,6404532.0,-0.31
305522.0,6404532.0,-0.31
305524.0,6404532.0,-0.31
305526.0,6404532.0,-0.31
305528.0,6404532.0,-0.31
305530.0,6404532.0,-0.31
305532.0,6404532.0,-0.31
305534.0,6404532.0,-0.31
305536.0,6404532.0,-0.31
305538.0,6404532.0,-0.31
305540.0,6404532.0,-0.31
305542.0,6404532.0,-0.31
305544.0,6404532.0,-0.31
305546.0,6404532.0,-0.31
305548.0,6404532.0,-0.31
305550.0,6404532.0,-0.31
305552.0,6404532.0,-0.31
305554.0,6404532.0,-0.31
305556.0,6404532.0,-0.31
305558.0,6404532.0,-0.31
305560.0,6404532.0,-0.31
305562.0,6404532.0,-0.31
305564.0,6404532.0,-0.31
305566.0,6404532.0,-0.31
305568.0,6404532.0,-0.31
305570.0,6404532.0,-0.31
305572.0,6404532.0,-0.31
305574.0,6404532.0,-0.31
305576.0,6404532.0,-0.31
305578.0,6404532.0,-0.31
305580.0,6404532.0,-0.31
305582.0,6404532.0,-0.31
305584.0,6404532.0,-0.31
305586.0,6404532.0,-0.31
305588.0,6404532.0,-0.31
305590.0,6404532.0,-0.31
305592.0,6404532.0,-0.31
305594.0,6404532.0,-0.31
305596.0,6404532.0,-0.31
305598.0,6404532.0,-0.31
305600.0,6404532.0,-0.31
305602.0,6404532.0,-0.31
305604.0,6404532.0,-0.31
305606.0,6404532.0,-0.31
305608.0,6404532.0,-0.31
305610.0,6404532.0,0.16
305612.0,6404532.0,0.79
305614.0,6404532.0,1.46
305616.0,6404532.0,1.64
305618.0,6404532.0,1.59
305620.0,6404532.0,1.48
305622.0,6404532.0,1.46
305624.0,6404532.0,1.43
305626.0,6404532.0,1.55
305628.0,6404532.0,1.82
305630.0,6404532.0,1.82
305632.0,6404532.0,1.86
305634.0,6404532.0,1.98
305636.0,6404532.0,2.03
305638.0,6404532.0,1.97
305640.0,6404532.0,2.17
305642.0,6404532.0,2.25
305644.0,6404532.0,2.31
305646.0,6404532.0,2.54
305648.0,6404532.0,2.83
305650.0,6404532.0,3.04
305652.0,6404532.0,3.26
305654.0,6404532.0,3.86
305656.0,6404532.0,4.19
305658.0,6404532.0,4.59
305660.0,6404532.0,4.97
305662.0,6404532.0,5.23
305664.0,6404532.0,5.47
305666.0,6404532.0,5.59
305668.0,6404532.0,5.85
305670.0,6404532.0,6.28
305672.0,6404532.0,6.28
305674.0,6404532.0,6.33
305676.0,6404532.0,6.34
305678.0,6404532.0,6.31
305680.0,6404532.0,6.82
305150.0,6404534.0,-0.31
305152.0,6404534.0,-0.31
305154.0,6404534.0,-0.31
305156.0,6404534.0,-0.31
305158.0,6404534.0,-0.31
305160.0,6404534.0,-0.31
305162.0,6404534.0,-0.31
305164.0,6404534.0,-0.31
305166.0,6404534.0,-0.31
305168.0,6404534.0,-0.31
305170.0,6404534.0,-0.31
305172.0,6404534.0,-0.31
305174.0,6404534.0,-0.31
305176.0,6404534.0,-0.31
305178.0,6404534.0,-0.31
305180.0,6404534.0,-0.31
305182.0,6404534.0,-0.31
305184.0,6404534.0,-0.31
305186.0,6404534.0,-0.31
305188.0,6404534.0,-0.31
305190.0,6404534.0,-0.31
305192.0,6404534.0,-0.31
305194.0,6404534.0,-0.31
305196.0,6404534.0,-0.31
305198.0,6404534.0,-0.31
305200.0,6404534.0,-0.31
305202.0,6404534.0,-0.31
305204.0,6404534.0,-0.31
305206.0,6404534.0,-0.31
305208.0,6404534.0,-0.31
305210.0,6404534.0,-0.31
305212.0,6404534.0,-0.31
305214.0,6404534.0,-0.31
305216.0,6404534.0,-0.31
305218.0,6404534.0,-0.31
305220.0,6404534.0,-0.31
305222.0,6404534.0,-0.31
305224.0,6404534.0,-0.31
305226.0,6404534.0,-0.31
305228.0,6404534.0,-0.31
305230.0,6404534.0,-0.31
305232.0,6404534.0,-0.31
305234.0,6404534.0,-0.31
305236.0,6404534.0,-0.31
305238.0,6404534.0,-0.31
305240.0,6404534.0,-0.31
305242.0,6404534.0,-0.31
305244.0,6404534.0,-0.31
305246.0,6404534.0,-0.31
305248.0,6404534.0,-0.31
305250.0,6404534.0,-0.31
305252.0,6404534.0,-0.31
305254.0,6404534.0,-0.31
305256.0,6404534.0,-0.31
305258.0,6404534.0,-0.31
305260.0,6404534.0,-0.31
305262.0,6404534.0,-0.31
305264.0,6404534.0,-0.31
305266.0,6404534.0,-0.31
305268.0,6404534.0,-0.31
305270.0,6404534.0,-0.31
305272.0,6404534.0,-0.31
305274.0,6404534.0,-0.31
305276.0,6404534.0,-0.31
305278.0,6404534.0,-0.31
305280.0,6404534.0,-0.31
305282.0,6404534.0,-0.31
305284.0,6404534.0,-0.31
305286.0,6404534.0,-0.31
305288.0,6404534.0,-0.31
305290.0,6404534.0,-0.31
305292.0,6404534.0,-0.31
305294.0,6404534.0,-0.31
305296.0,6404534.0,-0.31
305298.0,6404534.0,-0.31
305300.0,6404534.0,-0.31
305302.0,6404534.0,-0.31
305304.0,6404534.0,-0.31
305306.0,6404534.0,-0.31
305308.0,6404534.0,-0.31
305310.0,6404534.0,-0.31
305312.0,6404534.0,-0.31
305314.0,6404534.0,-0.31
305316.0,6404534.0,-0.31
305318.0,6404534.0,-0.31
305320.0,6404534.0,-0.31
305322.0,6404534.0,-0.31
305324.0,6404534.0,-0.31
305326.0,6404534.0,-0.31
305328.0,6404534.0,-0.31
305330.0,6404534.0,-0.31
305332.0,6404534.0,-0.31
305334.0,6404534.0,-0.31
305336.0,6404534.0,-0.31
305338.0,6404534.0,-0.31
305340.0,6404534.0,-0.31
305342.0,6404534.0,-0.31
305344.0,6404534.0,-0.31
305346.0,6404534.0,-0.31
305348.0,6404534.0,-0.31
305350.0,6404534.0,-0.31
305352.0,6404534.0,-0.31
305354.0,6404534.0,-0.31
305356.0,6404534.0,-0.31
305358.0,6404534.0,-0.31
305360.0,6404534.0,-0.31
305362.0,6404534.0,-0.31
305364.0,6404534.0,-0.31
305366.0,6404534.0,-0.31
305368.0,6404534.0,-0.31
305370.0,6404534.0,-0.31
305372.0,6404534.0,-0.31
305374.0,6404534.0,-0.31
305376.0,6404534.0,-0.31
305378.0,6404534.0,-0.31
305380.0,6404534.0,-0.31
305382.0,6404534.0,-0.31
305384.0,6404534.0,-0.31
305386.0,6404534.0,-0.31
305388.0,6404534.0,-0.31
305390.0,6404534.0,-0.31
305392.0,6404534.0,-0.31
305394.0,6404534.0,-0.31
305396.0,6404534.0,-0.31
305398.0,6404534.0,-0.31
305400.0,6404534.0,-0.31
305402.0,6404534.0,-0.31
305404.0,6404534.0,-0.31
305406.0,6404534.0,-0.26
305408.0,6404534.0,-0.18
305410.0,6404534.0,0.33
305412.0,6404534.0,0.87
305414.0,6404534.0,0.94
305416.0,6404534.0,0.65
305418.0,6404534.0,0.25
305420.0,6404534.0,0.08
305422.0,6404534.0,-0.17
305424.0,6404534.0,-0.31
305426.0,6404534.0,-0.31
305428.0,6404534.0,-0.31
305430.0,6404534.0,-0.31
305432.0,6404534.0,-0.31
305434.0,6404534.0,-0.31
305436.0,6404534.0,-0.31
305438.0,6404534.0,-0.31
305440.0,6404534.0,-0.31
305442.0,6404534.0,-0.31
305444.0,6404534.0,-0.31
305446.0,6404534.0,-0.31
305448.0,6404534.0,-0.31
305450.0,6404534.0,-0.31
305452.0,6404534.0,-0.31
305454.0,6404534.0,-0.31
305456.0,6404534.0,-0.31
305458.0,6404534.0,-0.31
305460.0,6404534.0,-0.31
305462.0,6404534.0,-0.31
305464.0,6404534.0,-0.31
305466.0,6404534.0,-0.31
305468.0,6404534.0,-0.31
305470.0,6404534.0,-0.31
305472.0,6404534.0,-0.31
305474.0,6404534.0,-0.31
305476.0,6404534.0,-0.31
305478.0,6404534.0,-0.31
305480.0,6404534.0,-0.31
305482.0,6404534.0,-0.31
305484.0,6404534.0,-0.31
305486.0,6404534.0,-0.31
305488.0,6404534.0,-0.31
305490.0,6404534.0,-0.31
305492.0,6404534.0,-0.31
305494.0,6404534.0,-0.31
305496.0,6404534.0,-0.31
305498.0,6404534.0,-0.31
305500.0,6404534.0,-0.31
305502.0,6404534.0,-0.31
305504.0,6404534.0,-0.31
305506.0,6404534.0,-0.31
305508.0,6404534.0,-0.31
305510.0,6404534.0,-0.31
305512.0,6404534.0,-0.31
305514.0,6404534.0,-0.31
305516.0,6404534.0,-0.31
305518.0,6404534.0,-0.31
305520.0,6404534.0,-0.31
305522.0,6404534.0,-0.31
305524.0,6404534.0,-0.31
305526.0,6404534.0,-0.31
305528.0,6404534.0,-0.31
305530.0,6404534.0,-0.31
305532.0,6404534.0,-0.31
305534.0,6404534.0,-0.31
305536.0,6404534.0,-0.31
305538.0,6404534.0,-0.31
305540.0,6404534.0,-0.31
305542.0,6404534.0,-0.31
305544.0,6404534.0,-0.31
305546.0,6404534.0,-0.31
305548.0,6404534.0,-0.31
305550.0,6404534.0,-0.31
305552.0,6404534.0,-0.31
305554.0,6404534.0,-0.31
305556.0,6404534.0,-0.31
305558.0,6404534.0,-0.31
305560.0,6404534.0,-0.31
305562.0,6404534.0,-0.31
305564.0,6404534.0,-0.31
305566.0,6404534.0,-0.31
305568.0,6404534.0,-0.31
305570.0,6404534.0,-0.31
305572.0,6404534.0,-0.31
305574.0,6404534.0,-0.31
305576.0,6404534.0,-0.31
305578.0,6404534.0,-0.31
305580.0,6404534.0,-0.31
305582.0,6404534.0,-0.31
305584.0,6404534.0,-0.31
305586.0,6404534.0,-0.31
305588.0,6404534.0,-0.31
305590.0,6404534.0,-0.31
305592.0,6404534.0,-0.31
305594.0,6404534.0,-0.31
305596.0,6404534.0,-0.31
305598.0,6404534.0,-0.31
305600.0,6404534.0,-0.31
305602.0,6404534.0,-0.31
305604.0,6404534.0,-0.31
305606.0,6404534.0,-0.31
305608.0,6404534.0,-0.31
305610.0,6404534.0,0.7
305612.0,6404534.0,0.76
305614.0,6404534.0,0.99
305616.0,6404534.0,0.99
305618.0,6404534.0,1.28
305620.0,6404534.0,1.33
305622.0,6404534.0,1.32
305624.0,6404534.0,1.52
305626.0,6404534.0,1.57
305628.0,6404534.0,1.73
305630.0,6404534.0,1.88
305632.0,6404534.0,1.78
305634.0,6404534.0,1.99
305636.0,6404534.0,2.1
305638.0,6404534.0,2.11
305640.0,6404534.0,2.12
305642.0,6404534.0,2.19
305644.0,6404534.0,2.43
305646.0,6404534.0,2.8
305648.0,6404534.0,2.93
305650.0,6404534.0,3.22
305652.0,6404534.0,3.55
305654.0,6404534.0,3.87
305656.0,6404534.0,4.15
305658.0,6404534.0,4.55
305660.0,6404534.0,4.84
305662.0,6404534.0,5.05
305664.0,6404534.0,5.32
305666.0,6404534.0,5.51
305668.0,6404534.0,5.7
305670.0,6404534.0,5.99
305672.0,6404534.0,6.28
305674.0,6404534.0,6.39
305676.0,6404534.0,6.47
305678.0,6404534.0,6.79
305680.0,6404534.0,7.38
305150.0,6404536.0,-0.31
305152.0,6404536.0,-0.31
305154.0,6404536.0,-0.31
305156.0,6404536.0,-0.31
305158.0,6404536.0,-0.31
305160.0,6404536.0,-0.31
305162.0,6404536.0,-0.31
305164.0,6404536.0,-0.31
305166.0,6404536.0,-0.31
305168.0,6404536.0,-0.31
305170.0,6404536.0,-0.31
305172.0,6404536.0,-0.31
305174.0,6404536.0,-0.31
305176.0,6404536.0,-0.31
305178.0,6404536.0,-0.31
305180.0,6404536.0,-0.31
305182.0,6404536.0,-0.31
305184.0,6404536.0,-0.31
305186.0,6404536.0,-0.31
305188.0,6404536.0,-0.31
305190.0,6404536.0,-0.31
305192.0,6404536.0,-0.31
305194.0,6404536.0,-0.31
305196.0,6404536.0,-0.31
305198.0,6404536.0,-0.31
305200.0,6404536.0,-0.31
305202.0,6404536.0,-0.31
305204.0,6404536.0,-0.31
305206.0,6404536.0,-0.31
305208.0,6404536.0,-0.31
305210.0,6404536.0,-0.31
305212.0,6404536.0,-0.31
305214.0,6404536.0,-0.31
305216.0,6404536.0,-0.31
305218.0,6404536.0,-0.31
305220.0,6404536.0,-0.31
305222.0,6404536.0,-0.31
305224.0,6404536.0,-0.31
305226.0,6404536.0,-0.31
305228.0,6404536.0,-0.31
305230.0,6404536.0,-0.31
305232.0,6404536.0,-0.31
305234.0,6404536.0,-0.31
305236.0,6404536.0,-0.31
305238.0,6404536.0,-0.31
305240.0,6404536.0,-0.31
305242.0,6404536.0,-0.31
305244.0,6404536.0,-0.31
305246.0,6404536.0,-0.31
305248.0,6404536.0,-0.31
305250.0,6404536.0,-0.31
305252.0,6404536.0,-0.31
305254.0,6404536.0,-0.31
305256.0,6404536.0,-0.31
305258.0,6404536.0,-0.31
305260.0,6404536.0,-0.31
305262.0,6404536.0,-0.31
305264.0,6404536.0,-0.31
305266.0,6404536.0,-0.31
305268.0,6404536.0,-0.31
305270.0,6404536.0,-0.31
305272.0,6404536.0,-0.31
305274.0,6404536.0,-0.31
305276.0,6404536.0,-0.31
305278.0,6404536.0,-0.31
305280.0,6404536.0,-0.31
305282.0,6404536.0,-0.31
305284.0,6404536.0,-0.31
305286.0,6404536.0,-0.31
305288.0,6404536.0,-0.31
305290.0,6404536.0,-0.31
305292.0,6404536.0,-0.31
305294.0,6404536.0,-0.31
305296.0,6404536.0,-0.31
305298.0,6404536.0,-0.31
305300.0,6404536.0,-0.31
305302.0,6404536.0,-0.31
305304.0,6404536.0,-0.31
305306.0,6404536.0,-0.31
305308.0,6404536.0,-0.31
305310.0,6404536.0,-0.31
305312.0,6404536.0,-0.31
305314.0,6404536.0,-0.31
305316.0,6404536.0,-0.31
305318.0,6404536.0,-0.31
305320.0,6404536.0,-0.31
305322.0,6404536.0,-0.31
305324.0,6404536.0,-0.31
305326.0,6404536.0,-0.31
305328.0,6404536.0,-0.31
305330.0,6404536.0,-0.31
305332.0,6404536.0,-0.31
305334.0,6404536.0,-0.31
305336.0,6404536.0,-0.31
305338.0,6404536.0,-0.31
305340.0,6404536.0,-0.31
305342.0,6404536.0,-0.31
305344.0,6404536.0,-0.31
305346.0,6404536.0,-0.31
305348.0,6404536.0,-0.31
305350.0,6404536.0,-0.31
305352.0,6404536.0,-0.31
305354.0,6404536.0,-0.31
305356.0,6404536.0,-0.31
305358.0,6404536.0,-0.31
305360.0,6404536.0,-0.31
305362.0,6404536.0,-0.31
305364.0,6404536.0,-0.31
305366.0,6404536.0,-0.31
305368.0,6404536.0,-0.31
305370.0,6404536.0,-0.31
305372.0,6404536.0,-0.31
305374.0,6404536.0,-0.31
305376.0,6404536.0,-0.31
305378.0,6404536.0,-0.31
305380.0,6404536.0,-0.31
305382.0,6404536.0,-0.31
305384.0,6404536.0,-0.31
305386.0,6404536.0,-0.31
305388.0,6404536.0,-0.31
305390.0,6404536.0,-0.31
305392.0,6404536.0,-0.31
305394.0,6404536.0,-0.31
305396.0,6404536.0,-0.31
305398.0,6404536.0,-0.31
305400.0,6404536.0,-0.31
305402.0,6404536.0,-0.31
305404.0,6404536.0,-0.31
305406.0,6404536.0,-0.31
305408.0,6404536.0,-0.31
305410.0,6404536.0,-0.27
305412.0,6404536.0,-0.2
305414.0,6404536.0,0.16
305416.0,6404536.0,0.61
305418.0,6404536.0,0.15
305420.0,6404536.0,0.16
305422.0,6404536.0,-0.01
305424.0,6404536.0,-0.19
305426.0,6404536.0,-0.25
305428.0,6404536.0,-0.31
305430.0,6404536.0,-0.31
305432.0,6404536.0,-0.31
305434.0,6404536.0,-0.31
305436.0,6404536.0,-0.31
305438.0,6404536.0,-0.31
305440.0,6404536.0,-0.31
305442.0,6404536.0,-0.31
305444.0,6404536.0,-0.31
305446.0,6404536.0,-0.31
305448.0,6404536.0,-0.31
305450.0,6404536.0,-0.31
305452.0,6404536.0,-0.31
305454.0,6404536.0,-0.31
305456.0,6404536.0,-0.31
305458.0,6404536.0,-0.31
305460.0,6404536.0,-0.31
305462.0,6404536.0,-0.31
305464.0,6404536.0,-0.31
305466.0,6404536.0,-0.31
305468.0,6404536.0,-0.31
305470.0,6404536.0,-0.31
305472.0,6404536.0,-0.31
305474.0,6404536.0,-0.31
305476.0,6404536.0,-0.31
305478.0,6404536.0,-0.31
305480.0,6404536.0,-0.31
305482.0,6404536.0,-0.31
305484.0,6404536.0,-0.31
305486.0,6404536.0,-0.31
305488.0,6404536.0,-0.31
305490.0,6404536.0,-0.31
305492.0,6404536.0,-0.31
305494.0,6404536.0,-0.31
305496.0,6404536.0,-0.31
305498.0,6404536.0,-0.31
305500.0,6404536.0,-0.31
305502.0,6404536.0,-0.31
305504.0,6404536.0,-0.31
305506.0,6404536.0,-0.31
305508.0,6404536.0,-0.31
305510.0,6404536.0,-0.31
305512.0,6404536.0,-0.31
305514.0,6404536.0,-0.31
305516.0,6404536.0,-0.31
305518.0,6404536.0,-0.31
305520.0,6404536.0,-0.31
305522.0,6404536.0,-0.31
305524.0,6404536.0,-0.31
305526.0,6404536.0,-0.31
305528.0,6404536.0,-0.31
305530.0,6404536.0,-0.31
305532.0,6404536.0,-0.31
305534.0,6404536.0,-0.31
305536.0,6404536.0,-0.31
305538.0,6404536.0,-0.31
305540.0,6404536.0,-0.31
305542.0,6404536.0,-0.31
305544.0,6404536.0,-0.31
305546.0,6404536.0,-0.31
305548.0,6404536.0,-0.31
305550.0,6404536.0,-0.31
305552.0,6404536.0,-0.31
305554.0,6404536.0,-0.31
305556.0,6404536.0,-0.31
305558.0,6404536.0,-0.31
305560.0,6404536.0,-0.31
305562.0,6404536.0,-0.31
305564.0,6404536.0,-0.31
305566.0,6404536.0,-0.31
305568.0,6404536.0,-0.31
305570.0,6404536.0,-0.31
305572.0,6404536.0,-0.31
305574.0,6404536.0,-0.31
305576.0,6404536.0,-0.31
305578.0,6404536.0,-0.31
305580.0,6404536.0,-0.31
305582.0,6404536.0,-0.31
305584.0,6404536.0,-0.31
305586.0,6404536.0,-0.31
305588.0,6404536.0,-0.31
305590.0,6404536.0,-0.31
305592.0,6404536.0,-0.31
305594.0,6404536.0,-0.31
305596.0,6404536.0,-0.31
305598.0,6404536.0,-0.31
305600.0,6404536.0,-0.31
305602.0,6404536.0,-0.31
305604.0,6404536.0,-0.31
305606.0,6404536.0,-0.31
305608.0,6404536.0,-0.07
305610.0,6404536.0,0.68
305612.0,6404536.0,0.66
305614.0,6404536.0,0.66
305616.0,6404536.0,0.78
305618.0,6404536.0,0.98
305620.0,6404536.0,1.16
305622.0,6404536.0,1.35
305624.0,6404536.0,1.45
305626.0,6404536.0,1.53
305628.0,6404536.0,1.83
305630.0,6404536.0,1.88
305632.0,6404536.0,1.94
305634.0,6404536.0,2.01
305636.0,6404536.0,2.09
305638.0,6404536.0,2.1
305640.0,6404536.0,2.15
305642.0,6404536.0,2.31
305644.0,6404536.0,2.61
305646.0,6404536.0,2.89
305648.0,6404536.0,2.97
305650.0,6404536.0,3.22
305652.0,6404536.0,3.62
305654.0,6404536.0,3.9
305656.0,6404536.0,4.16
305658.0,6404536.0,4.46
305660.0,6404536.0,4.77
305662.0,6404536.0,4.94
305664.0,6404536.0,5.18
305666.0,6404536.0,5.38
305668.0,6404536.0,5.53
305670.0,6404536.0,5.69
305672.0,6404536.0,5.85
305674.0,6404536.0,6.0
305676.0,6404536.0,6.4
305678.0,6404536.0,6.86
305680.0,6404536.0,7.19
305150.0,6404538.0,-0.31
305152.0,6404538.0,-0.31
305154.0,6404538.0,-0.31
305156.0,6404538.0,-0.31
305158.0,6404538.0,-0.31
305160.0,6404538.0,-0.31
305162.0,6404538.0,-0.31
305164.0,6404538.0,-0.31
305166.0,6404538.0,-0.31
305168.0,6404538.0,-0.31
305170.0,6404538.0,-0.31
305172.0,6404538.0,-0.31
305174.0,6404538.0,-0.31
305176.0,6404538.0,-0.31
305178.0,6404538.0,-0.31
305180.0,6404538.0,-0.31
305182.0,6404538.0,-0.31
305184.0,6404538.0,-0.31
305186.0,6404538.0,-0.31
305188.0,6404538.0,-0.31
305190.0,6404538.0,-0.31
305192.0,6404538.0,-0.31
305194.0,6404538.0,-0.31
305196.0,6404538.0,-0.31
305198.0,6404538.0,-0.31
305200.0,6404538.0,-0.31
305202.0,6404538.0,-0.31
305204.0,6404538.0,-0.31
305206.0,6404538.0,-0.31
305208.0,6404538.0,-0.31
305210.0,6404538.0,-0.31
305212.0,6404538.0,-0.31
305214.0,6404538.0,-0.31
305216.0,6404538.0,-0.31
305218.0,6404538.0,-0.31
305220.0,6404538.0,-0.31
305222.0,6404538.0,-0.31
305224.0,6404538.0,-0.31
305226.0,6404538.0,-0.31
305228.0,6404538.0,-0.31
305230.0,6404538.0,-0.31
305232.0,6404538.0,-0.31
305234.0,6404538.0,-0.31
305236.0,6404538.0,-0.31
305238.0,6404538.0,-0.31
305240.0,6404538.0,-0.31
305242.0,6404538.0,-0.31
305244.0,6404538.0,-0.31
305246.0,6404538.0,-0.31
305248.0,6404538.0,-0.31
305250.0,6404538.0,-0.31
305252.0,6404538.0,-0.31
305254.0,6404538.0,-0.31
305256.0,6404538.0,-0.31
305258.0,6404538.0,-0.31
305260.0,6404538.0,-0.31
305262.0,6404538.0,-0.31
305264.0,6404538.0,-0.31
305266.0,6404538.0,-0.31
305268.0,6404538.0,-0.31
305270.0,6404538.0,-0.31
305272.0,6404538.0,-0.31
305274.0,6404538.0,-0.31
305276.0,6404538.0,-0.31
305278.0,6404538.0,-0.31
305280.0,6404538.0,-0.31
305282.0,6404538.0,-0.31
305284.0,6404538.0,-0.31
305286.0,6404538.0,-0.31
305288.0,6404538.0,-0.31
305290.0,6404538.0,-0.31
305292.0,6404538.0,-0.31
305294.0,6404538.0,-0.31
305296.0,6404538.0,-0.31
305298.0,6404538.0,-0.31
305300.0,6404538.0,-0.31
305302.0,6404538.0,-0.31
305304.0,6404538.0,-0.31
305306.0,6404538.0,-0.31
305308.0,6404538.0,-0.31
305310.0,6404538.0,-0.31
305312.0,6404538.0,-0.31
305314.0,6404538.0,-0.31
305316.0,6404538.0,-0.31
305318.0,6404538.0,-0.31
305320.0,6404538.0,-0.31
305322.0,6404538.0,-0.31
305324.0,6404538.0,-0.31
305326.0,6404538.0,-0.31
305328.0,6404538.0,-0.31
305330.0,6404538.0,-0.31
305332.0,6404538.0,-0.31
305334.0,6404538.0,-0.31
305336.0,6404538.0,-0.31
305338.0,6404538.0,-0.31
305340.0,6404538.0,-0.31
305342.0,6404538.0,-0.31
305344.0,6404538.0,-0.31
305346.0,6404538.0,-0.31
305348.0,6404538.0,-0.31
305350.0,6404538.0,-0.31
305352.0,6404538.0,-0.31
305354.0,6404538.0,-0.31
305356.0,6404538.0,-0.31
305358.0,6404538.0,-0.31
305360.0,6404538.0,-0.31
305362.0,6404538.0,-0.31
305364.0,6404538.0,-0.31
305366.0,6404538.0,-0.31
305368.0,6404538.0,-0.31
305370.0,6404538.0,-0.31
305372.0,6404538.0,-0.31
305374.0,6404538.0,-0.31
305376.0,6404538.0,-0.31
305378.0,6404538.0,-0.31
305380.0,6404538.0,-0.31
305382.0,6404538.0,-0.31
305384.0,6404538.0,-0.31
305386.0,6404538.0,-0.31
305388.0,6404538.0,-0.31
305390.0,6404538.0,-0.31
305392.0,6404538.0,-0.31
305394.0,6404538.0,-0.31
305396.0,6404538.0,-0.31
305398.0,6404538.0,-0.31
305400.0,6404538.0,-0.31
305402.0,6404538.0,-0.31
305404.0,6404538.0,-0.31
305406.0,6404538.0,-0.31
305408.0,6404538.0,-0.31
305410.0,6404538.0,-0.31
305412.0,6404538.0,-0.31
305414.0,6404538.0,-0.29
305416.0,6404538.0,-0.11
305418.0,6404538.0,-0.27
305420.0,6404538.0,0.1
305422.0,6404538.0,-0.24
305424.0,6404538.0,-0.09
305426.0,6404538.0,0.2
305428.0,6404538.0,-0.23
305430.0,6404538.0,-0.31
305432.0,6404538.0,-0.31
305434.0,6404538.0,-0.31
305436.0,6404538.0,-0.31
305438.0,6404538.0,-0.31
305440.0,6404538.0,-0.31
305442.0,6404538.0,-0.31
305444.0,6404538.0,-0.31
305446.0,6404538.0,-0.31
305448.0,6404538.0,-0.31
305450.0,6404538.0,-0.31
305452.0,6404538.0,-0.31
305454.0,6404538.0,-0.31
305456.0,6404538.0,-0.31
305458.0,6404538.0,-0.31
305460.0,6404538.0,-0.31
305462.0,6404538.0,-0.31
305464.0,6404538.0,-0.31
305466.0,6404538.0,-0.31
305468.0,6404538.0,-0.31
305470.0,6404538.0,-0.31
305472.0,6404538.0,-0.31
305474.0,6404538.0,-0.31
305476.0,6404538.0,-0.31
305478.0,6404538.0,-0.31
305480.0,6404538.0,-0.31
305482.0,6404538.0,-0.31
305484.0,6404538.0,-0.31
305486.0,6404538.0,-0.31
305488.0,6404538.0,-0.31
305490.0,6404538.0,-0.31
305492.0,6404538.0,-0.31
305494.0,6404538.0,-0.31
305496.0,6404538.0,-0.31
305498.0,6404538.0,-0.31
305500.0,6404538.0,-0.31
305502.0,6404538.0,-0.31
305504.0,6404538.0,-0.31
305506.0,6404538.0,-0.31
305508.0,6404538.0,-0.31
305510.0,6404538.0,-0.31
305512.0,6404538.0,-0.31
305514.0,6404538.0,-0.31
305516.0,6404538.0,-0.31
305518.0,6404538.0,-0.31
305520.0,6404538.0,-0.31
305522.0,6404538.0,-0.31
305524.0,6404538.0,-0.31
305526.0,6404538.0,-0.31
305528.0,6404538.0,-0.31
305530.0,6404538.0,-0.31
305532.0,6404538.0,-0.31
305534.0,6404538.0,-0.31
305536.0,6404538.0,-0.31
305538.0,6404538.0,-0.31
305540.0,6404538.0,-0.31
305542.0,6404538.0,-0.31
305544.0,6404538.0,-0.31
305546.0,6404538.0,-0.31
305548.0,6404538.0,-0.31
305550.0,6404538.0,-0.31
305552.0,6404538.0,-0.31
305554.0,6404538.0,-0.31
305556.0,6404538.0,-0.31
305558.0,6404538.0,-0.31
305560.0,6404538.0,-0.31
305562.0,6404538.0,-0.31
305564.0,6404538.0,-0.31
305566.0,6404538.0,-0.31
305568.0,6404538.0,-0.31
305570.0,6404538.0,-0.31
305572.0,6404538.0,-0.31
305574.0,6404538.0,-0.31
305576.0,6404538.0,-0.31
305578.0,6404538.0,-0.31
305580.0,6404538.0,-0.31
305582.0,6404538.0,-0.31
305584.0,6404538.0,-0.31
305586.0,6404538.0,-0.31
305588.0,6404538.0,-0.31
305590.0,6404538.0,-0.31
305592.0,6404538.0,-0.31
305594.0,6404538.0,-0.31
305596.0,6404538.0,-0.31
305598.0,6404538.0,-0.31
305600.0,6404538.0,-0.31
305602.0,6404538.0,-0.31
305604.0,6404538.0,-0.31
305606.0,6404538.0,-0.31
305608.0,6404538.0,-0.09
305610.0,6404538.0,0.27
305612.0,6404538.0,0.54
305614.0,6404538.0,0.56
305616.0,6404538.0,0.65
305618.0,6404538.0,0.86
305620.0,6404538.0,1.11
305622.0,6404538.0,1.38
305624.0,6404538.0,1.25
305626.0,6404538.0,1.52
305628.0,6404538.0,1.75
305630.0,6404538.0,2.11
305632.0,6404538.0,1.9
305634.0,6404538.0,2.03
305636.0,6404538.0,2.06
305638.0,6404538.0,2.01
305640.0,6404538.0,2.24
305642.0,6404538.0,2.55
305644.0,6404538.0,2.85
305646.0,6404538.0,2.98
305648.0,6404538.0,3.42
305650.0,6404538.0,3.64
305652.0,6404538.0,3.66
305654.0,6404538.0,3.98
305656.0,6404538.0,4.15
305658.0,6404538.0,4.33
305660.0,6404538.0,4.62
305662.0,6404538.0,4.86
305664.0,6404538.0,5.1
305666.0,6404538.0,5.28
305668.0,6404538.0,5.38
305670.0,6404538.0,5.5
305672.0,6404538.0,5.58
305674.0,6404538.0,5.77
305676.0,6404538.0,5.9
305678.0,6404538.0,6.19
305680.0,6404538.0,6.4
305150.0,6404540.0,-0.31
305152.0,6404540.0,-0.31
305154.0,6404540.0,-0.31
305156.0,6404540.0,-0.31
305158.0,6404540.0,-0.31
305160.0,6404540.0,-0.31
305162.0,6404540.0,-0.31
305164.0,6404540.0,-0.31
305166.0,6404540.0,-0.31
305168.0,6404540.0,-0.31
305170.0,6404540.0,-0.31
305172.0,6404540.0,-0.31
305174.0,6404540.0,-0.31
305176.0,6404540.0,-0.31
305178.0,6404540.0,-0.31
305180.0,6404540.0,-0.31
305182.0,6404540.0,-0.31
305184.0,6404540.0,-0.31
305186.0,6404540.0,-0.31
305188.0,6404540.0,-0.31
305190.0,6404540.0,-0.31
305192.0,6404540.0,-0.31
305194.0,6404540.0,-0.31
305196.0,6404540.0,-0.31
305198.0,6404540.0,-0.31
305200.0,6404540.0,-0.31
305202.0,6404540.0,-0.31
305204.0,6404540.0,-0.31
305206.0,6404540.0,-0.31
305208.0,6404540.0,-0.31
305210.0,6404540.0,-0.31
305212.0,6404540.0,-0.31
305214.0,6404540.0,-0.31
305216.0,6404540.0,-0.31
305218.0,6404540.0,-0.31
305220.0,6404540.0,-0.31
305222.0,6404540.0,-0.31
305224.0,6404540.0,-0.31
305226.0,6404540.0,-0.31
305228.0,6404540.0,-0.31
305230.0,6404540.0,-0.31
305232.0,6404540.0,-0.31
305234.0,6404540.0,-0.31
305236.0,6404540.0,-0.31
305238.0,6404540.0,-0.31
305240.0,6404540.0,-0.31
305242.0,6404540.0,-0.31
305244.0,6404540.0,-0.31
305246.0,6404540.0,-0.31
305248.0,6404540.0,-0.31
305250.0,6404540.0,-0.31
305252.0,6404540.0,-0.31
305254.0,6404540.0,-0.31
305256.0,6404540.0,-0.31
305258.0,6404540.0,-0.31
305260.0,6404540.0,-0.31
305262.0,6404540.0,-0.31
305264.0,6404540.0,-0.31
305266.0,6404540.0,-0.31
305268.0,6404540.0,-0.31
305270.0,6404540.0,-0.31
305272.0,6404540.0,-0.31
305274.0,6404540.0,-0.31
305276.0,6404540.0,-0.31
305278.0,6404540.0,-0.31
305280.0,6404540.0,-0.31
305282.0,6404540.0,-0.31
305284.0,6404540.0,-0.31
305286.0,6404540.0,-0.31
305288.0,6404540.0,-0.31
305290.0,6404540.0,-0.31
305292.0,6404540.0,-0.31
305294.0,6404540.0,-0.31
305296.0,6404540.0,-0.31
305298.0,6404540.0,-0.31
305300.0,6404540.0,-0.31
305302.0,6404540.0,-0.31
305304.0,6404540.0,-0.31
305306.0,6404540.0,-0.31
305308.0,6404540.0,-0.31
305310.0,6404540.0,-0.31
305312.0,6404540.0,-0.31
305314.0,6404540.0,-0.31
305316.0,6404540.0,-0.31
305318.0,6404540.0,-0.31
305320.0,6404540.0,-0.31
305322.0,6404540.0,-0.31
305324.0,6404540.0,-0.31
305326.0,6404540.0,-0.31
305328.0,6404540.0,-0.31
305330.0,6404540.0,-0.31
305332.0,6404540.0,-0.31
305334.0,6404540.0,-0.31
305336.0,6404540.0,-0.31
305338.0,6404540.0,-0.31
305340.0,6404540.0,-0.31
305342.0,6404540.0,-0.31
305344.0,6404540.0,-0.31
305346.0,6404540.0,-0.31
305348.0,6404540.0,-0.31
305350.0,6404540.0,-0.31
305352.0,6404540.0,-0.31
305354.0,6404540.0,-0.31
305356.0,6404540.0,-0.31
305358.0,6404540.0,-0.31
305360.0,6404540.0,-0.31
305362.0,6404540.0,-0.31
305364.0,6404540.0,-0.31
305366.0,6404540.0,-0.31
305368.0,6404540.0,-0.31
305370.0,6404540.0,-0.31
305372.0,6404540.0,-0.31
305374.0,6404540.0,-0.31
305376.0,6404540.0,-0.31
305378.0,6404540.0,-0.31
305380.0,6404540.0,-0.31
305382.0,6404540.0,-0.31
305384.0,6404540.0,-0.31
305386.0,6404540.0,-0.31
305388.0,6404540.0,-0.31
305390.0,6404540.0,-0.31
305392.0,6404540.0,-0.31
305394.0,6404540.0,-0.31
305396.0,6404540.0,-0.31
305398.0,6404540.0,-0.31
305400.0,6404540.0,-0.31
305402.0,6404540.0,-0.31
305404.0,6404540.0,-0.31
305406.0,6404540.0,-0.31
305408.0,6404540.0,-0.31
305410.0,6404540.0,-0.31
305412.0,6404540.0,-0.31
305414.0,6404540.0,-0.31
305416.0,6404540.0,-0.31
305418.0,6404540.0,-0.29
305420.0,6404540.0,-0.16
305422.0,6404540.0,-0.22
305424.0,6404540.0,0.04
305426.0,6404540.0,0.28
305428.0,6404540.0,-0.31
305430.0,6404540.0,-0.31
305432.0,6404540.0,-0.31
305434.0,6404540.0,-0.31
305436.0,6404540.0,-0.31
305438.0,6404540.0,-0.31
305440.0,6404540.0,-0.31
305442.0,6404540.0,-0.31
305444.0,6404540.0,-0.31
305446.0,6404540.0,-0.31
305448.0,6404540.0,-0.31
305450.0,6404540.0,-0.31
305452.0,6404540.0,-0.31
305454.0,6404540.0,-0.31
305456.0,6404540.0,-0.31
305458.0,6404540.0,-0.31
305460.0,6404540.0,-0.31
305462.0,6404540.0,-0.31
305464.0,6404540.0,-0.31
305466.0,6404540.0,-0.31
305468.0,6404540.0,-0.31
305470.0,6404540.0,-0.31
305472.0,6404540.0,-0.31
305474.0,6404540.0,-0.31
305476.0,6404540.0,-0.31
305478.0,6404540.0,-0.31
305480.0,6404540.0,-0.31
305482.0,6404540.0,-0.31
305484.0,6404540.0,-0.31
305486.0,6404540.0,-0.31
305488.0,6404540.0,-0.31
305490.0,6404540.0,-0.31
305492.0,6404540.0,-0.31
305494.0,6404540.0,-0.31
305496.0,6404540.0,-0.31
305498.0,6404540.0,-0.31
305500.0,6404540.0,-0.31
305502.0,6404540.0,-0.31
305504.0,6404540.0,-0.31
305506.0,6404540.0,-0.31
305508.0,6404540.0,-0.31
305510.0,6404540.0,-0.31
305512.0,6404540.0,-0.31
305514.0,6404540.0,-0.31
305516.0,6404540.0,-0.31
305518.0,6404540.0,-0.31
305520.0,6404540.0,-0.31
305522.0,6404540.0,-0.31
305524.0,6404540.0,-0.31
305526.0,6404540.0,-0.31
305528.0,6404540.0,-0.31
305530.0,6404540.0,-0.31
305532.0,6404540.0,-0.31
305534.0,6404540.0,-0.31
305536.0,6404540.0,-0.31
305538.0,6404540.0,-0.31
305540.0,6404540.0,-0.31
305542.0,6404540.0,-0.31
305544.0,6404540.0,-0.31
305546.0,6404540.0,-0.31
305548.0,6404540.0,-0.31
305550.0,6404540.0,-0.31
305552.0,6404540.0,-0.31
305554.0,6404540.0,-0.31
305556.0,6404540.0,-0.31
305558.0,6404540.0,-0.31
305560.0,6404540.0,-0.31
305562.0,6404540.0,-0.31
305564.0,6404540.0,-0.31
305566.0,6404540.0,-0.31
305568.0,6404540.0,-0.31
305570.0,6404540.0,-0.31
305572.0,6404540.0,-0.31
305574.0,6404540.0,-0.31
305576.0,6404540.0,-0.31
305578.0,6404540.0,-0.31
305580.0,6404540.0,-0.31
305582.0,6404540.0,-0.31
305584.0,6404540.0,-0.31
305586.0,6404540.0,-0.31
305588.0,6404540.0,-0.31
305590.0,6404540.0,-0.31
305592.0,6404540.0,-0.31
305594.0,6404540.0,-0.31
305596.0,6404540.0,-0.31
305598.0,6404540.0,-0.31
305600.0,6404540.0,-0.31
305602.0,6404540.0,-0.31
305604.0,6404540.0,-0.31
305606.0,6404540.0,-0.31
305608.0,6404540.0,-0.31
305610.0,6404540.0,-0.31
305612.0,6404540.0,0.45
305614.0,6404540.0,0.46
305616.0,6404540.0,0.6
305618.0,6404540.0,0.74
305620.0,6404540.0,1.07
305622.0,6404540.0,1.49
305624.0,6404540.0,1.23
305626.0,6404540.0,1.42
305628.0,6404540.0,1.81
305630.0,6404540.0,1.91
305632.0,6404540.0,1.91
305634.0,6404540.0,1.94
305636.0,6404540.0,2.12
305638.0,6404540.0,2.47
305640.0,6404540.0,2.43
305642.0,6404540.0,2.55
305644.0,6404540.0,2.79
305646.0,6404540.0,3.05
305648.0,6404540.0,3.63
305650.0,6404540.0,3.55
305652.0,6404540.0,3.77
305654.0,6404540.0,4.0
305656.0,6404540.0,4.2
305658.0,6404540.0,4.27
305660.0,6404540.0,4.59
305662.0,6404540.0,4.92
305664.0,6404540.0,5.17
305666.0,6404540.0,5.26
305668.0,6404540.0,5.4
305670.0,6404540.0,5.46
305672.0,6404540.0,5.63
305674.0,6404540.0,5.72
305676.0,6404540.0,5.75
305678.0,6404540.0,5.93
305680.0,6404540.0,5.93
305150.0,6404542.0,-0.31
305152.0,6404542.0,-0.31
305154.0,6404542.0,-0.31
305156.0,6404542.0,-0.31
305158.0,6404542.0,-0.31
305160.0,6404542.0,-0.31
305162.0,6404542.0,-0.31
305164.0,6404542.0,-0.31
305166.0,6404542.0,-0.31
305168.0,6404542.0,-0.31
305170.0,6404542.0,-0.31
305172.0,6404542.0,-0.31
305174.0,6404542.0,-0.31
305176.0,6404542.0,-0.31
305178.0,6404542.0,-0.31
305180.0,6404542.0,-0.31
305182.0,6404542.0,-0.31
305184.0,6404542.0,-0.31
305186.0,6404542.0,-0.31
305188.0,6404542.0,-0.31
305190.0,6404542.0,-0.31
305192.0,6404542.0,-0.31
305194.0,6404542.0,-0.31
305196.0,6404542.0,-0.31
305198.0,6404542.0,-0.31
305200.0,6404542.0,-0.31
305202.0,6404542.0,-0.31
305204.0,6404542.0,-0.31
305206.0,6404542.0,-0.31
305208.0,6404542.0,-0.31
305210.0,6404542.0,-0.31
305212.0,6404542.0,-0.31
305214.0,6404542.0,-0.31
305216.0,6404542.0,-0.31
305218.0,6404542.0,-0.31
305220.0,6404542.0,-0.31
305222.0,6404542.0,-0.31
305224.0,6404542.0,-0.31
305226.0,6404542.0,-0.31
305228.0,6404542.0,-0.31
305230.0,6404542.0,-0.31
305232.0,6404542.0,-0.31
305234.0,6404542.0,-0.31
305236.0,6404542.0,-0.31
305238.0,6404542.0,-0.31
305240.0,6404542.0,-0.31
305242.0,6404542.0,-0.31
305244.0,6404542.0,-0.31
305246.0,6404542.0,-0.31
305248.0,6404542.0,-0.31
305250.0,6404542.0,-0.31
305252.0,6404542.0,-0.31
305254.0,6404542.0,-0.31
305256.0,6404542.0,-0.31
305258.0,6404542.0,-0.31
305260.0,6404542.0,-0.31
305262.0,6404542.0,-0.31
305264.0,6404542.0,-0.31
305266.0,6404542.0,-0.31
305268.0,6404542.0,-0.31
305270.0,6404542.0,-0.31
305272.0,6404542.0,-0.31
305274.0,6404542.0,-0.31
305276.0,6404542.0,-0.31
305278.0,6404542.0,-0.31
305280.0,6404542.0,-0.31
305282.0,6404542.0,-0.31
305284.0,6404542.0,-0.31
305286.0,6404542.0,-0.31
305288.0,6404542.0,-0.31
305290.0,6404542.0,-0.31
305292.0,6404542.0,-0.31
305294.0,6404542.0,-0.31
305296.0,6404542.0,-0.31
305298.0,6404542.0,-0.31
305300.0,6404542.0,-0.31
305302.0,6404542.0,-0.31
305304.0,6404542.0,-0.31
305306.0,6404542.0,-0.31
305308.0,6404542.0,-0.31
305310.0,6404542.0,-0.31
305312.0,6404542.0,-0.31
305314.0,6404542.0,-0.31
305316.0,6404542.0,-0.31
305318.0,6404542.0,-0.31
305320.0,6404542.0,-0.31
305322.0,6404542.0,-0.31
305324.0,6404542.0,-0.31
305326.0,6404542.0,-0.31
305328.0,6404542.0,-0.31
305330.0,6404542.0,-0.31
305332.0,6404542.0,-0.31
305334.0,6404542.0,-0.31
305336.0,6404542.0,-0.31
305338.0,6404542.0,-0.31
305340.0,6404542.0,-0.31
305342.0,6404542.0,-0.31
305344.0,6404542.0,-0.31
305346.0,6404542.0,-0.31
305348.0,6404542.0,-0.31
305350.0,6404542.0,-0.31
305352.0,6404542.0,-0.31
305354.0,6404542.0,-0.31
305356.0,6404542.0,-0.31
305358.0,6404542.0,-0.31
305360.0,6404542.0,-0.31
305362.0,6404542.0,-0.31
305364.0,6404542.0,-0.31
305366.0,6404542.0,-0.31
305368.0,6404542.0,-0.31
305370.0,6404542.0,-0.31
305372.0,6404542.0,-0.31
305374.0,6404542.0,-0.31
305376.0,6404542.0,-0.31
305378.0,6404542.0,-0.31
305380.0,6404542.0,-0.31
305382.0,6404542.0,-0.31
305384.0,6404542.0,-0.31
305386.0,6404542.0,-0.31
305388.0,6404542.0,-0.31
305390.0,6404542.0,-0.31
305392.0,6404542.0,-0.31
305394.0,6404542.0,-0.31
305396.0,6404542.0,-0.31
305398.0,6404542.0,-0.31
305400.0,6404542.0,-0.31
305402.0,6404542.0,-0.31
305404.0,6404542.0,-0.31
305406.0,6404542.0,-0.31
305408.0,6404542.0,-0.31
305410.0,6404542.0,-0.31
305412.0,6404542.0,-0.31
305414.0,6404542.0,-0.31
305416.0,6404542.0,-0.31
305418.0,6404542.0,-0.31
305420.0,6404542.0,-0.31
305422.0,6404542.0,-0.3
305424.0,6404542.0,-0.11
305426.0,6404542.0,-0.19
305428.0,6404542.0,-0.3
305430.0,6404542.0,-0.31
305432.0,6404542.0,-0.31
305434.0,6404542.0,-0.31
305436.0,6404542.0,-0.31
305438.0,6404542.0,-0.31
305440.0,6404542.0,-0.31
305442.0,6404542.0,-0.31
305444.0,6404542.0,-0.31
305446.0,6404542.0,-0.31
305448.0,6404542.0,-0.31
305450.0,6404542.0,-0.31
305452.0,6404542.0,-0.31
305454.0,6404542.0,-0.31
305456.0,6404542.0,-0.31
305458.0,6404542.0,-0.31
305460.0,6404542.0,-0.31
305462.0,6404542.0,-0.31
305464.0,6404542.0,-0.31
305466.0,6404542.0,-0.31
305468.0,6404542.0,-0.31
305470.0,6404542.0,-0.31
305472.0,6404542.0,-0.31
305474.0,6404542.0,-0.31
305476.0,6404542.0,-0.31
305478.0,6404542.0,-0.31
305480.0,6404542.0,-0.31
305482.0,6404542.0,-0.31
305484.0,6404542.0,-0.31
305486.0,6404542.0,-0.31
305488.0,6404542.0,-0.31
305490.0,6404542.0,-0.31
305492.0,6404542.0,-0.31
305494.0,6404542.0,-0.31
305496.0,6404542.0,-0.31
305498.0,6404542.0,-0.31
305500.0,6404542.0,-0.31
305502.0,6404542.0,-0.31
305504.0,6404542.0,-0.31
305506.0,6404542.0,-0.31
305508.0,6404542.0,-0.31
305510.0,6404542.0,-0.31
305512.0,6404542.0,-0.31
305514.0,6404542.0,-0.31
305516.0,6404542.0,-0.31
305518.0,6404542.0,-0.31
305520.0,6404542.0,-0.31
305522.0,6404542.0,-0.31
305524.0,6404542.0,-0.31
305526.0,6404542.0,-0.31
305528.0,6404542.0,-0.31
305530.0,6404542.0,-0.31
305532.0,6404542.0,-0.31
305534.0,6404542.0,-0.31
305536.0,6404542.0,-0.31
305538.0,6404542.0,-0.31
305540.0,6404542.0,-0.31
305542.0,6404542.0,-0.31
305544.0,6404542.0,-0.31
305546.0,6404542.0,-0.31
305548.0,6404542.0,-0.31
305550.0,6404542.0,-0.31
305552.0,6404542.0,-0.31
305554.0,6404542.0,-0.31
305556.0,6404542.0,-0.31
305558.0,6404542.0,-0.31
305560.0,6404542.0,-0.31
305562.0,6404542.0,-0.31
305564.0,6404542.0,-0.31
305566.0,6404542.0,-0.31
305568.0,6404542.0,-0.31
305570.0,6404542.0,-0.31
305572.0,6404542.0,-0.31
305574.0,6404542.0,-0.31
305576.0,6404542.0,-0.31
305578.0,6404542.0,-0.31
305580.0,6404542.0,-0.31
305582.0,6404542.0,-0.31
305584.0,6404542.0,-0.31
305586.0,6404542.0,-0.31
305588.0,6404542.0,-0.31
305590.0,6404542.0,-0.31
305592.0,6404542.0,-0.31
305594.0,6404542.0,-0.31
305596.0,6404542.0,-0.31
305598.0,6404542.0,-0.31
305600.0,6404542.0,-0.31
305602.0,6404542.0,-0.31
305604.0,6404542.0,-0.31
305606.0,6404542.0,-0.31
305608.0,6404542.0,-0.31
305610.0,6404542.0,-0.31
305612.0,6404542.0,0.27
305614.0,6404542.0,0.43
305616.0,6404542.0,0.53
305618.0,6404542.0,0.69
305620.0,6404542.0,0.98
305622.0,6404542.0,1.28
305624.0,6404542.0,1.28
305626.0,6404542.0,1.44
305628.0,6404542.0,1.77
305630.0,6404542.0,1.87
305632.0,6404542.0,1.85
305634.0,6404542.0,1.94
305636.0,6404542.0,2.21
305638.0,6404542.0,2.59
305640.0,6404542.0,2.63
305642.0,6404542.0,2.67
305644.0,6404542.0,2.79
305646.0,6404542.0,3.07
305648.0,6404542.0,3.4
305650.0,6404542.0,3.51
305652.0,6404542.0,3.88
305654.0,6404542.0,3.98
305656.0,6404542.0,4.1
305658.0,6404542.0,4.47
305660.0,6404542.0,4.83
305662.0,6404542.0,5.16
305664.0,6404542.0,5.48
305666.0,6404542.0,5.48
305668.0,6404542.0,5.48
305670.0,6404542.0,5.57
305672.0,6404542.0,5.78
305674.0,6404542.0,5.75
305676.0,6404542.0,5.72
305678.0,6404542.0,5.96
305680.0,6404542.0,5.99
305150.0,6404544.0,-0.31
305152.0,6404544.0,-0.31
305154.0,6404544.0,-0.31
305156.0,6404544.0,-0.31
305158.0,6404544.0,-0.31
305160.0,6404544.0,-0.31
305162.0,6404544.0,-0.31
305164.0,6404544.0,-0.31
305166.0,6404544.0,-0.31
305168.0,6404544.0,-0.31
305170.0,6404544.0,-0.31
305172.0,6404544.0,-0.31
305174.0,6404544.0,-0.31
305176.0,6404544.0,-0.31
305178.0,6404544.0,-0.31
305180.0,6404544.0,-0.31
305182.0,6404544.0,-0.31
305184.0,6404544.0,-0.31
305186.0,6404544.0,-0.31
305188.0,6404544.0,-0.31
305190.0,6404544.0,-0.31
305192.0,6404544.0,-0.31
305194.0,6404544.0,-0.31
305196.0,6404544.0,-0.31
305198.0,6404544.0,-0.31
305200.0,6404544.0,-0.31
305202.0,6404544.0,-0.31
305204.0,6404544.0,-0.31
305206.0,6404544.0,-0.31
305208.0,6404544.0,-0.31
305210.0,6404544.0,-0.31
305212.0,6404544.0,-0.31
305214.0,6404544.0,-0.31
305216.0,6404544.0,-0.31
305218.0,6404544.0,-0.31
305220.0,6404544.0,-0.31
305222.0,6404544.0,-0.31
305224.0,6404544.0,-0.31
305226.0,6404544.0,-0.31
305228.0,6404544.0,-0.31
305230.0,6404544.0,-0.31
305232.0,6404544.0,-0.31
305234.0,6404544.0,-0.31
305236.0,6404544.0,-0.31
305238.0,6404544.0,-0.31
305240.0,6404544.0,-0.31
305242.0,6404544.0,-0.31
305244.0,6404544.0,-0.31
305246.0,6404544.0,-0.31
305248.0,6404544.0,-0.31
305250.0,6404544.0,-0.31
305252.0,6404544.0,-0.31
305254.0,6404544.0,-0.31
305256.0,6404544.0,-0.31
305258.0,6404544.0,-0.31
305260.0,6404544.0,-0.31
305262.0,6404544.0,-0.31
305264.0,6404544.0,-0.31
305266.0,6404544.0,-0.31
305268.0,6404544.0,-0.31
305270.0,6404544.0,-0.31
305272.0,6404544.0,-0.31
305274.0,6404544.0,-0.31
305276.0,6404544.0,-0.31
305278.0,6404544.0,-0.31
305280.0,6404544.0,-0.31
305282.0,6404544.0,-0.31
305284.0,6404544.0,-0.31
305286.0,6404544.0,-0.31
305288.0,6404544.0,-0.31
305290.0,6404544.0,-0.31
305292.0,6404544.0,-0.31
305294.0,6404544.0,-0.31
305296.0,6404544.0,-0.31
305298.0,6404544.0,-0.31
305300.0,6404544.0,-0.31
305302.0,6404544.0,-0.31
305304.0,6404544.0,-0.31
305306.0,6404544.0,-0.31
305308.0,6404544.0,-0.31
305310.0,6404544.0,-0.31
305312.0,6404544.0,-0.31
305314.0,6404544.0,-0.31
305316.0,6404544.0,-0.31
305318.0,6404544.0,-0.31
305320.0,6404544.0,-0.31
305322.0,6404544.0,-0.31
305324.0,6404544.0,-0.31
305326.0,6404544.0,-0.31
305328.0,6404544.0,-0.31
305330.0,6404544.0,-0.31
305332.0,6404544.0,-0.31
305334.0,6404544.0,-0.31
305336.0,6404544.0,-0.31
305338.0,6404544.0,-0.31
305340.0,6404544.0,-0.31
305342.0,6404544.0,-0.31
305344.0,6404544.0,-0.31
305346.0,6404544.0,-0.31
305348.0,6404544.0,-0.31
305350.0,6404544.0,-0.31
305352.0,6404544.0,-0.31
305354.0,6404544.0,-0.31
305356.0,6404544.0,-0.31
305358.0,6404544.0,-0.31
305360.0,6404544.0,-0.31
305362.0,6404544.0,-0.31
305364.0,6404544.0,-0.31
305366.0,6404544.0,-0.31
305368.0,6404544.0,-0.31
305370.0,6404544.0,-0.31
305372.0,6404544.0,-0.31
305374.0,6404544.0,-0.31
305376.0,6404544.0,-0.31
305378.0,6404544.0,-0.31
305380.0,6404544.0,-0.31
305382.0,6404544.0,-0.31
305384.0,6404544.0,-0.31
305386.0,6404544.0,-0.31
305388.0,6404544.0,-0.31
305390.0,6404544.0,-0.31
305392.0,6404544.0,-0.31
305394.0,6404544.0,-0.31
305396.0,6404544.0,-0.31
305398.0,6404544.0,-0.31
305400.0,6404544.0,-0.31
305402.0,6404544.0,-0.31
305404.0,6404544.0,-0.31
305406.0,6404544.0,-0.31
305408.0,6404544.0,-0.31
305410.0,6404544.0,-0.31
305412.0,6404544.0,-0.31
305414.0,6404544.0,-0.31
305416.0,6404544.0,-0.31
305418.0,6404544.0,-0.31
305420.0,6404544.0,-0.31
305422.0,6404544.0,-0.31
305424.0,6404544.0,-0.31
305426.0,6404544.0,-0.31
305428.0,6404544.0,-0.31
305430.0,6404544.0,-0.31
305432.0,6404544.0,-0.31
305434.0,6404544.0,-0.31
305436.0,6404544.0,-0.31
305438.0,6404544.0,-0.31
305440.0,6404544.0,-0.31
305442.0,6404544.0,-0.31
305444.0,6404544.0,-0.31
305446.0,6404544.0,-0.31
305448.0,6404544.0,-0.31
305450.0,6404544.0,-0.31
305452.0,6404544.0,-0.31
305454.0,6404544.0,-0.31
305456.0,6404544.0,-0.31
305458.0,6404544.0,-0.31
305460.0,6404544.0,-0.31
305462.0,6404544.0,-0.31
305464.0,6404544.0,-0.31
305466.0,6404544.0,-0.31
305468.0,6404544.0,-0.31
305470.0,6404544.0,-0.31
305472.0,6404544.0,-0.31
305474.0,6404544.0,-0.31
305476.0,6404544.0,-0.31
305478.0,6404544.0,-0.31
305480.0,6404544.0,-0.31
305482.0,6404544.0,-0.31
305484.0,6404544.0,-0.31
305486.0,6404544.0,-0.31
305488.0,6404544.0,-0.31
305490.0,6404544.0,-0.31
305492.0,6404544.0,-0.31
305494.0,6404544.0,-0.31
305496.0,6404544.0,-0.31
305498.0,6404544.0,-0.31
305500.0,6404544.0,-0.31
305502.0,6404544.0,-0.31
305504.0,6404544.0,-0.31
305506.0,6404544.0,-0.31
305508.0,6404544.0,-0.31
305510.0,6404544.0,-0.31
305512.0,6404544.0,-0.31
305514.0,6404544.0,-0.31
305516.0,6404544.0,-0.31
305518.0,6404544.0,-0.31
305520.0,6404544.0,-0.31
305522.0,6404544.0,-0.31
305524.0,6404544.0,-0.31
305526.0,6404544.0,-0.31
305528.0,6404544.0,-0.31
305530.0,6404544.0,-0.31
305532.0,6404544.0,-0.31
305534.0,6404544.0,-0.31
305536.0,6404544.0,-0.31
305538.0,6404544.0,-0.31
305540.0,6404544.0,-0.31
305542.0,6404544.0,-0.31
305544.0,6404544.0,-0.31
305546.0,6404544.0,-0.31
305548.0,6404544.0,-0.31
305550.0,6404544.0,-0.31
305552.0,6404544.0,-0.31
305554.0,6404544.0,-0.31
305556.0,6404544.0,-0.31
305558.0,6404544.0,-0.31
305560.0,6404544.0,-0.31
305562.0,6404544.0,-0.31
305564.0,6404544.0,-0.31
305566.0,6404544.0,-0.31
305568.0,6404544.0,-0.31
305570.0,6404544.0,-0.31
305572.0,6404544.0,-0.31
305574.0,6404544.0,-0.31
305576.0,6404544.0,-0.31
305578.0,6404544.0,-0.31
305580.0,6404544.0,-0.31
305582.0,6404544.0,-0.31
305584.0,6404544.0,-0.31
305586.0,6404544.0,-0.31
305588.0,6404544.0,-0.31
305590.0,6404544.0,-0.31
305592.0,6404544.0,-0.31
305594.0,6404544.0,-0.31
305596.0,6404544.0,-0.31
305598.0,6404544.0,-0.31
305600.0,6404544.0,-0.31
305602.0,6404544.0,-0.31
305604.0,6404544.0,-0.31
305606.0,6404544.0,-0.31
305608.0,6404544.0,-0.31
305610.0,6404544.0,-0.31
305612.0,6404544.0,0.29
305614.0,6404544.0,0.42
305616.0,6404544.0,0.61
305618.0,6404544.0,0.67
305620.0,6404544.0,0.91
305622.0,6404544.0,1.37
305624.0,6404544.0,1.3
305626.0,6404544.0,1.61
305628.0,6404544.0,1.69
305630.0,6404544.0,1.77
305632.0,6404544.0,1.91
305634.0,6404544.0,2.05
305636.0,6404544.0,2.24
305638.0,6404544.0,2.66
305640.0,6404544.0,2.87
305642.0,6404544.0,3.03
305644.0,6404544.0,3.46
305646.0,6404544.0,3.65
305648.0,6404544.0,3.79
305650.0,6404544.0,4.14
305652.0,6404544.0,4.58
305654.0,6404544.0,4.51
305656.0,6404544.0,4.45
305658.0,6404544.0,4.62
305660.0,6404544.0,5.28
305662.0,6404544.0,5.48
305664.0,6404544.0,5.44
305666.0,6404544.0,5.58
305668.0,6404544.0,5.66
305670.0,6404544.0,5.98
305672.0,6404544.0,5.91
305674.0,6404544.0,6.24
305676.0,6404544.0,6.27
305678.0,6404544.0,6.22
305680.0,6404544.0,6.14
305150.0,6404546.0,-0.31
305152.0,6404546.0,-0.31
305154.0,6404546.0,-0.31
305156.0,6404546.0,-0.31
305158.0,6404546.0,-0.31
305160.0,6404546.0,-0.31
305162.0,6404546.0,-0.31
305164.0,6404546.0,-0.31
305166.0,6404546.0,-0.31
305168.0,6404546.0,-0.31
305170.0,6404546.0,-0.31
305172.0,6404546.0,-0.31
305174.0,6404546.0,-0.31
305176.0,6404546.0,-0.31
305178.0,6404546.0,-0.31
305180.0,6404546.0,-0.31
305182.0,6404546.0,-0.31
305184.0,6404546.0,-0.31
305186.0,6404546.0,-0.31
305188.0,6404546.0,-0.31
305190.0,6404546.0,-0.31
305192.0,6404546.0,-0.31
305194.0,6404546.0,-0.31
305196.0,6404546.0,-0.31
305198.0,6404546.0,-0.31
305200.0,6404546.0,-0.31
305202.0,6404546.0,-0.31
305204.0,6404546.0,-0.31
305206.0,6404546.0,-0.31
305208.0,6404546.0,-0.31
305210.0,6404546.0,-0.31
305212.0,6404546.0,-0.31
305214.0,6404546.0,-0.31
305216.0,6404546.0,-0.31
305218.0,6404546.0,-0.31
305220.0,6404546.0,-0.31
305222.0,6404546.0,-0.31
305224.0,6404546.0,-0.31
305226.0,6404546.0,-0.31
305228.0,6404546.0,-0.31
305230.0,6404546.0,-0.31
305232.0,6404546.0,-0.31
305234.0,6404546.0,-0.31
305236.0,6404546.0,-0.31
305238.0,6404546.0,-0.31
305240.0,6404546.0,-0.31
305242.0,6404546.0,-0.31
305244.0,6404546.0,-0.31
305246.0,6404546.0,-0.31
305248.0,6404546.0,-0.31
305250.0,6404546.0,-0.31
305252.0,6404546.0,-0.31
305254.0,6404546.0,-0.31
305256.0,6404546.0,-0.31
305258.0,6404546.0,-0.31
305260.0,6404546.0,-0.31
305262.0,6404546.0,-0.31
305264.0,6404546.0,-0.31
305266.0,6404546.0,-0.31
305268.0,6404546.0,-0.31
305270.0,6404546.0,-0.31
305272.0,6404546.0,-0.31
305274.0,6404546.0,-0.31
305276.0,6404546.0,-0.31
305278.0,6404546.0,-0.31
305280.0,6404546.0,-0.31
305282.0,6404546.0,-0.31
305284.0,6404546.0,-0.31
305286.0,6404546.0,-0.31
305288.0,6404546.0,-0.31
305290.0,6404546.0,-0.31
305292.0,6404546.0,-0.31
305294.0,6404546.0,-0.31
305296.0,6404546.0,-0.31
305298.0,6404546.0,-0.31
305300.0,6404546.0,-0.31
305302.0,6404546.0,-0.31
305304.0,6404546.0,-0.31
305306.0,6404546.0,-0.31
305308.0,6404546.0,-0.31
305310.0,6404546.0,-0.31
305312.0,6404546.0,-0.31
305314.0,6404546.0,-0.31
305316.0,6404546.0,-0.31
305318.0,6404546.0,-0.31
305320.0,6404546.0,-0.31
305322.0,6404546.0,-0.31
305324.0,6404546.0,-0.31
305326.0,6404546.0,-0.31
305328.0,6404546.0,-0.31
305330.0,6404546.0,-0.31
305332.0,6404546.0,-0.31
305334.0,6404546.0,-0.31
305336.0,6404546.0,-0.31
305338.0,6404546.0,-0.31
305340.0,6404546.0,-0.31
305342.0,6404546.0,-0.31
305344.0,6404546.0,-0.31
305346.0,6404546.0,-0.31
305348.0,6404546.0,-0.31
305350.0,6404546.0,-0.31
305352.0,6404546.0,-0.31
305354.0,6404546.0,-0.31
305356.0,6404546.0,-0.31
305358.0,6404546.0,-0.31
305360.0,6404546.0,-0.31
305362.0,6404546.0,-0.31
305364.0,6404546.0,-0.31
305366.0,6404546.0,-0.31
305368.0,6404546.0,-0.31
305370.0,6404546.0,-0.31
305372.0,6404546.0,-0.31
305374.0,6404546.0,-0.31
305376.0,6404546.0,-0.31
305378.0,6404546.0,-0.31
305380.0,6404546.0,-0.31
305382.0,6404546.0,-0.31
305384.0,6404546.0,-0.31
305386.0,6404546.0,-0.31
305388.0,6404546.0,-0.31
305390.0,6404546.0,-0.31
305392.0,6404546.0,-0.31
305394.0,6404546.0,-0.31
305396.0,6404546.0,-0.31
305398.0,6404546.0,-0.31
305400.0,6404546.0,-0.31
305402.0,6404546.0,-0.31
305404.0,6404546.0,-0.31
305406.0,6404546.0,-0.31
305408.0,6404546.0,-0.31
305410.0,6404546.0,-0.31
305412.0,6404546.0,-0.31
305414.0,6404546.0,-0.31
305416.0,6404546.0,-0.31
305418.0,6404546.0,-0.31
305420.0,6404546.0,-0.31
305422.0,6404546.0,-0.31
305424.0,6404546.0,-0.31
305426.0,6404546.0,-0.31
305428.0,6404546.0,-0.31
305430.0,6404546.0,-0.31
305432.0,6404546.0,-0.31
305434.0,6404546.0,-0.31
305436.0,6404546.0,-0.31
305438.0,6404546.0,-0.31
305440.0,6404546.0,-0.31
305442.0,6404546.0,-0.31
305444.0,6404546.0,-0.31
305446.0,6404546.0,-0.31
305448.0,6404546.0,-0.31
305450.0,6404546.0,-0.31
305452.0,6404546.0,-0.31
305454.0,6404546.0,-0.31
305456.0,6404546.0,-0.31
305458.0,6404546.0,-0.31
305460.0,6404546.0,-0.31
305462.0,6404546.0,-0.31
305464.0,6404546.0,-0.31
305466.0,6404546.0,-0.31
305468.0,6404546.0,-0.31
305470.0,6404546.0,-0.31
305472.0,6404546.0,-0.31
305474.0,6404546.0,-0.31
305476.0,6404546.0,-0.31
305478.0,6404546.0,-0.31
305480.0,6404546.0,-0.31
305482.0,6404546.0,-0.31
305484.0,6404546.0,-0.31
305486.0,6404546.0,-0.31
305488.0,6404546.0,-0.31
305490.0,6404546.0,-0.31
305492.0,6404546.0,-0.31
305494.0,6404546.0,-0.31
305496.0,6404546.0,-0.31
305498.0,6404546.0,-0.31
305500.0,6404546.0,-0.31
305502.0,6404546.0,-0.31
305504.0,6404546.0,-0.31
305506.0,6404546.0,-0.31
305508.0,6404546.0,-0.31
305510.0,6404546.0,-0.31
305512.0,6404546.0,-0.31
305514.0,6404546.0,-0.31
305516.0,6404546.0,-0.31
305518.0,6404546.0,-0.31
305520.0,6404546.0,-0.31
305522.0,6404546.0,-0.31
305524.0,6404546.0,-0.31
305526.0,6404546.0,-0.31
305528.0,6404546.0,-0.31
305530.0,6404546.0,-0.31
305532.0,6404546.0,-0.31
305534.0,6404546.0,-0.31
305536.0,6404546.0,-0.31
305538.0,6404546.0,-0.31
305540.0,6404546.0,-0.31
305542.0,6404546.0,-0.31
305544.0,6404546.0,-0.31
305546.0,6404546.0,-0.31
305548.0,6404546.0,-0.31
305550.0,6404546.0,-0.31
305552.0,6404546.0,-0.31
305554.0,6404546.0,-0.31
305556.0,6404546.0,-0.31
305558.0,6404546.0,-0.31
305560.0,6404546.0,-0.31
305562.0,6404546.0,-0.31
305564.0,6404546.0,-0.31
305566.0,6404546.0,-0.31
305568.0,6404546.0,-0.31
305570.0,6404546.0,-0.31
305572.0,6404546.0,-0.31
305574.0,6404546.0,-0.31
305576.0,6404546.0,-0.31
305578.0,6404546.0,-0.31
305580.0,6404546.0,-0.31
305582.0,6404546.0,-0.31
305584.0,6404546.0,-0.31
305586.0,6404546.0,-0.31
305588.0,6404546.0,-0.31
305590.0,6404546.0,-0.31
305592.0,6404546.0,-0.31
305594.0,6404546.0,-0.31
305596.0,6404546.0,-0.31
305598.0,6404546.0,-0.31
305600.0,6404546.0,-0.31
305602.0,6404546.0,-0.31
305604.0,6404546.0,-0.31
305606.0,6404546.0,-0.31
305608.0,6404546.0,-0.31
305610.0,6404546.0,0.04
305612.0,6404546.0,0.3
305614.0,6404546.0,0.53
305616.0,6404546.0,0.64
305618.0,6404546.0,0.74
305620.0,6404546.0,0.93
305622.0,6404546.0,1.26
305624.0,6404546.0,1.51
305626.0,6404546.0,1.64
305628.0,6404546.0,1.78
305630.0,6404546.0,1.88
305632.0,6404546.0,1.99
305634.0,6404546.0,2.19
305636.0,6404546.0,2.42
305638.0,6404546.0,2.74
305640.0,6404546.0,2.79
305642.0,6404546.0,3.63
305644.0,6404546.0,4.24
305646.0,6404546.0,4.29
305648.0,6404546.0,4.32
305650.0,6404546.0,4.51
305652.0,6404546.0,4.95
305654.0,6404546.0,4.92
305656.0,6404546.0,4.92
305658.0,6404546.0,5.13
305660.0,6404546.0,5.05
305662.0,6404546.0,5.29
305664.0,6404546.0,5.46
305666.0,6404546.0,5.72
305668.0,6404546.0,5.89
305670.0,6404546.0,5.97
305672.0,6404546.0,6.05
305674.0,6404546.0,6.17
305676.0,6404546.0,6.21
305678.0,6404546.0,6.18
305680.0,6404546.0,6.25
305150.0,6404548.0,-0.31
305152.0,6404548.0,-0.31
305154.0,6404548.0,-0.31
305156.0,6404548.0,-0.31
305158.0,6404548.0,-0.31
305160.0,6404548.0,-0.31
305162.0,6404548.0,-0.31
305164.0,6404548.0,-0.31
305166.0,6404548.0,-0.31
305168.0,6404548.0,-0.31
305170.0,6404548.0,-0.31
305172.0,6404548.0,-0.31
305174.0,6404548.0,-0.31
305176.0,6404548.0,-0.31
305178.0,6404548.0,-0.31
305180.0,6404548.0,-0.31
305182.0,6404548.0,-0.31
305184.0,6404548.0,-0.31
305186.0,6404548.0,-0.31
305188.0,6404548.0,-0.31
305190.0,6404548.0,-0.31
305192.0,6404548.0,-0.31
305194.0,6404548.0,-0.31
305196.0,6404548.0,-0.31
305198.0,6404548.0,-0.31
305200.0,6404548.0,-0.31
305202.0,6404548.0,-0.31
305204.0,6404548.0,-0.31
305206.0,6404548.0,-0.31
305208.0,6404548.0,-0.31
305210.0,6404548.0,-0.31
305212.0,6404548.0,-0.31
305214.0,6404548.0,-0.31
305216.0,6404548.0,-0.31
305218.0,6404548.0,-0.31
305220.0,6404548.0,-0.31
305222.0,6404548.0,-0.31
305224.0,6404548.0,-0.31
305226.0,6404548.0,-0.31
305228.0,6404548.0,-0.31
305230.0,6404548.0,-0.31
305232.0,6404548.0,-0.31
305234.0,6404548.0,-0.31
305236.0,6404548.0,-0.31
305238.0,6404548.0,-0.31
305240.0,6404548.0,-0.31
305242.0,6404548.0,-0.31
305244.0,6404548.0,-0.31
305246.0,6404548.0,-0.31
305248.0,6404548.0,-0.31
305250.0,6404548.0,-0.31
305252.0,6404548.0,-0.31
305254.0,6404548.0,-0.31
305256.0,6404548.0,-0.31
305258.0,6404548.0,-0.31
305260.0,6404548.0,-0.31
305262.0,6404548.0,-0.31
305264.0,6404548.0,-0.31
305266.0,6404548.0,-0.31
305268.0,6404548.0,-0.31
305270.0,6404548.0,-0.31
305272.0,6404548.0,-0.31
305274.0,6404548.0,-0.31
305276.0,6404548.0,-0.31
305278.0,6404548.0,-0.31
305280.0,6404548.0,-0.31
305282.0,6404548.0,-0.31
305284.0,6404548.0,-0.31
305286.0,6404548.0,-0.31
305288.0,6404548.0,-0.31
305290.0,6404548.0,-0.31
305292.0,6404548.0,-0.31
305294.0,6404548.0,-0.31
305296.0,6404548.0,-0.31
305298.0,6404548.0,-0.31
305300.0,6404548.0,-0.31
305302.0,6404548.0,-0.31
305304.0,6404548.0,-0.31
305306.0,6404548.0,-0.31
305308.0,6404548.0,-0.31
305310.0,6404548.0,-0.31
305312.0,6404548.0,-0.31
305314.0,6404548.0,-0.31
305316.0,6404548.0,-0.31
305318.0,6404548.0,-0.31
305320.0,6404548.0,-0.31
305322.0,6404548.0,-0.31
305324.0,6404548.0,-0.31
305326.0,6404548.0,-0.31
305328.0,6404548.0,-0.31
305330.0,6404548.0,-0.31
305332.0,6404548.0,-0.31
305334.0,6404548.0,-0.31
305336.0,6404548.0,-0.31
305338.0,6404548.0,-0.31
305340.0,6404548.0,-0.31
305342.0,6404548.0,-0.31
305344.0,6404548.0,-0.31
305346.0,6404548.0,-0.31
305348.0,6404548.0,-0.31
305350.0,6404548.0,-0.31
305352.0,6404548.0,-0.31
305354.0,6404548.0,-0.31
305356.0,6404548.0,-0.31
305358.0,6404548.0,-0.31
305360.0,6404548.0,-0.31
305362.0,6404548.0,-0.31
305364.0,6404548.0,-0.31
305366.0,6404548.0,-0.31
305368.0,6404548.0,-0.31
305370.0,6404548.0,-0.31
305372.0,6404548.0,-0.31
305374.0,6404548.0,-0.31
305376.0,6404548.0,-0.31
305378.0,6404548.0,-0.31
305380.0,6404548.0,-0.31
305382.0,6404548.0,-0.31
305384.0,6404548.0,-0.31
305386.0,6404548.0,-0.31
305388.0,6404548.0,-0.31
305390.0,6404548.0,-0.31
305392.0,6404548.0,-0.31
305394.0,6404548.0,-0.31
305396.0,6404548.0,-0.31
305398.0,6404548.0,-0.31
305400.0,6404548.0,-0.31
305402.0,6404548.0,-0.31
305404.0,6404548.0,-0.31
305406.0,6404548.0,-0.31
305408.0,6404548.0,-0.31
305410.0,6404548.0,-0.31
305412.0,6404548.0,-0.31
305414.0,6404548.0,-0.31
305416.0,6404548.0,-0.31
305418.0,6404548.0,-0.31
305420.0,6404548.0,-0.31
305422.0,6404548.0,-0.31
305424.0,6404548.0,-0.31
305426.0,6404548.0,-0.31
305428.0,6404548.0,-0.31
305430.0,6404548.0,-0.31
305432.0,6404548.0,-0.31
305434.0,6404548.0,-0.31
305436.0,6404548.0,-0.31
305438.0,6404548.0,-0.31
305440.0,6404548.0,-0.31
305442.0,6404548.0,-0.31
305444.0,6404548.0,-0.31
305446.0,6404548.0,-0.31
305448.0,6404548.0,-0.31
305450.0,6404548.0,-0.31
305452.0,6404548.0,-0.31
305454.0,6404548.0,-0.31
305456.0,6404548.0,-0.31
305458.0,6404548.0,-0.31
305460.0,6404548.0,-0.31
305462.0,6404548.0,-0.31
305464.0,6404548.0,-0.31
305466.0,6404548.0,-0.31
305468.0,6404548.0,-0.31
305470.0,6404548.0,-0.31
305472.0,6404548.0,-0.31
305474.0,6404548.0,-0.31
305476.0,6404548.0,-0.31
305478.0,6404548.0,-0.31
305480.0,6404548.0,-0.31
305482.0,6404548.0,-0.31
305484.0,6404548.0,-0.31
305486.0,6404548.0,-0.31
305488.0,6404548.0,-0.31
305490.0,6404548.0,-0.31
305492.0,6404548.0,-0.31
305494.0,6404548.0,-0.31
305496.0,6404548.0,-0.31
305498.0,6404548.0,-0.31
305500.0,6404548.0,-0.31
305502.0,6404548.0,-0.31
305504.0,6404548.0,-0.31
305506.0,6404548.0,-0.31
305508.0,6404548.0,-0.31
305510.0,6404548.0,-0.31
305512.0,6404548.0,-0.31
305514.0,6404548.0,-0.31
305516.0,6404548.0,-0.31
305518.0,6404548.0,-0.31
305520.0,6404548.0,-0.31
305522.0,6404548.0,-0.31
305524.0,6404548.0,-0.31
305526.0,6404548.0,-0.31
305528.0,6404548.0,-0.31
305530.0,6404548.0,-0.31
305532.0,6404548.0,-0.31
305534.0,6404548.0,-0.31
305536.0,6404548.0,-0.31
305538.0,6404548.0,-0.31
305540.0,6404548.0,-0.31
305542.0,6404548.0,-0.31
305544.0,6404548.0,-0.31
305546.0,6404548.0,-0.31
305548.0,6404548.0,-0.31
305550.0,6404548.0,-0.31
305552.0,6404548.0,-0.31
305554.0,6404548.0,-0.31
305556.0,6404548.0,-0.31
305558.0,6404548.0,-0.31
305560.0,6404548.0,-0.31
305562.0,6404548.0,-0.31
305564.0,6404548.0,-0.31
305566.0,6404548.0,-0.31
305568.0,6404548.0,-0.31
305570.0,6404548.0,-0.31
305572.0,6404548.0,-0.31
305574.0,6404548.0,-0.31
305576.0,6404548.0,-0.31
305578.0,6404548.0,-0.31
305580.0,6404548.0,-0.31
305582.0,6404548.0,-0.31
305584.0,6404548.0,-0.31
305586.0,6404548.0,-0.31
305588.0,6404548.0,-0.31
305590.0,6404548.0,-0.31
305592.0,6404548.0,-0.31
305594.0,6404548.0,-0.31
305596.0,6404548.0,-0.31
305598.0,6404548.0,-0.31
305600.0,6404548.0,-0.31
305602.0,6404548.0,-0.31
305604.0,6404548.0,-0.31
305606.0,6404548.0,-0.31
305608.0,6404548.0,-0.31
305610.0,6404548.0,0.31
305612.0,6404548.0,0.47
305614.0,6404548.0,0.64
305616.0,6404548.0,0.83
305618.0,6404548.0,0.88
305620.0,6404548.0,1.25
305622.0,6404548.0,1.55
305624.0,6404548.0,1.7
305626.0,6404548.0,1.83
305628.0,6404548.0,1.93
305630.0,6404548.0,2.05
305632.0,6404548.0,2.19
305634.0,6404548.0,2.61
305636.0,6404548.0,2.67
305638.0,6404548.0,2.94
305640.0,6404548.0,3.78
305642.0,6404548.0,5.0
305644.0,6404548.0,4.89
305646.0,6404548.0,4.73
305648.0,6404548.0,4.81
305650.0,6404548.0,4.84
305652.0,6404548.0,4.97
305654.0,6404548.0,5.22
305656.0,6404548.0,5.25
305658.0,6404548.0,5.59
305660.0,6404548.0,5.41
305662.0,6404548.0,5.49
305664.0,6404548.0,5.53
305666.0,6404548.0,5.7
305668.0,6404548.0,5.93
305670.0,6404548.0,6.02
305672.0,6404548.0,6.1
305674.0,6404548.0,6.1
305676.0,6404548.0,6.16
305678.0,6404548.0,6.31
305680.0,6404548.0,6.48
305150.0,6404550.0,-0.31
305152.0,6404550.0,-0.31
305154.0,6404550.0,-0.31
305156.0,6404550.0,-0.31
305158.0,6404550.0,-0.31
305160.0,6404550.0,-0.31
305162.0,6404550.0,-0.31
305164.0,6404550.0,-0.31
305166.0,6404550.0,-0.31
305168.0,6404550.0,-0.31
305170.0,6404550.0,-0.31
305172.0,6404550.0,-0.31
305174.0,6404550.0,-0.31
305176.0,6404550.0,-0.31
305178.0,6404550.0,-0.31
305180.0,6404550.0,-0.31
305182.0,6404550.0,-0.31
305184.0,6404550.0,-0.31
305186.0,6404550.0,-0.31
305188.0,6404550.0,-0.31
305190.0,6404550.0,-0.31
305192.0,6404550.0,-0.31
305194.0,6404550.0,-0.31
305196.0,6404550.0,-0.31
305198.0,6404550.0,-0.31
305200.0,6404550.0,-0.31
305202.0,6404550.0,-0.31
305204.0,6404550.0,-0.31
305206.0,6404550.0,-0.31
305208.0,6404550.0,-0.31
305210.0,6404550.0,-0.31
305212.0,6404550.0,-0.31
305214.0,6404550.0,-0.31
305216.0,6404550.0,-0.31
305218.0,6404550.0,-0.31
305220.0,6404550.0,-0.31
305222.0,6404550.0,-0.31
305224.0,6404550.0,-0.31
305226.0,6404550.0,-0.31
305228.0,6404550.0,-0.31
305230.0,6404550.0,-0.31
305232.0,6404550.0,-0.31
305234.0,6404550.0,-0.31
305236.0,6404550.0,-0.31
305238.0,6404550.0,-0.31
305240.0,6404550.0,-0.31
305242.0,6404550.0,-0.31
305244.0,6404550.0,-0.31
305246.0,6404550.0,-0.31
305248.0,6404550.0,-0.31
305250.0,6404550.0,-0.31
305252.0,6404550.0,-0.31
305254.0,6404550.0,-0.31
305256.0,6404550.0,-0.31
305258.0,6404550.0,-0.31
305260.0,6404550.0,-0.31
305262.0,6404550.0,-0.31
305264.0,6404550.0,-0.31
305266.0,6404550.0,-0.31
305268.0,6404550.0,-0.31
305270.0,6404550.0,-0.31
305272.0,6404550.0,-0.31
305274.0,6404550.0,-0.31
305276.0,6404550.0,-0.31
305278.0,6404550.0,-0.31
305280.0,6404550.0,-0.31
305282.0,6404550.0,-0.31
305284.0,6404550.0,-0.31
305286.0,6404550.0,-0.31
305288.0,6404550.0,-0.31
305290.0,6404550.0,-0.31
305292.0,6404550.0,-0.31
305294.0,6404550.0,-0.31
305296.0,6404550.0,-0.31
305298.0,6404550.0,-0.31
305300.0,6404550.0,-0.31
305302.0,6404550.0,-0.31
305304.0,6404550.0,-0.31
305306.0,6404550.0,-0.31
305308.0,6404550.0,-0.31
305310.0,6404550.0,-0.31
305312.0,6404550.0,-0.31
305314.0,6404550.0,-0.31
305316.0,6404550.0,-0.31
305318.0,6404550.0,-0.31
305320.0,6404550.0,-0.31
305322.0,6404550.0,-0.31
305324.0,6404550.0,-0.31
305326.0,6404550.0,-0.31
305328.0,6404550.0,-0.31
305330.0,6404550.0,-0.31
305332.0,6404550.0,-0.31
305334.0,6404550.0,-0.31
305336.0,6404550.0,-0.31
305338.0,6404550.0,-0.31
305340.0,6404550.0,-0.31
305342.0,6404550.0,-0.31
305344.0,6404550.0,-0.31
305346.0,6404550.0,-0.31
305348.0,6404550.0,-0.31
305350.0,6404550.0,-0.31
305352.0,6404550.0,-0.31
305354.0,6404550.0,-0.31
305356.0,6404550.0,-0.31
305358.0,6404550.0,-0.31
305360.0,6404550.0,-0.31
305362.0,6404550.0,-0.31
305364.0,6404550.0,-0.31
305366.0,6404550.0,-0.31
305368.0,6404550.0,-0.31
305370.0,6404550.0,-0.31
305372.0,6404550.0,-0.31
305374.0,6404550.0,-0.31
305376.0,6404550.0,-0.31
305378.0,6404550.0,-0.31
305380.0,6404550.0,-0.31
305382.0,6404550.0,-0.31
305384.0,6404550.0,-0.31
305386.0,6404550.0,-0.31
305388.0,6404550.0,-0.31
305390.0,6404550.0,-0.31
305392.0,6404550.0,-0.31
305394.0,6404550.0,-0.31
305396.0,6404550.0,-0.31
305398.0,6404550.0,-0.31
305400.0,6404550.0,-0.31
305402.0,6404550.0,-0.31
305404.0,6404550.0,-0.31
305406.0,6404550.0,-0.31
305408.0,6404550.0,-0.31
305410.0,6404550.0,-0.31
305412.0,6404550.0,-0.31
305414.0,6404550.0,-0.31
305416.0,6404550.0,-0.31
305418.0,6404550.0,-0.31
305420.0,6404550.0,-0.31
305422.0,6404550.0,-0.31
305424.0,6404550.0,-0.31
305426.0,6404550.0,-0.31
305428.0,6404550.0,-0.31
305430.0,6404550.0,-0.31
305432.0,6404550.0,-0.31
305434.0,6404550.0,-0.31
305436.0,6404550.0,-0.31
305438.0,6404550.0,-0.31
305440.0,6404550.0,-0.31
305442.0,6404550.0,-0.31
305444.0,6404550.0,-0.31
305446.0,6404550.0,-0.31
305448.0,6404550.0,-0.31
305450.0,6404550.0,-0.31
305452.0,6404550.0,-0.31
305454.0,6404550.0,-0.31
305456.0,6404550.0,-0.31
305458.0,6404550.0,-0.31
305460.0,6404550.0,-0.31
305462.0,6404550.0,-0.31
305464.0,6404550.0,-0.31
305466.0,6404550.0,-0.31
305468.0,6404550.0,-0.31
305470.0,6404550.0,-0.31
305472.0,6404550.0,-0.31
305474.0,6404550.0,-0.31
305476.0,6404550.0,-0.31
305478.0,6404550.0,-0.31
305480.0,6404550.0,-0.31
305482.0,6404550.0,-0.31
305484.0,6404550.0,-0.31
305486.0,6404550.0,-0.31
305488.0,6404550.0,-0.31
305490.0,6404550.0,-0.31
305492.0,6404550.0,-0.31
305494.0,6404550.0,-0.31
305496.0,6404550.0,-0.31
305498.0,6404550.0,-0.31
305500.0,6404550.0,-0.31
305502.0,6404550.0,-0.31
305504.0,6404550.0,-0.31
305506.0,6404550.0,-0.31
305508.0,6404550.0,-0.31
305510.0,6404550.0,-0.31
305512.0,6404550.0,-0.31
305514.0,6404550.0,-0.31
305516.0,6404550.0,-0.31
305518.0,6404550.0,-0.31
305520.0,6404550.0,-0.31
305522.0,6404550.0,-0.31
305524.0,6404550.0,-0.31
305526.0,6404550.0,-0.31
305528.0,6404550.0,-0.31
305530.0,6404550.0,-0.31
305532.0,6404550.0,-0.31
305534.0,6404550.0,-0.31
305536.0,6404550.0,-0.31
305538.0,6404550.0,-0.31
305540.0,6404550.0,-0.31
305542.0,6404550.0,-0.31
305544.0,6404550.0,-0.31
305546.0,6404550.0,-0.31
305548.0,6404550.0,-0.31
305550.0,6404550.0,-0.31
305552.0,6404550.0,-0.31
305554.0,6404550.0,-0.31
305556.0,6404550.0,-0.31
305558.0,6404550.0,-0.31
305560.0,6404550.0,-0.31
305562.0,6404550.0,-0.31
305564.0,6404550.0,-0.31
305566.0,6404550.0,-0.31
305568.0,6404550.0,-0.31
305570.0,6404550.0,-0.31
305572.0,6404550.0,-0.31
305574.0,6404550.0,-0.31
305576.0,6404550.0,-0.31
305578.0,6404550.0,-0.31
305580.0,6404550.0,-0.31
305582.0,6404550.0,-0.31
305584.0,6404550.0,-0.31
305586.0,6404550.0,-0.31
305588.0,6404550.0,-0.31
305590.0,6404550.0,-0.31
305592.0,6404550.0,-0.31
305594.0,6404550.0,-0.31
305596.0,6404550.0,-0.31
305598.0,6404550.0,-0.31
305600.0,6404550.0,-0.31
305602.0,6404550.0,-0.31
305604.0,6404550.0,-0.31
305606.0,6404550.0,-0.31
305608.0,6404550.0,0.23
305610.0,6404550.0,0.37
305612.0,6404550.0,0.54
305614.0,6404550.0,0.76
305616.0,6404550.0,0.81
305618.0,6404550.0,1.12
305620.0,6404550.0,1.5
305622.0,6404550.0,1.71
305624.0,6404550.0,1.81
305626.0,6404550.0,1.96
305628.0,6404550.0,2.13
305630.0,6404550.0,2.76
305632.0,6404550.0,3.24
305634.0,6404550.0,3.93
305636.0,6404550.0,4.66
305638.0,6404550.0,5.49
305640.0,6404550.0,5.84
305642.0,6404550.0,5.96
305644.0,6404550.0,6.0
305646.0,6404550.0,5.62
305648.0,6404550.0,5.43
305650.0,6404550.0,5.18
305652.0,6404550.0,5.24
305654.0,6404550.0,5.52
305656.0,6404550.0,5.55
305658.0,6404550.0,5.62
305660.0,6404550.0,5.61
305662.0,6404550.0,5.57
305664.0,6404550.0,5.56
305666.0,6404550.0,5.75
305668.0,6404550.0,5.8
305670.0,6404550.0,6.02
305672.0,6404550.0,6.23
305674.0,6404550.0,6.16
305676.0,6404550.0,6.29
305678.0,6404550.0,6.32
305680.0,6404550.0,6.4
305150.0,6404552.0,-0.31
305152.0,6404552.0,-0.31
305154.0,6404552.0,-0.31
305156.0,6404552.0,-0.31
305158.0,6404552.0,-0.31
305160.0,6404552.0,-0.31
305162.0,6404552.0,-0.31
305164.0,6404552.0,-0.31
305166.0,6404552.0,-0.31
305168.0,6404552.0,-0.31
305170.0,6404552.0,-0.31
305172.0,6404552.0,-0.31
305174.0,6404552.0,-0.31
305176.0,6404552.0,-0.31
305178.0,6404552.0,-0.31
305180.0,6404552.0,-0.31
305182.0,6404552.0,-0.31
305184.0,6404552.0,-0.31
305186.0,6404552.0,-0.31
305188.0,6404552.0,-0.31
305190.0,6404552.0,-0.31
305192.0,6404552.0,-0.31
305194.0,6404552.0,-0.31
305196.0,6404552.0,-0.31
305198.0,6404552.0,-0.31
305200.0,6404552.0,-0.31
305202.0,6404552.0,-0.31
305204.0,6404552.0,-0.31
305206.0,6404552.0,-0.31
305208.0,6404552.0,-0.31
305210.0,6404552.0,-0.31
305212.0,6404552.0,-0.31
305214.0,6404552.0,-0.31
305216.0,6404552.0,-0.31
305218.0,6404552.0,-0.31
305220.0,6404552.0,-0.31
305222.0,6404552.0,-0.31
305224.0,6404552.0,-0.31
305226.0,6404552.0,-0.31
305228.0,6404552.0,-0.31
305230.0,6404552.0,-0.31
305232.0,6404552.0,-0.31
305234.0,6404552.0,-0.31
305236.0,6404552.0,-0.31
305238.0,6404552.0,-0.31
305240.0,6404552.0,-0.31
305242.0,6404552.0,-0.31
305244.0,6404552.0,-0.31
305246.0,6404552.0,-0.31
305248.0,6404552.0,-0.31
305250.0,6404552.0,-0.31
305252.0,6404552.0,-0.31
305254.0,6404552.0,-0.31
305256.0,6404552.0,-0.31
305258.0,6404552.0,-0.31
305260.0,6404552.0,-0.31
305262.0,6404552.0,-0.31
305264.0,6404552.0,-0.31
305266.0,6404552.0,-0.31
305268.0,6404552.0,-0.31
305270.0,6404552.0,-0.31
305272.0,6404552.0,-0.31
305274.0,6404552.0,-0.31
305276.0,6404552.0,-0.31
305278.0,6404552.0,-0.31
305280.0,6404552.0,-0.31
305282.0,6404552.0,-0.31
305284.0,6404552.0,-0.31
305286.0,6404552.0,-0.31
305288.0,6404552.0,-0.31
305290.0,6404552.0,-0.31
305292.0,6404552.0,-0.31
305294.0,6404552.0,-0.31
305296.0,6404552.0,-0.31
305298.0,6404552.0,-0.31
305300.0,6404552.0,-0.31
305302.0,6404552.0,-0.31
305304.0,6404552.0,-0.31
305306.0,6404552.0,-0.31
305308.0,6404552.0,-0.31
305310.0,6404552.0,-0.31
305312.0,6404552.0,-0.31
305314.0,6404552.0,-0.31
305316.0,6404552.0,-0.31
305318.0,6404552.0,-0.31
305320.0,6404552.0,-0.31
305322.0,6404552.0,-0.31
305324.0,6404552.0,-0.31
305326.0,6404552.0,-0.31
305328.0,6404552.0,-0.31
305330.0,6404552.0,-0.31
305332.0,6404552.0,-0.31
305334.0,6404552.0,-0.31
305336.0,6404552.0,-0.31
305338.0,6404552.0,-0.31
305340.0,6404552.0,-0.31
305342.0,6404552.0,-0.31
305344.0,6404552.0,-0.31
305346.0,6404552.0,-0.31
305348.0,6404552.0,-0.31
305350.0,6404552.0,-0.31
305352.0,6404552.0,-0.31
305354.0,6404552.0,-0.31
305356.0,6404552.0,-0.31
305358.0,6404552.0,-0.31
305360.0,6404552.0,-0.31
305362.0,6404552.0,-0.31
305364.0,6404552.0,-0.31
305366.0,6404552.0,-0.31
305368.0,6404552.0,-0.31
305370.0,6404552.0,-0.31
305372.0,6404552.0,-0.31
305374.0,6404552.0,-0.31
305376.0,6404552.0,-0.31
305378.0,6404552.0,-0.31
305380.0,6404552.0,-0.31
305382.0,6404552.0,-0.31
305384.0,6404552.0,-0.31
305386.0,6404552.0,-0.31
305388.0,6404552.0,-0.31
305390.0,6404552.0,-0.31
305392.0,6404552.0,-0.31
305394.0,6404552.0,-0.31
305396.0,6404552.0,-0.31
305398.0,6404552.0,-0.31
305400.0,6404552.0,-0.31
305402.0,6404552.0,-0.31
305404.0,6404552.0,-0.31
305406.0,6404552.0,-0.31
305408.0,6404552.0,-0.31
305410.0,6404552.0,-0.31
305412.0,6404552.0,-0.31
305414.0,6404552.0,-0.31
305416.0,6404552.0,-0.31
305418.0,6404552.0,-0.31
305420.0,6404552.0,-0.31
305422.0,6404552.0,-0.31
305424.0,6404552.0,-0.31
305426.0,6404552.0,-0.31
305428.0,6404552.0,-0.31
305430.0,6404552.0,-0.31
305432.0,6404552.0,-0.31
305434.0,6404552.0,-0.31
305436.0,6404552.0,-0.31
305438.0,6404552.0,-0.31
305440.0,6404552.0,-0.31
305442.0,6404552.0,-0.31
305444.0,6404552.0,-0.31
305446.0,6404552.0,-0.31
305448.0,6404552.0,-0.31
305450.0,6404552.0,-0.31
305452.0,6404552.0,-0.31
305454.0,6404552.0,-0.31
305456.0,6404552.0,-0.31
305458.0,6404552.0,-0.31
305460.0,6404552.0,-0.31
305462.0,6404552.0,-0.31
305464.0,6404552.0,-0.31
305466.0,6404552.0,-0.31
305468.0,6404552.0,-0.31
305470.0,6404552.0,-0.31
305472.0,6404552.0,-0.31
305474.0,6404552.0,-0.31
305476.0,6404552.0,-0.31
305478.0,6404552.0,-0.31
305480.0,6404552.0,-0.31
305482.0,6404552.0,-0.31
305484.0,6404552.0,-0.31
305486.0,6404552.0,-0.31
305488.0,6404552.0,-0.31
305490.0,6404552.0,-0.31
305492.0,6404552.0,-0.31
305494.0,6404552.0,-0.31
305496.0,6404552.0,-0.31
305498.0,6404552.0,-0.31
305500.0,6404552.0,-0.31
305502.0,6404552.0,-0.31
305504.0,6404552.0,-0.31
305506.0,6404552.0,-0.31
305508.0,6404552.0,-0.31
305510.0,6404552.0,-0.31
305512.0,6404552.0,-0.31
305514.0,6404552.0,-0.31
305516.0,6404552.0,-0.31
305518.0,6404552.0,-0.31
305520.0,6404552.0,-0.31
305522.0,6404552.0,-0.31
305524.0,6404552.0,-0.31
305526.0,6404552.0,-0.31
305528.0,6404552.0,-0.31
305530.0,6404552.0,-0.31
305532.0,6404552.0,-0.31
305534.0,6404552.0,-0.31
305536.0,6404552.0,-0.31
305538.0,6404552.0,-0.31
305540.0,6404552.0,-0.31
305542.0,6404552.0,-0.31
305544.0,6404552.0,-0.31
305546.0,6404552.0,-0.31
305548.0,6404552.0,-0.31
305550.0,6404552.0,-0.31
305552.0,6404552.0,-0.31
305554.0,6404552.0,-0.31
305556.0,6404552.0,-0.31
305558.0,6404552.0,-0.31
305560.0,6404552.0,-0.31
305562.0,6404552.0,-0.31
305564.0,6404552.0,-0.31
305566.0,6404552.0,-0.31
305568.0,6404552.0,-0.31
305570.0,6404552.0,-0.31
305572.0,6404552.0,-0.31
305574.0,6404552.0,-0.31
305576.0,6404552.0,-0.31
305578.0,6404552.0,-0.31
305580.0,6404552.0,-0.31
305582.0,6404552.0,-0.31
305584.0,6404552.0,-0.31
305586.0,6404552.0,-0.31
305588.0,6404552.0,-0.31
305590.0,6404552.0,-0.31
305592.0,6404552.0,-0.31
305594.0,6404552.0,-0.31
305596.0,6404552.0,-0.31
305598.0,6404552.0,-0.31
305600.0,6404552.0,-0.31
305602.0,6404552.0,-0.31
305604.0,6404552.0,-0.31
305606.0,6404552.0,0.05
305608.0,6404552.0,0.3
305610.0,6404552.0,0.55
305612.0,6404552.0,0.74
305614.0,6404552.0,0.81
305616.0,6404552.0,0.95
305618.0,6404552.0,1.04
305620.0,6404552.0,1.29
305622.0,6404552.0,1.82
305624.0,6404552.0,1.98
305626.0,6404552.0,2.21
305628.0,6404552.0,2.36
305630.0,6404552.0,3.76
305632.0,6404552.0,4.37
305634.0,6404552.0,5.57
305636.0,6404552.0,6.59
305638.0,6404552.0,6.79
305640.0,6404552.0,7.29
305642.0,6404552.0,7.35
305644.0,6404552.0,7.07
305646.0,6404552.0,6.61
305648.0,6404552.0,5.95
305650.0,6404552.0,5.58
305652.0,6404552.0,5.29
305654.0,6404552.0,5.35
305656.0,6404552.0,5.49
305658.0,6404552.0,5.62
305660.0,6404552.0,5.56
305662.0,6404552.0,5.64
305664.0,6404552.0,5.71
305666.0,6404552.0,5.86
305668.0,6404552.0,5.97
305670.0,6404552.0,5.96
305672.0,6404552.0,6.1
305674.0,6404552.0,6.45
305676.0,6404552.0,6.49
305678.0,6404552.0,6.29
305680.0,6404552.0,6.34
305150.0,6404554.0,-0.31
305152.0,6404554.0,-0.31
305154.0,6404554.0,-0.31
305156.0,6404554.0,-0.31
305158.0,6404554.0,-0.31
305160.0,6404554.0,-0.31
305162.0,6404554.0,-0.31
305164.0,6404554.0,-0.31
305166.0,6404554.0,-0.31
305168.0,6404554.0,-0.31
305170.0,6404554.0,-0.31
305172.0,6404554.0,-0.31
305174.0,6404554.0,-0.31
305176.0,6404554.0,-0.31
305178.0,6404554.0,-0.31
305180.0,6404554.0,-0.31
305182.0,6404554.0,-0.31
305184.0,6404554.0,-0.31
305186.0,6404554.0,-0.31
305188.0,6404554.0,-0.31
305190.0,6404554.0,-0.31
305192.0,6404554.0,-0.31
305194.0,6404554.0,-0.31
305196.0,6404554.0,-0.31
305198.0,6404554.0,-0.31
305200.0,6404554.0,-0.31
305202.0,6404554.0,-0.31
305204.0,6404554.0,-0.31
305206.0,6404554.0,-0.31
305208.0,6404554.0,-0.31
305210.0,6404554.0,-0.31
305212.0,6404554.0,-0.31
305214.0,6404554.0,-0.31
305216.0,6404554.0,-0.31
305218.0,6404554.0,-0.31
305220.0,6404554.0,-0.31
305222.0,6404554.0,-0.31
305224.0,6404554.0,-0.31
305226.0,6404554.0,-0.31
305228.0,6404554.0,-0.31
305230.0,6404554.0,-0.31
305232.0,6404554.0,-0.31
305234.0,6404554.0,-0.31
305236.0,6404554.0,-0.31
305238.0,6404554.0,-0.31
305240.0,6404554.0,-0.31
305242.0,6404554.0,-0.31
305244.0,6404554.0,-0.31
305246.0,6404554.0,-0.31
305248.0,6404554.0,-0.31
305250.0,6404554.0,-0.31
305252.0,6404554.0,-0.31
305254.0,6404554.0,-0.31
305256.0,6404554.0,-0.31
305258.0,6404554.0,-0.31
305260.0,6404554.0,-0.31
305262.0,6404554.0,-0.31
305264.0,6404554.0,-0.31
305266.0,6404554.0,-0.31
305268.0,6404554.0,-0.31
305270.0,6404554.0,-0.31
305272.0,6404554.0,-0.31
305274.0,6404554.0,-0.31
305276.0,6404554.0,-0.31
305278.0,6404554.0,-0.31
305280.0,6404554.0,-0.31
305282.0,6404554.0,-0.31
305284.0,6404554.0,-0.31
305286.0,6404554.0,-0.31
305288.0,6404554.0,-0.31
305290.0,6404554.0,-0.31
305292.0,6404554.0,-0.31
305294.0,6404554.0,-0.31
305296.0,6404554.0,-0.31
305298.0,6404554.0,-0.31
305300.0,6404554.0,-0.31
305302.0,6404554.0,-0.31
305304.0,6404554.0,-0.31
305306.0,6404554.0,-0.31
305308.0,6404554.0,-0.31
305310.0,6404554.0,-0.31
305312.0,6404554.0,-0.31
305314.0,6404554.0,-0.31
305316.0,6404554.0,-0.31
305318.0,6404554.0,-0.31
305320.0,6404554.0,-0.31
305322.0,6404554.0,-0.31
305324.0,6404554.0,-0.31
305326.0,6404554.0,-0.31
305328.0,6404554.0,-0.31
305330.0,6404554.0,-0.31
305332.0,6404554.0,-0.31
305334.0,6404554.0,-0.31
305336.0,6404554.0,-0.31
305338.0,6404554.0,-0.31
305340.0,6404554.0,-0.31
305342.0,6404554.0,-0.31
305344.0,6404554.0,-0.31
305346.0,6404554.0,-0.31
305348.0,6404554.0,-0.31
305350.0,6404554.0,-0.31
305352.0,6404554.0,-0.31
305354.0,6404554.0,-0.31
305356.0,6404554.0,-0.31
305358.0,6404554.0,-0.31
305360.0,6404554.0,-0.31
305362.0,6404554.0,-0.31
305364.0,6404554.0,-0.31
305366.0,6404554.0,-0.31
305368.0,6404554.0,-0.31
305370.0,6404554.0,-0.31
305372.0,6404554.0,-0.31
305374.0,6404554.0,-0.31
305376.0,6404554.0,-0.31
305378.0,6404554.0,-0.31
305380.0,6404554.0,-0.31
305382.0,6404554.0,-0.31
305384.0,6404554.0,-0.31
305386.0,6404554.0,-0.31
305388.0,6404554.0,-0.31
305390.0,6404554.0,-0.31
305392.0,6404554.0,-0.31
305394.0,6404554.0,-0.31
305396.0,6404554.0,-0.31
305398.0,6404554.0,-0.31
305400.0,6404554.0,-0.31
305402.0,6404554.0,-0.31
305404.0,6404554.0,-0.31
305406.0,6404554.0,-0.31
305408.0,6404554.0,-0.31
305410.0,6404554.0,-0.31
305412.0,6404554.0,-0.31
305414.0,6404554.0,-0.31
305416.0,6404554.0,-0.31
305418.0,6404554.0,-0.31
305420.0,6404554.0,-0.31
305422.0,6404554.0,-0.31
305424.0,6404554.0,-0.31
305426.0,6404554.0,-0.31
305428.0,6404554.0,-0.31
305430.0,6404554.0,-0.31
305432.0,6404554.0,-0.31
305434.0,6404554.0,-0.31
305436.0,6404554.0,-0.31
305438.0,6404554.0,-0.31
305440.0,6404554.0,-0.31
305442.0,6404554.0,-0.31
305444.0,6404554.0,-0.31
305446.0,6404554.0,-0.31
305448.0,6404554.0,-0.31
305450.0,6404554.0,-0.31
305452.0,6404554.0,-0.31
305454.0,6404554.0,-0.31
305456.0,6404554.0,-0.31
305458.0,6404554.0,-0.31
305460.0,6404554.0,-0.31
305462.0,6404554.0,-0.31
305464.0,6404554.0,-0.31
305466.0,6404554.0,-0.31
305468.0,6404554.0,-0.31
305470.0,6404554.0,-0.31
305472.0,6404554.0,-0.31
305474.0,6404554.0,-0.31
305476.0,6404554.0,-0.31
305478.0,6404554.0,-0.31
305480.0,6404554.0,-0.31
305482.0,6404554.0,-0.31
305484.0,6404554.0,-0.31
305486.0,6404554.0,-0.31
305488.0,6404554.0,-0.31
305490.0,6404554.0,-0.31
305492.0,6404554.0,-0.31
305494.0,6404554.0,-0.31
305496.0,6404554.0,-0.31
305498.0,6404554.0,-0.31
305500.0,6404554.0,-0.31
305502.0,6404554.0,-0.31
305504.0,6404554.0,-0.31
305506.0,6404554.0,-0.31
305508.0,6404554.0,-0.31
305510.0,6404554.0,-0.31
305512.0,6404554.0,-0.31
305514.0,6404554.0,-0.31
305516.0,6404554.0,-0.31
305518.0,6404554.0,-0.31
305520.0,6404554.0,-0.31
305522.0,6404554.0,-0.31
305524.0,6404554.0,-0.31
305526.0,6404554.0,-0.31
305528.0,6404554.0,-0.31
305530.0,6404554.0,-0.31
305532.0,6404554.0,-0.31
305534.0,6404554.0,-0.31
305536.0,6404554.0,-0.31
305538.0,6404554.0,-0.31
305540.0,6404554.0,-0.31
305542.0,6404554.0,-0.31
305544.0,6404554.0,-0.31
305546.0,6404554.0,-0.31
305548.0,6404554.0,-0.31
305550.0,6404554.0,-0.31
305552.0,6404554.0,-0.31
305554.0,6404554.0,-0.31
305556.0,6404554.0,-0.31
305558.0,6404554.0,-0.31
305560.0,6404554.0,-0.31
305562.0,6404554.0,-0.31
305564.0,6404554.0,-0.31
305566.0,6404554.0,-0.31
305568.0,6404554.0,-0.31
305570.0,6404554.0,-0.31
305572.0,6404554.0,-0.31
305574.0,6404554.0,-0.31
305576.0,6404554.0,-0.31
305578.0,6404554.0,-0.31
305580.0,6404554.0,-0.31
305582.0,6404554.0,-0.31
305584.0,6404554.0,-0.31
305586.0,6404554.0,-0.31
305588.0,6404554.0,-0.31
305590.0,6404554.0,-0.31
305592.0,6404554.0,-0.31
305594.0,6404554.0,-0.31
305596.0,6404554.0,-0.31
305598.0,6404554.0,-0.31
305600.0,6404554.0,-0.31
305602.0,6404554.0,-0.31
305604.0,6404554.0,-0.19
305606.0,6404554.0,0.22
305608.0,6404554.0,0.37
305610.0,6404554.0,0.54
305612.0,6404554.0,0.77
305614.0,6404554.0,0.89
305616.0,6404554.0,1.03
305618.0,6404554.0,1.22
305620.0,6404554.0,1.56
305622.0,6404554.0,2.16
305624.0,6404554.0,2.29
305626.0,6404554.0,2.6
305628.0,6404554.0,3.43
305630.0,6404554.0,5.23
305632.0,6404554.0,5.86
305634.0,6404554.0,6.64
305636.0,6404554.0,7.35
305638.0,6404554.0,7.57
305640.0,6404554.0,7.55
305642.0,6404554.0,7.46
305644.0,6404554.0,7.19
305646.0,6404554.0,6.77
305648.0,6404554.0,6.34
305650.0,6404554.0,6.09
305652.0,6404554.0,5.58
305654.0,6404554.0,5.42
305656.0,6404554.0,5.5
305658.0,6404554.0,5.53
305660.0,6404554.0,5.65
305662.0,6404554.0,5.72
305664.0,6404554.0,6.09
305666.0,6404554.0,6.39
305668.0,6404554.0,6.29
305670.0,6404554.0,6.29
305672.0,6404554.0,6.3
305674.0,6404554.0,6.73
305676.0,6404554.0,6.74
305678.0,6404554.0,6.38
305680.0,6404554.0,6.44
305150.0,6404556.0,-0.31
305152.0,6404556.0,-0.31
305154.0,6404556.0,-0.31
305156.0,6404556.0,-0.31
305158.0,6404556.0,-0.31
305160.0,6404556.0,-0.31
305162.0,6404556.0,-0.31
305164.0,6404556.0,-0.31
305166.0,6404556.0,-0.31
305168.0,6404556.0,-0.31
305170.0,6404556.0,-0.31
305172.0,6404556.0,-0.31
305174.0,6404556.0,-0.31
305176.0,6404556.0,-0.31
305178.0,6404556.0,-0.31
305180.0,6404556.0,-0.31
305182.0,6404556.0,-0.31
305184.0,6404556.0,-0.31
305186.0,6404556.0,-0.31
305188.0,6404556.0,-0.31
305190.0,6404556.0,-0.31
305192.0,6404556.0,-0.31
305194.0,6404556.0,-0.31
305196.0,6404556.0,-0.31
305198.0,6404556.0,-0.31
305200.0,6404556.0,-0.31
305202.0,6404556.0,-0.31
305204.0,6404556.0,-0.31
305206.0,6404556.0,-0.31
305208.0,6404556.0,-0.31
305210.0,6404556.0,-0.31
305212.0,6404556.0,-0.31
305214.0,6404556.0,-0.31
305216.0,6404556.0,-0.31
305218.0,6404556.0,-0.31
305220.0,6404556.0,-0.31
305222.0,6404556.0,-0.31
305224.0,6404556.0,-0.31
305226.0,6404556.0,-0.31
305228.0,6404556.0,-0.31
305230.0,6404556.0,-0.31
305232.0,6404556.0,-0.31
305234.0,6404556.0,-0.31
305236.0,6404556.0,-0.31
305238.0,6404556.0,-0.31
305240.0,6404556.0,-0.31
305242.0,6404556.0,-0.31
305244.0,6404556.0,-0.31
305246.0,6404556.0,-0.31
305248.0,6404556.0,-0.31
305250.0,6404556.0,-0.31
305252.0,6404556.0,-0.31
305254.0,6404556.0,-0.31
305256.0,6404556.0,-0.31
305258.0,6404556.0,-0.31
305260.0,6404556.0,-0.31
305262.0,6404556.0,-0.31
305264.0,6404556.0,-0.31
305266.0,6404556.0,-0.31
305268.0,6404556.0,-0.31
305270.0,6404556.0,-0.31
305272.0,6404556.0,-0.31
305274.0,6404556.0,-0.31
305276.0,6404556.0,-0.31
305278.0,6404556.0,-0.31
305280.0,6404556.0,-0.31
305282.0,6404556.0,-0.31
305284.0,6404556.0,-0.31
305286.0,6404556.0,-0.31
305288.0,6404556.0,-0.31
305290.0,6404556.0,-0.31
305292.0,6404556.0,-0.31
305294.0,6404556.0,-0.31
305296.0,6404556.0,-0.31
305298.0,6404556.0,-0.31
305300.0,6404556.0,-0.31
305302.0,6404556.0,-0.31
305304.0,6404556.0,-0.31
305306.0,6404556.0,-0.31
305308.0,6404556.0,-0.31
305310.0,6404556.0,-0.31
305312.0,6404556.0,-0.31
305314.0,6404556.0,-0.31
305316.0,6404556.0,-0.31
305318.0,6404556.0,-0.31
305320.0,6404556.0,-0.31
305322.0,6404556.0,-0.31
305324.0,6404556.0,-0.31
305326.0,6404556.0,-0.31
305328.0,6404556.0,-0.31
305330.0,6404556.0,-0.31
305332.0,6404556.0,-0.31
305334.0,6404556.0,-0.31
305336.0,6404556.0,-0.31
305338.0,6404556.0,-0.31
305340.0,6404556.0,-0.31
305342.0,6404556.0,-0.31
305344.0,6404556.0,-0.31
305346.0,6404556.0,-0.31
305348.0,6404556.0,-0.31
305350.0,6404556.0,-0.31
305352.0,6404556.0,-0.31
305354.0,6404556.0,-0.31
305356.0,6404556.0,-0.31
305358.0,6404556.0,-0.31
305360.0,6404556.0,-0.31
305362.0,6404556.0,-0.31
305364.0,6404556.0,-0.31
305366.0,6404556.0,-0.31
305368.0,6404556.0,-0.31
305370.0,6404556.0,-0.31
305372.0,6404556.0,-0.31
305374.0,6404556.0,-0.31
305376.0,6404556.0,-0.31
305378.0,6404556.0,-0.31
305380.0,6404556.0,-0.31
305382.0,6404556.0,-0.31
305384.0,6404556.0,-0.31
305386.0,6404556.0,-0.31
305388.0,6404556.0,-0.31
305390.0,6404556.0,-0.31
305392.0,6404556.0,-0.31
305394.0,6404556.0,-0.31
305396.0,6404556.0,-0.31
305398.0,6404556.0,-0.31
305400.0,6404556.0,-0.31
305402.0,6404556.0,-0.31
305404.0,6404556.0,-0.31
305406.0,6404556.0,-0.31
305408.0,6404556.0,-0.31
305410.0,6404556.0,-0.31
305412.0,6404556.0,-0.31
305414.0,6404556.0,-0.31
305416.0,6404556.0,-0.31
305418.0,6404556.0,-0.31
305420.0,6404556.0,-0.31
305422.0,6404556.0,-0.31
305424.0,6404556.0,-0.31
305426.0,6404556.0,-0.31
305428.0,6404556.0,-0.31
305430.0,6404556.0,-0.31
305432.0,6404556.0,-0.31
305434.0,6404556.0,-0.31
305436.0,6404556.0,-0.31
305438.0,6404556.0,-0.31
305440.0,6404556.0,-0.31
305442.0,6404556.0,-0.31
305444.0,6404556.0,-0.31
305446.0,6404556.0,-0.31
305448.0,6404556.0,-0.31
305450.0,6404556.0,-0.31
305452.0,6404556.0,-0.31
305454.0,6404556.0,-0.31
305456.0,6404556.0,-0.31
305458.0,6404556.0,-0.31
305460.0,6404556.0,-0.31
305462.0,6404556.0,-0.31
305464.0,6404556.0,-0.31
305466.0,6404556.0,-0.31
305468.0,6404556.0,-0.31
305470.0,6404556.0,-0.31
305472.0,6404556.0,-0.31
305474.0,6404556.0,-0.31
305476.0,6404556.0,-0.31
305478.0,6404556.0,-0.31
305480.0,6404556.0,-0.31
305482.0,6404556.0,-0.31
305484.0,6404556.0,-0.31
305486.0,6404556.0,-0.31
305488.0,6404556.0,-0.31
305490.0,6404556.0,-0.31
305492.0,6404556.0,-0.31
305494.0,6404556.0,-0.31
305496.0,6404556.0,-0.31
305498.0,6404556.0,-0.31
305500.0,6404556.0,-0.31
305502.0,6404556.0,-0.31
305504.0,6404556.0,-0.31
305506.0,6404556.0,-0.31
305508.0,6404556.0,-0.31
305510.0,6404556.0,-0.31
305512.0,6404556.0,-0.31
305514.0,6404556.0,-0.31
305516.0,6404556.0,-0.31
305518.0,6404556.0,-0.31
305520.0,6404556.0,-0.31
305522.0,6404556.0,-0.31
305524.0,6404556.0,-0.31
305526.0,6404556.0,-0.31
305528.0,6404556.0,-0.31
305530.0,6404556.0,-0.31
305532.0,6404556.0,-0.31
305534.0,6404556.0,-0.31
305536.0,6404556.0,-0.31
305538.0,6404556.0,-0.31
305540.0,6404556.0,-0.31
305542.0,6404556.0,-0.31
305544.0,6404556.0,-0.31
305546.0,6404556.0,-0.31
305548.0,6404556.0,-0.31
305550.0,6404556.0,-0.31
305552.0,6404556.0,-0.31
305554.0,6404556.0,-0.31
305556.0,6404556.0,-0.31
305558.0,6404556.0,-0.31
305560.0,6404556.0,-0.31
305562.0,6404556.0,-0.31
305564.0,6404556.0,-0.31
305566.0,6404556.0,-0.31
305568.0,6404556.0,-0.31
305570.0,6404556.0,-0.31
305572.0,6404556.0,-0.31
305574.0,6404556.0,-0.31
305576.0,6404556.0,-0.31
305578.0,6404556.0,-0.31
305580.0,6404556.0,-0.31
305582.0,6404556.0,-0.31
305584.0,6404556.0,-0.31
305586.0,6404556.0,-0.31
305588.0,6404556.0,-0.31
305590.0,6404556.0,-0.31
305592.0,6404556.0,-0.31
305594.0,6404556.0,-0.31
305596.0,6404556.0,-0.31
305598.0,6404556.0,-0.31
305600.0,6404556.0,-0.31
305602.0,6404556.0,-0.31
305604.0,6404556.0,0.08
305606.0,6404556.0,0.3
305608.0,6404556.0,0.48
305610.0,6404556.0,0.63
305612.0,6404556.0,0.9
305614.0,6404556.0,1.89
305616.0,6404556.0,2.84
305618.0,6404556.0,2.56
305620.0,6404556.0,2.4
305622.0,6404556.0,2.63
305624.0,6404556.0,2.63
305626.0,6404556.0,3.51
305628.0,6404556.0,5.03
305630.0,6404556.0,6.79
305632.0,6404556.0,7.48
305634.0,6404556.0,7.81
305636.0,6404556.0,7.77
305638.0,6404556.0,7.81
305640.0,6404556.0,7.54
305642.0,6404556.0,7.35
305644.0,6404556.0,7.09
305646.0,6404556.0,6.7
305648.0,6404556.0,6.39
305650.0,6404556.0,6.21
305652.0,6404556.0,5.63
305654.0,6404556.0,5.59
305656.0,6404556.0,5.51
305658.0,6404556.0,5.56
305660.0,6404556.0,5.68
305662.0,6404556.0,5.8
305664.0,6404556.0,6.15
305666.0,6404556.0,6.43
305668.0,6404556.0,6.54
305670.0,6404556.0,6.69
305672.0,6404556.0,6.63
305674.0,6404556.0,6.96
305676.0,6404556.0,6.55
305678.0,6404556.0,6.49
305680.0,6404556.0,6.49
305150.0,6404558.0,-0.31
305152.0,6404558.0,-0.31
305154.0,6404558.0,-0.31
305156.0,6404558.0,-0.31
305158.0,6404558.0,-0.31
305160.0,6404558.0,-0.31
305162.0,6404558.0,-0.31
305164.0,6404558.0,-0.31
305166.0,6404558.0,-0.31
305168.0,6404558.0,-0.31
305170.0,6404558.0,-0.31
305172.0,6404558.0,-0.31
305174.0,6404558.0,-0.31
305176.0,6404558.0,-0.31
305178.0,6404558.0,-0.31
305180.0,6404558.0,-0.31
305182.0,6404558.0,-0.31
305184.0,6404558.0,-0.31
305186.0,6404558.0,-0.31
305188.0,6404558.0,-0.31
305190.0,6404558.0,-0.31
305192.0,6404558.0,-0.31
305194.0,6404558.0,-0.31
305196.0,6404558.0,-0.31
305198.0,6404558.0,-0.31
305200.0,6404558.0,-0.31
305202.0,6404558.0,-0.31
305204.0,6404558.0,-0.31
305206.0,6404558.0,-0.31
305208.0,6404558.0,-0.31
305210.0,6404558.0,-0.31
305212.0,6404558.0,-0.31
305214.0,6404558.0,-0.31
305216.0,6404558.0,-0.31
305218.0,6404558.0,-0.31
305220.0,6404558.0,-0.31
305222.0,6404558.0,-0.31
305224.0,6404558.0,-0.31
305226.0,6404558.0,-0.31
305228.0,6404558.0,-0.31
305230.0,6404558.0,-0.31
305232.0,6404558.0,-0.31
305234.0,6404558.0,-0.31
305236.0,6404558.0,-0.31
305238.0,6404558.0,-0.31
305240.0,6404558.0,-0.31
305242.0,6404558.0,-0.31
305244.0,6404558.0,-0.31
305246.0,6404558.0,-0.31
305248.0,6404558.0,-0.31
305250.0,6404558.0,-0.31
305252.0,6404558.0,-0.31
305254.0,6404558.0,-0.31
305256.0,6404558.0,-0.31
305258.0,6404558.0,-0.31
305260.0,6404558.0,-0.31
305262.0,6404558.0,-0.31
305264.0,6404558.0,-0.31
305266.0,6404558.0,-0.31
305268.0,6404558.0,-0.31
305270.0,6404558.0,-0.31
305272.0,6404558.0,-0.31
305274.0,6404558.0,-0.31
305276.0,6404558.0,-0.31
305278.0,6404558.0,-0.31
305280.0,6404558.0,-0.31
305282.0,6404558.0,-0.31
305284.0,6404558.0,-0.31
305286.0,6404558.0,-0.31
305288.0,6404558.0,-0.31
305290.0,6404558.0,-0.31
305292.0,6404558.0,-0.31
305294.0,6404558.0,-0.31
305296.0,6404558.0,-0.31
305298.0,6404558.0,-0.31
305300.0,6404558.0,-0.31
305302.0,6404558.0,-0.31
305304.0,6404558.0,-0.31
305306.0,6404558.0,-0.31
305308.0,6404558.0,-0.31
305310.0,6404558.0,-0.31
305312.0,6404558.0,-0.31
305314.0,6404558.0,-0.31
305316.0,6404558.0,-0.31
305318.0,6404558.0,-0.31
305320.0,6404558.0,-0.31
305322.0,6404558.0,-0.31
305324.0,6404558.0,-0.31
305326.0,6404558.0,-0.31
305328.0,6404558.0,-0.31
305330.0,6404558.0,-0.31
305332.0,6404558.0,-0.31
305334.0,6404558.0,-0.31
305336.0,6404558.0,-0.31
305338.0,6404558.0,-0.31
305340.0,6404558.0,-0.31
305342.0,6404558.0,-0.31
305344.0,6404558.0,-0.31
305346.0,6404558.0,-0.31
305348.0,6404558.0,-0.31
305350.0,6404558.0,-0.31
305352.0,6404558.0,-0.31
305354.0,6404558.0,-0.31
305356.0,6404558.0,-0.31
305358.0,6404558.0,-0.31
305360.0,6404558.0,-0.31
305362.0,6404558.0,-0.31
305364.0,6404558.0,-0.31
305366.0,6404558.0,-0.31
305368.0,6404558.0,-0.31
305370.0,6404558.0,-0.31
305372.0,6404558.0,-0.31
305374.0,6404558.0,-0.31
305376.0,6404558.0,-0.31
305378.0,6404558.0,-0.31
305380.0,6404558.0,-0.31
305382.0,6404558.0,-0.31
305384.0,6404558.0,-0.31
305386.0,6404558.0,-0.31
305388.0,6404558.0,-0.31
305390.0,6404558.0,-0.31
305392.0,6404558.0,-0.31
305394.0,6404558.0,-0.31
305396.0,6404558.0,-0.31
305398.0,6404558.0,-0.31
305400.0,6404558.0,-0.31
305402.0,6404558.0,-0.31
305404.0,6404558.0,-0.31
305406.0,6404558.0,-0.31
305408.0,6404558.0,-0.31
305410.0,6404558.0,-0.31
305412.0,6404558.0,-0.31
305414.0,6404558.0,-0.31
305416.0,6404558.0,-0.31
305418.0,6404558.0,-0.31
305420.0,6404558.0,-0.31
305422.0,6404558.0,-0.31
305424.0,6404558.0,-0.31
305426.0,6404558.0,-0.31
305428.0,6404558.0,-0.31
305430.0,6404558.0,-0.31
305432.0,6404558.0,-0.31
305434.0,6404558.0,-0.31
305436.0,6404558.0,-0.31
305438.0,6404558.0,-0.31
305440.0,6404558.0,-0.31
305442.0,6404558.0,-0.31
305444.0,6404558.0,-0.31
305446.0,6404558.0,-0.31
305448.0,6404558.0,-0.31
305450.0,6404558.0,-0.31
305452.0,6404558.0,-0.31
305454.0,6404558.0,-0.31
305456.0,6404558.0,-0.31
305458.0,6404558.0,-0.31
305460.0,6404558.0,-0.31
305462.0,6404558.0,-0.31
305464.0,6404558.0,-0.31
305466.0,6404558.0,-0.31
305468.0,6404558.0,-0.31
305470.0,6404558.0,-0.31
305472.0,6404558.0,-0.31
305474.0,6404558.0,-0.31
305476.0,6404558.0,-0.31
305478.0,6404558.0,-0.31
305480.0,6404558.0,-0.31
305482.0,6404558.0,-0.31
305484.0,6404558.0,-0.31
305486.0,6404558.0,-0.31
305488.0,6404558.0,-0.31
305490.0,6404558.0,-0.31
305492.0,6404558.0,-0.31
305494.0,6404558.0,-0.31
305496.0,6404558.0,-0.31
305498.0,6404558.0,-0.31
305500.0,6404558.0,-0.31
305502.0,6404558.0,-0.31
305504.0,6404558.0,-0.31
305506.0,6404558.0,-0.31
305508.0,6404558.0,-0.31
305510.0,6404558.0,-0.31
305512.0,6404558.0,-0.31
305514.0,6404558.0,-0.31
305516.0,6404558.0,-0.31
305518.0,6404558.0,-0.31
305520.0,6404558.0,-0.31
305522.0,6404558.0,-0.31
305524.0,6404558.0,-0.31
305526.0,6404558.0,-0.31
305528.0,6404558.0,-0.31
305530.0,6404558.0,-0.31
305532.0,6404558.0,-0.31
305534.0,6404558.0,-0.31
305536.0,6404558.0,-0.31
305538.0,6404558.0,-0.31
305540.0,6404558.0,-0.31
305542.0,6404558.0,-0.31
305544.0,6404558.0,-0.31
305546.0,6404558.0,-0.31
305548.0,6404558.0,-0.31
305550.0,6404558.0,-0.31
305552.0,6404558.0,-0.31
305554.0,6404558.0,-0.31
305556.0,6404558.0,-0.31
305558.0,6404558.0,-0.31
305560.0,6404558.0,-0.31
305562.0,6404558.0,-0.31
305564.0,6404558.0,-0.31
305566.0,6404558.0,-0.31
305568.0,6404558.0,-0.31
305570.0,6404558.0,-0.31
305572.0,6404558.0,-0.31
305574.0,6404558.0,-0.31
305576.0,6404558.0,-0.31
305578.0,6404558.0,-0.31
305580.0,6404558.0,-0.31
305582.0,6404558.0,-0.31
305584.0,6404558.0,-0.31
305586.0,6404558.0,-0.31
305588.0,6404558.0,-0.31
305590.0,6404558.0,-0.31
305592.0,6404558.0,-0.31
305594.0,6404558.0,-0.31
305596.0,6404558.0,-0.31
305598.0,6404558.0,-0.31
305600.0,6404558.0,-0.31
305602.0,6404558.0,-0.05
305604.0,6404558.0,0.11
305606.0,6404558.0,0.45
305608.0,6404558.0,1.29
305610.0,6404558.0,2.41
305612.0,6404558.0,3.81
305614.0,6404558.0,3.9
305616.0,6404558.0,3.91
305618.0,6404558.0,3.78
305620.0,6404558.0,2.95
305622.0,6404558.0,3.01
305624.0,6404558.0,3.39
305626.0,6404558.0,5.21
305628.0,6404558.0,6.44
305630.0,6404558.0,7.31
305632.0,6404558.0,7.81
305634.0,6404558.0,8.13
305636.0,6404558.0,8.03
305638.0,6404558.0,7.73
305640.0,6404558.0,7.31
305642.0,6404558.0,6.99
305644.0,6404558.0,6.64
305646.0,6404558.0,6.37
305648.0,6404558.0,6.27
305650.0,6404558.0,5.99
305652.0,6404558.0,5.68
305654.0,6404558.0,5.69
305656.0,6404558.0,5.74
305658.0,6404558.0,5.79
305660.0,6404558.0,5.85
305662.0,6404558.0,6.03
305664.0,6404558.0,6.14
305666.0,6404558.0,6.29
305668.0,6404558.0,6.72
305670.0,6404558.0,7.09
305672.0,6404558.0,7.14
305674.0,6404558.0,6.81
305676.0,6404558.0,6.56
305678.0,6404558.0,6.5
305680.0,6404558.0,6.59
305150.0,6404560.0,-0.31
305152.0,6404560.0,-0.31
305154.0,6404560.0,-0.31
305156.0,6404560.0,-0.31
305158.0,6404560.0,-0.31
305160.0,6404560.0,-0.31
305162.0,6404560.0,-0.31
305164.0,6404560.0,-0.31
305166.0,6404560.0,-0.31
305168.0,6404560.0,-0.31
305170.0,6404560.0,-0.31
305172.0,6404560.0,-0.31
305174.0,6404560.0,-0.31
305176.0,6404560.0,-0.31
305178.0,6404560.0,-0.31
305180.0,6404560.0,-0.31
305182.0,6404560.0,-0.31
305184.0,6404560.0,-0.31
305186.0,6404560.0,-0.31
305188.0,6404560.0,-0.31
305190.0,6404560.0,-0.31
305192.0,6404560.0,-0.31
305194.0,6404560.0,-0.31
305196.0,6404560.0,-0.31
305198.0,6404560.0,-0.31
305200.0,6404560.0,-0.31
305202.0,6404560.0,-0.31
305204.0,6404560.0,-0.31
305206.0,6404560.0,-0.31
305208.0,6404560.0,-0.31
305210.0,6404560.0,-0.31
305212.0,6404560.0,-0.31
305214.0,6404560.0,-0.31
305216.0,6404560.0,-0.31
305218.0,6404560.0,-0.31
305220.0,6404560.0,-0.31
305222.0,6404560.0,-0.31
305224.0,6404560.0,-0.31
305226.0,6404560.0,-0.31
305228.0,6404560.0,-0.31
305230.0,6404560.0,-0.31
305232.0,6404560.0,-0.31
305234.0,6404560.0,-0.31
305236.0,6404560.0,-0.31
305238.0,6404560.0,-0.31
305240.0,6404560.0,-0.31
305242.0,6404560.0,-0.31
305244.0,6404560.0,-0.31
305246.0,6404560.0,-0.31
305248.0,6404560.0,-0.31
305250.0,6404560.0,-0.31
305252.0,6404560.0,-0.31
305254.0,6404560.0,-0.31
305256.0,6404560.0,-0.31
305258.0,6404560.0,-0.31
305260.0,6404560.0,-0.31
305262.0,6404560.0,-0.31
305264.0,6404560.0,-0.31
305266.0,6404560.0,-0.31
305268.0,6404560.0,-0.31
305270.0,6404560.0,-0.31
305272.0,6404560.0,-0.31
305274.0,6404560.0,-0.31
305276.0,6404560.0,-0.31
305278.0,6404560.0,-0.31
305280.0,6404560.0,-0.31
305282.0,6404560.0,-0.31
305284.0,6404560.0,-0.31
305286.0,6404560.0,-0.31
305288.0,6404560.0,-0.31
305290.0,6404560.0,-0.31
305292.0,6404560.0,-0.31
305294.0,6404560.0,-0.31
305296.0,6404560.0,-0.31
305298.0,6404560.0,-0.31
305300.0,6404560.0,-0.31
305302.0,6404560.0,-0.31
305304.0,6404560.0,-0.31
305306.0,6404560.0,-0.31
305308.0,6404560.0,-0.31
305310.0,6404560.0,-0.31
305312.0,6404560.0,-0.31
305314.0,6404560.0,-0.31
305316.0,6404560.0,-0.31
305318.0,6404560.0,-0.31
305320.0,6404560.0,-0.31
305322.0,6404560.0,-0.31
305324.0,6404560.0,-0.31
305326.0,6404560.0,-0.31
305328.0,6404560.0,-0.31
305330.0,6404560.0,-0.31
305332.0,6404560.0,-0.31
305334.0,6404560.0,-0.31
305336.0,6404560.0,-0.31
305338.0,6404560.0,-0.31
305340.0,6404560.0,-0.31
305342.0,6404560.0,-0.31
305344.0,6404560.0,-0.31
305346.0,6404560.0,-0.31
305348.0,6404560.0,-0.31
305350.0,6404560.0,-0.31
305352.0,6404560.0,-0.31
305354.0,6404560.0,-0.31
305356.0,6404560.0,-0.31
305358.0,6404560.0,-0.31
305360.0,6404560.0,-0.31
305362.0,6404560.0,-0.31
305364.0,6404560.0,-0.31
305366.0,6404560.0,-0.31
305368.0,6404560.0,-0.31
305370.0,6404560.0,-0.31
305372.0,6404560.0,-0.31
305374.0,6404560.0,-0.31
305376.0,6404560.0,-0.31
305378.0,6404560.0,-0.31
305380.0,6404560.0,-0.31
305382.0,6404560.0,-0.31
305384.0,6404560.0,-0.31
305386.0,6404560.0,-0.31
305388.0,6404560.0,-0.31
305390.0,6404560.0,-0.31
305392.0,6404560.0,-0.31
305394.0,6404560.0,-0.31
305396.0,6404560.0,-0.31
305398.0,6404560.0,-0.31
305400.0,6404560.0,-0.31
305402.0,6404560.0,-0.31
305404.0,6404560.0,-0.31
305406.0,6404560.0,-0.31
305408.0,6404560.0,-0.31
305410.0,6404560.0,-0.31
305412.0,6404560.0,-0.31
305414.0,6404560.0,-0.31
305416.0,6404560.0,-0.31
305418.0,6404560.0,-0.31
305420.0,6404560.0,-0.31
305422.0,6404560.0,-0.31
305424.0,6404560.0,-0.31
305426.0,6404560.0,-0.31
305428.0,6404560.0,-0.31
305430.0,6404560.0,-0.31
305432.0,6404560.0,-0.31
305434.0,6404560.0,-0.31
305436.0,6404560.0,-0.31
305438.0,6404560.0,-0.31
305440.0,6404560.0,-0.31
305442.0,6404560.0,-0.31
305444.0,6404560.0,-0.31
305446.0,6404560.0,-0.31
305448.0,6404560.0,-0.31
305450.0,6404560.0,-0.31
305452.0,6404560.0,-0.31
305454.0,6404560.0,-0.31
305456.0,6404560.0,-0.31
305458.0,6404560.0,-0.31
305460.0,6404560.0,-0.31
305462.0,6404560.0,-0.31
305464.0,6404560.0,-0.31
305466.0,6404560.0,-0.31
305468.0,6404560.0,-0.31
305470.0,6404560.0,-0.31
305472.0,6404560.0,-0.31
305474.0,6404560.0,-0.31
305476.0,6404560.0,-0.31
305478.0,6404560.0,-0.31
305480.0,6404560.0,-0.31
305482.0,6404560.0,-0.31
305484.0,6404560.0,-0.31
305486.0,6404560.0,-0.31
305488.0,6404560.0,-0.31
305490.0,6404560.0,-0.31
305492.0,6404560.0,-0.31
305494.0,6404560.0,-0.31
305496.0,6404560.0,-0.31
305498.0,6404560.0,-0.31
305500.0,6404560.0,-0.31
305502.0,6404560.0,-0.31
305504.0,6404560.0,-0.31
305506.0,6404560.0,-0.31
305508.0,6404560.0,-0.31
305510.0,6404560.0,-0.31
305512.0,6404560.0,-0.31
305514.0,6404560.0,-0.31
305516.0,6404560.0,-0.31
305518.0,6404560.0,-0.31
305520.0,6404560.0,-0.31
305522.0,6404560.0,-0.31
305524.0,6404560.0,-0.31
305526.0,6404560.0,-0.31
305528.0,6404560.0,-0.31
305530.0,6404560.0,-0.31
305532.0,6404560.0,-0.31
305534.0,6404560.0,-0.31
305536.0,6404560.0,-0.31
305538.0,6404560.0,-0.31
305540.0,6404560.0,-0.31
305542.0,6404560.0,-0.31
305544.0,6404560.0,-0.31
305546.0,6404560.0,-0.31
305548.0,6404560.0,-0.31
305550.0,6404560.0,-0.31
305552.0,6404560.0,-0.31
305554.0,6404560.0,-0.31
305556.0,6404560.0,-0.31
305558.0,6404560.0,-0.31
305560.0,6404560.0,-0.31
305562.0,6404560.0,-0.31
305564.0,6404560.0,-0.31
305566.0,6404560.0,-0.31
305568.0,6404560.0,-0.31
305570.0,6404560.0,-0.31
305572.0,6404560.0,-0.31
305574.0,6404560.0,-0.31
305576.0,6404560.0,-0.31
305578.0,6404560.0,-0.31
305580.0,6404560.0,-0.31
305582.0,6404560.0,-0.31
305584.0,6404560.0,-0.31
305586.0,6404560.0,-0.31
305588.0,6404560.0,-0.31
305590.0,6404560.0,-0.31
305592.0,6404560.0,-0.31
305594.0,6404560.0,-0.31
305596.0,6404560.0,-0.31
305598.0,6404560.0,-0.31
305600.0,6404560.0,0.03
305602.0,6404560.0,0.32
305604.0,6404560.0,0.63
305606.0,6404560.0,1.58
305608.0,6404560.0,2.42
305610.0,6404560.0,3.01
305612.0,6404560.0,3.61
305614.0,6404560.0,3.99
305616.0,6404560.0,4.01
305618.0,6404560.0,3.98
305620.0,6404560.0,3.65
305622.0,6404560.0,3.16
305624.0,6404560.0,4.65
305626.0,6404560.0,5.97
305628.0,6404560.0,6.96
305630.0,6404560.0,7.47
305632.0,6404560.0,7.72
305634.0,6404560.0,7.74
305636.0,6404560.0,7.49
305638.0,6404560.0,6.88
305640.0,6404560.0,6.45
305642.0,6404560.0,6.48
305644.0,6404560.0,6.56
305646.0,6404560.0,6.88
305648.0,6404560.0,6.5
305650.0,6404560.0,6.16
305652.0,6404560.0,5.96
305654.0,6404560.0,5.89
305656.0,6404560.0,5.97
305658.0,6404560.0,6.18
305660.0,6404560.0,6.18
305662.0,6404560.0,6.42
305664.0,6404560.0,6.33
305666.0,6404560.0,6.42
305668.0,6404560.0,6.7
305670.0,6404560.0,7.25
305672.0,6404560.0,6.91
305674.0,6404560.0,6.57
305676.0,6404560.0,6.52
305678.0,6404560.0,6.55
305680.0,6404560.0,6.64
305150.0,6404562.0,-0.31
305152.0,6404562.0,-0.31
305154.0,6404562.0,-0.31
305156.0,6404562.0,-0.31
305158.0,6404562.0,-0.31
305160.0,6404562.0,-0.31
305162.0,6404562.0,-0.31
305164.0,6404562.0,-0.31
305166.0,6404562.0,-0.31
305168.0,6404562.0,-0.31
305170.0,6404562.0,-0.31
305172.0,6404562.0,-0.31
305174.0,6404562.0,-0.31
305176.0,6404562.0,-0.31
305178.0,6404562.0,-0.31
305180.0,6404562.0,-0.31
305182.0,6404562.0,-0.31
305184.0,6404562.0,-0.31
305186.0,6404562.0,-0.31
305188.0,6404562.0,-0.31
305190.0,6404562.0,-0.31
305192.0,6404562.0,-0.31
305194.0,6404562.0,-0.31
305196.0,6404562.0,-0.31
305198.0,6404562.0,-0.31
305200.0,6404562.0,-0.31
305202.0,6404562.0,-0.31
305204.0,6404562.0,-0.31
305206.0,6404562.0,-0.31
305208.0,6404562.0,-0.31
305210.0,6404562.0,-0.31
305212.0,6404562.0,-0.31
305214.0,6404562.0,-0.31
305216.0,6404562.0,-0.31
305218.0,6404562.0,-0.31
305220.0,6404562.0,-0.31
305222.0,6404562.0,-0.31
305224.0,6404562.0,-0.31
305226.0,6404562.0,-0.31
305228.0,6404562.0,-0.31
305230.0,6404562.0,-0.31
305232.0,6404562.0,-0.31
305234.0,6404562.0,-0.31
305236.0,6404562.0,-0.31
305238.0,6404562.0,-0.31
305240.0,6404562.0,-0.31
305242.0,6404562.0,-0.31
305244.0,6404562.0,-0.31
305246.0,6404562.0,-0.31
305248.0,6404562.0,-0.31
305250.0,6404562.0,-0.31
305252.0,6404562.0,-0.31
305254.0,6404562.0,-0.31
305256.0,6404562.0,-0.31
305258.0,6404562.0,-0.31
305260.0,6404562.0,-0.31
305262.0,6404562.0,-0.31
305264.0,6404562.0,-0.31
305266.0,6404562.0,-0.31
305268.0,6404562.0,-0.31
305270.0,6404562.0,-0.31
305272.0,6404562.0,-0.31
305274.0,6404562.0,-0.31
305276.0,6404562.0,-0.31
305278.0,6404562.0,-0.31
305280.0,6404562.0,-0.31
305282.0,6404562.0,-0.31
305284.0,6404562.0,-0.31
305286.0,6404562.0,-0.31
305288.0,6404562.0,-0.31
305290.0,6404562.0,-0.31
305292.0,6404562.0,-0.31
305294.0,6404562.0,-0.31
305296.0,6404562.0,-0.31
305298.0,6404562.0,-0.31
305300.0,6404562.0,-0.31
305302.0,6404562.0,-0.31
305304.0,6404562.0,-0.31
305306.0,6404562.0,-0.31
305308.0,6404562.0,-0.31
305310.0,6404562.0,-0.31
305312.0,6404562.0,-0.31
305314.0,6404562.0,-0.31
305316.0,6404562.0,-0.31
305318.0,6404562.0,-0.31
305320.0,6404562.0,-0.31
305322.0,6404562.0,-0.31
305324.0,6404562.0,-0.31
305326.0,6404562.0,-0.31
305328.0,6404562.0,-0.31
305330.0,6404562.0,-0.31
305332.0,6404562.0,-0.31
305334.0,6404562.0,-0.31
305336.0,6404562.0,-0.31
305338.0,6404562.0,-0.31
305340.0,6404562.0,-0.31
305342.0,6404562.0,-0.31
305344.0,6404562.0,-0.31
305346.0,6404562.0,-0.31
305348.0,6404562.0,-0.31
305350.0,6404562.0,-0.31
305352.0,6404562.0,-0.31
305354.0,6404562.0,-0.31
305356.0,6404562.0,-0.31
305358.0,6404562.0,-0.31
305360.0,6404562.0,-0.31
305362.0,6404562.0,-0.31
305364.0,6404562.0,-0.31
305366.0,6404562.0,-0.31
305368.0,6404562.0,-0.31
305370.0,6404562.0,-0.31
305372.0,6404562.0,-0.31
305374.0,6404562.0,-0.31
305376.0,6404562.0,-0.31
305378.0,6404562.0,-0.31
305380.0,6404562.0,-0.31
305382.0,6404562.0,-0.31
305384.0,6404562.0,-0.31
305386.0,6404562.0,-0.31
305388.0,6404562.0,-0.31
305390.0,6404562.0,-0.31
305392.0,6404562.0,-0.31
305394.0,6404562.0,-0.31
305396.0,6404562.0,-0.31
305398.0,6404562.0,-0.31
305400.0,6404562.0,-0.31
305402.0,6404562.0,-0.31
305404.0,6404562.0,-0.31
305406.0,6404562.0,-0.31
305408.0,6404562.0,-0.31
305410.0,6404562.0,-0.31
305412.0,6404562.0,-0.31
305414.0,6404562.0,-0.31
305416.0,6404562.0,-0.31
305418.0,6404562.0,-0.31
305420.0,6404562.0,-0.31
305422.0,6404562.0,-0.31
305424.0,6404562.0,-0.31
305426.0,6404562.0,-0.31
305428.0,6404562.0,-0.31
305430.0,6404562.0,-0.31
305432.0,6404562.0,-0.31
305434.0,6404562.0,-0.31
305436.0,6404562.0,-0.31
305438.0,6404562.0,-0.31
305440.0,6404562.0,-0.31
305442.0,6404562.0,-0.31
305444.0,6404562.0,-0.31
305446.0,6404562.0,-0.31
305448.0,6404562.0,-0.31
305450.0,6404562.0,-0.31
305452.0,6404562.0,-0.31
305454.0,6404562.0,-0.31
305456.0,6404562.0,-0.31
305458.0,6404562.0,-0.31
305460.0,6404562.0,-0.31
305462.0,6404562.0,-0.31
305464.0,6404562.0,-0.31
305466.0,6404562.0,-0.31
305468.0,6404562.0,-0.31
305470.0,6404562.0,-0.31
305472.0,6404562.0,-0.31
305474.0,6404562.0,-0.31
305476.0,6404562.0,-0.31
305478.0,6404562.0,-0.31
305480.0,6404562.0,-0.31
305482.0,6404562.0,-0.31
305484.0,6404562.0,-0.31
305486.0,6404562.0,-0.31
305488.0,6404562.0,-0.31
305490.0,6404562.0,-0.31
305492.0,6404562.0,-0.31
305494.0,6404562.0,-0.31
305496.0,6404562.0,-0.31
305498.0,6404562.0,-0.31
305500.0,6404562.0,-0.31
305502.0,6404562.0,-0.31
305504.0,6404562.0,-0.31
305506.0,6404562.0,-0.31
305508.0,6404562.0,-0.31
305510.0,6404562.0,-0.31
305512.0,6404562.0,-0.31
305514.0,6404562.0,-0.31
305516.0,6404562.0,-0.31
305518.0,6404562.0,-0.31
305520.0,6404562.0,-0.31
305522.0,6404562.0,-0.31
305524.0,6404562.0,-0.31
305526.0,6404562.0,-0.31
305528.0,6404562.0,-0.31
305530.0,6404562.0,-0.31
305532.0,6404562.0,-0.31
305534.0,6404562.0,-0.31
305536.0,6404562.0,-0.31
305538.0,6404562.0,-0.31
305540.0,6404562.0,-0.31
305542.0,6404562.0,-0.31
305544.0,6404562.0,-0.31
305546.0,6404562.0,-0.31
305548.0,6404562.0,-0.31
305550.0,6404562.0,-0.31
305552.0,6404562.0,-0.31
305554.0,6404562.0,-0.31
305556.0,6404562.0,-0.31
305558.0,6404562.0,-0.31
305560.0,6404562.0,-0.31
305562.0,6404562.0,-0.31
305564.0,6404562.0,-0.31
305566.0,6404562.0,-0.31
305568.0,6404562.0,-0.31
305570.0,6404562.0,-0.31
305572.0,6404562.0,-0.31
305574.0,6404562.0,-0.31
305576.0,6404562.0,-0.31
305578.0,6404562.0,-0.31
305580.0,6404562.0,-0.31
305582.0,6404562.0,-0.31
305584.0,6404562.0,-0.31
305586.0,6404562.0,-0.31
305588.0,6404562.0,-0.31
305590.0,6404562.0,-0.31
305592.0,6404562.0,-0.31
305594.0,6404562.0,-0.31
305596.0,6404562.0,-0.31
305598.0,6404562.0,-0.31
305600.0,6404562.0,0.65
305602.0,6404562.0,0.65
305604.0,6404562.0,0.86
305606.0,6404562.0,1.46
305608.0,6404562.0,2.05
305610.0,6404562.0,2.65
305612.0,6404562.0,3.25
305614.0,6404562.0,3.62
305616.0,6404562.0,3.72
305618.0,6404562.0,4.08
305620.0,6404562.0,3.59
305622.0,6404562.0,3.85
305624.0,6404562.0,5.0
305626.0,6404562.0,5.78
305628.0,6404562.0,6.26
305630.0,6404562.0,6.53
305632.0,6404562.0,6.71
305634.0,6404562.0,6.8
305636.0,6404562.0,6.58
305638.0,6404562.0,6.52
305640.0,6404562.0,6.63
305642.0,6404562.0,6.73
305644.0,6404562.0,7.21
305646.0,6404562.0,7.24
305648.0,6404562.0,6.42
305650.0,6404562.0,6.22
305652.0,6404562.0,6.15
305654.0,6404562.0,6.21
305656.0,6404562.0,6.55
305658.0,6404562.0,6.99
305660.0,6404562.0,7.31
305662.0,6404562.0,6.98
305664.0,6404562.0,6.69
305666.0,6404562.0,6.52
305668.0,6404562.0,6.83
305670.0,6404562.0,6.71
305672.0,6404562.0,6.63
305674.0,6404562.0,6.64
305676.0,6404562.0,6.71
305678.0,6404562.0,6.67
305680.0,6404562.0,6.75
305150.0,6404564.0,-0.31
305152.0,6404564.0,-0.31
305154.0,6404564.0,-0.31
305156.0,6404564.0,-0.31
305158.0,6404564.0,-0.31
305160.0,6404564.0,-0.31
305162.0,6404564.0,-0.31
305164.0,6404564.0,-0.31
305166.0,6404564.0,-0.31
305168.0,6404564.0,-0.31
305170.0,6404564.0,-0.31
305172.0,6404564.0,-0.31
305174.0,6404564.0,-0.31
305176.0,6404564.0,-0.31
305178.0,6404564.0,-0.31
305180.0,6404564.0,-0.31
305182.0,6404564.0,-0.31
305184.0,6404564.0,-0.31
305186.0,6404564.0,-0.31
305188.0,6404564.0,-0.31
305190.0,6404564.0,-0.31
305192.0,6404564.0,-0.31
305194.0,6404564.0,-0.31
305196.0,6404564.0,-0.31
305198.0,6404564.0,-0.31
305200.0,6404564.0,-0.31
305202.0,6404564.0,-0.31
305204.0,6404564.0,-0.31
305206.0,6404564.0,-0.31
305208.0,6404564.0,-0.31
305210.0,6404564.0,-0.31
305212.0,6404564.0,-0.31
305214.0,6404564.0,-0.31
305216.0,6404564.0,-0.31
305218.0,6404564.0,-0.31
305220.0,6404564.0,-0.31
305222.0,6404564.0,-0.31
305224.0,6404564.0,-0.31
305226.0,6404564.0,-0.31
305228.0,6404564.0,-0.31
305230.0,6404564.0,-0.31
305232.0,6404564.0,-0.31
305234.0,6404564.0,-0.31
305236.0,6404564.0,-0.31
305238.0,6404564.0,-0.31
305240.0,6404564.0,-0.31
305242.0,6404564.0,-0.31
305244.0,6404564.0,-0.31
305246.0,6404564.0,-0.31
305248.0,6404564.0,-0.31
305250.0,6404564.0,-0.31
305252.0,6404564.0,-0.31
305254.0,6404564.0,-0.31
305256.0,6404564.0,-0.31
305258.0,6404564.0,-0.31
305260.0,6404564.0,-0.31
305262.0,6404564.0,-0.31
305264.0,6404564.0,-0.31
305266.0,6404564.0,-0.31
305268.0,6404564.0,-0.31
305270.0,6404564.0,-0.31
305272.0,6404564.0,-0.31
305274.0,6404564.0,-0.31
305276.0,6404564.0,-0.31
305278.0,6404564.0,-0.31
305280.0,6404564.0,-0.31
305282.0,6404564.0,-0.31
305284.0,6404564.0,-0.31
305286.0,6404564.0,-0.31
305288.0,6404564.0,-0.31
305290.0,6404564.0,-0.31
305292.0,6404564.0,-0.31
305294.0,6404564.0,-0.31
305296.0,6404564.0,-0.31
305298.0,6404564.0,-0.31
305300.0,6404564.0,-0.31
305302.0,6404564.0,-0.31
305304.0,6404564.0,-0.31
305306.0,6404564.0,-0.31
305308.0,6404564.0,-0.31
305310.0,6404564.0,-0.31
305312.0,6404564.0,-0.31
305314.0,6404564.0,-0.31
305316.0,6404564.0,-0.31
305318.0,6404564.0,-0.31
305320.0,6404564.0,-0.31
305322.0,6404564.0,-0.31
305324.0,6404564.0,-0.31
305326.0,6404564.0,-0.31
305328.0,6404564.0,-0.31
305330.0,6404564.0,-0.31
305332.0,6404564.0,-0.31
305334.0,6404564.0,-0.31
305336.0,6404564.0,-0.31
305338.0,6404564.0,-0.31
305340.0,6404564.0,-0.31
305342.0,6404564.0,-0.31
305344.0,6404564.0,-0.31
305346.0,6404564.0,-0.31
305348.0,6404564.0,-0.31
305350.0,6404564.0,-0.31
305352.0,6404564.0,-0.31
305354.0,6404564.0,-0.31
305356.0,6404564.0,-0.31
305358.0,6404564.0,-0.31
305360.0,6404564.0,-0.31
305362.0,6404564.0,-0.31
305364.0,6404564.0,-0.31
305366.0,6404564.0,-0.31
305368.0,6404564.0,-0.31
305370.0,6404564.0,-0.31
305372.0,6404564.0,-0.31
305374.0,6404564.0,-0.31
305376.0,6404564.0,-0.31
305378.0,6404564.0,-0.31
305380.0,6404564.0,-0.31
305382.0,6404564.0,-0.31
305384.0,6404564.0,-0.31
305386.0,6404564.0,-0.31
305388.0,6404564.0,-0.31
305390.0,6404564.0,-0.31
305392.0,6404564.0,-0.31
305394.0,6404564.0,-0.31
305396.0,6404564.0,-0.31
305398.0,6404564.0,-0.31
305400.0,6404564.0,-0.31
305402.0,6404564.0,-0.31
305404.0,6404564.0,-0.31
305406.0,6404564.0,-0.31
305408.0,6404564.0,-0.31
305410.0,6404564.0,-0.31
305412.0,6404564.0,-0.31
305414.0,6404564.0,-0.31
305416.0,6404564.0,-0.31
305418.0,6404564.0,-0.31
305420.0,6404564.0,-0.31
305422.0,6404564.0,-0.31
305424.0,6404564.0,-0.31
305426.0,6404564.0,-0.31
305428.0,6404564.0,-0.31
305430.0,6404564.0,-0.31
305432.0,6404564.0,-0.31
305434.0,6404564.0,-0.31
305436.0,6404564.0,-0.31
305438.0,6404564.0,-0.31
305440.0,6404564.0,-0.31
305442.0,6404564.0,-0.31
305444.0,6404564.0,-0.31
305446.0,6404564.0,-0.31
305448.0,6404564.0,-0.31
305450.0,6404564.0,-0.31
305452.0,6404564.0,-0.31
305454.0,6404564.0,-0.31
305456.0,6404564.0,-0.31
305458.0,6404564.0,-0.31
305460.0,6404564.0,-0.31
305462.0,6404564.0,-0.31
305464.0,6404564.0,-0.31
305466.0,6404564.0,-0.31
305468.0,6404564.0,-0.31
305470.0,6404564.0,-0.31
305472.0,6404564.0,-0.31
305474.0,6404564.0,-0.31
305476.0,6404564.0,-0.31
305478.0,6404564.0,-0.31
305480.0,6404564.0,-0.31
305482.0,6404564.0,-0.31
305484.0,6404564.0,-0.31
305486.0,6404564.0,-0.31
305488.0,6404564.0,-0.31
305490.0,6404564.0,-0.31
305492.0,6404564.0,-0.31
305494.0,6404564.0,-0.31
305496.0,6404564.0,-0.31
305498.0,6404564.0,-0.31
305500.0,6404564.0,-0.31
305502.0,6404564.0,-0.31
305504.0,6404564.0,-0.31
305506.0,6404564.0,-0.31
305508.0,6404564.0,-0.31
305510.0,6404564.0,-0.31
305512.0,6404564.0,-0.31
305514.0,6404564.0,-0.31
305516.0,6404564.0,-0.31
305518.0,6404564.0,-0.31
305520.0,6404564.0,-0.31
305522.0,6404564.0,-0.31
305524.0,6404564.0,-0.31
305526.0,6404564.0,-0.31
305528.0,6404564.0,-0.31
305530.0,6404564.0,-0.31
305532.0,6404564.0,-0.31
305534.0,6404564.0,-0.31
305536.0,6404564.0,-0.31
305538.0,6404564.0,-0.31
305540.0,6404564.0,-0.31
305542.0,6404564.0,-0.31
305544.0,6404564.0,-0.31
305546.0,6404564.0,-0.31
305548.0,6404564.0,-0.31
305550.0,6404564.0,-0.31
305552.0,6404564.0,-0.31
305554.0,6404564.0,-0.31
305556.0,6404564.0,-0.31
305558.0,6404564.0,-0.31
305560.0,6404564.0,-0.31
305562.0,6404564.0,-0.31
305564.0,6404564.0,-0.31
305566.0,6404564.0,-0.31
305568.0,6404564.0,-0.31
305570.0,6404564.0,-0.31
305572.0,6404564.0,-0.31
305574.0,6404564.0,-0.31
305576.0,6404564.0,-0.31
305578.0,6404564.0,-0.31
305580.0,6404564.0,-0.31
305582.0,6404564.0,-0.31
305584.0,6404564.0,-0.31
305586.0,6404564.0,-0.31
305588.0,6404564.0,-0.31
305590.0,6404564.0,-0.31
305592.0,6404564.0,-0.31
305594.0,6404564.0,-0.31
305596.0,6404564.0,-0.31
305598.0,6404564.0,-0.31
305600.0,6404564.0,0.53
305602.0,6404564.0,0.41
305604.0,6404564.0,0.78
305606.0,6404564.0,1.1
305608.0,6404564.0,1.69
305610.0,6404564.0,2.29
305612.0,6404564.0,2.88
305614.0,6404564.0,3.25
305616.0,6404564.0,3.31
305618.0,6404564.0,3.59
305620.0,6404564.0,3.47
305622.0,6404564.0,4.47
305624.0,6404564.0,4.81
305626.0,6404564.0,5.25
305628.0,6404564.0,5.64
305630.0,6404564.0,5.81
305632.0,6404564.0,5.59
305634.0,6404564.0,5.62
305636.0,6404564.0,6.06
305638.0,6404564.0,6.52
305640.0,6404564.0,6.33
305642.0,6404564.0,6.74
305644.0,6404564.0,7.05
305646.0,6404564.0,6.97
305648.0,6404564.0,6.23
305650.0,6404564.0,6.18
305652.0,6404564.0,6.84
305654.0,6404564.0,6.37
305656.0,6404564.0,6.81
305658.0,6404564.0,7.75
305660.0,6404564.0,7.71
305662.0,6404564.0,7.52
305664.0,6404564.0,7.06
305666.0,6404564.0,6.88
305668.0,6404564.0,6.85
305670.0,6404564.0,6.86
305672.0,6404564.0,6.91
305674.0,6404564.0,6.87
305676.0,6404564.0,7.01
305678.0,6404564.0,6.89
305680.0,6404564.0,6.9
305150.0,6404566.0,-0.31
305152.0,6404566.0,-0.31
305154.0,6404566.0,-0.31
305156.0,6404566.0,-0.31
305158.0,6404566.0,-0.31
305160.0,6404566.0,-0.31
305162.0,6404566.0,-0.31
305164.0,6404566.0,-0.31
305166.0,6404566.0,-0.31
305168.0,6404566.0,-0.31
305170.0,6404566.0,-0.31
305172.0,6404566.0,-0.31
305174.0,6404566.0,-0.31
305176.0,6404566.0,-0.31
305178.0,6404566.0,-0.31
305180.0,6404566.0,-0.31
305182.0,6404566.0,-0.31
305184.0,6404566.0,-0.31
305186.0,6404566.0,-0.31
305188.0,6404566.0,-0.31
305190.0,6404566.0,-0.31
305192.0,6404566.0,-0.31
305194.0,6404566.0,-0.31
305196.0,6404566.0,-0.31
305198.0,6404566.0,-0.31
305200.0,6404566.0,-0.31
305202.0,6404566.0,-0.31
305204.0,6404566.0,-0.31
305206.0,6404566.0,-0.31
305208.0,6404566.0,-0.31
305210.0,6404566.0,-0.31
305212.0,6404566.0,-0.31
305214.0,6404566.0,-0.31
305216.0,6404566.0,-0.31
305218.0,6404566.0,-0.31
305220.0,6404566.0,-0.31
305222.0,6404566.0,-0.31
305224.0,6404566.0,-0.31
305226.0,6404566.0,-0.31
305228.0,6404566.0,-0.31
305230.0,6404566.0,-0.31
305232.0,6404566.0,-0.31
305234.0,6404566.0,-0.31
305236.0,6404566.0,-0.31
305238.0,6404566.0,-0.31
305240.0,6404566.0,-0.31
305242.0,6404566.0,-0.31
305244.0,6404566.0,-0.31
305246.0,6404566.0,-0.31
305248.0,6404566.0,-0.31
305250.0,6404566.0,-0.31
305252.0,6404566.0,-0.31
305254.0,6404566.0,-0.31
305256.0,6404566.0,-0.31
305258.0,6404566.0,-0.31
305260.0,6404566.0,-0.31
305262.0,6404566.0,-0.31
305264.0,6404566.0,-0.31
305266.0,6404566.0,-0.31
305268.0,6404566.0,-0.31
305270.0,6404566.0,-0.31
305272.0,6404566.0,-0.31
305274.0,6404566.0,-0.31
305276.0,6404566.0,-0.31
305278.0,6404566.0,-0.31
305280.0,6404566.0,-0.31
305282.0,6404566.0,-0.31
305284.0,6404566.0,-0.31
305286.0,6404566.0,-0.31
305288.0,6404566.0,-0.31
305290.0,6404566.0,-0.31
305292.0,6404566.0,-0.31
305294.0,6404566.0,-0.31
305296.0,6404566.0,-0.31
305298.0,6404566.0,-0.31
305300.0,6404566.0,-0.31
305302.0,6404566.0,-0.31
305304.0,6404566.0,-0.31
305306.0,6404566.0,-0.31
305308.0,6404566.0,-0.31
305310.0,6404566.0,-0.31
305312.0,6404566.0,-0.31
305314.0,6404566.0,-0.31
305316.0,6404566.0,-0.31
305318.0,6404566.0,-0.31
305320.0,6404566.0,-0.31
305322.0,6404566.0,-0.31
305324.0,6404566.0,-0.31
305326.0,6404566.0,-0.31
305328.0,6404566.0,-0.31
305330.0,6404566.0,-0.31
305332.0,6404566.0,-0.31
305334.0,6404566.0,-0.31
305336.0,6404566.0,-0.31
305338.0,6404566.0,-0.31
305340.0,6404566.0,-0.31
305342.0,6404566.0,-0.31
305344.0,6404566.0,-0.31
305346.0,6404566.0,-0.31
305348.0,6404566.0,-0.31
305350.0,6404566.0,-0.31
305352.0,6404566.0,-0.31
305354.0,6404566.0,-0.31
305356.0,6404566.0,-0.31
305358.0,6404566.0,-0.31
305360.0,6404566.0,-0.31
305362.0,6404566.0,-0.31
305364.0,6404566.0,-0.31
305366.0,6404566.0,-0.31
305368.0,6404566.0,-0.31
305370.0,6404566.0,-0.31
305372.0,6404566.0,-0.31
305374.0,6404566.0,-0.31
305376.0,6404566.0,-0.31
305378.0,6404566.0,-0.31
305380.0,6404566.0,-0.31
305382.0,6404566.0,-0.31
305384.0,6404566.0,-0.31
305386.0,6404566.0,-0.31
305388.0,6404566.0,-0.31
305390.0,6404566.0,-0.31
305392.0,6404566.0,-0.31
305394.0,6404566.0,-0.31
305396.0,6404566.0,-0.31
305398.0,6404566.0,-0.31
305400.0,6404566.0,-0.31
305402.0,6404566.0,-0.31
305404.0,6404566.0,-0.31
305406.0,6404566.0,-0.31
305408.0,6404566.0,-0.31
305410.0,6404566.0,-0.31
305412.0,6404566.0,-0.31
305414.0,6404566.0,-0.31
305416.0,6404566.0,-0.31
305418.0,6404566.0,-0.31
305420.0,6404566.0,-0.31
305422.0,6404566.0,-0.31
305424.0,6404566.0,-0.31
305426.0,6404566.0,-0.31
305428.0,6404566.0,-0.31
305430.0,6404566.0,-0.31
305432.0,6404566.0,-0.31
305434.0,6404566.0,-0.31
305436.0,6404566.0,-0.31
305438.0,6404566.0,-0.31
305440.0,6404566.0,-0.31
305442.0,6404566.0,-0.31
305444.0,6404566.0,-0.31
305446.0,6404566.0,-0.31
305448.0,6404566.0,-0.31
305450.0,6404566.0,-0.31
305452.0,6404566.0,-0.31
305454.0,6404566.0,-0.31
305456.0,6404566.0,-0.31
305458.0,6404566.0,-0.31
305460.0,6404566.0,-0.31
305462.0,6404566.0,-0.31
305464.0,6404566.0,-0.31
305466.0,6404566.0,-0.31
305468.0,6404566.0,-0.31
305470.0,6404566.0,-0.31
305472.0,6404566.0,-0.31
305474.0,6404566.0,-0.31
305476.0,6404566.0,-0.31
305478.0,6404566.0,-0.31
305480.0,6404566.0,-0.31
305482.0,6404566.0,-0.31
305484.0,6404566.0,-0.31
305486.0,6404566.0,-0.31
305488.0,6404566.0,-0.31
305490.0,6404566.0,-0.31
305492.0,6404566.0,-0.31
305494.0,6404566.0,-0.31
305496.0,6404566.0,-0.31
305498.0,6404566.0,-0.31
305500.0,6404566.0,-0.31
305502.0,6404566.0,-0.31
305504.0,6404566.0,-0.31
305506.0,6404566.0,-0.31
305508.0,6404566.0,-0.31
305510.0,6404566.0,-0.31
305512.0,6404566.0,-0.31
305514.0,6404566.0,-0.31
305516.0,6404566.0,-0.31
305518.0,6404566.0,-0.31
305520.0,6404566.0,-0.31
305522.0,6404566.0,-0.31
305524.0,6404566.0,-0.31
305526.0,6404566.0,-0.31
305528.0,6404566.0,-0.31
305530.0,6404566.0,-0.31
305532.0,6404566.0,-0.31
305534.0,6404566.0,-0.31
305536.0,6404566.0,-0.31
305538.0,6404566.0,-0.31
305540.0,6404566.0,-0.31
305542.0,6404566.0,-0.31
305544.0,6404566.0,-0.31
305546.0,6404566.0,-0.31
305548.0,6404566.0,-0.31
305550.0,6404566.0,-0.31
305552.0,6404566.0,-0.31
305554.0,6404566.0,-0.31
305556.0,6404566.0,-0.31
305558.0,6404566.0,-0.31
305560.0,6404566.0,-0.31
305562.0,6404566.0,-0.31
305564.0,6404566.0,-0.31
305566.0,6404566.0,-0.31
305568.0,6404566.0,-0.31
305570.0,6404566.0,-0.31
305572.0,6404566.0,-0.31
305574.0,6404566.0,-0.31
305576.0,6404566.0,-0.31
305578.0,6404566.0,-0.31
305580.0,6404566.0,-0.31
305582.0,6404566.0,-0.31
305584.0,6404566.0,-0.31
305586.0,6404566.0,-0.31
305588.0,6404566.0,-0.31
305590.0,6404566.0,-0.31
305592.0,6404566.0,-0.31
305594.0,6404566.0,-0.31
305596.0,6404566.0,-0.31
305598.0,6404566.0,-0.31
305600.0,6404566.0,0.14
305602.0,6404566.0,0.32
305604.0,6404566.0,0.69
305606.0,6404566.0,1.05
305608.0,6404566.0,1.35
305610.0,6404566.0,1.92
305612.0,6404566.0,2.52
305614.0,6404566.0,2.86
305616.0,6404566.0,2.91
305618.0,6404566.0,3.01
305620.0,6404566.0,3.55
305622.0,6404566.0,4.39
305624.0,6404566.0,4.45
305626.0,6404566.0,4.74
305628.0,6404566.0,5.1
305630.0,6404566.0,5.37
305632.0,6404566.0,5.96
305634.0,6404566.0,6.1
305636.0,6404566.0,5.87
305638.0,6404566.0,6.04
305640.0,6404566.0,6.24
305642.0,6404566.0,7.09
305644.0,6404566.0,6.94
305646.0,6404566.0,6.55
305648.0,6404566.0,6.17
305650.0,6404566.0,6.46
305652.0,6404566.0,7.43
305654.0,6404566.0,7.33
305656.0,6404566.0,7.33
305658.0,6404566.0,7.18
305660.0,6404566.0,7.31
305662.0,6404566.0,7.13
305664.0,6404566.0,7.2
305666.0,6404566.0,6.93
305668.0,6404566.0,6.95
305670.0,6404566.0,6.97
305672.0,6404566.0,7.0
305674.0,6404566.0,6.94
305676.0,6404566.0,6.91
305678.0,6404566.0,7.02
305680.0,6404566.0,7.04
305150.0,6404568.0,-0.31
305152.0,6404568.0,-0.31
305154.0,6404568.0,-0.31
305156.0,6404568.0,-0.31
305158.0,6404568.0,-0.31
305160.0,6404568.0,-0.31
305162.0,6404568.0,-0.31
305164.0,6404568.0,-0.31
305166.0,6404568.0,-0.31
305168.0,6404568.0,-0.31
305170.0,6404568.0,-0.31
305172.0,6404568.0,-0.31
305174.0,6404568.0,-0.31
305176.0,6404568.0,-0.31
305178.0,6404568.0,-0.31
305180.0,6404568.0,-0.31
305182.0,6404568.0,-0.31
305184.0,6404568.0,-0.31
305186.0,6404568.0,-0.31
305188.0,6404568.0,-0.31
305190.0,6404568.0,-0.31
305192.0,6404568.0,-0.31
305194.0,6404568.0,-0.31
305196.0,6404568.0,-0.31
305198.0,6404568.0,-0.31
305200.0,6404568.0,-0.31
305202.0,6404568.0,-0.31
305204.0,6404568.0,-0.31
305206.0,6404568.0,-0.31
305208.0,6404568.0,-0.31
305210.0,6404568.0,-0.31
305212.0,6404568.0,-0.31
305214.0,6404568.0,-0.31
305216.0,6404568.0,-0.31
305218.0,6404568.0,-0.31
305220.0,6404568.0,-0.31
305222.0,6404568.0,-0.31
305224.0,6404568.0,-0.31
305226.0,6404568.0,-0.31
305228.0,6404568.0,-0.31
305230.0,6404568.0,-0.31
305232.0,6404568.0,-0.31
305234.0,6404568.0,-0.31
305236.0,6404568.0,-0.31
305238.0,6404568.0,-0.31
305240.0,6404568.0,-0.31
305242.0,6404568.0,-0.31
305244.0,6404568.0,-0.31
305246.0,6404568.0,-0.31
305248.0,6404568.0,-0.31
305250.0,6404568.0,-0.31
305252.0,6404568.0,-0.31
305254.0,6404568.0,-0.31
305256.0,6404568.0,-0.31
305258.0,6404568.0,-0.31
305260.0,6404568.0,-0.31
305262.0,6404568.0,-0.31
305264.0,6404568.0,-0.31
305266.0,6404568.0,-0.31
305268.0,6404568.0,-0.31
305270.0,6404568.0,-0.31
305272.0,6404568.0,-0.31
305274.0,6404568.0,-0.31
305276.0,6404568.0,-0.31
305278.0,6404568.0,-0.31
305280.0,6404568.0,-0.31
305282.0,6404568.0,-0.31
305284.0,6404568.0,-0.31
305286.0,6404568.0,-0.31
305288.0,6404568.0,-0.31
305290.0,6404568.0,-0.31
305292.0,6404568.0,-0.31
305294.0,6404568.0,-0.31
305296.0,6404568.0,-0.31
305298.0,6404568.0,-0.31
305300.0,6404568.0,-0.31
305302.0,6404568.0,-0.31
305304.0,6404568.0,-0.31
305306.0,6404568.0,-0.31
305308.0,6404568.0,-0.31
305310.0,6404568.0,-0.31
305312.0,6404568.0,-0.31
305314.0,6404568.0,-0.31
305316.0,6404568.0,-0.31
305318.0,6404568.0,-0.31
305320.0,6404568.0,-0.31
305322.0,6404568.0,-0.31
305324.0,6404568.0,-0.31
305326.0,6404568.0,-0.31
305328.0,6404568.0,-0.31
305330.0,6404568.0,-0.31
305332.0,6404568.0,-0.31
305334.0,6404568.0,-0.31
305336.0,6404568.0,-0.31
305338.0,6404568.0,-0.31
305340.0,6404568.0,-0.31
305342.0,6404568.0,-0.31
305344.0,6404568.0,-0.31
305346.0,6404568.0,-0.31
305348.0,6404568.0,-0.31
305350.0,6404568.0,-0.31
305352.0,6404568.0,-0.31
305354.0,6404568.0,-0.31
305356.0,6404568.0,-0.31
305358.0,6404568.0,-0.31
305360.0,6404568.0,-0.31
305362.0,6404568.0,-0.31
305364.0,6404568.0,-0.31
305366.0,6404568.0,-0.31
305368.0,6404568.0,-0.31
305370.0,6404568.0,-0.31
305372.0,6404568.0,-0.31
305374.0,6404568.0,-0.31
305376.0,6404568.0,-0.31
305378.0,6404568.0,-0.31
305380.0,6404568.0,-0.31
305382.0,6404568.0,-0.31
305384.0,6404568.0,-0.31
305386.0,6404568.0,-0.31
305388.0,6404568.0,-0.31
305390.0,6404568.0,-0.31
305392.0,6404568.0,-0.31
305394.0,6404568.0,-0.31
305396.0,6404568.0,-0.31
305398.0,6404568.0,-0.31
305400.0,6404568.0,-0.31
305402.0,6404568.0,-0.31
305404.0,6404568.0,-0.31
305406.0,6404568.0,-0.31
305408.0,6404568.0,-0.31
305410.0,6404568.0,-0.31
305412.0,6404568.0,-0.31
305414.0,6404568.0,-0.31
305416.0,6404568.0,-0.31
305418.0,6404568.0,-0.31
305420.0,6404568.0,-0.31
305422.0,6404568.0,-0.31
305424.0,6404568.0,-0.31
305426.0,6404568.0,-0.31
305428.0,6404568.0,-0.31
305430.0,6404568.0,-0.31
305432.0,6404568.0,-0.31
305434.0,6404568.0,-0.31
305436.0,6404568.0,-0.31
305438.0,6404568.0,-0.31
305440.0,6404568.0,-0.31
305442.0,6404568.0,-0.31
305444.0,6404568.0,-0.31
305446.0,6404568.0,-0.31
305448.0,6404568.0,-0.31
305450.0,6404568.0,-0.31
305452.0,6404568.0,-0.31
305454.0,6404568.0,-0.31
305456.0,6404568.0,-0.31
305458.0,6404568.0,-0.31
305460.0,6404568.0,-0.31
305462.0,6404568.0,-0.31
305464.0,6404568.0,-0.31
305466.0,6404568.0,-0.31
305468.0,6404568.0,-0.31
305470.0,6404568.0,-0.31
305472.0,6404568.0,-0.31
305474.0,6404568.0,-0.31
305476.0,6404568.0,-0.31
305478.0,6404568.0,-0.31
305480.0,6404568.0,-0.31
305482.0,6404568.0,-0.31
305484.0,6404568.0,-0.31
305486.0,6404568.0,-0.31
305488.0,6404568.0,-0.31
305490.0,6404568.0,-0.31
305492.0,6404568.0,-0.31
305494.0,6404568.0,-0.31
305496.0,6404568.0,-0.31
305498.0,6404568.0,-0.31
305500.0,6404568.0,-0.31
305502.0,6404568.0,-0.31
305504.0,6404568.0,-0.31
305506.0,6404568.0,-0.31
305508.0,6404568.0,-0.31
305510.0,6404568.0,-0.31
305512.0,6404568.0,-0.31
305514.0,6404568.0,-0.31
305516.0,6404568.0,-0.31
305518.0,6404568.0,-0.31
305520.0,6404568.0,-0.31
305522.0,6404568.0,-0.31
305524.0,6404568.0,-0.31
305526.0,6404568.0,-0.31
305528.0,6404568.0,-0.31
305530.0,6404568.0,-0.31
305532.0,6404568.0,-0.31
305534.0,6404568.0,-0.31
305536.0,6404568.0,-0.31
305538.0,6404568.0,-0.31
305540.0,6404568.0,-0.31
305542.0,6404568.0,-0.31
305544.0,6404568.0,-0.31
305546.0,6404568.0,-0.31
305548.0,6404568.0,-0.31
305550.0,6404568.0,-0.31
305552.0,6404568.0,-0.31
305554.0,6404568.0,-0.31
305556.0,6404568.0,-0.31
305558.0,6404568.0,-0.31
305560.0,6404568.0,-0.31
305562.0,6404568.0,-0.31
305564.0,6404568.0,-0.31
305566.0,6404568.0,-0.31
305568.0,6404568.0,-0.31
305570.0,6404568.0,-0.31
305572.0,6404568.0,-0.31
305574.0,6404568.0,-0.31
305576.0,6404568.0,-0.31
305578.0,6404568.0,-0.31
305580.0,6404568.0,-0.31
305582.0,6404568.0,-0.31
305584.0,6404568.0,-0.31
305586.0,6404568.0,-0.31
305588.0,6404568.0,-0.31
305590.0,6404568.0,-0.31
305592.0,6404568.0,-0.31
305594.0,6404568.0,-0.31
305596.0,6404568.0,-0.31
305598.0,6404568.0,-0.31
305600.0,6404568.0,-0.13
305602.0,6404568.0,0.23
305604.0,6404568.0,0.6
305606.0,6404568.0,0.96
305608.0,6404568.0,1.31
305610.0,6404568.0,1.61
305612.0,6404568.0,2.16
305614.0,6404568.0,2.46
305616.0,6404568.0,2.5
305618.0,6404568.0,2.65
305620.0,6404568.0,3.53
305622.0,6404568.0,4.05
305624.0,6404568.0,4.18
305626.0,6404568.0,4.66
305628.0,6404568.0,5.2
305630.0,6404568.0,5.44
305632.0,6404568.0,5.97
305634.0,6404568.0,6.2
305636.0,6404568.0,5.71
305638.0,6404568.0,5.56
305640.0,6404568.0,5.66
305642.0,6404568.0,6.16
305644.0,6404568.0,6.01
305646.0,6404568.0,6.27
305648.0,6404568.0,6.51
305650.0,6404568.0,6.95
305652.0,6404568.0,7.63
305654.0,6404568.0,7.83
305656.0,6404568.0,7.6
305658.0,6404568.0,7.48
305660.0,6404568.0,7.3
305662.0,6404568.0,7.6
305664.0,6404568.0,7.71
305666.0,6404568.0,7.27
305668.0,6404568.0,7.02
305670.0,6404568.0,7.2
305672.0,6404568.0,7.18
305674.0,6404568.0,7.0
305676.0,6404568.0,7.01
305678.0,6404568.0,7.1
305680.0,6404568.0,7.32
305150.0,6404570.0,-0.31
305152.0,6404570.0,-0.31
305154.0,6404570.0,-0.31
305156.0,6404570.0,-0.31
305158.0,6404570.0,-0.31
305160.0,6404570.0,-0.31
305162.0,6404570.0,-0.31
305164.0,6404570.0,-0.31
305166.0,6404570.0,-0.31
305168.0,6404570.0,-0.31
305170.0,6404570.0,-0.31
305172.0,6404570.0,-0.31
305174.0,6404570.0,-0.31
305176.0,6404570.0,-0.31
305178.0,6404570.0,-0.31
305180.0,6404570.0,-0.31
305182.0,6404570.0,-0.31
305184.0,6404570.0,-0.31
305186.0,6404570.0,-0.31
305188.0,6404570.0,-0.31
305190.0,6404570.0,-0.31
305192.0,6404570.0,-0.31
305194.0,6404570.0,-0.31
305196.0,6404570.0,-0.31
305198.0,6404570.0,-0.31
305200.0,6404570.0,-0.31
305202.0,6404570.0,-0.31
305204.0,6404570.0,-0.31
305206.0,6404570.0,-0.31
305208.0,6404570.0,-0.31
305210.0,6404570.0,-0.31
305212.0,6404570.0,-0.31
305214.0,6404570.0,-0.31
305216.0,6404570.0,-0.31
305218.0,6404570.0,-0.31
305220.0,6404570.0,-0.31
305222.0,6404570.0,-0.31
305224.0,6404570.0,-0.31
305226.0,6404570.0,-0.31
305228.0,6404570.0,-0.31
305230.0,6404570.0,-0.31
305232.0,6404570.0,-0.31
305234.0,6404570.0,-0.31
305236.0,6404570.0,-0.31
305238.0,6404570.0,-0.31
305240.0,6404570.0,-0.31
305242.0,6404570.0,-0.31
305244.0,6404570.0,-0.31
305246.0,6404570.0,-0.31
305248.0,6404570.0,-0.31
305250.0,6404570.0,-0.31
305252.0,6404570.0,-0.31
305254.0,6404570.0,-0.31
305256.0,6404570.0,-0.31
305258.0,6404570.0,-0.31
305260.0,6404570.0,-0.31
305262.0,6404570.0,-0.31
305264.0,6404570.0,-0.31
305266.0,6404570.0,-0.31
305268.0,6404570.0,-0.31
305270.0,6404570.0,-0.31
305272.0,6404570.0,-0.31
305274.0,6404570.0,-0.31
305276.0,6404570.0,-0.31
305278.0,6404570.0,-0.31
305280.0,6404570.0,-0.31
305282.0,6404570.0,-0.31
305284.0,6404570.0,-0.31
305286.0,6404570.0,-0.31
305288.0,6404570.0,-0.31
305290.0,6404570.0,-0.31
305292.0,6404570.0,-0.31
305294.0,6404570.0,-0.31
305296.0,6404570.0,-0.31
305298.0,6404570.0,-0.31
305300.0,6404570.0,-0.31
305302.0,6404570.0,-0.31
305304.0,6404570.0,-0.31
305306.0,6404570.0,-0.31
305308.0,6404570.0,-0.31
305310.0,6404570.0,-0.31
305312.0,6404570.0,-0.31
305314.0,6404570.0,-0.31
305316.0,6404570.0,-0.31
305318.0,6404570.0,-0.31
305320.0,6404570.0,-0.31
305322.0,6404570.0,-0.31
305324.0,6404570.0,-0.31
305326.0,6404570.0,-0.31
305328.0,6404570.0,-0.31
305330.0,6404570.0,-0.31
305332.0,6404570.0,-0.31
305334.0,6404570.0,-0.31
305336.0,6404570.0,-0.31
305338.0,6404570.0,-0.31
305340.0,6404570.0,-0.31
305342.0,6404570.0,-0.31
305344.0,6404570.0,-0.31
305346.0,6404570.0,-0.31
305348.0,6404570.0,-0.31
305350.0,6404570.0,-0.31
305352.0,6404570.0,-0.31
305354.0,6404570.0,-0.31
305356.0,6404570.0,-0.31
305358.0,6404570.0,-0.31
305360.0,6404570.0,-0.31
305362.0,6404570.0,-0.31
305364.0,6404570.0,-0.31
305366.0,6404570.0,-0.31
305368.0,6404570.0,-0.31
305370.0,6404570.0,-0.31
305372.0,6404570.0,-0.31
305374.0,6404570.0,-0.31
305376.0,6404570.0,-0.31
305378.0,6404570.0,-0.31
305380.0,6404570.0,-0.31
305382.0,6404570.0,-0.31
305384.0,6404570.0,-0.31
305386.0,6404570.0,-0.31
305388.0,6404570.0,-0.31
305390.0,6404570.0,-0.31
305392.0,6404570.0,-0.31
305394.0,6404570.0,-0.31
305396.0,6404570.0,-0.31
305398.0,6404570.0,-0.31
305400.0,6404570.0,-0.31
305402.0,6404570.0,-0.31
305404.0,6404570.0,-0.31
305406.0,6404570.0,-0.31
305408.0,6404570.0,-0.31
305410.0,6404570.0,-0.31
305412.0,6404570.0,-0.31
305414.0,6404570.0,-0.31
305416.0,6404570.0,-0.31
305418.0,6404570.0,-0.31
305420.0,6404570.0,-0.31
305422.0,6404570.0,-0.31
305424.0,6404570.0,-0.31
305426.0,6404570.0,-0.31
305428.0,6404570.0,-0.31
305430.0,6404570.0,-0.31
305432.0,6404570.0,-0.31
305434.0,6404570.0,-0.31
305436.0,6404570.0,-0.31
305438.0,6404570.0,-0.31
305440.0,6404570.0,-0.31
305442.0,6404570.0,-0.31
305444.0,6404570.0,-0.31
305446.0,6404570.0,-0.31
305448.0,6404570.0,-0.31
305450.0,6404570.0,-0.31
305452.0,6404570.0,-0.31
305454.0,6404570.0,-0.31
305456.0,6404570.0,-0.31
305458.0,6404570.0,-0.31
305460.0,6404570.0,-0.31
305462.0,6404570.0,-0.31
305464.0,6404570.0,-0.31
305466.0,6404570.0,-0.31
305468.0,6404570.0,-0.31
305470.0,6404570.0,-0.31
305472.0,6404570.0,-0.31
305474.0,6404570.0,-0.31
305476.0,6404570.0,-0.31
305478.0,6404570.0,-0.31
305480.0,6404570.0,-0.31
305482.0,6404570.0,-0.31
305484.0,6404570.0,-0.31
305486.0,6404570.0,-0.31
305488.0,6404570.0,-0.31
305490.0,6404570.0,-0.31
305492.0,6404570.0,-0.31
305494.0,6404570.0,-0.31
305496.0,6404570.0,-0.31
305498.0,6404570.0,-0.31
305500.0,6404570.0,-0.31
305502.0,6404570.0,-0.31
305504.0,6404570.0,-0.31
305506.0,6404570.0,-0.31
305508.0,6404570.0,-0.31
305510.0,6404570.0,-0.31
305512.0,6404570.0,-0.31
305514.0,6404570.0,-0.31
305516.0,6404570.0,-0.31
305518.0,6404570.0,-0.31
305520.0,6404570.0,-0.31
305522.0,6404570.0,-0.31
305524.0,6404570.0,-0.31
305526.0,6404570.0,-0.31
305528.0,6404570.0,-0.31
305530.0,6404570.0,-0.31
305532.0,6404570.0,-0.31
305534.0,6404570.0,-0.31
305536.0,6404570.0,-0.31
305538.0,6404570.0,-0.31
305540.0,6404570.0,-0.31
305542.0,6404570.0,-0.31
305544.0,6404570.0,-0.31
305546.0,6404570.0,-0.31
305548.0,6404570.0,-0.31
305550.0,6404570.0,-0.31
305552.0,6404570.0,-0.31
305554.0,6404570.0,-0.31
305556.0,6404570.0,-0.31
305558.0,6404570.0,-0.31
305560.0,6404570.0,-0.31
305562.0,6404570.0,-0.31
305564.0,6404570.0,-0.31
305566.0,6404570.0,-0.31
305568.0,6404570.0,-0.31
305570.0,6404570.0,-0.31
305572.0,6404570.0,-0.31
305574.0,6404570.0,-0.31
305576.0,6404570.0,-0.31
305578.0,6404570.0,-0.31
305580.0,6404570.0,-0.31
305582.0,6404570.0,-0.31
305584.0,6404570.0,-0.31
305586.0,6404570.0,-0.31
305588.0,6404570.0,-0.31
305590.0,6404570.0,-0.31
305592.0,6404570.0,-0.31
305594.0,6404570.0,-0.31
305596.0,6404570.0,-0.31
305598.0,6404570.0,-0.31
305600.0,6404570.0,-0.21
305602.0,6404570.0,0.17
305604.0,6404570.0,0.5
305606.0,6404570.0,0.87
305608.0,6404570.0,1.23
305610.0,6404570.0,1.56
305612.0,6404570.0,1.86
305614.0,6404570.0,2.06
305616.0,6404570.0,2.22
305618.0,6404570.0,2.67
305620.0,6404570.0,2.94
305622.0,6404570.0,2.96
305624.0,6404570.0,3.55
305626.0,6404570.0,4.68
305628.0,6404570.0,5.04
305630.0,6404570.0,5.22
305632.0,6404570.0,5.06
305634.0,6404570.0,5.0
305636.0,6404570.0,5.36
305638.0,6404570.0,5.36
305640.0,6404570.0,5.52
305642.0,6404570.0,5.72
305644.0,6404570.0,6.25
305646.0,6404570.0,6.33
305648.0,6404570.0,6.92
305650.0,6404570.0,7.4
305652.0,6404570.0,8.0
305654.0,6404570.0,8.26
305656.0,6404570.0,8.37
305658.0,6404570.0,8.24
305660.0,6404570.0,8.05
305662.0,6404570.0,8.05
305664.0,6404570.0,7.27
305666.0,6404570.0,7.04
305668.0,6404570.0,7.08
305670.0,6404570.0,7.29
305672.0,6404570.0,7.54
305674.0,6404570.0,7.33
305676.0,6404570.0,7.24
305678.0,6404570.0,7.46
305680.0,6404570.0,7.6
305150.0,6404572.0,-0.31
305152.0,6404572.0,-0.31
305154.0,6404572.0,-0.31
305156.0,6404572.0,-0.31
305158.0,6404572.0,-0.31
305160.0,6404572.0,-0.31
305162.0,6404572.0,-0.31
305164.0,6404572.0,-0.31
305166.0,6404572.0,-0.31
305168.0,6404572.0,-0.31
305170.0,6404572.0,-0.31
305172.0,6404572.0,-0.31
305174.0,6404572.0,-0.31
305176.0,6404572.0,-0.31
305178.0,6404572.0,-0.31
305180.0,6404572.0,-0.31
305182.0,6404572.0,-0.31
305184.0,6404572.0,-0.31
305186.0,6404572.0,-0.31
305188.0,6404572.0,-0.31
305190.0,6404572.0,-0.31
305192.0,6404572.0,-0.31
305194.0,6404572.0,-0.31
305196.0,6404572.0,-0.31
305198.0,6404572.0,-0.31
305200.0,6404572.0,-0.31
305202.0,6404572.0,-0.31
305204.0,6404572.0,-0.31
305206.0,6404572.0,-0.31
305208.0,6404572.0,-0.31
305210.0,6404572.0,-0.31
305212.0,6404572.0,-0.31
305214.0,6404572.0,-0.31
305216.0,6404572.0,-0.31
305218.0,6404572.0,-0.31
305220.0,6404572.0,-0.31
305222.0,6404572.0,-0.31
305224.0,6404572.0,-0.31
305226.0,6404572.0,-0.31
305228.0,6404572.0,-0.31
305230.0,6404572.0,-0.31
305232.0,6404572.0,-0.31
305234.0,6404572.0,-0.31
305236.0,6404572.0,-0.31
305238.0,6404572.0,-0.31
305240.0,6404572.0,-0.31
305242.0,6404572.0,-0.31
305244.0,6404572.0,-0.31
305246.0,6404572.0,-0.31
305248.0,6404572.0,-0.31
305250.0,6404572.0,-0.31
305252.0,6404572.0,-0.31
305254.0,6404572.0,-0.31
305256.0,6404572.0,-0.31
305258.0,6404572.0,-0.31
305260.0,6404572.0,-0.31
305262.0,6404572.0,-0.31
305264.0,6404572.0,-0.31
305266.0,6404572.0,-0.31
305268.0,6404572.0,-0.31
305270.0,6404572.0,-0.31
305272.0,6404572.0,-0.31
305274.0,6404572.0,-0.31
305276.0,6404572.0,-0.31
305278.0,6404572.0,-0.31
305280.0,6404572.0,-0.31
305282.0,6404572.0,-0.31
305284.0,6404572.0,-0.31
305286.0,6404572.0,-0.31
305288.0,6404572.0,-0.31
305290.0,6404572.0,-0.31
305292.0,6404572.0,-0.31
305294.0,6404572.0,-0.31
305296.0,6404572.0,-0.31
305298.0,6404572.0,-0.31
305300.0,6404572.0,-0.31
305302.0,6404572.0,-0.31
305304.0,6404572.0,-0.31
305306.0,6404572.0,-0.31
305308.0,6404572.0,-0.31
305310.0,6404572.0,-0.31
305312.0,6404572.0,-0.31
305314.0,6404572.0,-0.31
305316.0,6404572.0,-0.31
305318.0,6404572.0,-0.31
305320.0,6404572.0,-0.31
305322.0,6404572.0,-0.31
305324.0,6404572.0,-0.31
305326.0,6404572.0,-0.31
305328.0,6404572.0,-0.31
305330.0,6404572.0,-0.31
305332.0,6404572.0,-0.31
305334.0,6404572.0,-0.31
305336.0,6404572.0,-0.31
305338.0,6404572.0,-0.31
305340.0,6404572.0,-0.31
305342.0,6404572.0,-0.31
305344.0,6404572.0,-0.31
305346.0,6404572.0,-0.31
305348.0,6404572.0,-0.31
305350.0,6404572.0,-0.31
305352.0,6404572.0,-0.31
305354.0,6404572.0,-0.31
305356.0,6404572.0,-0.31
305358.0,6404572.0,-0.31
305360.0,6404572.0,-0.31
305362.0,6404572.0,-0.31
305364.0,6404572.0,-0.31
305366.0,6404572.0,-0.31
305368.0,6404572.0,-0.31
305370.0,6404572.0,-0.31
305372.0,6404572.0,-0.31
305374.0,6404572.0,-0.31
305376.0,6404572.0,-0.31
305378.0,6404572.0,-0.31
305380.0,6404572.0,-0.31
305382.0,6404572.0,-0.31
305384.0,6404572.0,-0.31
305386.0,6404572.0,-0.31
305388.0,6404572.0,-0.31
305390.0,6404572.0,-0.31
305392.0,6404572.0,-0.31
305394.0,6404572.0,-0.31
305396.0,6404572.0,-0.31
305398.0,6404572.0,-0.31
305400.0,6404572.0,-0.31
305402.0,6404572.0,-0.31
305404.0,6404572.0,-0.31
305406.0,6404572.0,-0.31
305408.0,6404572.0,-0.31
305410.0,6404572.0,-0.31
305412.0,6404572.0,-0.31
305414.0,6404572.0,-0.31
305416.0,6404572.0,-0.31
305418.0,6404572.0,-0.31
305420.0,6404572.0,-0.31
305422.0,6404572.0,-0.31
305424.0,6404572.0,-0.31
305426.0,6404572.0,-0.31
305428.0,6404572.0,-0.31
305430.0,6404572.0,-0.31
305432.0,6404572.0,-0.31
305434.0,6404572.0,-0.31
305436.0,6404572.0,-0.31
305438.0,6404572.0,-0.31
305440.0,6404572.0,-0.31
305442.0,6404572.0,-0.31
305444.0,6404572.0,-0.31
305446.0,6404572.0,-0.31
305448.0,6404572.0,-0.31
305450.0,6404572.0,-0.31
305452.0,6404572.0,-0.31
305454.0,6404572.0,-0.31
305456.0,6404572.0,-0.31
305458.0,6404572.0,-0.31
305460.0,6404572.0,-0.31
305462.0,6404572.0,-0.31
305464.0,6404572.0,-0.31
305466.0,6404572.0,-0.31
305468.0,6404572.0,-0.31
305470.0,6404572.0,-0.31
305472.0,6404572.0,-0.31
305474.0,6404572.0,-0.31
305476.0,6404572.0,-0.31
305478.0,6404572.0,-0.31
305480.0,6404572.0,-0.31
305482.0,6404572.0,-0.31
305484.0,6404572.0,-0.31
305486.0,6404572.0,-0.31
305488.0,6404572.0,-0.31
305490.0,6404572.0,-0.31
305492.0,6404572.0,-0.31
305494.0,6404572.0,-0.31
305496.0,6404572.0,-0.31
305498.0,6404572.0,-0.31
305500.0,6404572.0,-0.31
305502.0,6404572.0,-0.31
305504.0,6404572.0,-0.31
305506.0,6404572.0,-0.31
305508.0,6404572.0,-0.31
305510.0,6404572.0,-0.31
305512.0,6404572.0,-0.31
305514.0,6404572.0,-0.31
305516.0,6404572.0,-0.31
305518.0,6404572.0,-0.31
305520.0,6404572.0,-0.31
305522.0,6404572.0,-0.31
305524.0,6404572.0,-0.31
305526.0,6404572.0,-0.31
305528.0,6404572.0,-0.31
305530.0,6404572.0,-0.31
305532.0,6404572.0,-0.31
305534.0,6404572.0,-0.31
305536.0,6404572.0,-0.31
305538.0,6404572.0,-0.31
305540.0,6404572.0,-0.31
305542.0,6404572.0,-0.31
305544.0,6404572.0,-0.31
305546.0,6404572.0,-0.31
305548.0,6404572.0,-0.31
305550.0,6404572.0,-0.31
305552.0,6404572.0,-0.31
305554.0,6404572.0,-0.31
305556.0,6404572.0,-0.31
305558.0,6404572.0,-0.31
305560.0,6404572.0,-0.31
305562.0,6404572.0,-0.31
305564.0,6404572.0,-0.31
305566.0,6404572.0,-0.31
305568.0,6404572.0,-0.31
305570.0,6404572.0,-0.31
305572.0,6404572.0,-0.31
305574.0,6404572.0,-0.31
305576.0,6404572.0,-0.31
305578.0,6404572.0,-0.31
305580.0,6404572.0,-0.31
305582.0,6404572.0,-0.31
305584.0,6404572.0,-0.31
305586.0,6404572.0,-0.31
305588.0,6404572.0,-0.31
305590.0,6404572.0,-0.31
305592.0,6404572.0,-0.31
305594.0,6404572.0,-0.31
305596.0,6404572.0,-0.31
305598.0,6404572.0,-0.31
305600.0,6404572.0,-0.28
305602.0,6404572.0,0.51
305604.0,6404572.0,0.54
305606.0,6404572.0,0.88
305608.0,6404572.0,1.21
305610.0,6404572.0,1.53
305612.0,6404572.0,1.71
305614.0,6404572.0,1.93
305616.0,6404572.0,2.13
305618.0,6404572.0,2.22
305620.0,6404572.0,2.3
305622.0,6404572.0,2.54
305624.0,6404572.0,2.76
305626.0,6404572.0,3.93
305628.0,6404572.0,3.74
305630.0,6404572.0,4.12
305632.0,6404572.0,4.46
305634.0,6404572.0,5.15
305636.0,6404572.0,5.23
305638.0,6404572.0,5.43
305640.0,6404572.0,5.73
305642.0,6404572.0,5.86
305644.0,6404572.0,6.57
305646.0,6404572.0,6.96
305648.0,6404572.0,7.84
305650.0,6404572.0,7.91
305652.0,6404572.0,8.22
305654.0,6404572.0,8.58
305656.0,6404572.0,8.81
305658.0,6404572.0,8.65
305660.0,6404572.0,8.39
305662.0,6404572.0,7.88
305664.0,6404572.0,7.11
305666.0,6404572.0,7.04
305668.0,6404572.0,6.78
305670.0,6404572.0,6.91
305672.0,6404572.0,7.11
305674.0,6404572.0,7.08
305676.0,6404572.0,7.05
305678.0,6404572.0,8.01
305680.0,6404572.0,8.29
305150.0,6404574.0,-0.31
305152.0,6404574.0,-0.31
305154.0,6404574.0,-0.31
305156.0,6404574.0,-0.31
305158.0,6404574.0,-0.31
305160.0,6404574.0,-0.31
305162.0,6404574.0,-0.31
305164.0,6404574.0,-0.31
305166.0,6404574.0,-0.31
305168.0,6404574.0,-0.31
305170.0,6404574.0,-0.31
305172.0,6404574.0,-0.31
305174.0,6404574.0,-0.31
305176.0,6404574.0,-0.31
305178.0,6404574.0,-0.31
305180.0,6404574.0,-0.31
305182.0,6404574.0,-0.31
305184.0,6404574.0,-0.31
305186.0,6404574.0,-0.31
305188.0,6404574.0,-0.31
305190.0,6404574.0,-0.31
305192.0,6404574.0,-0.31
305194.0,6404574.0,-0.31
305196.0,6404574.0,-0.31
305198.0,6404574.0,-0.31
305200.0,6404574.0,-0.31
305202.0,6404574.0,-0.31
305204.0,6404574.0,-0.31
305206.0,6404574.0,-0.31
305208.0,6404574.0,-0.31
305210.0,6404574.0,-0.31
305212.0,6404574.0,-0.31
305214.0,6404574.0,-0.31
305216.0,6404574.0,-0.31
305218.0,6404574.0,-0.31
305220.0,6404574.0,-0.31
305222.0,6404574.0,-0.31
305224.0,6404574.0,-0.31
305226.0,6404574.0,-0.31
305228.0,6404574.0,-0.31
305230.0,6404574.0,-0.31
305232.0,6404574.0,-0.31
305234.0,6404574.0,-0.31
305236.0,6404574.0,-0.31
305238.0,6404574.0,-0.31
305240.0,6404574.0,-0.31
305242.0,6404574.0,-0.31
305244.0,6404574.0,-0.31
305246.0,6404574.0,-0.31
305248.0,6404574.0,-0.31
305250.0,6404574.0,-0.31
305252.0,6404574.0,-0.31
305254.0,6404574.0,-0.31
305256.0,6404574.0,-0.31
305258.0,6404574.0,-0.31
305260.0,6404574.0,-0.31
305262.0,6404574.0,-0.31
305264.0,6404574.0,-0.31
305266.0,6404574.0,-0.31
305268.0,6404574.0,-0.31
305270.0,6404574.0,-0.31
305272.0,6404574.0,-0.31
305274.0,6404574.0,-0.31
305276.0,6404574.0,-0.31
305278.0,6404574.0,-0.31
305280.0,6404574.0,-0.31
305282.0,6404574.0,-0.31
305284.0,6404574.0,-0.31
305286.0,6404574.0,-0.31
305288.0,6404574.0,-0.31
305290.0,6404574.0,-0.31
305292.0,6404574.0,-0.31
305294.0,6404574.0,-0.31
305296.0,6404574.0,-0.31
305298.0,6404574.0,-0.31
305300.0,6404574.0,-0.31
305302.0,6404574.0,-0.31
305304.0,6404574.0,-0.31
305306.0,6404574.0,-0.31
305308.0,6404574.0,-0.31
305310.0,6404574.0,-0.31
305312.0,6404574.0,-0.31
305314.0,6404574.0,-0.31
305316.0,6404574.0,-0.31
305318.0,6404574.0,-0.31
305320.0,6404574.0,-0.31
305322.0,6404574.0,-0.31
305324.0,6404574.0,-0.31
305326.0,6404574.0,-0.31
305328.0,6404574.0,-0.31
305330.0,6404574.0,-0.31
305332.0,6404574.0,-0.31
305334.0,6404574.0,-0.31
305336.0,6404574.0,-0.31
305338.0,6404574.0,-0.31
305340.0,6404574.0,-0.31
305342.0,6404574.0,-0.31
305344.0,6404574.0,-0.31
305346.0,6404574.0,-0.31
305348.0,6404574.0,-0.31
305350.0,6404574.0,-0.31
305352.0,6404574.0,-0.31
305354.0,6404574.0,-0.31
305356.0,6404574.0,-0.31
305358.0,6404574.0,-0.31
305360.0,6404574.0,-0.31
305362.0,6404574.0,-0.31
305364.0,6404574.0,-0.31
305366.0,6404574.0,-0.31
305368.0,6404574.0,-0.31
305370.0,6404574.0,-0.31
305372.0,6404574.0,-0.31
305374.0,6404574.0,-0.31
305376.0,6404574.0,-0.31
305378.0,6404574.0,-0.31
305380.0,6404574.0,-0.31
305382.0,6404574.0,-0.31
305384.0,6404574.0,-0.31
305386.0,6404574.0,-0.31
305388.0,6404574.0,-0.31
305390.0,6404574.0,-0.31
305392.0,6404574.0,-0.31
305394.0,6404574.0,-0.31
305396.0,6404574.0,-0.31
305398.0,6404574.0,-0.31
305400.0,6404574.0,-0.31
305402.0,6404574.0,-0.31
305404.0,6404574.0,-0.31
305406.0,6404574.0,-0.31
305408.0,6404574.0,-0.31
305410.0,6404574.0,-0.31
305412.0,6404574.0,-0.31
305414.0,6404574.0,-0.31
305416.0,6404574.0,-0.31
305418.0,6404574.0,-0.31
305420.0,6404574.0,-0.31
305422.0,6404574.0,-0.31
305424.0,6404574.0,-0.31
305426.0,6404574.0,-0.31
305428.0,6404574.0,-0.31
305430.0,6404574.0,-0.31
305432.0,6404574.0,-0.31
305434.0,6404574.0,-0.31
305436.0,6404574.0,-0.31
305438.0,6404574.0,-0.31
305440.0,6404574.0,-0.31
305442.0,6404574.0,-0.31
305444.0,6404574.0,-0.31
305446.0,6404574.0,-0.31
305448.0,6404574.0,-0.31
305450.0,6404574.0,-0.31
305452.0,6404574.0,-0.31
305454.0,6404574.0,-0.31
305456.0,6404574.0,-0.31
305458.0,6404574.0,-0.31
305460.0,6404574.0,-0.31
305462.0,6404574.0,-0.31
305464.0,6404574.0,-0.31
305466.0,6404574.0,-0.31
305468.0,6404574.0,-0.31
305470.0,6404574.0,-0.31
305472.0,6404574.0,-0.31
305474.0,6404574.0,-0.31
305476.0,6404574.0,-0.31
305478.0,6404574.0,-0.31
305480.0,6404574.0,-0.31
305482.0,6404574.0,-0.31
305484.0,6404574.0,-0.31
305486.0,6404574.0,-0.31
305488.0,6404574.0,-0.31
305490.0,6404574.0,-0.31
305492.0,6404574.0,-0.31
305494.0,6404574.0,-0.31
305496.0,6404574.0,-0.31
305498.0,6404574.0,-0.31
305500.0,6404574.0,-0.31
305502.0,6404574.0,-0.31
305504.0,6404574.0,-0.31
305506.0,6404574.0,-0.31
305508.0,6404574.0,-0.31
305510.0,6404574.0,-0.31
305512.0,6404574.0,-0.31
305514.0,6404574.0,-0.31
305516.0,6404574.0,-0.31
305518.0,6404574.0,-0.31
305520.0,6404574.0,-0.31
305522.0,6404574.0,-0.31
305524.0,6404574.0,-0.31
305526.0,6404574.0,-0.31
305528.0,6404574.0,-0.31
305530.0,6404574.0,-0.31
305532.0,6404574.0,-0.31
305534.0,6404574.0,-0.31
305536.0,6404574.0,-0.31
305538.0,6404574.0,-0.31
305540.0,6404574.0,-0.31
305542.0,6404574.0,-0.31
305544.0,6404574.0,-0.31
305546.0,6404574.0,-0.31
305548.0,6404574.0,-0.31
305550.0,6404574.0,-0.31
305552.0,6404574.0,-0.31
305554.0,6404574.0,-0.31
305556.0,6404574.0,-0.31
305558.0,6404574.0,-0.31
305560.0,6404574.0,-0.31
305562.0,6404574.0,-0.31
305564.0,6404574.0,-0.31
305566.0,6404574.0,-0.31
305568.0,6404574.0,-0.31
305570.0,6404574.0,-0.31
305572.0,6404574.0,-0.31
305574.0,6404574.0,-0.31
305576.0,6404574.0,-0.31
305578.0,6404574.0,-0.31
305580.0,6404574.0,-0.31
305582.0,6404574.0,-0.31
305584.0,6404574.0,-0.31
305586.0,6404574.0,-0.31
305588.0,6404574.0,-0.31
305590.0,6404574.0,-0.31
305592.0,6404574.0,-0.31
305594.0,6404574.0,-0.31
305596.0,6404574.0,-0.31
305598.0,6404574.0,-0.31
305600.0,6404574.0,-0.31
305602.0,6404574.0,0.45
305604.0,6404574.0,0.83
305606.0,6404574.0,0.98
305608.0,6404574.0,1.09
305610.0,6404574.0,1.48
305612.0,6404574.0,1.65
305614.0,6404574.0,1.81
305616.0,6404574.0,2.0
305618.0,6404574.0,2.09
305620.0,6404574.0,2.27
305622.0,6404574.0,2.4
305624.0,6404574.0,2.57
305626.0,6404574.0,2.83
305628.0,6404574.0,3.39
305630.0,6404574.0,3.84
305632.0,6404574.0,4.74
305634.0,6404574.0,4.97
305636.0,6404574.0,5.24
305638.0,6404574.0,5.42
305640.0,6404574.0,5.58
305642.0,6404574.0,6.46
305644.0,6404574.0,7.06
305646.0,6404574.0,8.1
305648.0,6404574.0,8.01
305650.0,6404574.0,8.34
305652.0,6404574.0,8.38
305654.0,6404574.0,8.29
305656.0,6404574.0,8.49
305658.0,6404574.0,8.54
305660.0,6404574.0,8.58
305662.0,6404574.0,7.82
305664.0,6404574.0,7.34
305666.0,6404574.0,7.47
305668.0,6404574.0,7.5
305670.0,6404574.0,6.94
305672.0,6404574.0,6.72
305674.0,6404574.0,6.71
305676.0,6404574.0,7.44
305678.0,6404574.0,8.63
305680.0,6404574.0,9.2
305150.0,6404576.0,-0.31
305152.0,6404576.0,-0.31
305154.0,6404576.0,-0.31
305156.0,6404576.0,-0.31
305158.0,6404576.0,-0.31
305160.0,6404576.0,-0.31
305162.0,6404576.0,-0.31
305164.0,6404576.0,-0.31
305166.0,6404576.0,-0.31
305168.0,6404576.0,-0.31
305170.0,6404576.0,-0.31
305172.0,6404576.0,-0.31
305174.0,6404576.0,-0.31
305176.0,6404576.0,-0.31
305178.0,6404576.0,-0.31
305180.0,6404576.0,-0.31
305182.0,6404576.0,-0.31
305184.0,6404576.0,-0.31
305186.0,6404576.0,-0.31
305188.0,6404576.0,-0.31
305190.0,6404576.0,-0.31
305192.0,6404576.0,-0.31
305194.0,6404576.0,-0.31
305196.0,6404576.0,-0.31
305198.0,6404576.0,-0.31
305200.0,6404576.0,-0.31
305202.0,6404576.0,-0.31
305204.0,6404576.0,-0.31
305206.0,6404576.0,-0.31
305208.0,6404576.0,-0.31
305210.0,6404576.0,-0.31
305212.0,6404576.0,-0.31
305214.0,6404576.0,-0.31
305216.0,6404576.0,-0.31
305218.0,6404576.0,-0.31
305220.0,6404576.0,-0.31
305222.0,6404576.0,-0.31
305224.0,6404576.0,-0.31
305226.0,6404576.0,-0.31
305228.0,6404576.0,-0.31
305230.0,6404576.0,-0.31
305232.0,6404576.0,-0.31
305234.0,6404576.0,-0.31
305236.0,6404576.0,-0.31
305238.0,6404576.0,-0.31
305240.0,6404576.0,-0.31
305242.0,6404576.0,-0.31
305244.0,6404576.0,-0.31
305246.0,6404576.0,-0.31
305248.0,6404576.0,-0.31
305250.0,6404576.0,-0.31
305252.0,6404576.0,-0.31
305254.0,6404576.0,-0.31
305256.0,6404576.0,-0.31
305258.0,6404576.0,-0.31
305260.0,6404576.0,-0.31
305262.0,6404576.0,-0.31
305264.0,6404576.0,-0.31
305266.0,6404576.0,-0.31
305268.0,6404576.0,-0.31
305270.0,6404576.0,-0.31
305272.0,6404576.0,-0.31
305274.0,6404576.0,-0.31
305276.0,6404576.0,-0.31
305278.0,6404576.0,-0.31
305280.0,6404576.0,-0.31
305282.0,6404576.0,-0.31
305284.0,6404576.0,-0.31
305286.0,6404576.0,-0.31
305288.0,6404576.0,-0.31
305290.0,6404576.0,-0.31
305292.0,6404576.0,-0.31
305294.0,6404576.0,-0.31
305296.0,6404576.0,-0.31
305298.0,6404576.0,-0.31
305300.0,6404576.0,-0.31
305302.0,6404576.0,-0.31
305304.0,6404576.0,-0.31
305306.0,6404576.0,-0.31
305308.0,6404576.0,-0.31
305310.0,6404576.0,-0.31
305312.0,6404576.0,-0.31
305314.0,6404576.0,-0.31
305316.0,6404576.0,-0.31
305318.0,6404576.0,-0.31
305320.0,6404576.0,-0.31
305322.0,6404576.0,-0.31
305324.0,6404576.0,-0.31
305326.0,6404576.0,-0.31
305328.0,6404576.0,-0.31
305330.0,6404576.0,-0.31
305332.0,6404576.0,-0.31
305334.0,6404576.0,-0.31
305336.0,6404576.0,-0.31
305338.0,6404576.0,-0.31
305340.0,6404576.0,-0.31
305342.0,6404576.0,-0.31
305344.0,6404576.0,-0.31
305346.0,6404576.0,-0.31
305348.0,6404576.0,-0.31
305350.0,6404576.0,-0.31
305352.0,6404576.0,-0.31
305354.0,6404576.0,-0.31
305356.0,6404576.0,-0.31
305358.0,6404576.0,-0.31
305360.0,6404576.0,-0.31
305362.0,6404576.0,-0.31
305364.0,6404576.0,-0.31
305366.0,6404576.0,-0.31
305368.0,6404576.0,-0.31
305370.0,6404576.0,-0.31
305372.0,6404576.0,-0.31
305374.0,6404576.0,-0.31
305376.0,6404576.0,-0.31
305378.0,6404576.0,-0.31
305380.0,6404576.0,-0.31
305382.0,6404576.0,-0.31
305384.0,6404576.0,-0.31
305386.0,6404576.0,-0.31
305388.0,6404576.0,-0.31
305390.0,6404576.0,-0.31
305392.0,6404576.0,-0.31
305394.0,6404576.0,-0.31
305396.0,6404576.0,-0.31
305398.0,6404576.0,-0.31
305400.0,6404576.0,-0.31
305402.0,6404576.0,-0.31
305404.0,6404576.0,-0.31
305406.0,6404576.0,-0.31
305408.0,6404576.0,-0.31
305410.0,6404576.0,-0.31
305412.0,6404576.0,-0.31
305414.0,6404576.0,-0.31
305416.0,6404576.0,-0.31
305418.0,6404576.0,-0.31
305420.0,6404576.0,-0.31
305422.0,6404576.0,-0.31
305424.0,6404576.0,-0.31
305426.0,6404576.0,-0.31
305428.0,6404576.0,-0.31
305430.0,6404576.0,-0.31
305432.0,6404576.0,-0.31
305434.0,6404576.0,-0.31
305436.0,6404576.0,-0.31
305438.0,6404576.0,-0.31
305440.0,6404576.0,-0.31
305442.0,6404576.0,-0.31
305444.0,6404576.0,-0.31
305446.0,6404576.0,-0.31
305448.0,6404576.0,-0.31
305450.0,6404576.0,-0.31
305452.0,6404576.0,-0.31
305454.0,6404576.0,-0.31
305456.0,6404576.0,-0.31
305458.0,6404576.0,-0.31
305460.0,6404576.0,-0.31
305462.0,6404576.0,-0.31
305464.0,6404576.0,-0.31
305466.0,6404576.0,-0.31
305468.0,6404576.0,-0.31
305470.0,6404576.0,-0.31
305472.0,6404576.0,-0.31
305474.0,6404576.0,-0.31
305476.0,6404576.0,-0.31
305478.0,6404576.0,-0.31
305480.0,6404576.0,-0.31
305482.0,6404576.0,-0.31
305484.0,6404576.0,-0.31
305486.0,6404576.0,-0.31
305488.0,6404576.0,-0.31
305490.0,6404576.0,-0.31
305492.0,6404576.0,-0.31
305494.0,6404576.0,-0.31
305496.0,6404576.0,-0.31
305498.0,6404576.0,-0.31
305500.0,6404576.0,-0.31
305502.0,6404576.0,-0.31
305504.0,6404576.0,-0.31
305506.0,6404576.0,-0.31
305508.0,6404576.0,-0.31
305510.0,6404576.0,-0.31
305512.0,6404576.0,-0.31
305514.0,6404576.0,-0.31
305516.0,6404576.0,-0.31
305518.0,6404576.0,-0.31
305520.0,6404576.0,-0.31
305522.0,6404576.0,-0.31
305524.0,6404576.0,-0.31
305526.0,6404576.0,-0.31
305528.0,6404576.0,-0.31
305530.0,6404576.0,-0.31
305532.0,6404576.0,-0.31
305534.0,6404576.0,-0.31
305536.0,6404576.0,-0.31
305538.0,6404576.0,-0.31
305540.0,6404576.0,-0.31
305542.0,6404576.0,-0.31
305544.0,6404576.0,-0.31
305546.0,6404576.0,-0.31
305548.0,6404576.0,-0.31
305550.0,6404576.0,-0.31
305552.0,6404576.0,-0.31
305554.0,6404576.0,-0.31
305556.0,6404576.0,-0.31
305558.0,6404576.0,-0.31
305560.0,6404576.0,-0.31
305562.0,6404576.0,-0.31
305564.0,6404576.0,-0.31
305566.0,6404576.0,-0.31
305568.0,6404576.0,-0.31
305570.0,6404576.0,-0.31
305572.0,6404576.0,-0.31
305574.0,6404576.0,-0.31
305576.0,6404576.0,-0.31
305578.0,6404576.0,-0.31
305580.0,6404576.0,-0.31
305582.0,6404576.0,-0.31
305584.0,6404576.0,-0.31
305586.0,6404576.0,-0.31
305588.0,6404576.0,-0.31
305590.0,6404576.0,-0.31
305592.0,6404576.0,-0.31
305594.0,6404576.0,-0.31
305596.0,6404576.0,-0.31
305598.0,6404576.0,-0.31
305600.0,6404576.0,-0.31
305602.0,6404576.0,0.22
305604.0,6404576.0,0.54
305606.0,6404576.0,0.76
305608.0,6404576.0,0.93
305610.0,6404576.0,1.33
305612.0,6404576.0,1.65
305614.0,6404576.0,1.8
305616.0,6404576.0,1.98
305618.0,6404576.0,2.03
305620.0,6404576.0,2.18
305622.0,6404576.0,2.27
305624.0,6404576.0,2.44
305626.0,6404576.0,2.77
305628.0,6404576.0,3.76
305630.0,6404576.0,4.18
305632.0,6404576.0,5.0
305634.0,6404576.0,5.33
305636.0,6404576.0,5.56
305638.0,6404576.0,5.85
305640.0,6404576.0,6.14
305642.0,6404576.0,7.52
305644.0,6404576.0,7.77
305646.0,6404576.0,8.05
305648.0,6404576.0,8.12
305650.0,6404576.0,8.64
305652.0,6404576.0,8.65
305654.0,6404576.0,8.29
305656.0,6404576.0,8.25
305658.0,6404576.0,8.18
305660.0,6404576.0,8.28
305662.0,6404576.0,8.17
305664.0,6404576.0,7.81
305666.0,6404576.0,7.78
305668.0,6404576.0,7.47
305670.0,6404576.0,6.87
305672.0,6404576.0,6.72
305674.0,6404576.0,6.68
305676.0,6404576.0,7.88
305678.0,6404576.0,8.68
305680.0,6404576.0,9.47
305150.0,6404578.0,-0.31
305152.0,6404578.0,-0.31
305154.0,6404578.0,-0.31
305156.0,6404578.0,-0.31
305158.0,6404578.0,-0.31
305160.0,6404578.0,-0.31
305162.0,6404578.0,-0.31
305164.0,6404578.0,-0.31
305166.0,6404578.0,-0.31
305168.0,6404578.0,-0.31
305170.0,6404578.0,-0.31
305172.0,6404578.0,-0.31
305174.0,6404578.0,-0.31
305176.0,6404578.0,-0.31
305178.0,6404578.0,-0.31
305180.0,6404578.0,-0.31
305182.0,6404578.0,-0.31
305184.0,6404578.0,-0.31
305186.0,6404578.0,-0.31
305188.0,6404578.0,-0.31
305190.0,6404578.0,-0.31
305192.0,6404578.0,-0.31
305194.0,6404578.0,-0.31
305196.0,6404578.0,-0.31
305198.0,6404578.0,-0.31
305200.0,6404578.0,-0.31
305202.0,6404578.0,-0.31
305204.0,6404578.0,-0.31
305206.0,6404578.0,-0.31
305208.0,6404578.0,-0.31
305210.0,6404578.0,-0.31
305212.0,6404578.0,-0.31
305214.0,6404578.0,-0.31
305216.0,6404578.0,-0.31
305218.0,6404578.0,-0.31
305220.0,6404578.0,-0.31
305222.0,6404578.0,-0.31
305224.0,6404578.0,-0.31
305226.0,6404578.0,-0.31
305228.0,6404578.0,-0.31
305230.0,6404578.0,-0.31
305232.0,6404578.0,-0.31
305234.0,6404578.0,-0.31
305236.0,6404578.0,-0.31
305238.0,6404578.0,-0.31
305240.0,6404578.0,-0.31
305242.0,6404578.0,-0.31
305244.0,6404578.0,-0.31
305246.0,6404578.0,-0.31
305248.0,6404578.0,-0.31
305250.0,6404578.0,-0.31
305252.0,6404578.0,-0.31
305254.0,6404578.0,-0.31
305256.0,6404578.0,-0.31
305258.0,6404578.0,-0.31
305260.0,6404578.0,-0.31
305262.0,6404578.0,-0.31
305264.0,6404578.0,-0.31
305266.0,6404578.0,-0.31
305268.0,6404578.0,-0.31
305270.0,6404578.0,-0.31
305272.0,6404578.0,-0.31
305274.0,6404578.0,-0.31
305276.0,6404578.0,-0.31
305278.0,6404578.0,-0.31
305280.0,6404578.0,-0.31
305282.0,6404578.0,-0.31
305284.0,6404578.0,-0.31
305286.0,6404578.0,-0.31
305288.0,6404578.0,-0.31
305290.0,6404578.0,-0.31
305292.0,6404578.0,-0.31
305294.0,6404578.0,-0.31
305296.0,6404578.0,-0.31
305298.0,6404578.0,-0.31
305300.0,6404578.0,-0.31
305302.0,6404578.0,-0.31
305304.0,6404578.0,-0.31
305306.0,6404578.0,-0.31
305308.0,6404578.0,-0.31
305310.0,6404578.0,-0.31
305312.0,6404578.0,-0.31
305314.0,6404578.0,-0.31
305316.0,6404578.0,-0.31
305318.0,6404578.0,-0.31
305320.0,6404578.0,-0.31
305322.0,6404578.0,-0.31
305324.0,6404578.0,-0.31
305326.0,6404578.0,-0.31
305328.0,6404578.0,-0.31
305330.0,6404578.0,-0.31
305332.0,6404578.0,-0.31
305334.0,6404578.0,-0.31
305336.0,6404578.0,-0.31
305338.0,6404578.0,-0.31
305340.0,6404578.0,-0.31
305342.0,6404578.0,-0.31
305344.0,6404578.0,-0.31
305346.0,6404578.0,-0.31
305348.0,6404578.0,-0.31
305350.0,6404578.0,-0.31
305352.0,6404578.0,-0.31
305354.0,6404578.0,-0.31
305356.0,6404578.0,-0.31
305358.0,6404578.0,-0.31
305360.0,6404578.0,-0.31
305362.0,6404578.0,-0.31
305364.0,6404578.0,-0.31
305366.0,6404578.0,-0.31
305368.0,6404578.0,-0.31
305370.0,6404578.0,-0.31
305372.0,6404578.0,-0.31
305374.0,6404578.0,-0.31
305376.0,6404578.0,-0.31
305378.0,6404578.0,-0.31
305380.0,6404578.0,-0.31
305382.0,6404578.0,-0.31
305384.0,6404578.0,-0.31
305386.0,6404578.0,-0.31
305388.0,6404578.0,-0.31
305390.0,6404578.0,-0.31
305392.0,6404578.0,-0.31
305394.0,6404578.0,-0.31
305396.0,6404578.0,-0.31
305398.0,6404578.0,-0.31
305400.0,6404578.0,-0.31
305402.0,6404578.0,-0.31
305404.0,6404578.0,-0.31
305406.0,6404578.0,-0.31
305408.0,6404578.0,-0.31
305410.0,6404578.0,-0.31
305412.0,6404578.0,-0.31
305414.0,6404578.0,-0.31
305416.0,6404578.0,-0.31
305418.0,6404578.0,-0.31
305420.0,6404578.0,-0.31
305422.0,6404578.0,-0.31
305424.0,6404578.0,-0.31
305426.0,6404578.0,-0.31
305428.0,6404578.0,-0.31
305430.0,6404578.0,-0.31
305432.0,6404578.0,-0.31
305434.0,6404578.0,-0.31
305436.0,6404578.0,-0.31
305438.0,6404578.0,-0.31
305440.0,6404578.0,-0.31
305442.0,6404578.0,-0.31
305444.0,6404578.0,-0.31
305446.0,6404578.0,-0.31
305448.0,6404578.0,-0.31
305450.0,6404578.0,-0.31
305452.0,6404578.0,-0.31
305454.0,6404578.0,-0.31
305456.0,6404578.0,-0.31
305458.0,6404578.0,-0.31
305460.0,6404578.0,-0.31
305462.0,6404578.0,-0.31
305464.0,6404578.0,-0.31
305466.0,6404578.0,-0.31
305468.0,6404578.0,-0.31
305470.0,6404578.0,-0.31
305472.0,6404578.0,-0.31
305474.0,6404578.0,-0.31
305476.0,6404578.0,-0.31
305478.0,6404578.0,-0.31
305480.0,6404578.0,-0.31
305482.0,6404578.0,-0.31
305484.0,6404578.0,-0.31
305486.0,6404578.0,-0.31
305488.0,6404578.0,-0.31
305490.0,6404578.0,-0.31
305492.0,6404578.0,-0.31
305494.0,6404578.0,-0.31
305496.0,6404578.0,-0.31
305498.0,6404578.0,-0.31
305500.0,6404578.0,-0.31
305502.0,6404578.0,-0.31
305504.0,6404578.0,-0.31
305506.0,6404578.0,-0.31
305508.0,6404578.0,-0.31
305510.0,6404578.0,-0.31
305512.0,6404578.0,-0.31
305514.0,6404578.0,-0.31
305516.0,6404578.0,-0.31
305518.0,6404578.0,-0.31
305520.0,6404578.0,-0.31
305522.0,6404578.0,-0.31
305524.0,6404578.0,-0.31
305526.0,6404578.0,-0.31
305528.0,6404578.0,-0.31
305530.0,6404578.0,-0.31
305532.0,6404578.0,-0.31
305534.0,6404578.0,-0.31
305536.0,6404578.0,-0.31
305538.0,6404578.0,-0.31
305540.0,6404578.0,-0.31
305542.0,6404578.0,-0.31
305544.0,6404578.0,-0.31
305546.0,6404578.0,-0.31
305548.0,6404578.0,-0.31
305550.0,6404578.0,-0.31
305552.0,6404578.0,-0.31
305554.0,6404578.0,-0.31
305556.0,6404578.0,-0.31
305558.0,6404578.0,-0.31
305560.0,6404578.0,-0.31
305562.0,6404578.0,-0.31
305564.0,6404578.0,-0.31
305566.0,6404578.0,-0.31
305568.0,6404578.0,-0.31
305570.0,6404578.0,-0.31
305572.0,6404578.0,-0.31
305574.0,6404578.0,-0.31
305576.0,6404578.0,-0.31
305578.0,6404578.0,-0.31
305580.0,6404578.0,-0.31
305582.0,6404578.0,-0.31
305584.0,6404578.0,-0.31
305586.0,6404578.0,-0.31
305588.0,6404578.0,-0.31
305590.0,6404578.0,-0.31
305592.0,6404578.0,-0.31
305594.0,6404578.0,-0.31
305596.0,6404578.0,-0.31
305598.0,6404578.0,-0.31
305600.0,6404578.0,-0.31
305602.0,6404578.0,0.22
305604.0,6404578.0,0.55
305606.0,6404578.0,0.73
305608.0,6404578.0,0.91
305610.0,6404578.0,1.2
305612.0,6404578.0,1.63
305614.0,6404578.0,1.75
305616.0,6404578.0,1.99
305618.0,6404578.0,2.05
305620.0,6404578.0,2.12
305622.0,6404578.0,2.19
305624.0,6404578.0,2.23
305626.0,6404578.0,2.63
305628.0,6404578.0,4.01
305630.0,6404578.0,4.23
305632.0,6404578.0,5.19
305634.0,6404578.0,6.02
305636.0,6404578.0,6.21
305638.0,6404578.0,6.23
305640.0,6404578.0,6.45
305642.0,6404578.0,7.23
305644.0,6404578.0,7.63
305646.0,6404578.0,8.03
305648.0,6404578.0,8.28
305650.0,6404578.0,8.56
305652.0,6404578.0,8.5
305654.0,6404578.0,8.16
305656.0,6404578.0,7.94
305658.0,6404578.0,7.75
305660.0,6404578.0,7.95
305662.0,6404578.0,8.09
305664.0,6404578.0,7.91
305666.0,6404578.0,7.55
305668.0,6404578.0,7.11
305670.0,6404578.0,6.84
305672.0,6404578.0,6.98
305674.0,6404578.0,6.82
305676.0,6404578.0,7.73
305678.0,6404578.0,8.18
305680.0,6404578.0,9.21
305150.0,6404580.0,-0.31
305152.0,6404580.0,-0.31
305154.0,6404580.0,-0.31
305156.0,6404580.0,-0.31
305158.0,6404580.0,-0.31
305160.0,6404580.0,-0.31
305162.0,6404580.0,-0.31
305164.0,6404580.0,-0.31
305166.0,6404580.0,-0.31
305168.0,6404580.0,-0.31
305170.0,6404580.0,-0.31
305172.0,6404580.0,-0.31
305174.0,6404580.0,-0.31
305176.0,6404580.0,-0.31
305178.0,6404580.0,-0.31
305180.0,6404580.0,-0.31
305182.0,6404580.0,-0.31
305184.0,6404580.0,-0.31
305186.0,6404580.0,-0.31
305188.0,6404580.0,-0.31
305190.0,6404580.0,-0.31
305192.0,6404580.0,-0.31
305194.0,6404580.0,-0.31
305196.0,6404580.0,-0.31
305198.0,6404580.0,-0.31
305200.0,6404580.0,-0.31
305202.0,6404580.0,-0.31
305204.0,6404580.0,-0.31
305206.0,6404580.0,-0.31
305208.0,6404580.0,-0.31
305210.0,6404580.0,-0.31
305212.0,6404580.0,-0.31
305214.0,6404580.0,-0.31
305216.0,6404580.0,-0.31
305218.0,6404580.0,-0.31
305220.0,6404580.0,-0.31
305222.0,6404580.0,-0.31
305224.0,6404580.0,-0.31
305226.0,6404580.0,-0.31
305228.0,6404580.0,-0.31
305230.0,6404580.0,-0.31
305232.0,6404580.0,-0.31
305234.0,6404580.0,-0.31
305236.0,6404580.0,-0.31
305238.0,6404580.0,-0.31
305240.0,6404580.0,-0.31
305242.0,6404580.0,-0.31
305244.0,6404580.0,-0.31
305246.0,6404580.0,-0.31
305248.0,6404580.0,-0.31
305250.0,6404580.0,-0.31
305252.0,6404580.0,-0.31
305254.0,6404580.0,-0.31
305256.0,6404580.0,-0.31
305258.0,6404580.0,-0.31
305260.0,6404580.0,-0.31
305262.0,6404580.0,-0.31
305264.0,6404580.0,-0.31
305266.0,6404580.0,-0.31
305268.0,6404580.0,-0.31
305270.0,6404580.0,-0.31
305272.0,6404580.0,-0.31
305274.0,6404580.0,-0.31
305276.0,6404580.0,-0.31
305278.0,6404580.0,-0.31
305280.0,6404580.0,-0.31
305282.0,6404580.0,-0.31
305284.0,6404580.0,-0.31
305286.0,6404580.0,-0.31
305288.0,6404580.0,-0.31
305290.0,6404580.0,-0.31
305292.0,6404580.0,-0.31
305294.0,6404580.0,-0.31
305296.0,6404580.0,-0.31
305298.0,6404580.0,-0.31
305300.0,6404580.0,-0.31
305302.0,6404580.0,-0.31
305304.0,6404580.0,-0.31
305306.0,6404580.0,-0.31
305308.0,6404580.0,-0.31
305310.0,6404580.0,-0.31
305312.0,6404580.0,-0.31
305314.0,6404580.0,-0.31
305316.0,6404580.0,-0.31
305318.0,6404580.0,-0.31
305320.0,6404580.0,-0.31
305322.0,6404580.0,-0.31
305324.0,6404580.0,-0.31
305326.0,6404580.0,-0.31
305328.0,6404580.0,-0.31
305330.0,6404580.0,-0.31
305332.0,6404580.0,-0.31
305334.0,6404580.0,-0.31
305336.0,6404580.0,-0.31
305338.0,6404580.0,-0.31
305340.0,6404580.0,-0.31
305342.0,6404580.0,-0.31
305344.0,6404580.0,-0.31
305346.0,6404580.0,-0.31
305348.0,6404580.0,-0.31
305350.0,6404580.0,-0.31
305352.0,6404580.0,-0.31
305354.0,6404580.0,-0.31
305356.0,6404580.0,-0.31
305358.0,6404580.0,-0.31
305360.0,6404580.0,-0.31
305362.0,6404580.0,-0.31
305364.0,6404580.0,-0.31
305366.0,6404580.0,-0.31
305368.0,6404580.0,-0.31
305370.0,6404580.0,-0.31
305372.0,6404580.0,-0.31
305374.0,6404580.0,-0.31
305376.0,6404580.0,-0.31
305378.0,6404580.0,-0.31
305380.0,6404580.0,-0.31
305382.0,6404580.0,-0.31
305384.0,6404580.0,-0.31
305386.0,6404580.0,-0.31
305388.0,6404580.0,-0.31
305390.0,6404580.0,-0.31
305392.0,6404580.0,-0.31
305394.0,6404580.0,-0.31
305396.0,6404580.0,-0.31
305398.0,6404580.0,-0.31
305400.0,6404580.0,-0.31
305402.0,6404580.0,-0.31
305404.0,6404580.0,-0.31
305406.0,6404580.0,-0.31
305408.0,6404580.0,-0.31
305410.0,6404580.0,-0.31
305412.0,6404580.0,-0.31
305414.0,6404580.0,-0.31
305416.0,6404580.0,-0.31
305418.0,6404580.0,-0.31
305420.0,6404580.0,-0.31
305422.0,6404580.0,-0.31
305424.0,6404580.0,-0.31
305426.0,6404580.0,-0.31
305428.0,6404580.0,-0.31
305430.0,6404580.0,-0.31
305432.0,6404580.0,-0.31
305434.0,6404580.0,-0.31
305436.0,6404580.0,-0.31
305438.0,6404580.0,-0.31
305440.0,6404580.0,-0.31
305442.0,6404580.0,-0.31
305444.0,6404580.0,-0.31
305446.0,6404580.0,-0.31
305448.0,6404580.0,-0.31
305450.0,6404580.0,-0.31
305452.0,6404580.0,-0.31
305454.0,6404580.0,-0.31
305456.0,6404580.0,-0.31
305458.0,6404580.0,-0.31
305460.0,6404580.0,-0.31
305462.0,6404580.0,-0.31
305464.0,6404580.0,-0.31
305466.0,6404580.0,-0.31
305468.0,6404580.0,-0.31
305470.0,6404580.0,-0.31
305472.0,6404580.0,-0.31
305474.0,6404580.0,-0.31
305476.0,6404580.0,-0.31
305478.0,6404580.0,-0.31
305480.0,6404580.0,-0.31
305482.0,6404580.0,-0.31
305484.0,6404580.0,-0.31
305486.0,6404580.0,-0.31
305488.0,6404580.0,-0.31
305490.0,6404580.0,-0.31
305492.0,6404580.0,-0.31
305494.0,6404580.0,-0.31
305496.0,6404580.0,-0.31
305498.0,6404580.0,-0.31
305500.0,6404580.0,-0.31
305502.0,6404580.0,-0.31
305504.0,6404580.0,-0.31
305506.0,6404580.0,-0.31
305508.0,6404580.0,-0.31
305510.0,6404580.0,-0.31
305512.0,6404580.0,-0.31
305514.0,6404580.0,-0.31
305516.0,6404580.0,-0.31
305518.0,6404580.0,-0.31
305520.0,6404580.0,-0.31
305522.0,6404580.0,-0.31
305524.0,6404580.0,-0.31
305526.0,6404580.0,-0.31
305528.0,6404580.0,-0.31
305530.0,6404580.0,-0.31
305532.0,6404580.0,-0.31
305534.0,6404580.0,-0.31
305536.0,6404580.0,-0.31
305538.0,6404580.0,-0.31
305540.0,6404580.0,-0.31
305542.0,6404580.0,-0.31
305544.0,6404580.0,-0.31
305546.0,6404580.0,-0.31
305548.0,6404580.0,-0.31
305550.0,6404580.0,-0.31
305552.0,6404580.0,-0.31
305554.0,6404580.0,-0.31
305556.0,6404580.0,-0.31
305558.0,6404580.0,-0.31
305560.0,6404580.0,-0.31
305562.0,6404580.0,-0.31
305564.0,6404580.0,-0.31
305566.0,6404580.0,-0.31
305568.0,6404580.0,-0.31
305570.0,6404580.0,-0.31
305572.0,6404580.0,-0.31
305574.0,6404580.0,-0.31
305576.0,6404580.0,-0.31
305578.0,6404580.0,-0.31
305580.0,6404580.0,-0.31
305582.0,6404580.0,-0.31
305584.0,6404580.0,-0.31
305586.0,6404580.0,-0.31
305588.0,6404580.0,-0.31
305590.0,6404580.0,-0.31
305592.0,6404580.0,-0.31
305594.0,6404580.0,-0.31
305596.0,6404580.0,-0.31
305598.0,6404580.0,-0.31
305600.0,6404580.0,-0.31
305602.0,6404580.0,-0.07
305604.0,6404580.0,0.49
305606.0,6404580.0,0.68
305608.0,6404580.0,0.88
305610.0,6404580.0,1.14
305612.0,6404580.0,1.6
305614.0,6404580.0,1.72
305616.0,6404580.0,1.92
305618.0,6404580.0,2.06
305620.0,6404580.0,2.11
305622.0,6404580.0,2.14
305624.0,6404580.0,2.18
305626.0,6404580.0,2.35
305628.0,6404580.0,3.08
305630.0,6404580.0,3.81
305632.0,6404580.0,4.96
305634.0,6404580.0,6.95
305636.0,6404580.0,7.27
305638.0,6404580.0,7.06
305640.0,6404580.0,6.79
305642.0,6404580.0,6.99
305644.0,6404580.0,7.03
305646.0,6404580.0,7.81
305648.0,6404580.0,7.99
305650.0,6404580.0,8.18
305652.0,6404580.0,8.16
305654.0,6404580.0,8.13
305656.0,6404580.0,7.7
305658.0,6404580.0,7.53
305660.0,6404580.0,7.37
305662.0,6404580.0,7.81
305664.0,6404580.0,7.71
305666.0,6404580.0,7.59
305668.0,6404580.0,7.53
305670.0,6404580.0,7.27
305672.0,6404580.0,7.16
305674.0,6404580.0,7.24
305676.0,6404580.0,7.82
305678.0,6404580.0,7.93
305680.0,6404580.0,8.3
