{
  "type": "FeatureCollection",
  "crs": {
    "type": "name",
    "properties": {
      "name": "urn:ogc:def:crs:EPSG::3006"
    }
  },
  "features": [
    {
      "type": "Feature",
      "properties": {
        "trakt": "TUMLEHED",
        "etikett": "1:28",
        "is_1945": true
      },
      "geometry": {
        "type": "Polygon",
        "coordinates": [
          [
            [
              305250.49,
              6404361.91
            ],
            [
              305256.26,
              6404364.14
            ],
            [
              305275.51,
              6404379.04
            ],
            [
              305248.27,
              6404416.1
            ],
            [
              305224.59,
              6404398.83
            ],
            [
              305250.49,
              6404361.91
            ]
          ]
        ]
      }
    },
    {
      "type": "Feature",
      "properties": {
        "trakt": "TUMLEHED",
        "etikett": "1:40",
        "is_1945": true
      },
      "geometry": {
        "type": "Polygon",
        "coordinates": [
          [
            [
              305250.49,
              6404361.91
            ],
            [
              305224.59,
              6404398.83
            ],
            [
              305216.23,
              6404392.48
            ],
            [
              305215.06,
              6404377.49
            ],
            [
              305217.87,
              6404363.3
            ],
            [
              305226.69,
              6404349.98
            ],
            [
              305250.49,
              6404361.91
            ]
          ]
        ]
      }
    },
    {
      "type": "Feature",
      "properties": {
        "trakt": "TUMLEHED",
        "etikett": "3:10",
        "is_1945": false
      },
      "geometry": {
        "type": "Polygon",
        "coordinates": [
          [
            [
              305209.12,
              6404377.06
            ],
            [
              305204.0,
              6404377.13
            ],
            [
              305200.45,
              6404377.22
            ],
            [
              305187.02,
              6404377.67
            ],
            [
              305178.99,
              6404385.39
            ],
            [
              305161.08,
              6404365.8
            ],
            [
              305175.66,
              6404330.08
            ],
            [
              305209.69,
              6404343.45
            ],
            [
              305220.21,
              6404347.19
            ],
            [
              305213.08,
              6404362.32
            ],
            [
              305209.12,
              6404377.06
            ]
          ]
        ]
      }
    },
    {
      "type": "Feature",
      "properties": {
        "trakt": "LILLEBY",
        "etikett": "22:1>2",
        "is_1945": false
      },
      "geometry": {
        "type": "Polygon",
        "coordinates": [
          [
            [
              306272.23,
              6405424.49
            ],
            [
              306264.62,
              6405422.78
            ],
            [
              306257.05,
              6405420.92
            ],
            [
              306249.52,
              6405418.89
            ],
            [
              306242.03,
              6405416.71
            ],
            [
              306234.59,
              6405414.37
            ],
            [
              306227.21,
              6405411.88
            ],
            [
              306220.0,
              6405413.99
            ],
            [
              306212.75,
              6405415.92
            ],
            [
              306205.45,
              6405417.67
            ],
            [
              306198.1,
              6405419.23
            ],
            [
              306190.72,
              6405420.62
            ],
            [
              306183.31,
              6405421.82
            ],
            [
              306175.87,
              6405422.83
            ],
            [
              306168.41,
              6405423.67
            ],
            [
              306160.93,
              6405424.31
            ],
            [
              306153.43,
              6405424.77
            ],
            [
              306145.93,
              6405425.04
            ],
            [
              306138.42,
              6405425.13
            ],
            [
              306130.91,
              6405425.03
            ],
            [
              306123.41,
              6405424.74
            ],
            [
              306115.92,
              6405424.26
            ],
            [
              306108.44,
              6405423.6
            ],
            [
              306100.98,
              6405422.76
            ],
            [
              306093.54,
              6405421.72
            ],
            [
              306086.13,
              6405420.51
            ],
            [
              306078.76,
              6405419.11
            ],
            [
              306071.42,
              6405417.52
            ],
            [
              306064.12,
              6405415.76
            ],
            [
              306056.87,
              6405413.81
            ],
            [
              306049.67,
              6405411.69
            ],
            [
              306042.52,
              6405409.38
            ],
            [
              306035.43,
              6405406.9
            ],
            [
              306028.41,
              6405404.25
            ],
            [
              306021.46,
              6405401.41
            ],
            [
              306014.57,
              6405398.41
            ],
            [
              306007.77,
              6405395.24
            ],
            [
              306001.04,
              6405391.9
            ],
            [
              305841.28,
              6405216.64
            ],
            [
              305731.91,
              6405175.67
            ],
            [
              305493.51,
              6405098.08
            ],
            [
              305486.61,
              6405096.98
            ],
            [
              305479.74,
              6405095.73
            ],
            [
              305472.9,
              6405094.33
            ],
            [
              305466.09,
              6405092.78
            ],
            [
              305459.31,
              6405091.08
            ],
            [
              305452.58,
              6405089.23
            ],
            [
              305445.88,
              6405087.22
            ],
            [
              305439.24,
              6405085.08
            ],
            [
              305432.64,
              6405082.78
            ],
            [
              305426.09,
              6405080.34
            ],
            [
              305419.27,
              6405077.58
            ],
            [
              305412.51,
              6405074.68
            ],
            [
              305405.82,
              6405071.62
            ],
            [
              305399.2,
              6405068.41
            ],
            [
              305392.65,
              6405065.06
            ],
            [
              305386.17,
              6405061.56
            ],
            [
              305379.78,
              6405057.92
            ],
            [
              305373.47,
              6405054.13
            ],
            [
              305367.24,
              6405050.21
            ],
            [
              305361.11,
              6405046.15
            ],
            [
              305354.28,
              6405042.65
            ],
            [
              305347.54,
              6405038.98
            ],
            [
              305340.9,
              6405035.14
            ],
            [
              305334.36,
              6405031.13
            ],
            [
              305327.92,
              6405026.96
            ],
            [
              305321.59,
              6405022.63
            ],
            [
              305315.38,
              6405018.13
            ],
            [
              305309.28,
              6405013.48
            ],
            [
              305303.3,
              6405008.68
            ],
            [
              305297.44,
              6405003.72
            ],
            [
              305291.71,
              6404998.62
            ],
            [
              305286.11,
              6404993.38
            ],
            [
              305280.65,
              6404987.99
            ],
            [
              305275.33,
              6404982.47
            ],
            [
              305270.15,
              6404976.81
            ],
            [
              305265.11,
              6404971.03
            ],
            [
              305260.22,
              6404965.11
            ],
            [
              305255.49,
              6404959.08
            ],
            [
              305250.91,
              6404952.92
            ],
            [
              305246.48,
              6404946.66
            ],
            [
              305242.22,
              6404940.28
            ],
            [
              305238.12,
              6404933.79
            ],
            [
              305234.19,
              6404927.21
            ],
            [
              305230.43,
              6404920.52
            ],
            [
              305226.84,
              6404913.75
            ],
            [
              305223.42,
              6404906.88
            ],
            [
              305220.17,
              6404899.93
            ],
            [
              305217.11,
              6404892.9
            ],
            [
              305214.22,
              6404885.79
            ],
            [
              305211.52,
              6404878.61
            ],
            [
              305209.0,
              6404871.37
            ],
            [
              305206.66,
              6404864.06
            ],
            [
              305204.51,
              6404856.7
            ],
            [
              305202.55,
              6404849.28
            ],
            [
              305200.78,
              6404841.82
            ],
            [
              305199.2,
              6404834.31
            ],
            [
              305197.8,
              6404826.77
            ],
            [
              305196.61,
              6404819.19
            ],
            [
              305195.6,
              6404811.58
            ],
            [
              305194.79,
              6404803.96
            ],
            [
              305194.17,
              6404796.31
            ],
            [
              305248.46,
              6404753.57
            ],
            [
              305425.88,
              6404616.25
            ],
            [
              305445.57,
              6404610.01
            ],
            [
              305510.99,
              6404589.28
            ],
            [
              305538.83,
              6404586.86
            ],
            [
              305574.39,
              6404542.91
            ],
            [
              305622.26,
              6404525.46
            ],
            [
              305693.02,
              6404463.47
            ],
            [
              305695.52,
              6404461.2
            ],
            [
              305692.32,
              6404450.64
            ],
            [
              305682.78,
              6404419.6
            ],
            [
              305707.41,
              6404408.21
            ],
            [
              305733.32,
              6404395.97
            ],
            [
              306190.19,
              6404179.85
            ],
            [
              306505.39,
              6404030.76
            ],
            [
              306718.48,
              6403929.96
            ],
            [
              306724.19,
              6403927.26
            ],
            [
              306757.8,
              6404091.6
            ],
            [
              306741.1,
              6404088.83
            ],
            [
              306709.5,
              6404090.1
            ],
            [
              306671.43,
              6404081.87
            ],
            [
              306653.41,
              6404083.15
            ],
            [
              306518.16,
              6404121.16
            ],
            [
              306506.55,
              6404128.01
            ],
            [
              306477.33,
              6404151.43
            ],
            [
              306455.61,
              6404168.42
            ],
            [
              306452.71,
              6404173.47
            ],
            [
              306448.66,
              6404201.23
            ],
            [
              306450.39,
              6404222.92
            ],
            [
              306463.03,
              6404272.11
            ],
            [
              306463.3,
              6404273.17
            ],
            [
              306462.47,
              6404291.53
            ],
            [
              306459.12,
              6404310.71
            ],
            [
              306455.9,
              6404323.87
            ],
            [
              306451.34,
              6404342.61
            ],
            [
              306447.91,
              6404350.46
            ],
            [
              306442.7,
              6404359.24
            ],
            [
              306435.34,
              6404366.38
            ],
            [
              306426.29,
              6404370.42
            ],
            [
              306422.85,
              6404371.13
            ],
            [
              306370.13,
              6404373.03
            ],
            [
              306353.85,
              6404372.35
            ],
            [
              306350.19,
              6404372.19
            ],
            [
              306343.94,
              6404372.69
            ],
            [
              306340.57,
              6404374.26
            ],
            [
              306337.84,
              6404379.35
            ],
            [
              306335.53,
              6404399.3
            ],
            [
              306334.71,
              6404428.39
            ],
            [
              306334.34,
              6404443.82
            ],
            [
              306330.09,
              6404455.88
            ],
            [
              306326.54,
              6404462.84
            ],
            [
              306308.99,
              6404489.85
            ],
            [
              306300.99,
              6404499.47
            ],
            [
              306296.14,
              6404503.43
            ],
            [
              306288.8,
              6404509.76
            ],
            [
              306282.81,
              6404513.48
            ],
            [
              306276.5,
              6404516.48
            ],
            [
              306268.47,
              6404518.32
            ],
            [
              306260.28,
              6404519.38
            ],
            [
              306242.76,
              6404517.63
            ],
            [
              306230.17,
              6404517.22
            ],
            [
              306199.47,
              6404517.95
            ],
            [
              306189.3,
              6404517.47
            ],
            [
              306173.58,
              6404514.59
            ],
            [
              306150.07,
              6404507.75
            ],
            [
              306138.98,
              6404506.55
            ],
            [
              306104.44,
              6404505.82
            ],
            [
              306078.81,
              6404503.71
            ],
            [
              306053.94,
              6404501.0
            ],
            [
              305992.25,
              6404491.16
            ],
            [
              305984.51,
              6404490.38
            ],
            [
              305974.65,
              6404490.72
            ],
            [
              305950.72,
              6404493.52
            ],
            [
              305927.99,
              6404493.97
            ],
            [
              305920.52,
              6404493.72
            ],
            [
              305902.65,
              6404490.88
            ],
            [
              305886.82,
              6404488.98
            ],
            [
              305873.14,
              6404489.29
            ],
            [
              305874.2,
              6404494.18
            ],
            [
              305886.56,
              6404493.99
            ],
            [
              305901.96,
              6404495.83
            ],
            [
              305920.04,
              6404498.71
            ],
            [
              305927.96,
              6404498.97
            ],
            [
              305951.06,
              6404498.52
            ],
            [
              305975.03,
              6404495.71
            ],
            [
              305984.35,
              6404495.39
            ],
            [
              305991.61,
              6404496.12
            ],
            [
              306053.27,
              6404505.96
            ],
            [
              306078.34,
              6404508.69
            ],
            [
              306104.18,
              6404510.82
            ],
            [
              306138.66,
              6404511.55
            ],
            [
              306149.09,
              6404512.68
            ],
            [
              306172.43,
              6404519.46
            ],
            [
              306188.73,
              6404522.45
            ],
            [
              306199.41,
              6404522.96
            ],
            [
              306230.15,
              6404522.22
            ],
            [
              306242.43,
              6404522.62
            ],
            [
              306260.35,
              6404524.42
            ],
            [
              306269.35,
              6404523.25
            ],
            [
              306278.15,
              6404521.23
            ],
            [
              306285.21,
              6404517.87
            ],
            [
              306291.77,
              6404513.8
            ],
            [
              306299.35,
              6404507.27
            ],
            [
              306304.53,
              6404503.04
            ],
            [
              306313.02,
              6404492.82
            ],
            [
              306330.87,
              6404465.35
            ],
            [
              306334.69,
              6404457.86
            ],
            [
              306339.33,
              6404444.73
            ],
            [
              306339.71,
              6404428.51
            ],
            [
              306340.62,
              6404402.92
            ],
            [
              306342.88,
              6404380.61
            ],
            [
              306344.09,
              6404378.2
            ],
            [
              306345.25,
              6404377.62
            ],
            [
              306350.2,
              6404377.13
            ],
            [
              306369.87,
              6404378.13
            ],
            [
              306423.46,
              6404376.01
            ],
            [
              306428.19,
              6404375.14
            ],
            [
              306438.42,
              6404370.35
            ],
            [
              306446.71,
              6404362.44
            ],
            [
              306452.88,
              6404351.5
            ],
            [
              306456.06,
              6404344.06
            ],
            [
              306464.15,
              6404311.14
            ],
            [
              306467.67,
              6404291.71
            ],
            [
              306468.04,
              6404274.9
            ],
            [
              306468.08,
              6404272.76
            ],
            [
              306455.18,
              6404222.31
            ],
            [
              306453.73,
              6404200.09
            ],
            [
              306457.39,
              6404174.45
            ],
            [
              306458.9,
              6404171.97
            ],
            [
              306477.84,
              6404157.15
            ],
            [
              306509.39,
              6404132.14
            ],
            [
              306520.14,
              6404125.8
            ],
            [
              306654.28,
              6404088.1
            ],
            [
              306671.07,
              6404086.91
            ],
            [
              306709.06,
              6404095.12
            ],
            [
              306740.79,
              6404093.85
            ],
            [
              306758.87,
              6404096.85
            ],
            [
              306839.15,
              6404489.37
            ],
            [
              307236.24,
              6404530.71
            ],
            [
              307299.53,
              6404537.59
            ],
            [
              307921.05,
              6404603.54
            ],
            [
              307932.48,
              6404604.76
            ],
            [
              308092.77,
              6404541.73
            ],
            [
              308092.15,
              6404499.47
            ],
            [
              308091.7,
              6404479.68
            ],
            [
              308081.79,
              6404414.47
            ],
            [
              308081.77,
              6404414.35
            ],
            [
              308056.11,
              6404252.06
            ],
            [
              308221.86,
              6404257.68
            ],
            [
              308420.04,
              6404413.24
            ],
            [
              308703.46,
              6404343.46
            ],
            [
              308826.77,
              6404313.1
            ],
            [
              308870.42,
              6404339.87
            ],
            [
              308883.6,
              6404347.87
            ],
            [
              308927.4,
              6404373.42
            ],
            [
              308935.1,
              6404369.89
            ],
            [
              308925.02,
              6404331.6
            ],
            [
              308917.16,
              6404302.3
            ],
            [
              308915.61,
              6404296.54
            ],
            [
              308914.92,
              6404292.6
            ],
            [
              308935.45,
              6404287.71
            ],
            [
              308939.99,
              6404286.65
            ],
            [
              308942.37,
              6404286.09
            ],
            [
              308939.34,
              6404372.82
            ],
            [
              308935.43,
              6404399.6
            ],
            [
              308927.62,
              6404419.07
            ],
            [
              308908.0,
              6404450.17
            ],
            [
              308897.86,
              6404462.16
            ],
            [
              308801.29,
              6404555.86
            ],
            [
              308753.07,
              6404601.45
            ],
            [
              308735.99,
              6404613.5
            ],
            [
              308702.55,
              6404631.88
            ],
            [
              308631.84,
              6404666.33
            ],
            [
              308476.07,
              6404767.7
            ],
            [
              308451.61,
              6404781.93
            ],
            [
              308430.48,
              6404791.36
            ],
            [
              308407.01,
              6404798.22
            ],
            [
              308381.69,
              6404801.58
            ],
            [
              308357.87,
              6404801.52
            ],
            [
              308337.11,
              6404799.73
            ],
            [
              307833.3,
              6404722.16
            ],
            [
              307810.38,
              6404719.5
            ],
            [
              307795.76,
              6404718.04
            ],
            [
              307756.0,
              6404715.53
            ],
            [
              307512.98,
              6404714.72
            ],
            [
              307484.03,
              6404716.04
            ],
            [
              307444.14,
              6404718.87
            ],
            [
              307310.01,
              6404729.65
            ],
            [
              307295.4,
              6404730.74
            ],
            [
              307272.73,
              6404734.7
            ],
            [
              307084.63,
              6404783.81
            ],
            [
              307039.52,
              6404801.66
            ],
            [
              306965.61,
              6404818.14
            ],
            [
              306905.34,
              6404827.49
            ],
            [
              306858.63,
              6404831.86
            ],
            [
              306841.81,
              6404832.16
            ],
            [
              306826.88,
              6404830.25
            ],
            [
              306806.61,
              6404825.18
            ],
            [
              306764.6,
              6404811.34
            ],
            [
              306739.95,
              6404809.24
            ],
            [
              306698.41,
              6404808.84
            ],
            [
              306444.74,
              6404784.34
            ],
            [
              306419.82,
              6404779.65
            ],
            [
              306362.28,
              6404762.51
            ],
            [
              306334.44,
              6404757.05
            ],
            [
              306306.78,
              6404754.78
            ],
            [
              306203.22,
              6404750.44
            ],
            [
              306189.1,
              6404752.2
            ],
            [
              306186.07,
              6404752.49
            ],
            [
              306162.49,
              6404758.01
            ],
            [
              306093.76,
              6404778.68
            ],
            [
              306065.97,
              6404783.42
            ],
            [
              306015.83,
              6404782.69
            ],
            [
              305963.53,
              6404775.46
            ],
            [
              305932.13,
              6404770.01
            ],
            [
              305904.02,
              6404763.65
            ],
            [
              305885.8,
              6404755.06
            ],
            [
              305852.55,
              6404736.65
            ],
            [
              305781.93,
              6404692.42
            ],
            [
              305747.76,
              6404673.7
            ],
            [
              305745.4,
              6404678.1
            ],
            [
              305779.4,
              6404696.74
            ],
            [
              305850.01,
              6404740.96
            ],
            [
              305883.52,
              6404759.52
            ],
            [
              305902.39,
              6404768.41
            ],
            [
              305931.15,
              6404774.92
            ],
            [
              305962.76,
              6404780.4
            ],
            [
              306015.45,
              6404787.69
            ],
            [
              306066.35,
              6404788.43
            ],
            [
              306094.9,
              6404783.56
            ],
            [
              306163.78,
              6404762.84
            ],
            [
              306186.89,
              6404757.43
            ],
            [
              306189.65,
              6404757.17
            ],
            [
              306203.42,
              6404755.46
            ],
            [
              306306.47,
              6404759.77
            ],
            [
              306333.75,
              6404762.01
            ],
            [
              306361.08,
              6404767.37
            ],
            [
              306418.64,
              6404784.51
            ],
            [
              306443.98,
              6404789.29
            ],
            [
              306459.87,
              6404791.16
            ],
            [
              306698.15,
              6404813.84
            ],
            [
              306739.72,
              6404814.24
            ],
            [
              306763.59,
              6404816.27
            ],
            [
              306805.22,
              6404829.99
            ],
            [
              306825.95,
              6404835.18
            ],
            [
              306841.53,
              6404837.17
            ],
            [
              306858.91,
              6404836.85
            ],
            [
              306905.96,
              6404832.45
            ],
            [
              306966.53,
              6404823.06
            ],
            [
              307040.99,
              6404806.45
            ],
            [
              307086.19,
              6404788.57
            ],
            [
              307273.79,
              6404739.59
            ],
            [
              307296.02,
              6404735.71
            ],
            [
              307310.28,
              6404734.64
            ],
            [
              307444.52,
              6404723.65
            ],
            [
              307484.31,
              6404720.83
            ],
            [
              307513.08,
              6404719.52
            ],
            [
              307755.84,
              6404720.33
            ],
            [
              307795.37,
              6404722.82
            ],
            [
              307809.86,
              6404724.28
            ],
            [
              307832.66,
              6404726.92
            ],
            [
              308191.65,
              6404782.51
            ],
            [
              308275.29,
              6404795.49
            ],
            [
              308282.83,
              6404803.84
            ],
            [
              308274.26,
              6404801.44
            ],
            [
              308257.53,
              6404799.01
            ],
            [
              308251.43,
              6404797.46
            ],
            [
              308245.62,
              6404795.96
            ],
            [
              308199.44,
              6404788.8
            ],
            [
              308181.39,
              6404785.5
            ],
            [
              308082.94,
              6404770.25
            ],
            [
              308011.86,
              6404804.05
            ],
            [
              307975.3,
              6404821.44
            ],
            [
              307985.8,
              6404842.48
            ],
            [
              307996.3,
              6404863.51
            ],
            [
              307999.43,
              6404869.77
            ],
            [
              307998.45,
              6404887.87
            ],
            [
              308005.15,
              6404901.29
            ],
            [
              308019.48,
              6404908.96
            ],
            [
              308030.78,
              6404903.58
            ],
            [
              308042.06,
              6404898.22
            ],
            [
              308054.83,
              6404910.12
            ],
            [
              308072.33,
              6404934.89
            ],
            [
              308090.98,
              6404959.81
            ],
            [
              308092.79,
              6404962.23
            ],
            [
              308050.07,
              6404980.39
            ],
            [
              307869.54,
              6405056.32
            ],
            [
              307826.6,
              6405087.5
            ],
            [
              307767.82,
              6405167.47
            ],
            [
              307742.67,
              6405266.1
            ],
            [
              307689.58,
              6405072.28
            ],
            [
              307689.33,
              6405056.08
            ],
            [
              307687.08,
              6404985.49
            ],
            [
              307686.17,
              6404956.92
            ],
            [
              307684.93,
              6404927.76
            ],
            [
              307653.77,
              6404931.24
            ],
            [
              307628.61,
              6404960.06
            ],
            [
              307569.13,
              6405028.74
            ],
            [
              307584.33,
              6405071.35
            ],
            [
              307569.34,
              6405110.27
            ],
            [
              307560.37,
              6405149.81
            ],
            [
              307537.27,
              6405295.85
            ],
            [
              307575.8,
              6405435.48
            ],
            [
              307589.16,
              6405491.85
            ],
            [
              307589.57,
              6405492.98
            ],
            [
              307347.6,
              6405418.01
            ],
            [
              307267.85,
              6405391.31
            ],
            [
              307145.82,
              6405373.26
            ],
            [
              307048.44,
              6405336.62
            ],
            [
              306963.49,
              6405320.32
            ],
            [
              306892.23,
              6405332.35
            ],
            [
              306826.19,
              6405320.5
            ],
            [
              306781.36,
              6405303.09
            ],
            [
              306690.29,
              6405292.36
            ],
            [
              306590.42,
              6405258.87
            ],
            [
              306519.82,
              6405276.65
            ],
            [
              306517.66,
              6405277.81
            ],
            [
              306509.9,
              6405200.69
            ],
            [
              306496.93,
              6405128.18
            ],
            [
              306469.45,
              6405090.69
            ],
            [
              306487.41,
              6405058.44
            ],
            [
              306486.51,
              6405052.81
            ],
            [
              306459.83,
              6404885.58
            ],
            [
              306326.57,
              6404929.51
            ],
            [
              306317.81,
              6404932.4
            ],
            [
              306281.86,
              6404944.25
            ],
            [
              306289.07,
              6404984.84
            ],
            [
              306295.74,
              6405032.84
            ],
            [
              306296.93,
              6405039.88
            ],
            [
              306305.13,
              6405087.96
            ],
            [
              306305.3,
              6405088.98
            ],
            [
              306352.79,
              6405367.74
            ],
            [
              306272.23,
              6405424.49
            ]
          ],
          [
            [
              308107.19,
              6404665.51
            ],
            [
              308125.07,
              6404646.85
            ],
            [
              308132.96,
              6404650.33
            ],
            [
              308137.33,
              6404643.7
            ],
            [
              308125.11,
              6404619.73
            ],
            [
              308112.68,
              6404619.72
            ],
            [
              308084.4,
              6404588.14
            ],
            [
              308047.18,
              6404617.05
            ],
            [
              308073.5,
              6404650.18
            ],
            [
              308087.49,
              6404656.34
            ],
            [
              308099.56,
              6404654.15
            ],
            [
              308107.19,
              6404665.51
            ]
          ],
          [
            [
              306939.69,
              6404750.61
            ],
            [
              306940.21,
              6404757.3
            ],
            [
              306928.79,
              6404788.91
            ],
            [
              306950.19,
              6404795.93
            ],
            [
              306960.8,
              6404763.56
            ],
            [
              306960.87,
              6404763.19
            ],
            [
              306960.89,
              6404762.81
            ],
            [
              306960.84,
              6404762.44
            ],
            [
              306960.74,
              6404762.07
            ],
            [
              306953.37,
              6404755.11
            ],
            [
              306946.86,
              6404751.82
            ],
            [
              306939.69,
              6404750.61
            ]
          ]
        ]
      }
    },
    {
      "type": "Feature",
      "properties": {
        "trakt": "TUMLEHED",
        "etikett": "1:58",
        "is_1945": false
      },
      "geometry": {
        "type": "Polygon",
        "coordinates": [
          [
            [
              305683.18,
              6404398.31
            ],
            [
              305648.88,
              6404393.29
            ],
            [
              305651.66,
              6404370.69
            ],
            [
              305645.27,
              6404368.8
            ],
            [
              305651.63,
              6404353.52
            ],
            [
              305653.89,
              6404352.56
            ],
            [
              305682.97,
              6404367.95
            ],
            [
              305683.18,
              6404398.31
            ]
          ]
        ]
      }
    },
    {
      "type": "Feature",
      "properties": {
        "trakt": "TUMLEHED",
        "etikett": "3:2>1",
        "is_1945": false
      },
      "geometry": {
        "type": "Polygon",
        "coordinates": [
          [
            [
              305219.13,
              6404199.92
            ],
            [
              305222.12,
              6404227.83
            ],
            [
              305223.57,
              6404242.98
            ],
            [
              305222.3,
              6404241.89
            ],
            [
              305183.96,
              6404247.11
            ],
            [
              305180.69,
              6404270.02
            ],
            [
              305183.21,
              6404292.5
            ],
            [
              305184.17,
              6404304.3
            ],
            [
              305181.28,
              6404316.62
            ],
            [
              305181.09,
              6404317.72
            ],
            [
              305181.08,
              6404318.84
            ],
            [
              305181.22,
              6404319.95
            ],
            [
              305181.53,
              6404321.02
            ],
            [
              305182.0,
              6404322.04
            ],
            [
              305182.61,
              6404322.97
            ],
            [
              305183.36,
              6404323.81
            ],
            [
              305184.22,
              6404324.52
            ],
            [
              305186.09,
              6404325.96
            ],
            [
              305202.88,
              6404332.32
            ],
            [
              305226.94,
              6404341.43
            ],
            [
              305214.63,
              6404365.16
            ],
            [
              305212.25,
              6404376.39
            ],
            [
              305209.12,
              6404377.06
            ],
            [
              305213.08,
              6404362.32
            ],
            [
              305220.21,
              6404347.19
            ],
            [
              305209.69,
              6404343.45
            ],
            [
              305175.66,
              6404330.08
            ],
            [
              305161.08,
              6404365.8
            ],
            [
              305154.55,
              6404360.64
            ],
            [
              305162.94,
              6404355.62
            ],
            [
              305174.61,
              6404326.24
            ],
            [
              305177.44,
              6404319.12
            ],
            [
              305178.79,
              6404313.34
            ],
            [
              305180.19,
              6404307.38
            ],
            [
              305181.01,
              6404303.9
            ],
            [
              305179.25,
              6404277.57
            ],
            [
              305178.26,
              6404262.65
            ],
            [
              305178.05,
              6404259.53
            ],
            [
              305177.6,
              6404259.45
            ],
            [
              305180.4,
              6404246.22
            ],
            [
              305182.0,
              6404219.63
            ],
            [
              305182.32,
              6404215.65
            ],
            [
              305182.62,
              6404211.86
            ],
            [
              305184.05,
              6404193.61
            ],
            [
              305183.2,
              6404204.63
            ],
            [
              305219.13,
              6404199.92
            ]
          ]
        ]
      }
    },
    {
      "type": "Feature",
      "properties": {
        "trakt": "TUMLEHED",
        "etikett": "3:11",
        "is_1945": false
      },
      "geometry": {
        "type": "Polygon",
        "coordinates": [
          [
            [
              305303.12,
              6404503.47
            ],
            [
              305299.11,
              6404501.34
            ],
            [
              305295.03,
              6404501.13
            ],
            [
              305289.47,
              6404500.31
            ],
            [
              305283.37,
              6404498.12
            ],
            [
              305280.37,
              6404498.68
            ],
            [
              305280.67,
              6404499.75
            ],
            [
              305275.28,
              6404500.2
            ],
            [
              305273.31,
              6404501.15
            ],
            [
              305271.33,
              6404501.14
            ],
            [
              305269.5,
              6404501.88
            ],
            [
              305270.28,
              6404504.17
            ],
            [
              305268.96,
              6404506.03
            ],
            [
              305266.96,
              6404505.85
            ],
            [
              305265.71,
              6404506.78
            ],
            [
              305264.05,
              6404505.75
            ],
            [
              305261.77,
              6404504.44
            ],
            [
              305260.29,
              6404502.84
            ],
            [
              305261.72,
              6404501.46
            ],
            [
              305258.92,
              6404501.08
            ],
            [
              305257.6,
              6404502.81
            ],
            [
              305255.65,
              6404505.48
            ],
            [
              305256.79,
              6404507.48
            ],
            [
              305257.98,
              6404511.01
            ],
            [
              305258.18,
              6404513.45
            ],
            [
              305260.83,
              6404513.3
            ],
            [
              305264.14,
              6404512.98
            ],
            [
              305263.99,
              6404510.67
            ],
            [
              305264.11,
              6404508.78
            ],
            [
              305266.22,
              6404510.02
            ],
            [
              305267.87,
              6404510.49
            ],
            [
              305269.07,
              6404512.29
            ],
            [
              305272.89,
              6404512.9
            ],
            [
              305272.46,
              6404516.09
            ],
            [
              305270.64,
              6404517.57
            ],
            [
              305268.1,
              6404522.18
            ],
            [
              305264.08,
              6404522.05
            ],
            [
              305263.83,
              6404520.86
            ],
            [
              305260.34,
              6404518.2
            ],
            [
              305262.12,
              6404515.97
            ],
            [
              305257.54,
              6404516.09
            ],
            [
              305252.65,
              6404514.43
            ],
            [
              305252.51,
              6404512.48
            ],
            [
              305251.83,
              6404509.84
            ],
            [
              305249.82,
              6404509.69
            ],
            [
              305252.59,
              6404505.92
            ],
            [
              305253.77,
              6404501.48
            ],
            [
              305256.91,
              6404500.0
            ],
            [
              305258.11,
              6404498.8
            ],
            [
              305260.21,
              6404495.3
            ],
            [
              305256.69,
              6404493.68
            ],
            [
              305253.54,
              6404495.9
            ],
            [
              305251.05,
              6404494.29
            ],
            [
              305250.62,
              6404491.38
            ],
            [
              305251.74,
              6404490.43
            ],
            [
              305250.54,
              6404485.13
            ],
            [
              305249.58,
              6404480.56
            ],
            [
              305247.2,
              6404477.37
            ],
            [
              305245.57,
              6404473.28
            ],
            [
              305245.74,
              6404471.72
            ],
            [
              305244.41,
              6404470.42
            ],
            [
              305239.16,
              6404463.68
            ],
            [
              305231.68,
              6404453.88
            ],
            [
              305226.88,
              6404451.67
            ],
            [
              305224.17,
              6404450.15
            ],
            [
              305222.51,
              6404449.67
            ],
            [
              305220.76,
              6404448.57
            ],
            [
              305218.84,
              6404448.73
            ],
            [
              305214.71,
              6404447.77
            ],
            [
              305212.77,
              6404443.88
            ],
            [
              305209.12,
              6404377.06
            ],
            [
              305212.25,
              6404376.39
            ],
            [
              305214.48,
              6404421.79
            ],
            [
              305236.02,
              6404432.58
            ],
            [
              305249.91,
              6404435.46
            ],
            [
              305267.8,
              6404434.95
            ],
            [
              305285.72,
              6404454.7
            ],
            [
              305313.73,
              6404477.21
            ],
            [
              305316.58,
              6404485.19
            ],
            [
              305303.12,
              6404503.47
            ]
          ]
        ]
      }
    },
    {
      "type": "Feature",
      "properties": {
        "trakt": "TUMLEHED",
        "etikett": "s:20",
        "is_1945": false
      },
      "geometry": {
        "type": "Polygon",
        "coordinates": [
          [
            [
              305063.18,
              6404192.87
            ],
            [
              305062.78,
              6404192.07
            ],
            [
              305066.71,
              6404181.74
            ],
            [
              305066.9,
              6404181.23
            ],
            [
              305082.71,
              6404183.79
            ],
            [
              305084.43,
              6404183.68
            ],
            [
              305117.11,
              6404181.38
            ],
            [
              305122.81,
              6404181.62
            ],
            [
              305138.45,
              6404182.31
            ],
            [
              305147.86,
              6404182.72
            ],
            [
              305155.16,
              6404195.03
            ],
            [
              305156.08,
              6404196.59
            ],
            [
              305160.85,
              6404209.33
            ],
            [
              305161.43,
              6404215.6
            ],
            [
              305161.91,
              6404220.66
            ],
            [
              305164.43,
              6404247.52
            ],
            [
              305163.8,
              6404252.62
            ],
            [
              305162.84,
              6404252.16
            ],
            [
              305163.42,
              6404247.5
            ],
            [
              305160.91,
              6404220.71
            ],
            [
              305159.86,
              6404209.56
            ],
            [
              305155.17,
              6404197.03
            ],
            [
              305154.03,
              6404195.09
            ],
            [
              305147.28,
              6404183.69
            ],
            [
              305138.99,
              6404183.34
            ],
            [
              305138.14,
              6404183.3
            ],
            [
              305117.07,
              6404182.37
            ],
            [
              305082.7,
              6404184.8
            ],
            [
              305067.32,
              6404181.95
            ],
            [
              305063.18,
              6404192.87
            ]
          ]
        ]
      }
    },
    {
      "type": "Feature",
      "properties": {
        "trakt": "TUMLEHED",
        "etikett": "1:5",
        "is_1945": false
      },
      "geometry": {
        "type": "Polygon",
        "coordinates": [
          [
            [
              305510.99,
              6404589.28
            ],
            [
              305445.57,
              6404610.01
            ],
            [
              305477.88,
              6404521.82
            ],
            [
              305482.85,
              6404516.78
            ],
            [
              305545.14,
              6404453.55
            ],
            [
              305584.75,
              6404440.74
            ],
            [
              305585.19,
              6404442.46
            ],
            [
              305592.02,
              6404469.24
            ],
            [
              305568.07,
              6404482.34
            ],
            [
              305521.4,
              6404508.2
            ],
            [
              305519.97,
              6404509.1
            ],
            [
              305518.63,
              6404510.15
            ],
            [
              305517.42,
              6404511.32
            ],
            [
              305516.33,
              6404512.62
            ],
            [
              305515.37,
              6404514.02
            ],
            [
              305514.57,
              6404515.51
            ],
            [
              305513.92,
              6404517.07
            ],
            [
              305513.43,
              6404518.69
            ],
            [
              305513.12,
              6404520.36
            ],
            [
              305510.99,
              6404589.28
            ]
          ]
        ]
      }
    },
    {
      "type": "Feature",
      "properties": {
        "trakt": "TUMLEHED",
        "etikett": "1:35",
        "is_1945": true
      },
      "geometry": {
        "type": "Polygon",
        "coordinates": [
          [
            [
              305407.72,
              6404396.21
            ],
            [
              305437.47,
              6404400.91
            ],
            [
              305432.01,
              6404439.92
            ],
            [
              305408.34,
              6404436.28
            ],
            [
              305392.46,
              6404430.85
            ],
            [
              305407.72,
              6404396.21
            ]
          ]
        ]
      }
    },
    {
      "type": "Feature",
      "properties": {
        "trakt": "TUMLEHED",
        "etikett": "1:41",
        "is_1945": true
      },
      "geometry": {
        "type": "Polygon",
        "coordinates": [
          [
            [
              305471.92,
              6404405.78
            ],
            [
              305505.06,
              6404409.49
            ],
            [
              305515.43,
              6404409.71
            ],
            [
              305564.59,
              6404395.04
            ],
            [
              305576.75,
              6404433.54
            ],
            [
              305543.01,
              6404445.07
            ],
            [
              305528.66,
              6404449.04
            ],
            [
              305521.33,
              6404450.27
            ],
            [
              305515.11,
              6404450.69
            ],
            [
              305465.82,
              6404444.81
            ],
            [
              305471.92,
              6404405.78
            ]
          ]
        ]
      }
    },
    {
      "type": "Feature",
      "properties": {
        "trakt": "TUMLEHED",
        "etikett": "1:59",
        "is_1945": false
      },
      "geometry": {
        "type": "Polygon",
        "coordinates": [
          [
            [
              305733.32,
              6404395.97
            ],
            [
              305707.41,
              6404408.21
            ],
            [
              305683.18,
              6404398.31
            ],
            [
              305682.97,
              6404367.95
            ],
            [
              305720.77,
              6404379.18
            ],
            [
              305733.32,
              6404395.97
            ]
          ]
        ]
      }
    },
    {
      "type": "Feature",
      "properties": {
        "trakt": "TUMLEHED",
        "etikett": "3:3",
        "is_1945": false
      },
      "geometry": {
        "type": "Polygon",
        "coordinates": [
          [
            [
              305147.86,
              6404182.72
            ],
            [
              305138.45,
              6404182.31
            ],
            [
              305122.81,
              6404181.62
            ],
            [
              305120.65,
              6404161.03
            ],
            [
              305150.81,
              6404156.98
            ],
            [
              305152.91,
              6404156.7
            ],
            [
              305155.88,
              6404180.45
            ],
            [
              305147.86,
              6404182.72
            ]
          ]
        ]
      }
    },
    {
      "type": "Feature",
      "properties": {
        "trakt": "TUMLEHED",
        "etikett": "3:4",
        "is_1945": false
      },
      "geometry": {
        "type": "Polygon",
        "coordinates": [
          [
            [
              305100.35,
              6404401.47
            ],
            [
              305099.68,
              6404403.73
            ],
            [
              305096.49,
              6404404.38
            ],
            [
              305092.88,
              6404403.37
            ],
            [
              305091.67,
              6404404.83
            ],
            [
              305087.7,
              6404406.87
            ],
            [
              305085.51,
              6404406.25
            ],
            [
              305082.65,
              6404406.6
            ],
            [
              305078.59,
              6404406.19
            ],
            [
              305076.18,
              6404407.68
            ],
            [
              305073.54,
              6404407.41
            ],
            [
              305073.72,
              6404402.4
            ],
            [
              305065.25,
              6404399.43
            ],
            [
              305059.86,
              6404401.71
            ],
            [
              305055.78,
              6404400.11
            ],
            [
              305056.84,
              6404397.32
            ],
            [
              305053.12,
              6404397.43
            ],
            [
              305049.87,
              6404397.19
            ],
            [
              305048.93,
              6404397.46
            ],
            [
              305047.81,
              6404397.37
            ],
            [
              305048.04,
              6404398.93
            ],
            [
              305049.19,
              6404400.35
            ],
            [
              305050.6,
              6404401.9
            ],
            [
              305049.79,
              6404402.91
            ],
            [
              305048.6,
              6404403.53
            ],
            [
              305045.87,
              6404402.87
            ],
            [
              305042.53,
              6404401.37
            ],
            [
              305039.92,
              6404399.12
            ],
            [
              305038.24,
              6404395.5
            ],
            [
              305037.6,
              6404393.0
            ],
            [
              305036.94,
              6404392.12
            ],
            [
              305036.06,
              6404390.84
            ],
            [
              305036.59,
              6404389.39
            ],
            [
              305037.82,
              6404387.69
            ],
            [
              305038.49,
              6404386.13
            ],
            [
              305039.2,
              6404385.18
            ],
            [
              305038.4,
              6404382.58
            ],
            [
              305036.96,
              6404381.28
            ],
            [
              305035.59,
              6404381.51
            ],
            [
              305035.22,
              6404382.09
            ],
            [
              305034.05,
              6404382.1
            ],
            [
              305033.4,
              6404383.31
            ],
            [
              305032.9,
              6404384.3
            ],
            [
              305031.62,
              6404384.17
            ],
            [
              305030.8,
              6404384.01
            ],
            [
              305030.06,
              6404385.37
            ],
            [
              305029.56,
              6404386.42
            ],
            [
              305028.27,
              6404386.08
            ],
            [
              305026.47,
              6404383.99
            ],
            [
              305024.32,
              6404382.79
            ],
            [
              305022.81,
              6404380.86
            ],
            [
              305020.6,
              6404378.96
            ],
            [
              305021.3,
              6404376.85
            ],
            [
              305022.76,
              6404375.27
            ],
            [
              305021.18,
              6404373.19
            ],
            [
              305020.64,
              6404370.61
            ],
            [
              305021.04,
              6404368.95
            ],
            [
              305020.22,
              6404367.35
            ],
            [
              305020.38,
              6404366.49
            ],
            [
              305019.54,
              6404365.93
            ],
            [
              305019.06,
              6404364.28
            ],
            [
              305019.9,
              6404363.62
            ],
            [
              305019.88,
              6404361.71
            ],
            [
              305018.84,
              6404360.26
            ],
            [
              305018.34,
              6404357.17
            ],
            [
              305016.76,
              6404351.34
            ],
            [
              305016.48,
              6404348.64
            ],
            [
              305015.4,
              6404346.61
            ],
            [
              305011.12,
              6404338.7
            ],
            [
              305012.13,
              6404333.13
            ],
            [
              305013.63,
              6404330.77
            ],
            [
              305013.77,
              6404328.23
            ],
            [
              305012.27,
              6404325.89
            ],
            [
              305013.27,
              6404319.45
            ],
            [
              305012.09,
              6404313.76
            ],
            [
              305009.94,
              6404307.97
            ],
            [
              305006.43,
              6404304.23
            ],
            [
              305005.91,
              6404301.25
            ],
            [
              305005.19,
              6404299.57
            ],
            [
              305004.61,
              6404297.37
            ],
            [
              305004.42,
              6404291.3
            ],
            [
              305004.17,
              6404285.31
            ],
            [
              305003.21,
              6404281.72
            ],
            [
              305004.09,
              6404279.19
            ],
            [
              305003.84,
              6404277.01
            ],
            [
              305005.99,
              6404273.23
            ],
            [
              305007.23,
              6404270.12
            ],
            [
              305009.91,
              6404265.76
            ],
            [
              305012.34,
              6404259.83
            ],
            [
              305013.98,
              6404255.55
            ],
            [
              305015.9,
              6404253.65
            ],
            [
              305017.33,
              6404250.34
            ],
            [
              305017.57,
              6404248.51
            ],
            [
              305016.57,
              6404247.02
            ],
            [
              305018.18,
              6404246.96
            ],
            [
              305020.66,
              6404246.17
            ],
            [
              305022.55,
              6404243.7
            ],
            [
              305023.91,
              6404242.26
            ],
            [
              305026.74,
              6404241.04
            ],
            [
              305029.08,
              6404238.65
            ],
            [
              305030.76,
              6404237.31
            ],
            [
              305030.08,
              6404235.0
            ],
            [
              305030.52,
              6404233.41
            ],
            [
              305031.12,
              6404233.4
            ],
            [
              305032.29,
              6404232.42
            ],
            [
              305034.68,
              6404232.01
            ],
            [
              305035.72,
              6404229.13
            ],
            [
              305044.82,
              6404235.63
            ],
            [
              305053.82,
              6404242.05
            ],
            [
              305100.77,
              6404240.08
            ],
            [
              305120.21,
              6404260.4
            ],
            [
              305125.56,
              6404275.97
            ],
            [
              305126.12,
              6404277.59
            ],
            [
              305122.74,
              6404295.21
            ],
            [
              305121.98,
              6404302.07
            ],
            [
              305152.92,
              6404303.04
            ],
            [
              305177.83,
              6404303.81
            ],
            [
              305181.01,
              6404303.9
            ],
            [
              305180.19,
              6404307.38
            ],
            [
              305177.38,
              6404307.29
            ],
            [
              305147.53,
              6404306.37
            ],
            [
              305144.7,
              6404308.48
            ],
            [
              305143.62,
              6404325.38
            ],
            [
              305142.77,
              6404340.17
            ],
            [
              305154.55,
              6404360.64
            ],
            [
              305131.83,
              6404383.86
            ],
            [
              305100.35,
              6404401.47
            ]
          ]
        ]
      }
    },
    {
      "type": "Feature",
      "properties": {
        "trakt": "TUMLEHED",
        "etikett": "s:9",
        "is_1945": false
      },
      "geometry": {
        "type": "Polygon",
        "coordinates": [
          [
            [
              305186.49,
              6404151.01
            ],
            [
              305192.27,
              6404133.04
            ],
            [
              305192.26,
              6404108.75
            ],
            [
              305183.84,
              6404059.97
            ],
            [
              305186.9,
              6404057.62
            ],
            [
              305195.47,
              6404107.66
            ],
            [
              305195.67,
              6404133.41
            ],
            [
              305190.34,
              6404150.26
            ],
            [
              305186.49,
              6404151.01
            ]
          ]
        ]
      }
    },
    {
      "type": "Feature",
      "properties": {
        "trakt": "TUMLEHED",
        "etikett": "s:21",
        "is_1945": false
      },
      "geometry": {
        "type": "Polygon",
        "coordinates": [
          [
            [
              305204.0,
              6404377.13
            ],
            [
              305204.2,
              6404380.12
            ],
            [
              305200.46,
              6404380.22
            ],
            [
              305200.45,
              6404377.22
            ],
            [
              305204.0,
              6404377.13
            ]
          ]
        ]
      }
    },
    {
      "type": "Feature",
      "properties": {
        "trakt": "TUMLEHED",
        "etikett": "1:18>2",
        "is_1945": true
      },
      "geometry": {
        "type": "Polygon",
        "coordinates": [
          [
            [
              306190.19,
              6404179.85
            ],
            [
              305733.32,
              6404395.97
            ],
            [
              305720.77,
              6404379.18
            ],
            [
              305682.97,
              6404367.95
            ],
            [
              305653.89,
              6404352.56
            ],
            [
              305651.63,
              6404353.52
            ],
            [
              305645.27,
              6404368.8
            ],
            [
              305651.66,
              6404370.69
            ],
            [
              305648.88,
              6404393.29
            ],
            [
              305683.18,
              6404398.31
            ],
            [
              305707.41,
              6404408.21
            ],
            [
              305682.78,
              6404419.6
            ],
            [
              305628.89,
              6404449.08
            ],
            [
              305618.68,
              6404433.99
            ],
            [
              305617.83,
              6404433.08
            ],
            [
              305616.86,
              6404432.3
            ],
            [
              305615.8,
              6404431.65
            ],
            [
              305614.67,
              6404431.14
            ],
            [
              305613.47,
              6404430.79
            ],
            [
              305612.24,
              6404430.6
            ],
            [
              305611.0,
              6404430.57
            ],
            [
              305609.76,
              6404430.71
            ],
            [
              305608.55,
              6404431.01
            ],
            [
              305585.19,
              6404442.46
            ],
            [
              305584.75,
              6404440.74
            ],
            [
              305545.14,
              6404453.55
            ],
            [
              305482.85,
              6404516.78
            ],
            [
              305477.88,
              6404521.82
            ],
            [
              305445.57,
              6404610.01
            ],
            [
              305425.88,
              6404616.25
            ],
            [
              305248.46,
              6404753.57
            ],
            [
              305303.12,
              6404503.47
            ],
            [
              305316.58,
              6404485.19
            ],
            [
              305313.73,
              6404477.21
            ],
            [
              305285.72,
              6404454.7
            ],
            [
              305267.8,
              6404434.95
            ],
            [
              305249.91,
              6404435.46
            ],
            [
              305236.02,
              6404432.58
            ],
            [
              305214.48,
              6404421.79
            ],
            [
              305212.25,
              6404376.39
            ],
            [
              305214.63,
              6404365.16
            ],
            [
              305226.94,
              6404341.43
            ],
            [
              305229.03,
              6404309.25
            ],
            [
              305225.71,
              6404292.68
            ],
            [
              305225.2,
              6404285.54
            ],
            [
              305227.95,
              6404267.37
            ],
            [
              305225.79,
              6404266.13
            ],
            [
              305223.57,
              6404242.98
            ],
            [
              305222.12,
              6404227.83
            ],
            [
              305219.13,
              6404199.92
            ],
            [
              305218.5,
              6404194.09
            ],
            [
              305214.21,
              6404180.46
            ],
            [
              305208.44,
              6404169.68
            ],
            [
              305205.62,
              6404166.33
            ],
            [
              305202.99,
              6404167.11
            ],
            [
              305199.63,
              6404161.93
            ],
            [
              305195.26,
              6404149.31
            ],
            [
              305190.34,
              6404150.26
            ],
            [
              305195.67,
              6404133.41
            ],
            [
              305195.47,
              6404107.66
            ],
            [
              305186.9,
              6404057.62
            ],
            [
              305183.84,
              6404059.97
            ],
            [
              305192.26,
              6404108.75
            ],
            [
              305192.27,
              6404133.04
            ],
            [
              305186.49,
              6404151.01
            ],
            [
              305185.02,
              6404151.3
            ],
            [
              305187.2,
              6404140.55
            ],
            [
              305189.06,
              6404123.59
            ],
            [
              305189.07,
              6404123.31
            ],
            [
              305189.19,
              6404109.01
            ],
            [
              305187.36,
              6404096.91
            ],
            [
              305160.21,
              6404099.34
            ],
            [
              305154.25,
              6404081.17
            ],
            [
              305134.51,
              6404047.49
            ],
            [
              305128.24,
              6404043.44
            ],
            [
              305031.2,
              6403980.72
            ],
            [
              305032.69,
              6403976.43
            ],
            [
              305147.42,
              6403953.64
            ],
            [
              305152.12,
              6403952.71
            ],
            [
              305211.01,
              6403944.0
            ],
            [
              305250.77,
              6403938.14
            ],
            [
              305256.26,
              6403955.97
            ],
            [
              305292.14,
              6403962.52
            ],
            [
              305296.94,
              6403960.61
            ],
            [
              305314.62,
              6403983.32
            ],
            [
              305347.94,
              6403990.52
            ],
            [
              305355.69,
              6403992.25
            ],
            [
              305357.33,
              6403994.6
            ],
            [
              305357.36,
              6403994.64
            ],
            [
              305355.54,
              6403996.34
            ],
            [
              305333.29,
              6403997.91
            ],
            [
              305328.72,
              6404018.95
            ],
            [
              305346.51,
              6404041.12
            ],
            [
              305361.8,
              6404029.28
            ],
            [
              305377.95,
              6404024.82
            ],
            [
              305380.8,
              6404034.09
            ],
            [
              305392.91,
              6404031.3
            ],
            [
              305414.56,
              6404028.78
            ],
            [
              305414.49,
              6404017.85
            ],
            [
              305418.53,
              6403982.97
            ],
            [
              305404.53,
              6403983.9
            ],
            [
              305398.58,
              6403981.6
            ],
            [
              305373.04,
              6403971.77
            ],
            [
              305341.65,
              6403942.53
            ],
            [
              305334.99,
              6403925.93
            ],
            [
              305374.72,
              6403920.17
            ],
            [
              305458.47,
              6403926.75
            ],
            [
              305664.6,
              6403942.96
            ],
            [
              306138.78,
              6403979.99
            ],
            [
              306190.19,
              6404179.85
            ]
          ],
          [
            [
              305243.07,
              6403955.45
            ],
            [
              305208.34,
              6403949.06
            ],
            [
              305202.47,
              6403968.81
            ],
            [
              305204.53,
              6403997.74
            ],
            [
              305205.55,
              6404013.36
            ],
            [
              305204.34,
              6404016.29
            ],
            [
              305231.32,
              6404027.78
            ],
            [
              305267.17,
              6404043.04
            ],
            [
              305297.67,
              6404017.31
            ],
            [
              305312.5,
              6404005.48
            ],
            [
              305313.9,
              6403993.5
            ],
            [
              305291.76,
              6403964.4
            ],
            [
              305243.07,
              6403955.45
            ]
          ],
          [
            [
              305236.53,
              6404035.45
            ],
            [
              305218.61,
              6404027.68
            ],
            [
              305204.3,
              6404022.79
            ],
            [
              305199.62,
              6404032.7
            ],
            [
              305188.73,
              6404054.91
            ],
            [
              305190.14,
              6404071.84
            ],
            [
              305196.99,
              6404107.68
            ],
            [
              305195.46,
              6404142.79
            ],
            [
              305196.14,
              6404149.47
            ],
            [
              305233.81,
              6404142.96
            ],
            [
              305245.25,
              6404088.77
            ],
            [
              305265.9,
              6404098.89
            ],
            [
              305270.45,
              6404097.05
            ],
            [
              305277.68,
              6404078.78
            ],
            [
              305296.84,
              6404082.27
            ],
            [
              305315.55,
              6404064.27
            ],
            [
              305334.66,
              6404077.95
            ],
            [
              305347.64,
              6404055.24
            ],
            [
              305332.05,
              6404036.65
            ],
            [
              305320.93,
              6404031.99
            ],
            [
              305299.57,
              6404051.14
            ],
            [
              305281.78,
              6404038.67
            ],
            [
              305265.89,
              6404051.77
            ],
            [
              305265.69,
              6404051.93
            ],
            [
              305263.34,
              6404046.67
            ],
            [
              305257.41,
              6404044.21
            ],
            [
              305236.53,
              6404035.45
            ]
          ],
          [
            [
              305316.58,
              6404348.64
            ],
            [
              305311.27,
              6404345.88
            ],
            [
              305289.69,
              6404341.56
            ],
            [
              305269.69,
              6404364.42
            ],
            [
              305269.12,
              6404365.07
            ],
            [
              305283.41,
              6404376.38
            ],
            [
              305296.42,
              6404382.96
            ],
            [
              305322.74,
              6404395.99
            ],
            [
              305340.74,
              6404363.28
            ],
            [
              305339.87,
              6404359.74
            ],
            [
              305316.58,
              6404348.64
            ]
          ],
          [
            [
              305250.49,
              6404361.91
            ],
            [
              305226.69,
              6404349.98
            ],
            [
              305217.87,
              6404363.3
            ],
            [
              305215.06,
              6404377.49
            ],
            [
              305216.23,
              6404392.48
            ],
            [
              305224.59,
              6404398.83
            ],
            [
              305248.27,
              6404416.1
            ],
            [
              305258.5,
              6404423.43
            ],
            [
              305301.01,
              6404409.53
            ],
            [
              305306.9,
              6404400.86
            ],
            [
              305296.54,
              6404395.31
            ],
            [
              305275.51,
              6404379.04
            ],
            [
              305256.26,
              6404364.14
            ],
            [
              305250.49,
              6404361.91
            ]
          ],
          [
            [
              305376.36,
              6404379.62
            ],
            [
              305345.14,
              6404363.27
            ],
            [
              305326.36,
              6404397.82
            ],
            [
              305358.53,
              6404414.31
            ],
            [
              305380.46,
              6404425.54
            ],
            [
              305392.46,
              6404430.85
            ],
            [
              305408.34,
              6404436.28
            ],
            [
              305432.01,
              6404439.92
            ],
            [
              305465.82,
              6404444.81
            ],
            [
              305515.11,
              6404450.69
            ],
            [
              305521.33,
              6404450.27
            ],
            [
              305528.66,
              6404449.04
            ],
            [
              305543.01,
              6404445.07
            ],
            [
              305576.75,
              6404433.54
            ],
            [
              305588.71,
              6404429.45
            ],
            [
              305614.15,
              6404417.66
            ],
            [
              305606.12,
              6404399.02
            ],
            [
              305592.13,
              6404390.59
            ],
            [
              305578.33,
              6404390.93
            ],
            [
              305564.59,
              6404395.04
            ],
            [
              305515.43,
              6404409.71
            ],
            [
              305505.06,
              6404409.49
            ],
            [
              305471.92,
              6404405.78
            ],
            [
              305437.47,
              6404400.91
            ],
            [
              305407.72,
              6404396.21
            ],
            [
              305376.36,
              6404379.62
            ]
          ],
          [
            [
              305452.91,
              6404449.94
            ],
            [
              305423.49,
              6404445.69
            ],
            [
              305417.25,
              6404481.92
            ],
            [
              305424.03,
              6404486.45
            ],
            [
              305446.21,
              6404489.36
            ],
            [
              305480.36,
              6404493.89
            ],
            [
              305499.56,
              6404496.41
            ],
            [
              305532.89,
              6404461.7
            ],
            [
              305487.41,
              6404455.01
            ],
            [
              305452.91,
              6404449.94
            ]
          ]
        ]
      }
    },
    {
      "type": "Feature",
      "properties": {
        "trakt": "TUMLEHED",
        "etikett": "1:18>3",
        "is_1945": true
      },
      "geometry": {
        "type": "Polygon",
        "coordinates": [
          [
            [
              305120.65,
              6404161.03
            ],
            [
              305112.63,
              6404162.11
            ],
            [
              305083.33,
              6404128.05
            ],
            [
              305059.07,
              6404098.43
            ],
            [
              305139.6,
              6404099.05
            ],
            [
              305141.58,
              6404126.74
            ],
            [
              305150.81,
              6404156.98
            ],
            [
              305120.65,
              6404161.03
            ]
          ]
        ]
      }
    },
    {
      "type": "Feature",
      "properties": {
        "trakt": "TUMLEHED",
        "etikett": "1:36",
        "is_1945": true
      },
      "geometry": {
        "type": "Polygon",
        "coordinates": [
          [
            [
              305376.36,
              6404379.62
            ],
            [
              305407.72,
              6404396.21
            ],
            [
              305392.46,
              6404430.85
            ],
            [
              305380.46,
              6404425.54
            ],
            [
              305358.53,
              6404414.31
            ],
            [
              305376.36,
              6404379.62
            ]
          ]
        ]
      }
    },
    {
      "type": "Feature",
      "properties": {
        "trakt": "TUMLEHED",
        "etikett": "1:42",
        "is_1945": true
      },
      "geometry": {
        "type": "Polygon",
        "coordinates": [
          [
            [
              305437.47,
              6404400.91
            ],
            [
              305471.92,
              6404405.78
            ],
            [
              305465.82,
              6404444.81
            ],
            [
              305432.01,
              6404439.92
            ],
            [
              305437.47,
              6404400.91
            ]
          ]
        ]
      }
    },
    {
      "type": "Feature",
      "properties": {
        "trakt": "TUMLEHED",
        "etikett": "1:48",
        "is_1945": true
      },
      "geometry": {
        "type": "Polygon",
        "coordinates": [
          [
            [
              305316.58,
              6404348.64
            ],
            [
              305296.42,
              6404382.96
            ],
            [
              305283.41,
              6404376.38
            ],
            [
              305269.12,
              6404365.07
            ],
            [
              305269.69,
              6404364.42
            ],
            [
              305289.69,
              6404341.56
            ],
            [
              305311.27,
              6404345.88
            ],
            [
              305316.58,
              6404348.64
            ]
          ]
        ]
      }
    },
    {
      "type": "Feature",
      "properties": {
        "trakt": "TUMLEHED",
        "etikett": "3:5",
        "is_1945": false
      },
      "geometry": {
        "type": "Polygon",
        "coordinates": [
          [
            [
              305035.72,
              6404229.13
            ],
            [
              305035.9,
              6404228.63
            ],
            [
              305035.61,
              6404225.14
            ],
            [
              305034.13,
              6404223.49
            ],
            [
              305033.62,
              6404222.1
            ],
            [
              305032.79,
              6404219.88
            ],
            [
              305033.97,
              6404216.42
            ],
            [
              305034.75,
              6404215.98
            ],
            [
              305035.51,
              6404215.54
            ],
            [
              305036.28,
              6404213.89
            ],
            [
              305037.62,
              6404215.7
            ],
            [
              305038.71,
              6404215.77
            ],
            [
              305039.37,
              6404212.37
            ],
            [
              305040.27,
              6404212.18
            ],
            [
              305040.66,
              6404214.58
            ],
            [
              305040.26,
              6404216.33
            ],
            [
              305043.6,
              6404220.02
            ],
            [
              305045.88,
              6404219.52
            ],
            [
              305047.84,
              6404218.06
            ],
            [
              305051.24,
              6404218.73
            ],
            [
              305054.04,
              6404217.83
            ],
            [
              305056.12,
              6404216.33
            ],
            [
              305058.0,
              6404214.13
            ],
            [
              305057.74,
              6404212.53
            ],
            [
              305059.98,
              6404212.23
            ],
            [
              305059.77,
              6404210.37
            ],
            [
              305062.47,
              6404210.25
            ],
            [
              305062.75,
              6404209.02
            ],
            [
              305064.35,
              6404206.91
            ],
            [
              305064.44,
              6404204.86
            ],
            [
              305081.28,
              6404212.96
            ],
            [
              305082.27,
              6404207.97
            ],
            [
              305082.7,
              6404184.8
            ],
            [
              305117.07,
              6404182.37
            ],
            [
              305138.14,
              6404183.3
            ],
            [
              305138.99,
              6404183.34
            ],
            [
              305138.67,
              6404184.02
            ],
            [
              305136.33,
              6404188.99
            ],
            [
              305132.06,
              6404202.43
            ],
            [
              305125.68,
              6404222.52
            ],
            [
              305141.65,
              6404242.04
            ],
            [
              305120.21,
              6404260.4
            ],
            [
              305100.77,
              6404240.08
            ],
            [
              305053.82,
              6404242.05
            ],
            [
              305044.82,
              6404235.63
            ],
            [
              305035.72,
              6404229.13
            ]
          ]
        ]
      }
    },
    {
      "type": "Feature",
      "properties": {
        "trakt": "TUMLEHED",
        "etikett": "s:22",
        "is_1945": false
      },
      "geometry": {
        "type": "Polygon",
        "coordinates": [
          [
            [
              305194.17,
              6404796.31
            ],
            [
              305186.48,
              6404794.13
            ],
            [
              305178.84,
              6404791.77
            ],
            [
              305171.26,
              6404789.24
            ],
            [
              305163.74,
              6404786.52
            ],
            [
              305156.28,
              6404783.64
            ],
            [
              305148.89,
              6404780.58
            ],
            [
              305141.58,
              6404777.36
            ],
            [
              305134.34,
              6404773.96
            ],
            [
              305127.18,
              6404770.4
            ],
            [
              305120.11,
              6404766.67
            ],
            [
              305113.12,
              6404762.78
            ],
            [
              305106.23,
              6404758.73
            ],
            [
              305099.43,
              6404754.52
            ],
            [
              305092.74,
              6404750.15
            ],
            [
              305086.14,
              6404745.63
            ],
            [
              305079.66,
              6404740.96
            ],
            [
              305073.28,
              6404736.14
            ],
            [
              305066.08,
              6404735.37
            ],
            [
              305058.9,
              6404734.42
            ],
            [
              305051.74,
              6404733.3
            ],
            [
              305044.62,
              6404731.99
            ],
            [
              305037.53,
              6404730.51
            ],
            [
              305030.48,
              6404728.85
            ],
            [
              305023.47,
              6404727.01
            ],
            [
              305016.51,
              6404725.01
            ],
            [
              305009.61,
              6404722.83
            ],
            [
              305002.76,
              6404720.47
            ],
            [
              304995.97,
              6404717.95
            ],
            [
              304989.24,
              6404715.25
            ],
            [
              304982.59,
              6404712.4
            ],
            [
              304976.01,
              6404709.37
            ],
            [
              304969.51,
              6404706.18
            ],
            [
              304963.09,
              6404702.83
            ],
            [
              304956.75,
              6404699.33
            ],
            [
              304950.5,
              6404695.66
            ],
            [
              304944.35,
              6404691.84
            ],
            [
              304938.29,
              6404687.87
            ],
            [
              304932.34,
              6404683.75
            ],
            [
              304926.49,
              6404679.48
            ],
            [
              304920.0,
              6404676.75
            ],
            [
              304913.58,
              6404673.87
            ],
            [
              304907.24,
              6404670.82
            ],
            [
              304900.97,
              6404667.62
            ],
            [
              304894.79,
              6404664.27
            ],
            [
              304888.69,
              6404660.76
            ],
            [
              304882.68,
              6404657.1
            ],
            [
              304876.76,
              6404653.29
            ],
            [
              304870.94,
              6404649.34
            ],
            [
              304865.22,
              6404645.24
            ],
            [
              304859.6,
              6404641.0
            ],
            [
              304854.09,
              6404636.63
            ],
            [
              304848.69,
              6404632.12
            ],
            [
              304843.41,
              6404627.47
            ],
            [
              304838.24,
              6404622.7
            ],
            [
              304833.19,
              6404617.79
            ],
            [
              304828.27,
              6404612.77
            ],
            [
              304823.47,
              6404607.62
            ],
            [
              304818.8,
              6404602.36
            ],
            [
              304813.4,
              6404597.44
            ],
            [
              304808.13,
              6404592.39
            ],
            [
              304802.98,
              6404587.21
            ],
            [
              304797.97,
              6404581.91
            ],
            [
              304793.09,
              6404576.48
            ],
            [
              304788.34,
              6404570.93
            ],
            [
              304783.74,
              6404565.26
            ],
            [
              304779.28,
              6404559.49
            ],
            [
              304774.96,
              6404553.6
            ],
            [
              304770.79,
              6404547.61
            ],
            [
              304766.77,
              6404541.51
            ],
            [
              304762.9,
              6404535.32
            ],
            [
              304759.19,
              6404529.04
            ],
            [
              304755.64,
              6404522.66
            ],
            [
              304752.24,
              6404516.19
            ],
            [
              304749.01,
              6404509.65
            ],
            [
              304745.94,
              6404503.02
            ],
            [
              304743.04,
              6404496.33
            ],
            [
              304740.31,
              6404489.56
            ],
            [
              304737.74,
              6404482.72
            ],
            [
              304735.35,
              6404475.83
            ],
            [
              304733.12,
              6404468.87
            ],
            [
              304731.08,
              6404461.86
            ],
            [
              304729.2,
              6404454.81
            ],
            [
              304784.73,
              6404352.12
            ],
            [
              304841.61,
              6404220.02
            ],
            [
              304846.74,
              6404177.98
            ],
            [
              304873.21,
              6404095.06
            ],
            [
              304939.08,
              6404027.92
            ],
            [
              304952.67,
              6404020.95
            ],
            [
              304977.67,
              6404008.14
            ],
            [
              305053.34,
              6404091.29
            ],
            [
              305054.35,
              6404092.52
            ],
            [
              305052.92,
              6404091.69
            ],
            [
              305051.45,
              6404089.41
            ],
            [
              305048.9,
              6404087.89
            ],
            [
              305049.32,
              6404090.17
            ],
            [
              305049.09,
              6404092.0
            ],
            [
              305050.86,
              6404094.16
            ],
            [
              305052.14,
              6404095.97
            ],
            [
              305052.24,
              6404097.67
            ],
            [
              305053.24,
              6404100.31
            ],
            [
              305054.82,
              6404102.63
            ],
            [
              305057.31,
              6404105.49
            ],
            [
              305058.43,
              6404108.17
            ],
            [
              305059.49,
              6404109.54
            ],
            [
              305058.85,
              6404110.13
            ],
            [
              305057.9,
              6404111.87
            ],
            [
              305059.33,
              6404113.48
            ],
            [
              305059.11,
              6404115.98
            ],
            [
              305057.98,
              6404117.3
            ],
            [
              305055.12,
              6404115.89
            ],
            [
              305053.76,
              6404116.97
            ],
            [
              305052.58,
              6404116.03
            ],
            [
              305048.08,
              6404114.95
            ],
            [
              305046.16,
              6404114.28
            ],
            [
              305045.94,
              6404116.86
            ],
            [
              305045.11,
              6404117.49
            ],
            [
              305044.71,
              6404119.15
            ],
            [
              305045.25,
              6404121.11
            ],
            [
              305046.89,
              6404123.37
            ],
            [
              305045.35,
              6404122.02
            ],
            [
              305043.82,
              6404121.04
            ],
            [
              305042.82,
              6404122.06
            ],
            [
              305041.46,
              6404121.14
            ],
            [
              305040.34,
              6404124.16
            ],
            [
              305038.73,
              6404124.96
            ],
            [
              305038.24,
              6404126.59
            ],
            [
              305037.16,
              6404127.3
            ],
            [
              305036.94,
              6404128.9
            ],
            [
              305036.72,
              6404130.45
            ],
            [
              305036.86,
              6404135.49
            ],
            [
              305034.86,
              6404136.46
            ],
            [
              305036.17,
              6404139.98
            ],
            [
              305036.36,
              6404142.97
            ],
            [
              305034.33,
              6404144.29
            ],
            [
              305033.61,
              6404144.09
            ],
            [
              305032.63,
              6404144.67
            ],
            [
              305030.77,
              6404144.03
            ],
            [
              305029.03,
              6404143.12
            ],
            [
              305027.04,
              6404143.75
            ],
            [
              305025.91,
              6404143.4
            ],
            [
              305025.68,
              6404144.64
            ],
            [
              305024.04,
              6404144.19
            ],
            [
              305023.96,
              6404145.33
            ],
            [
              305023.08,
              6404146.06
            ],
            [
              305022.35,
              6404146.56
            ],
            [
              305020.76,
              6404146.03
            ],
            [
              305019.23,
              6404146.93
            ],
            [
              305017.34,
              6404145.83
            ],
            [
              305016.39,
              6404146.85
            ],
            [
              305014.41,
              6404147.13
            ],
            [
              305013.28,
              6404148.71
            ],
            [
              305012.69,
              6404150.01
            ],
            [
              305013.23,
              6404151.5
            ],
            [
              305012.56,
              6404151.52
            ],
            [
              305010.46,
              6404151.34
            ],
            [
              305009.57,
              6404152.3
            ],
            [
              305008.9,
              6404155.37
            ],
            [
              305009.11,
              6404156.9
            ],
            [
              305009.3,
              6404158.34
            ],
            [
              305007.94,
              6404159.21
            ],
            [
              305006.68,
              6404161.23
            ],
            [
              305005.64,
              6404162.46
            ],
            [
              305004.55,
              6404160.94
            ],
            [
              305003.65,
              6404162.1
            ],
            [
              305004.12,
              6404162.75
            ],
            [
              305005.28,
              6404163.63
            ],
            [
              305005.4,
              6404165.53
            ],
            [
              305005.33,
              6404167.17
            ],
            [
              305005.76,
              6404167.92
            ],
            [
              305005.94,
              6404169.39
            ],
            [
              305007.53,
              6404170.81
            ],
            [
              305009.3,
              6404173.25
            ],
            [
              305011.36,
              6404177.55
            ],
            [
              305012.63,
              6404179.04
            ],
            [
              305011.93,
              6404180.45
            ],
            [
              305012.39,
              6404182.31
            ],
            [
              305013.66,
              6404184.24
            ],
            [
              305015.29,
              6404184.27
            ],
            [
              305016.99,
              6404186.19
            ],
            [
              305017.57,
              6404188.6
            ],
            [
              305018.68,
              6404189.39
            ],
            [
              305019.97,
              6404190.13
            ],
            [
              305020.77,
              6404191.86
            ],
            [
              305021.9,
              6404193.34
            ],
            [
              305022.19,
              6404194.5
            ],
            [
              305024.08,
              6404196.5
            ],
            [
              305026.4,
              6404196.28
            ],
            [
              305028.64,
              6404196.17
            ],
            [
              305030.76,
              6404195.71
            ],
            [
              305033.47,
              6404196.21
            ],
            [
              305035.61,
              6404195.18
            ],
            [
              305037.13,
              6404193.95
            ],
            [
              305041.07,
              6404191.78
            ],
            [
              305041.34,
              6404191.63
            ],
            [
              305044.58,
              6404189.58
            ],
            [
              305056.33,
              6404184.83
            ],
            [
              305060.35,
              6404187.15
            ],
            [
              305062.78,
              6404192.07
            ],
            [
              305063.18,
              6404192.87
            ],
            [
              305063.49,
              6404193.51
            ],
            [
              305064.63,
              6404200.15
            ],
            [
              305064.44,
              6404204.86
            ],
            [
              305064.35,
              6404206.91
            ],
            [
              305062.75,
              6404209.02
            ],
            [
              305062.47,
              6404210.25
            ],
            [
              305059.77,
              6404210.37
            ],
            [
              305059.98,
              6404212.23
            ],
            [
              305057.74,
              6404212.53
            ],
            [
              305058.0,
              6404214.13
            ],
            [
              305056.12,
              6404216.33
            ],
            [
              305054.04,
              6404217.83
            ],
            [
              305051.24,
              6404218.73
            ],
            [
              305047.84,
              6404218.06
            ],
            [
              305045.88,
              6404219.52
            ],
            [
              305043.6,
              6404220.02
            ],
            [
              305040.26,
              6404216.33
            ],
            [
              305040.66,
              6404214.58
            ],
            [
              305040.27,
              6404212.18
            ],
            [
              305039.37,
              6404212.37
            ],
            [
              305038.71,
              6404215.77
            ],
            [
              305037.62,
              6404215.7
            ],
            [
              305036.28,
              6404213.89
            ],
            [
              305035.51,
              6404215.54
            ],
            [
              305034.75,
              6404215.98
            ],
            [
              305033.97,
              6404216.42
            ],
            [
              305032.79,
              6404219.88
            ],
            [
              305033.62,
              6404222.1
            ],
            [
              305034.13,
              6404223.49
            ],
            [
              305035.61,
              6404225.14
            ],
            [
              305035.9,
              6404228.63
            ],
            [
              305035.72,
              6404229.13
            ],
            [
              305034.68,
              6404232.01
            ],
            [
              305032.29,
              6404232.42
            ],
            [
              305031.12,
              6404233.4
            ],
            [
              305030.52,
              6404233.41
            ],
            [
              305030.08,
              6404235.0
            ],
            [
              305030.76,
              6404237.31
            ],
            [
              305029.08,
              6404238.65
            ],
            [
              305026.74,
              6404241.04
            ],
            [
              305023.91,
              6404242.26
            ],
            [
              305022.55,
              6404243.7
            ],
            [
              305020.66,
              6404246.17
            ],
            [
              305018.18,
              6404246.96
            ],
            [
              305016.57,
              6404247.02
            ],
            [
              305017.57,
              6404248.51
            ],
            [
              305017.33,
              6404250.34
            ],
            [
              305015.9,
              6404253.65
            ],
            [
              305013.98,
              6404255.55
            ],
            [
              305012.34,
              6404259.83
            ],
            [
              305009.91,
              6404265.76
            ],
            [
              305007.23,
              6404270.12
            ],
            [
              305005.99,
              6404273.23
            ],
            [
              305003.84,
              6404277.01
            ],
            [
              305004.09,
              6404279.19
            ],
            [
              305003.21,
              6404281.72
            ],
            [
              305004.17,
              6404285.31
            ],
            [
              305004.42,
              6404291.3
            ],
            [
              305004.61,
              6404297.37
            ],
            [
              305005.19,
              6404299.57
            ],
            [
              305005.91,
              6404301.25
            ],
            [
              305006.43,
              6404304.23
            ],
            [
              305009.94,
              6404307.97
            ],
            [
              305012.09,
              6404313.76
            ],
            [
              305013.27,
              6404319.45
            ],
            [
              305012.27,
              6404325.89
            ],
            [
              305013.77,
              6404328.23
            ],
            [
              305013.63,
              6404330.77
            ],
            [
              305012.13,
              6404333.13
            ],
            [
              305011.12,
              6404338.7
            ],
            [
              305015.4,
              6404346.61
            ],
            [
              305016.48,
              6404348.64
            ],
            [
              305016.76,
              6404351.34
            ],
            [
              305018.34,
              6404357.17
            ],
            [
              305018.84,
              6404360.26
            ],
            [
              305019.88,
              6404361.71
            ],
            [
              305019.9,
              6404363.62
            ],
            [
              305019.06,
              6404364.28
            ],
            [
              305019.54,
              6404365.93
            ],
            [
              305020.38,
              6404366.49
            ],
            [
              305020.22,
              6404367.35
            ],
            [
              305021.04,
              6404368.95
            ],
            [
              305020.64,
              6404370.61
            ],
            [
              305021.18,
              6404373.19
            ],
            [
              305022.76,
              6404375.27
            ],
            [
              305021.3,
              6404376.85
            ],
            [
              305020.6,
              6404378.96
            ],
            [
              305022.81,
              6404380.86
            ],
            [
              305024.32,
              6404382.79
            ],
            [
              305026.47,
              6404383.99
            ],
            [
              305028.27,
              6404386.08
            ],
            [
              305029.56,
              6404386.42
            ],
            [
              305030.06,
              6404385.37
            ],
            [
              305030.8,
              6404384.01
            ],
            [
              305031.62,
              6404384.17
            ],
            [
              305032.9,
              6404384.3
            ],
            [
              305033.4,
              6404383.31
            ],
            [
              305034.05,
              6404382.1
            ],
            [
              305035.22,
              6404382.09
            ],
            [
              305035.59,
              6404381.51
            ],
            [
              305036.96,
              6404381.28
            ],
            [
              305038.4,
              6404382.58
            ],
            [
              305039.2,
              6404385.18
            ],
            [
              305038.49,
              6404386.13
            ],
            [
              305037.82,
              6404387.69
            ],
            [
              305036.59,
              6404389.39
            ],
            [
              305036.06,
              6404390.84
            ],
            [
              305036.94,
              6404392.12
            ],
            [
              305037.6,
              6404393.0
            ],
            [
              305038.24,
              6404395.5
            ],
            [
              305039.92,
              6404399.12
            ],
            [
              305042.53,
              6404401.37
            ],
            [
              305045.87,
              6404402.87
            ],
            [
              305048.6,
              6404403.53
            ],
            [
              305049.79,
              6404402.91
            ],
            [
              305050.6,
              6404401.9
            ],
            [
              305049.19,
              6404400.35
            ],
            [
              305048.04,
              6404398.93
            ],
            [
              305047.81,
              6404397.37
            ],
            [
              305048.93,
              6404397.46
            ],
            [
              305049.87,
              6404397.19
            ],
            [
              305053.12,
              6404397.43
            ],
            [
              305056.84,
              6404397.32
            ],
            [
              305055.78,
              6404400.11
            ],
            [
              305059.86,
              6404401.71
            ],
            [
              305065.25,
              6404399.43
            ],
            [
              305073.72,
              6404402.4
            ],
            [
              305073.54,
              6404407.41
            ],
            [
              305076.18,
              6404407.68
            ],
            [
              305078.59,
              6404406.19
            ],
            [
              305082.65,
              6404406.6
            ],
            [
              305085.51,
              6404406.25
            ],
            [
              305087.7,
              6404406.87
            ],
            [
              305091.67,
              6404404.83
            ],
            [
              305092.88,
              6404403.37
            ],
            [
              305096.49,
              6404404.38
            ],
            [
              305099.68,
              6404403.73
            ],
            [
              305100.35,
              6404401.47
            ],
            [
              305112.45,
              6404412.66
            ],
            [
              305112.78,
              6404417.09
            ],
            [
              305110.07,
              6404420.34
            ],
            [
              305109.47,
              6404423.8
            ],
            [
              305110.41,
              6404424.53
            ],
            [
              305106.94,
              6404427.1
            ],
            [
              305104.54,
              6404434.36
            ],
            [
              305104.91,
              6404435.36
            ],
            [
              305103.79,
              6404436.93
            ],
            [
              305107.03,
              6404437.45
            ],
            [
              305110.92,
              6404437.79
            ],
            [
              305113.35,
              6404436.21
            ],
            [
              305113.77,
              6404434.47
            ],
            [
              305117.84,
              6404432.47
            ],
            [
              305122.16,
              6404432.14
            ],
            [
              305125.61,
              6404429.31
            ],
            [
              305126.36,
              6404427.08
            ],
            [
              305128.19,
              6404425.51
            ],
            [
              305129.0,
              6404423.59
            ],
            [
              305131.71,
              6404422.31
            ],
            [
              305133.69,
              6404420.38
            ],
            [
              305132.77,
              6404419.42
            ],
            [
              305132.0,
              6404418.33
            ],
            [
              305130.1,
              6404418.24
            ],
            [
              305127.23,
              6404420.53
            ],
            [
              305126.36,
              6404417.09
            ],
            [
              305129.7,
              6404415.76
            ],
            [
              305132.94,
              6404415.58
            ],
            [
              305134.15,
              6404413.74
            ],
            [
              305137.0,
              6404413.59
            ],
            [
              305138.61,
              6404410.05
            ],
            [
              305143.91,
              6404409.64
            ],
            [
              305144.28,
              6404407.54
            ],
            [
              305138.69,
              6404406.73
            ],
            [
              305136.4,
              6404403.88
            ],
            [
              305135.22,
              6404401.49
            ],
            [
              305133.81,
              6404401.53
            ],
            [
              305132.99,
              6404398.0
            ],
            [
              305134.83,
              6404395.23
            ],
            [
              305136.71,
              6404396.96
            ],
            [
              305140.06,
              6404395.73
            ],
            [
              305142.57,
              6404394.14
            ],
            [
              305141.91,
              6404392.87
            ],
            [
              305146.91,
              6404388.15
            ],
            [
              305145.64,
              6404385.37
            ],
            [
              305146.91,
              6404383.77
            ],
            [
              305150.37,
              6404382.89
            ],
            [
              305149.49,
              6404378.58
            ],
            [
              305151.9,
              6404377.28
            ],
            [
              305161.28,
              6404380.24
            ],
            [
              305164.09,
              6404389.34
            ],
            [
              305162.71,
              6404391.4
            ],
            [
              305163.81,
              6404393.72
            ],
            [
              305163.46,
              6404395.54
            ],
            [
              305163.3,
              6404398.97
            ],
            [
              305157.15,
              6404401.45
            ],
            [
              305156.76,
              6404402.56
            ],
            [
              305152.28,
              6404404.38
            ],
            [
              305153.7,
              6404405.39
            ],
            [
              305152.62,
              6404407.64
            ],
            [
              305155.94,
              6404409.82
            ],
            [
              305155.32,
              6404413.47
            ],
            [
              305158.03,
              6404415.05
            ],
            [
              305161.16,
              6404416.5
            ],
            [
              305162.06,
              6404417.99
            ],
            [
              305165.53,
              6404417.47
            ],
            [
              305165.23,
              6404420.59
            ],
            [
              305169.4,
              6404423.17
            ],
            [
              305172.85,
              6404423.73
            ],
            [
              305173.51,
              6404428.53
            ],
            [
              305176.94,
              6404430.91
            ],
            [
              305181.7,
              6404431.67
            ],
            [
              305186.8,
              6404431.41
            ],
            [
              305191.61,
              6404431.1
            ],
            [
              305193.27,
              6404430.51
            ],
            [
              305195.52,
              6404431.31
            ],
            [
              305199.48,
              6404434.33
            ],
            [
              305202.0,
              6404436.09
            ],
            [
              305205.39,
              6404436.75
            ],
            [
              305207.5,
              6404437.97
            ],
            [
              305208.86,
              6404440.83
            ],
            [
              305209.85,
              6404441.94
            ],
            [
              305211.08,
              6404443.64
            ],
            [
              305212.77,
              6404443.88
            ],
            [
              305214.71,
              6404447.77
            ],
            [
              305218.84,
              6404448.73
            ],
            [
              305220.76,
              6404448.57
            ],
            [
              305222.51,
              6404449.67
            ],
            [
              305224.17,
              6404450.15
            ],
            [
              305226.88,
              6404451.67
            ],
            [
              305231.68,
              6404453.88
            ],
            [
              305239.16,
              6404463.68
            ],
            [
              305244.41,
              6404470.42
            ],
            [
              305245.74,
              6404471.72
            ],
            [
              305245.57,
              6404473.28
            ],
            [
              305247.2,
              6404477.37
            ],
            [
              305249.58,
              6404480.56
            ],
            [
              305250.54,
              6404485.13
            ],
            [
              305251.74,
              6404490.43
            ],
            [
              305250.62,
              6404491.38
            ],
            [
              305251.05,
              6404494.29
            ],
            [
              305253.54,
              6404495.9
            ],
            [
              305256.69,
              6404493.68
            ],
            [
              305260.21,
              6404495.3
            ],
            [
              305258.11,
              6404498.8
            ],
            [
              305256.91,
              6404500.0
            ],
            [
              305253.77,
              6404501.48
            ],
            [
              305252.59,
              6404505.92
            ],
            [
              305249.82,
              6404509.69
            ],
            [
              305251.83,
              6404509.84
            ],
            [
              305252.51,
              6404512.48
            ],
            [
              305252.65,
              6404514.43
            ],
            [
              305257.54,
              6404516.09
            ],
            [
              305262.12,
              6404515.97
            ],
            [
              305260.34,
              6404518.2
            ],
            [
              305263.83,
              6404520.86
            ],
            [
              305264.08,
              6404522.05
            ],
            [
              305268.1,
              6404522.18
            ],
            [
              305270.64,
              6404517.57
            ],
            [
              305272.46,
              6404516.09
            ],
            [
              305272.89,
              6404512.9
            ],
            [
              305269.07,
              6404512.29
            ],
            [
              305267.87,
              6404510.49
            ],
            [
              305266.22,
              6404510.02
            ],
            [
              305264.11,
              6404508.78
            ],
            [
              305263.99,
              6404510.67
            ],
            [
              305264.14,
              6404512.98
            ],
            [
              305260.83,
              6404513.3
            ],
            [
              305258.18,
              6404513.45
            ],
            [
              305257.98,
              6404511.01
            ],
            [
              305256.79,
              6404507.48
            ],
            [
              305255.65,
              6404505.48
            ],
            [
              305257.6,
              6404502.81
            ],
            [
              305258.92,
              6404501.08
            ],
            [
              305261.72,
              6404501.46
            ],
            [
              305260.29,
              6404502.84
            ],
            [
              305261.77,
              6404504.44
            ],
            [
              305264.05,
              6404505.75
            ],
            [
              305265.71,
              6404506.78
            ],
            [
              305266.96,
              6404505.85
            ],
            [
              305268.96,
              6404506.03
            ],
            [
              305270.28,
              6404504.17
            ],
            [
              305269.5,
              6404501.88
            ],
            [
              305271.33,
              6404501.14
            ],
            [
              305273.31,
              6404501.15
            ],
            [
              305275.28,
              6404500.2
            ],
            [
              305280.67,
              6404499.75
            ],
            [
              305280.37,
              6404498.68
            ],
            [
              305283.37,
              6404498.12
            ],
            [
              305289.47,
              6404500.31
            ],
            [
              305295.03,
              6404501.13
            ],
            [
              305299.11,
              6404501.34
            ],
            [
              305303.12,
              6404503.47
            ],
            [
              305248.46,
              6404753.57
            ],
            [
              305194.17,
              6404796.31
            ]
          ]
        ]
      }
    },
    {
      "type": "Feature",
      "properties": {
        "trakt": "LILLEBY",
        "etikett": "s:31",
        "is_1945": false
      },
      "geometry": {
        "type": "Polygon",
        "coordinates": [
          [
            [
              308282.83,
              6404803.84
            ],
            [
              308275.29,
              6404795.49
            ],
            [
              308191.65,
              6404782.51
            ],
            [
              307832.66,
              6404726.92
            ],
            [
              307809.86,
              6404724.28
            ],
            [
              307795.37,
              6404722.82
            ],
            [
              307755.84,
              6404720.33
            ],
            [
              307513.08,
              6404719.52
            ],
            [
              307484.31,
              6404720.83
            ],
            [
              307444.52,
              6404723.65
            ],
            [
              307310.28,
              6404734.64
            ],
            [
              307296.02,
              6404735.71
            ],
            [
              307273.79,
              6404739.59
            ],
            [
              307086.19,
              6404788.57
            ],
            [
              307040.99,
              6404806.45
            ],
            [
              306966.53,
              6404823.06
            ],
            [
              306905.96,
              6404832.45
            ],
            [
              306858.91,
              6404836.85
            ],
            [
              306841.53,
              6404837.17
            ],
            [
              306825.95,
              6404835.18
            ],
            [
              306805.22,
              6404829.99
            ],
            [
              306763.59,
              6404816.27
            ],
            [
              306739.72,
              6404814.24
            ],
            [
              306698.15,
              6404813.84
            ],
            [
              306459.87,
              6404791.16
            ],
            [
              306443.98,
              6404789.29
            ],
            [
              306418.64,
              6404784.51
            ],
            [
              306361.08,
              6404767.37
            ],
            [
              306333.75,
              6404762.01
            ],
            [
              306306.47,
              6404759.77
            ],
            [
              306203.42,
              6404755.46
            ],
            [
              306189.65,
              6404757.17
            ],
            [
              306186.89,
              6404757.43
            ],
            [
              306163.78,
              6404762.84
            ],
            [
              306094.9,
              6404783.56
            ],
            [
              306066.35,
              6404788.43
            ],
            [
              306015.45,
              6404787.69
            ],
            [
              305962.76,
              6404780.4
            ],
            [
              305931.15,
              6404774.92
            ],
            [
              305902.39,
              6404768.41
            ],
            [
              305883.52,
              6404759.52
            ],
            [
              305850.01,
              6404740.96
            ],
            [
              305779.4,
              6404696.74
            ],
            [
              305745.4,
              6404678.1
            ],
            [
              305747.76,
              6404673.7
            ],
            [
              305781.93,
              6404692.42
            ],
            [
              305852.55,
              6404736.65
            ],
            [
              305885.8,
              6404755.06
            ],
            [
              305904.02,
              6404763.65
            ],
            [
              305932.13,
              6404770.01
            ],
            [
              305963.53,
              6404775.46
            ],
            [
              306015.83,
              6404782.69
            ],
            [
              306065.97,
              6404783.42
            ],
            [
              306093.76,
              6404778.68
            ],
            [
              306162.49,
              6404758.01
            ],
            [
              306186.07,
              6404752.49
            ],
            [
              306189.1,
              6404752.2
            ],
            [
              306203.22,
              6404750.44
            ],
            [
              306306.78,
              6404754.78
            ],
            [
              306334.44,
              6404757.05
            ],
            [
              306362.28,
              6404762.51
            ],
            [
              306419.82,
              6404779.65
            ],
            [
              306444.74,
              6404784.34
            ],
            [
              306698.41,
              6404808.84
            ],
            [
              306739.95,
              6404809.24
            ],
            [
              306764.6,
              6404811.34
            ],
            [
              306806.61,
              6404825.18
            ],
            [
              306826.88,
              6404830.25
            ],
            [
              306841.81,
              6404832.16
            ],
            [
              306858.63,
              6404831.86
            ],
            [
              306905.34,
              6404827.49
            ],
            [
              306965.61,
              6404818.14
            ],
            [
              307039.52,
              6404801.66
            ],
            [
              307084.63,
              6404783.81
            ],
            [
              307272.73,
              6404734.7
            ],
            [
              307295.4,
              6404730.74
            ],
            [
              307310.01,
              6404729.65
            ],
            [
              307444.14,
              6404718.87
            ],
            [
              307484.03,
              6404716.04
            ],
            [
              307512.98,
              6404714.72
            ],
            [
              307756.0,
              6404715.53
            ],
            [
              307795.76,
              6404718.04
            ],
            [
              307810.38,
              6404719.5
            ],
            [
              307833.3,
              6404722.16
            ],
            [
              308337.11,
              6404799.73
            ],
            [
              308357.87,
              6404801.52
            ],
            [
              308381.69,
              6404801.58
            ],
            [
              308407.01,
              6404798.22
            ],
            [
              308430.48,
              6404791.36
            ],
            [
              308451.61,
              6404781.93
            ],
            [
              308476.07,
              6404767.7
            ],
            [
              308631.84,
              6404666.33
            ],
            [
              308702.55,
              6404631.88
            ],
            [
              308735.99,
              6404613.5
            ],
            [
              308753.07,
              6404601.45
            ],
            [
              308801.29,
              6404555.86
            ],
            [
              308897.86,
              6404462.16
            ],
            [
              308908.0,
              6404450.17
            ],
            [
              308927.62,
              6404419.07
            ],
            [
              308935.43,
              6404399.6
            ],
            [
              308939.34,
              6404372.82
            ],
            [
              308942.37,
              6404286.09
            ],
            [
              308947.93,
              6404284.79
            ],
            [
              308944.13,
              6404373.25
            ],
            [
              308940.1,
              6404400.86
            ],
            [
              308931.91,
              6404421.26
            ],
            [
              308911.88,
              6404453.01
            ],
            [
              308898.24,
              6404469.14
            ],
            [
              308804.61,
              6404559.32
            ],
            [
              308778.4,
              6404584.11
            ],
            [
              308756.12,
              6404605.17
            ],
            [
              308738.54,
              6404617.57
            ],
            [
              308717.24,
              6404629.3
            ],
            [
              308704.76,
              6404636.14
            ],
            [
              308634.21,
              6404670.51
            ],
            [
              308478.59,
              6404771.78
            ],
            [
              308453.8,
              6404786.21
            ],
            [
              308432.14,
              6404795.88
            ],
            [
              308408.01,
              6404802.93
            ],
            [
              308382.0,
              6404806.38
            ],
            [
              308357.66,
              6404806.32
            ],
            [
              308336.65,
              6404804.51
            ],
            [
              308329.88,
              6404803.79
            ],
            [
              308286.95,
              6404796.96
            ],
            [
              308291.64,
              6404802.19
            ],
            [
              308340.31,
              6404856.43
            ],
            [
              308337.86,
              6404857.48
            ],
            [
              308333.14,
              6404859.49
            ],
            [
              308298.29,
              6404820.93
            ],
            [
              308293.14,
              6404815.23
            ],
            [
              308282.83,
              6404803.84
            ]
          ]
        ]
      }
    },
    {
      "type": "Feature",
      "properties": {
        "trakt": "TUMLEHED",
        "etikett": "s:16",
        "is_1945": false
      },
      "geometry": {
        "type": "Polygon",
        "coordinates": [
          [
            [
              305172.85,
              6404423.73
            ],
            [
              305169.4,
              6404423.17
            ],
            [
              305165.23,
              6404420.59
            ],
            [
              305165.53,
              6404417.47
            ],
            [
              305162.06,
              6404417.99
            ],
            [
              305161.16,
              6404416.5
            ],
            [
              305158.03,
              6404415.05
            ],
            [
              305155.32,
              6404413.47
            ],
            [
              305155.94,
              6404409.82
            ],
            [
              305152.62,
              6404407.64
            ],
            [
              305153.7,
              6404405.39
            ],
            [
              305152.28,
              6404404.38
            ],
            [
              305156.76,
              6404402.56
            ],
            [
              305157.15,
              6404401.45
            ],
            [
              305163.3,
              6404398.97
            ],
            [
              305163.46,
              6404395.54
            ],
            [
              305163.81,
              6404393.72
            ],
            [
              305162.71,
              6404391.4
            ],
            [
              305164.09,
              6404389.34
            ],
            [
              305161.28,
              6404380.24
            ],
            [
              305151.9,
              6404377.28
            ],
            [
              305149.49,
              6404378.58
            ],
            [
              305150.37,
              6404382.89
            ],
            [
              305146.91,
              6404383.77
            ],
            [
              305145.64,
              6404385.37
            ],
            [
              305146.91,
              6404388.15
            ],
            [
              305141.91,
              6404392.87
            ],
            [
              305142.57,
              6404394.14
            ],
            [
              305140.06,
              6404395.73
            ],
            [
              305136.71,
              6404396.96
            ],
            [
              305134.83,
              6404395.23
            ],
            [
              305132.99,
              6404398.0
            ],
            [
              305133.81,
              6404401.53
            ],
            [
              305135.22,
              6404401.49
            ],
            [
              305136.4,
              6404403.88
            ],
            [
              305138.69,
              6404406.73
            ],
            [
              305144.28,
              6404407.54
            ],
            [
              305143.91,
              6404409.64
            ],
            [
              305138.61,
              6404410.05
            ],
            [
              305137.0,
              6404413.59
            ],
            [
              305134.15,
              6404413.74
            ],
            [
              305132.94,
              6404415.58
            ],
            [
              305129.7,
              6404415.76
            ],
            [
              305126.36,
              6404417.09
            ],
            [
              305127.23,
              6404420.53
            ],
            [
              305130.1,
              6404418.24
            ],
            [
              305132.0,
              6404418.33
            ],
            [
              305132.77,
              6404419.42
            ],
            [
              305133.69,
              6404420.38
            ],
            [
              305131.71,
              6404422.31
            ],
            [
              305129.0,
              6404423.59
            ],
            [
              305128.19,
              6404425.51
            ],
            [
              305126.36,
              6404427.08
            ],
            [
              305125.61,
              6404429.31
            ],
            [
              305122.16,
              6404432.14
            ],
            [
              305117.84,
              6404432.47
            ],
            [
              305113.77,
              6404434.47
            ],
            [
              305113.35,
              6404436.21
            ],
            [
              305110.92,
              6404437.79
            ],
            [
              305107.03,
              6404437.45
            ],
            [
              305103.79,
              6404436.93
            ],
            [
              305104.91,
              6404435.36
            ],
            [
              305104.54,
              6404434.36
            ],
            [
              305106.94,
              6404427.1
            ],
            [
              305110.41,
              6404424.53
            ],
            [
              305109.47,
              6404423.8
            ],
            [
              305110.07,
              6404420.34
            ],
            [
              305112.78,
              6404417.09
            ],
            [
              305112.45,
              6404412.66
            ],
            [
              305100.35,
              6404401.47
            ],
            [
              305131.83,
              6404383.86
            ],
            [
              305154.55,
              6404360.64
            ],
            [
              305161.08,
              6404365.8
            ],
            [
              305178.99,
              6404385.39
            ],
            [
              305172.85,
              6404423.73
            ]
          ]
        ]
      }
    },
    {
      "type": "Feature",
      "properties": {
        "trakt": "LILLEBY",
        "etikett": "4:8",
        "is_1945": false
      },
      "geometry": {
        "type": "Polygon",
        "coordinates": [
          [
            [
              305682.78,
              6404419.6
            ],
            [
              305692.32,
              6404450.64
            ],
            [
              305695.52,
              6404461.2
            ],
            [
              305693.02,
              6404463.47
            ],
            [
              305622.26,
              6404525.46
            ],
            [
              305574.39,
              6404542.91
            ],
            [
              305538.83,
              6404586.86
            ],
            [
              305510.99,
              6404589.28
            ],
            [
              305513.12,
              6404520.36
            ],
            [
              305513.43,
              6404518.69
            ],
            [
              305513.92,
              6404517.07
            ],
            [
              305514.57,
              6404515.51
            ],
            [
              305515.37,
              6404514.02
            ],
            [
              305516.33,
              6404512.62
            ],
            [
              305517.42,
              6404511.32
            ],
            [
              305518.63,
              6404510.15
            ],
            [
              305519.97,
              6404509.1
            ],
            [
              305521.4,
              6404508.2
            ],
            [
              305568.07,
              6404482.34
            ],
            [
              305592.02,
              6404469.24
            ],
            [
              305628.89,
              6404449.08
            ],
            [
              305682.78,
              6404419.6
            ]
          ]
        ]
      }
    },
    {
      "type": "Feature",
      "properties": {
        "trakt": "TUMLEHED",
        "etikett": "1:25",
        "is_1945": true
      },
      "geometry": {
        "type": "Polygon",
        "coordinates": [
          [
            [
              305585.19,
              6404442.46
            ],
            [
              305608.55,
              6404431.01
            ],
            [
              305609.76,
              6404430.71
            ],
            [
              305611.0,
              6404430.57
            ],
            [
              305612.24,
              6404430.6
            ],
            [
              305613.47,
              6404430.79
            ],
            [
              305614.67,
              6404431.14
            ],
            [
              305615.8,
              6404431.65
            ],
            [
              305616.86,
              6404432.3
            ],
            [
              305617.83,
              6404433.08
            ],
            [
              305618.68,
              6404433.99
            ],
            [
              305628.89,
              6404449.08
            ],
            [
              305592.02,
              6404469.24
            ],
            [
              305585.19,
              6404442.46
            ]
          ]
        ]
      }
    },
    {
      "type": "Feature",
      "properties": {
        "trakt": "TUMLEHED",
        "etikett": "1:31",
        "is_1945": true
      },
      "geometry": {
        "type": "Polygon",
        "coordinates": [
          [
            [
              305564.59,
              6404395.04
            ],
            [
              305578.33,
              6404390.93
            ],
            [
              305592.13,
              6404390.59
            ],
            [
              305606.12,
              6404399.02
            ],
            [
              305614.15,
              6404417.66
            ],
            [
              305588.71,
              6404429.45
            ],
            [
              305576.75,
              6404433.54
            ],
            [
              305564.59,
              6404395.04
            ]
          ]
        ]
      }
    },
    {
      "type": "Feature",
      "properties": {
        "trakt": "TUMLEHED",
        "etikett": "1:43",
        "is_1945": true
      },
      "geometry": {
        "type": "Polygon",
        "coordinates": [
          [
            [
              305452.91,
              6404449.94
            ],
            [
              305487.41,
              6404455.01
            ],
            [
              305480.36,
              6404493.89
            ],
            [
              305446.21,
              6404489.36
            ],
            [
              305452.91,
              6404449.94
            ]
          ]
        ]
      }
    },
    {
      "type": "Feature",
      "properties": {
        "trakt": "TUMLEHED",
        "etikett": "1:55",
        "is_1945": false
      },
      "geometry": {
        "type": "Polygon",
        "coordinates": [
          [
            [
              305189.07,
              6404123.31
            ],
            [
              305189.06,
              6404123.59
            ],
            [
              305187.2,
              6404140.55
            ],
            [
              305185.02,
              6404151.3
            ],
            [
              305164.08,
              6404155.18
            ],
            [
              305154.4,
              6404156.5
            ],
            [
              305152.91,
              6404156.7
            ],
            [
              305150.81,
              6404156.98
            ],
            [
              305141.58,
              6404126.74
            ],
            [
              305189.07,
              6404123.31
            ]
          ]
        ]
      }
    },
    {
      "type": "Feature",
      "properties": {
        "trakt": "TUMLEHED",
        "etikett": "3:6",
        "is_1945": false
      },
      "geometry": {
        "type": "Polygon",
        "coordinates": [
          [
            [
              305212.77,
              6404443.88
            ],
            [
              305211.08,
              6404443.64
            ],
            [
              305209.85,
              6404441.94
            ],
            [
              305208.86,
              6404440.83
            ],
            [
              305207.5,
              6404437.97
            ],
            [
              305205.39,
              6404436.75
            ],
            [
              305202.0,
              6404436.09
            ],
            [
              305199.48,
              6404434.33
            ],
            [
              305195.52,
              6404431.31
            ],
            [
              305193.27,
              6404430.51
            ],
            [
              305191.61,
              6404431.1
            ],
            [
              305186.8,
              6404431.41
            ],
            [
              305181.7,
              6404431.67
            ],
            [
              305176.94,
              6404430.91
            ],
            [
              305173.51,
              6404428.53
            ],
            [
              305172.85,
              6404423.73
            ],
            [
              305178.99,
              6404385.39
            ],
            [
              305187.02,
              6404377.67
            ],
            [
              305200.45,
              6404377.22
            ],
            [
              305200.46,
              6404380.22
            ],
            [
              305204.2,
              6404380.12
            ],
            [
              305204.0,
              6404377.13
            ],
            [
              305209.12,
              6404377.06
            ],
            [
              305212.77,
              6404443.88
            ]
          ]
        ]
      }
    },
    {
      "type": "Feature",
      "properties": {
        "trakt": "TUMLEHED",
        "etikett": "s:17>1",
        "is_1945": false
      },
      "geometry": {
        "type": "Polygon",
        "coordinates": [
          [
            [
              305062.78,
              6404192.07
            ],
            [
              305060.35,
              6404187.15
            ],
            [
              305056.33,
              6404184.83
            ],
            [
              305044.58,
              6404189.58
            ],
            [
              305041.34,
              6404191.63
            ],
            [
              305041.07,
              6404191.78
            ],
            [
              305044.7,
              6404178.35
            ],
            [
              305066.71,
              6404181.74
            ],
            [
              305062.78,
              6404192.07
            ]
          ]
        ]
      }
    },
    {
      "type": "Feature",
      "properties": {
        "trakt": "TUMLEHED",
        "etikett": "s:17>2",
        "is_1945": false
      },
      "geometry": {
        "type": "Polygon",
        "coordinates": [
          [
            [
              305064.44,
              6404204.86
            ],
            [
              305064.63,
              6404200.15
            ],
            [
              305063.49,
              6404193.51
            ],
            [
              305063.18,
              6404192.87
            ],
            [
              305067.32,
              6404181.95
            ],
            [
              305082.7,
              6404184.8
            ],
            [
              305082.27,
              6404207.97
            ],
            [
              305081.28,
              6404212.96
            ],
            [
              305064.44,
              6404204.86
            ]
          ]
        ]
      }
    },
    {
      "type": "Feature",
      "properties": {
        "trakt": "TUMLEHED",
        "etikett": "1:32",
        "is_1945": true
      },
      "geometry": {
        "type": "Polygon",
        "coordinates": [
          [
            [
              305376.36,
              6404379.62
            ],
            [
              305358.53,
              6404414.31
            ],
            [
              305326.36,
              6404397.82
            ],
            [
              305345.14,
              6404363.27
            ],
            [
              305376.36,
              6404379.62
            ]
          ]
        ]
      }
    },
    {
      "type": "Feature",
      "properties": {
        "trakt": "TUMLEHED",
        "etikett": "1:38",
        "is_1945": true
      },
      "geometry": {
        "type": "Polygon",
        "coordinates": [
          [
            [
              305452.91,
              6404449.94
            ],
            [
              305446.21,
              6404489.36
            ],
            [
              305424.03,
              6404486.45
            ],
            [
              305417.25,
              6404481.92
            ],
            [
              305423.49,
              6404445.69
            ],
            [
              305452.91,
              6404449.94
            ]
          ]
        ]
      }
    },
    {
      "type": "Feature",
      "properties": {
        "trakt": "TUMLEHED",
        "etikett": "1:33",
        "is_1945": true
      },
      "geometry": {
        "type": "Polygon",
        "coordinates": [
          [
            [
              305275.51,
              6404379.04
            ],
            [
              305296.54,
              6404395.31
            ],
            [
              305306.9,
              6404400.86
            ],
            [
              305301.01,
              6404409.53
            ],
            [
              305258.5,
              6404423.43
            ],
            [
              305248.27,
              6404416.1
            ],
            [
              305275.51,
              6404379.04
            ]
          ]
        ]
      }
    },
    {
      "type": "Feature",
      "properties": {
        "trakt": "TUMLEHED",
        "etikett": "1:39",
        "is_1945": true
      },
      "geometry": {
        "type": "Polygon",
        "coordinates": [
          [
            [
              305487.41,
              6404455.01
            ],
            [
              305532.89,
              6404461.7
            ],
            [
              305499.56,
              6404496.41
            ],
            [
              305480.36,
              6404493.89
            ],
            [
              305487.41,
              6404455.01
            ]
          ]
        ]
      }
    },
    {
      "type": "Feature",
      "properties": {
        "trakt": "TUMLEHED",
        "etikett": "1:57",
        "is_1945": true
      },
      "geometry": {
        "type": "Polygon",
        "coordinates": [
          [
            [
              305316.58,
              6404348.64
            ],
            [
              305339.87,
              6404359.74
            ],
            [
              305340.74,
              6404363.28
            ],
            [
              305322.74,
              6404395.99
            ],
            [
              305296.42,
              6404382.96
            ],
            [
              305316.58,
              6404348.64
            ]
          ]
        ]
      }
    },
    {
      "type": "Feature",
      "properties": {
        "trakt": "TUMLEHED",
        "etikett": "3:9",
        "is_1945": false
      },
      "geometry": {
        "type": "Polygon",
        "coordinates": [
          [
            [
              305225.71,
              6404292.68
            ],
            [
              305229.03,
              6404309.25
            ],
            [
              305226.94,
              6404341.43
            ],
            [
              305202.88,
              6404332.32
            ],
            [
              305209.27,
              6404311.17
            ],
            [
              305209.72,
              6404292.61
            ],
            [
              305225.71,
              6404292.68
            ]
          ]
        ]
      }
    },
    {
      "type": "Feature",
      "properties": {
        "trakt": "TUMLEHED",
        "etikett": "3:13>1",
        "is_1945": false
      },
      "geometry": {
        "type": "Polygon",
        "coordinates": [
          [
            [
              305125.68,
              6404222.52
            ],
            [
              305132.06,
              6404202.43
            ],
            [
              305139.38,
              6404195.81
            ],
            [
              305154.03,
              6404195.09
            ],
            [
              305155.17,
              6404197.03
            ],
            [
              305159.86,
              6404209.56
            ],
            [
              305160.91,
              6404220.71
            ],
            [
              305125.68,
              6404222.52
            ]
          ]
        ]
      }
    },
    {
      "type": "Feature",
      "properties": {
        "trakt": "TUMLEHED",
        "etikett": "3:12",
        "is_1945": false
      },
      "geometry": {
        "type": "Polygon",
        "coordinates": [
          [
            [
              305141.65,
              6404242.04
            ],
            [
              305125.68,
              6404222.52
            ],
            [
              305160.91,
              6404220.71
            ],
            [
              305163.42,
              6404247.5
            ],
            [
              305162.84,
              6404252.16
            ],
            [
              305141.65,
              6404242.04
            ]
          ]
        ]
      }
    },
    {
      "type": "Feature",
      "properties": {
        "trakt": "TUMLEHED",
        "etikett": "3:13>2",
        "is_1945": false
      },
      "geometry": {
        "type": "Polygon",
        "coordinates": [
          [
            [
              305161.91,
              6404220.66
            ],
            [
              305161.43,
              6404215.6
            ],
            [
              305160.85,
              6404209.33
            ],
            [
              305156.08,
              6404196.59
            ],
            [
              305155.16,
              6404195.03
            ],
            [
              305156.22,
              6404194.98
            ],
            [
              305184.05,
              6404193.61
            ],
            [
              305182.62,
              6404211.86
            ],
            [
              305182.32,
              6404215.65
            ],
            [
              305165.73,
              6404216.43
            ],
            [
              305161.91,
              6404220.66
            ]
          ]
        ]
      }
    },
    {
      "type": "Feature",
      "properties": {
        "trakt": "TUMLEHED",
        "etikett": "fs:10>2",
        "is_1945": false
      },
      "geometry": {
        "type": "Polygon",
        "coordinates": [
          [
            [
              305302.59,
              6404505.89
            ],
            [
              305319.25,
              6404512.43
            ],
            [
              305330.44,
              6404513.22
            ],
            [
              305336.72,
              6404519.38
            ],
            [
              305350.06,
              6404520.5
            ],
            [
              305361.1,
              6404527.73
            ],
            [
              305369.98,
              6404524.77
            ],
            [
              305373.21,
              6404520.33
            ],
            [
              305380.98,
              6404521.28
            ],
            [
              305385.57,
              6404518.5
            ],
            [
              305385.44,
              6404515.5
            ],
            [
              305392.62,
              6404513.04
            ],
            [
              305402.91,
              6404513.01
            ],
            [
              305417.76,
              6404509.36
            ],
            [
              305447.78,
              6404509.31
            ],
            [
              305463.19,
              6404508.63
            ],
            [
              305472.45,
              6404514.22
            ],
            [
              305473.57,
              6404520.18
            ],
            [
              305478.58,
              6404521.12
            ],
            [
              305484.31,
              6404522.19
            ],
            [
              305478.77,
              6404539.32
            ],
            [
              305482.26,
              6404540.63
            ],
            [
              305487.95,
              6404522.88
            ],
            [
              305493.9,
              6404523.99
            ],
            [
              305494.84,
              6404530.74
            ],
            [
              305498.93,
              6404523.2
            ],
            [
              305503.87,
              6404518.31
            ],
            [
              305514.96,
              6404508.24
            ],
            [
              305518.79,
              6404510.01
            ],
            [
              305518.77,
              6404510.03
            ],
            [
              305518.17,
              6404510.57
            ],
            [
              305517.6,
              6404511.13
            ],
            [
              305517.06,
              6404511.72
            ],
            [
              305516.54,
              6404512.34
            ],
            [
              305516.06,
              6404512.98
            ],
            [
              305515.61,
              6404513.64
            ],
            [
              305515.19,
              6404514.33
            ],
            [
              305514.81,
              6404515.03
            ],
            [
              305514.46,
              6404515.75
            ],
            [
              305514.14,
              6404516.49
            ],
            [
              305513.86,
              6404517.24
            ],
            [
              305513.62,
              6404518.0
            ],
            [
              305513.41,
              6404518.78
            ],
            [
              305513.25,
              6404519.56
            ],
            [
              305513.12,
              6404520.36
            ],
            [
              305510.99,
              6404589.28
            ],
            [
              305445.57,
              6404610.01
            ],
            [
              305425.88,
              6404616.25
            ],
            [
              305248.46,
              6404753.57
            ],
            [
              305302.59,
              6404505.89
            ]
          ],
          [
            [
              305388.62,
              6404522.61
            ],
            [
              305387.43,
              6404526.24
            ],
            [
              305390.37,
              6404528.55
            ],
            [
              305394.06,
              6404529.16
            ],
            [
              305398.63,
              6404532.06
            ],
            [
              305404.6,
              6404533.76
            ],
            [
              305407.77,
              6404533.13
            ],
            [
              305414.98,
              6404536.72
            ],
            [
              305419.36,
              6404535.77
            ],
            [
              305419.91,
              6404538.07
            ],
            [
              305424.41,
              6404537.68
            ],
            [
              305424.32,
              6404540.36
            ],
            [
              305426.13,
              6404541.25
            ],
            [
              305428.46,
              6404540.07
            ],
            [
              305427.34,
              6404536.93
            ],
            [
              305422.15,
              6404532.0
            ],
            [
              305421.22,
              6404529.01
            ],
            [
              305418.7,
              6404526.34
            ],
            [
              305413.84,
              6404524.51
            ],
            [
              305408.46,
              6404521.07
            ],
            [
              305403.04,
              6404519.2
            ],
            [
              305394.92,
              6404518.79
            ],
            [
              305388.62,
              6404522.61
            ]
          ]
        ]
      }
    },
    {
      "type": "Feature",
      "properties": {
        "trakt": "LILLEBY",
        "etikett": "fs:30>1",
        "is_1945": false
      },
      "geometry": {
        "type": "Polygon",
        "coordinates": [
          [
            [
              306301.39,
              6405066.01
            ],
            [
              306300.55,
              6405066.7
            ],
            [
              306296.96,
              6405068.13
            ],
            [
              306297.21,
              6405070.5
            ],
            [
              306300.18,
              6405071.08
            ],
            [
              306302.05,
              6405069.89
            ],
            [
              306304.91,
              6405086.67
            ],
            [
              306304.58,
              6405087.88
            ],
            [
              306305.23,
              6405088.55
            ],
            [
              306305.3,
              6405088.98
            ],
            [
              306305.62,
              6405090.9
            ],
            [
              306303.73,
              6405090.87
            ],
            [
              306302.01,
              6405093.19
            ],
            [
              306306.05,
              6405095.68
            ],
            [
              306306.41,
              6405095.52
            ],
            [
              306307.42,
              6405101.43
            ],
            [
              306300.76,
              6405106.31
            ],
            [
              306300.43,
              6405108.29
            ],
            [
              306303.18,
              6405110.14
            ],
            [
              306300.71,
              6405114.75
            ],
            [
              306302.05,
              6405116.37
            ],
            [
              306305.31,
              6405113.84
            ],
            [
              306308.9,
              6405112.42
            ],
            [
              306309.32,
              6405112.55
            ],
            [
              306352.79,
              6405367.74
            ],
            [
              306272.23,
              6405424.49
            ],
            [
              306268.71,
              6405423.72
            ],
            [
              306265.2,
              6405422.92
            ],
            [
              306261.7,
              6405422.08
            ],
            [
              306258.21,
              6405421.21
            ],
            [
              306254.73,
              6405420.31
            ],
            [
              306251.25,
              6405419.37
            ],
            [
              306247.79,
              6405418.4
            ],
            [
              306244.33,
              6405417.4
            ],
            [
              306240.88,
              6405416.36
            ],
            [
              306237.45,
              6405415.29
            ],
            [
              306234.03,
              6405414.18
            ],
            [
              306230.61,
              6405413.05
            ],
            [
              306227.21,
              6405411.87
            ],
            [
              306223.88,
              6405412.87
            ],
            [
              306220.54,
              6405413.83
            ],
            [
              306217.19,
              6405414.75
            ],
            [
              306213.83,
              6405415.64
            ],
            [
              306210.46,
              6405416.48
            ],
            [
              306207.08,
              6405417.29
            ],
            [
              306203.7,
              6405418.06
            ],
            [
              306200.3,
              6405418.79
            ],
            [
              306196.89,
              6405419.47
            ],
            [
              306193.48,
              6405420.12
            ],
            [
              306190.06,
              6405420.73
            ],
            [
              306186.63,
              6405421.3
            ],
            [
              306183.2,
              6405421.83
            ],
            [
              306179.76,
              6405422.33
            ],
            [
              306176.32,
              6405422.78
            ],
            [
              306172.87,
              6405423.19
            ],
            [
              306169.41,
              6405423.56
            ],
            [
              306165.96,
              6405423.9
            ],
            [
              306162.49,
              6405424.19
            ],
            [
              306159.03,
              6405424.44
            ],
            [
              306155.56,
              6405424.66
            ],
            [
              306152.09,
              6405424.83
            ],
            [
              306148.62,
              6405424.96
            ],
            [
              306145.15,
              6405425.06
            ],
            [
              306141.67,
              6405425.11
            ],
            [
              306138.2,
              6405425.13
            ],
            [
              306134.72,
              6405425.1
            ],
            [
              306131.25,
              6405425.03
            ],
            [
              306127.78,
              6405424.93
            ],
            [
              306124.31,
              6405424.78
            ],
            [
              306120.84,
              6405424.59
            ],
            [
              306117.37,
              6405424.37
            ],
            [
              306113.91,
              6405424.1
            ],
            [
              306110.45,
              6405423.8
            ],
            [
              306106.99,
              6405423.45
            ],
            [
              306103.54,
              6405423.07
            ],
            [
              306100.09,
              6405422.64
            ],
            [
              306096.65,
              6405422.18
            ],
            [
              306093.21,
              6405421.67
            ],
            [
              306089.78,
              6405421.13
            ],
            [
              306086.35,
              6405420.55
            ],
            [
              306082.94,
              6405419.92
            ],
            [
              306079.53,
              6405419.26
            ],
            [
              306076.12,
              6405418.56
            ],
            [
              306072.73,
              6405417.82
            ],
            [
              306069.34,
              6405417.04
            ],
            [
              306065.97,
              6405416.22
            ],
            [
              306062.6,
              6405415.37
            ],
            [
              306059.24,
              6405414.47
            ],
            [
              306055.9,
              6405413.54
            ],
            [
              306052.56,
              6405412.57
            ],
            [
              306049.24,
              6405411.55
            ],
            [
              306045.92,
              6405410.51
            ],
            [
              306042.63,
              6405409.42
            ],
            [
              306039.34,
              6405408.29
            ],
            [
              306036.07,
              6405407.13
            ],
            [
              306032.8,
              6405405.93
            ],
            [
              306029.56,
              6405404.69
            ],
            [
              306026.33,
              6405403.42
            ],
            [
              306023.11,
              6405402.11
            ],
            [
              306019.91,
              6405400.76
            ],
            [
              306016.72,
              6405399.37
            ],
            [
              306013.55,
              6405397.95
            ],
            [
              306010.4,
              6405396.49
            ],
            [
              306007.26,
              6405395.0
            ],
            [
              306004.15,
              6405393.46
            ],
            [
              306001.04,
              6405391.9
            ],
            [
              306002.25,
              6405395.16
            ],
            [
              306003.41,
              6405398.44
            ],
            [
              306004.54,
              6405401.73
            ],
            [
              306005.63,
              6405405.03
            ],
            [
              306006.68,
              6405408.35
            ],
            [
              306007.69,
              6405411.68
            ],
            [
              306008.67,
              6405415.02
            ],
            [
              306009.61,
              6405418.37
            ],
            [
              306010.51,
              6405421.73
            ],
            [
              306011.37,
              6405425.1
            ],
            [
              306012.19,
              6405428.48
            ],
            [
              306012.97,
              6405431.87
            ],
            [
              306013.72,
              6405435.26
            ],
            [
              306014.42,
              6405438.67
            ],
            [
              306015.09,
              6405442.08
            ],
            [
              306015.72,
              6405445.5
            ],
            [
              306016.31,
              6405448.93
            ],
            [
              306016.86,
              6405452.37
            ],
            [
              306017.37,
              6405455.81
            ],
            [
              306017.84,
              6405459.25
            ],
            [
              306018.27,
              6405462.71
            ],
            [
              306018.66,
              6405466.16
            ],
            [
              306019.02,
              6405469.62
            ],
            [
              306019.33,
              6405473.09
            ],
            [
              306019.6,
              6405476.55
            ],
            [
              306019.84,
              6405480.03
            ],
            [
              306020.03,
              6405483.5
            ],
            [
              306020.19,
              6405486.97
            ],
            [
              306020.3,
              6405490.45
            ],
            [
              306020.38,
              6405493.93
            ],
            [
              306020.41,
              6405497.41
            ],
            [
              306020.41,
              6405500.88
            ],
            [
              306020.36,
              6405504.36
            ],
            [
              306020.28,
              6405507.84
            ],
            [
              306020.16,
              6405511.32
            ],
            [
              306019.99,
              6405514.79
            ],
            [
              306019.79,
              6405518.26
            ],
            [
              306019.55,
              6405521.73
            ],
            [
              306019.27,
              6405525.2
            ],
            [
              306018.95,
              6405528.66
            ],
            [
              306018.59,
              6405532.12
            ],
            [
              306018.19,
              6405535.58
            ],
            [
              306017.75,
              6405539.03
            ],
            [
              306017.27,
              6405542.47
            ],
            [
              306016.75,
              6405545.91
            ],
            [
              306016.19,
              6405549.35
            ],
            [
              306015.59,
              6405552.77
            ],
            [
              306014.96,
              6405556.19
            ],
            [
              306014.28,
              6405559.61
            ],
            [
              306013.57,
              6405563.01
            ],
            [
              306012.82,
              6405566.41
            ],
            [
              306012.02,
              6405569.79
            ],
            [
              306011.1,
              6405573.37
            ],
            [
              306010.15,
              6405576.93
            ],
            [
              306009.15,
              6405580.48
            ],
            [
              306008.11,
              6405584.02
            ],
            [
              306007.04,
              6405587.55
            ],
            [
              306005.93,
              6405591.06
            ],
            [
              306004.78,
              6405594.57
            ],
            [
              306003.59,
              6405598.06
            ],
            [
              306002.37,
              6405601.54
            ],
            [
              306001.1,
              6405605.0
            ],
            [
              305999.81,
              6405608.46
            ],
            [
              305998.47,
              6405611.89
            ],
            [
              305997.1,
              6405615.32
            ],
            [
              305995.68,
              6405618.72
            ],
            [
              305994.24,
              6405622.12
            ],
            [
              305992.75,
              6405625.49
            ],
            [
              305991.23,
              6405628.85
            ],
            [
              305989.68,
              6405632.2
            ],
            [
              305988.09,
              6405635.52
            ],
            [
              305986.46,
              6405638.83
            ],
            [
              305984.79,
              6405642.12
            ],
            [
              305983.09,
              6405645.4
            ],
            [
              305981.36,
              6405648.65
            ],
            [
              305979.59,
              6405651.89
            ],
            [
              305977.3,
              6405655.58
            ],
            [
              305974.98,
              6405659.25
            ],
            [
              305972.62,
              6405662.89
            ],
            [
              305970.23,
              6405666.52
            ],
            [
              305967.81,
              6405670.12
            ],
            [
              305965.35,
              6405673.7
            ],
            [
              305962.87,
              6405677.26
            ],
            [
              305960.35,
              6405680.8
            ],
            [
              305957.8,
              6405684.32
            ],
            [
              305955.22,
              6405687.81
            ],
            [
              305952.6,
              6405691.27
            ],
            [
              305949.96,
              6405694.72
            ],
            [
              305947.28,
              6405698.14
            ],
            [
              305944.58,
              6405701.53
            ],
            [
              305941.84,
              6405704.91
            ],
            [
              305939.38,
              6405708.09
            ],
            [
              305936.9,
              6405711.25
            ],
            [
              305934.39,
              6405714.39
            ],
            [
              305931.85,
              6405717.51
            ],
            [
              305929.28,
              6405720.6
            ],
            [
              305926.68,
              6405723.67
            ],
            [
              305924.06,
              6405726.72
            ],
            [
              305921.41,
              6405729.75
            ],
            [
              305918.74,
              6405732.75
            ],
            [
              305916.04,
              6405735.73
            ],
            [
              305913.31,
              6405738.68
            ],
            [
              305910.56,
              6405741.62
            ],
            [
              305907.78,
              6405744.52
            ],
            [
              305904.97,
              6405747.4
            ],
            [
              305902.14,
              6405750.26
            ],
            [
              305899.61,
              6405752.59
            ],
            [
              305897.04,
              6405754.89
            ],
            [
              305894.46,
              6405757.16
            ],
            [
              305891.84,
              6405759.4
            ],
            [
              305889.2,
              6405761.61
            ],
            [
              305886.54,
              6405763.8
            ],
            [
              305883.85,
              6405765.95
            ],
            [
              305881.14,
              6405768.07
            ],
            [
              305878.41,
              6405770.16
            ],
            [
              305875.65,
              6405772.22
            ],
            [
              305872.86,
              6405774.25
            ],
            [
              305870.06,
              6405776.25
            ],
            [
              305867.23,
              6405778.21
            ],
            [
              305864.39,
              6405780.15
            ],
            [
              305861.52,
              6405782.05
            ],
            [
              305858.62,
              6405783.92
            ],
            [
              305855.71,
              6405785.76
            ],
            [
              305852.78,
              6405787.56
            ],
            [
              305849.83,
              6405789.33
            ],
            [
              305846.85,
              6405791.07
            ],
            [
              305843.86,
              6405792.77
            ],
            [
              305840.85,
              6405794.45
            ],
            [
              305837.82,
              6405796.08
            ],
            [
              305834.78,
              6405797.68
            ],
            [
              305831.71,
              6405799.25
            ],
            [
              305828.63,
              6405800.78
            ],
            [
              305825.53,
              6405802.28
            ],
            [
              305822.41,
              6405803.75
            ],
            [
              305819.28,
              6405805.18
            ],
            [
              305816.13,
              6405806.57
            ],
            [
              305812.97,
              6405807.93
            ],
            [
              305809.79,
              6405809.25
            ],
            [
              305806.59,
              6405810.54
            ],
            [
              305803.39,
              6405811.79
            ],
            [
              305800.16,
              6405813.0
            ],
            [
              305796.93,
              6405814.18
            ],
            [
              305793.68,
              6405815.32
            ],
            [
              305790.42,
              6405816.42
            ],
            [
              305787.15,
              6405817.49
            ],
            [
              305783.86,
              6405818.52
            ],
            [
              305780.56,
              6405819.52
            ],
            [
              305777.26,
              6405820.48
            ],
            [
              305773.94,
              6405821.4
            ],
            [
              305770.61,
              6405822.28
            ],
            [
              305767.27,
              6405823.12
            ],
            [
              305763.97,
              6405823.98
            ],
            [
              305760.65,
              6405824.81
            ],
            [
              305757.32,
              6405825.59
            ],
            [
              305753.99,
              6405826.34
            ],
            [
              305750.65,
              6405827.05
            ],
            [
              305747.3,
              6405827.72
            ],
            [
              305743.94,
              6405828.35
            ],
            [
              305740.58,
              6405828.95
            ],
            [
              305737.21,
              6405829.51
            ],
            [
              305733.83,
              6405830.02
            ],
            [
              305730.45,
              6405830.5
            ],
            [
              305727.06,
              6405830.95
            ],
            [
              305723.66,
              6405831.35
            ],
            [
              305720.27,
              6405831.71
            ],
            [
              305716.87,
              6405832.04
            ],
            [
              305713.46,
              6405832.33
            ],
            [
              305710.05,
              6405832.57
            ],
            [
              305706.64,
              6405832.78
            ],
            [
              305703.23,
              6405832.96
            ],
            [
              305699.82,
              6405833.09
            ],
            [
              305696.4,
              6405833.18
            ],
            [
              305692.99,
              6405833.24
            ],
            [
              305689.57,
              6405833.25
            ],
            [
              305686.15,
              6405833.23
            ],
            [
              305682.74,
              6405833.17
            ],
            [
              305679.32,
              6405833.07
            ],
            [
              305675.91,
              6405832.93
            ],
            [
              305672.49,
              6405832.75
            ],
            [
              305669.09,
              6405832.53
            ],
            [
              305665.68,
              6405832.28
            ],
            [
              305662.27,
              6405831.98
            ],
            [
              305658.87,
              6405831.65
            ],
            [
              305655.48,
              6405831.28
            ],
            [
              305651.97,
              6405831.88
            ],
            [
              305648.46,
              6405832.44
            ],
            [
              305644.95,
              6405832.97
            ],
            [
              305641.42,
              6405833.46
            ],
            [
              305637.9,
              6405833.9
            ],
            [
              305634.37,
              6405834.31
            ],
            [
              305630.83,
              6405834.68
            ],
            [
              305627.29,
              6405835.01
            ],
            [
              305623.75,
              6405835.3
            ],
            [
              305620.2,
              6405835.55
            ],
            [
              305616.65,
              6405835.76
            ],
            [
              305613.1,
              6405835.93
            ],
            [
              305609.55,
              6405836.06
            ],
            [
              305605.99,
              6405836.15
            ],
            [
              305602.44,
              6405836.2
            ],
            [
              305598.88,
              6405836.21
            ],
            [
              305595.33,
              6405836.18
            ],
            [
              305591.77,
              6405836.12
            ],
            [
              305588.22,
              6405836.01
            ],
            [
              305584.67,
              6405835.86
            ],
            [
              305581.12,
              6405835.68
            ],
            [
              305577.57,
              6405835.45
            ],
            [
              305574.02,
              6405835.18
            ],
            [
              305570.48,
              6405834.88
            ],
            [
              305566.94,
              6405834.53
            ],
            [
              305563.41,
              6405834.15
            ],
            [
              305559.88,
              6405833.73
            ],
            [
              305556.35,
              6405833.26
            ],
            [
              305552.83,
              6405832.76
            ],
            [
              305549.32,
              6405832.22
            ],
            [
              305545.81,
              6405831.64
            ],
            [
              305542.31,
              6405831.02
            ],
            [
              305538.82,
              6405830.36
            ],
            [
              305535.33,
              6405829.66
            ],
            [
              305531.85,
              6405828.92
            ],
            [
              305528.38,
              6405828.15
            ],
            [
              305524.92,
              6405827.33
            ],
            [
              305521.47,
              6405826.48
            ],
            [
              305518.03,
              6405825.59
            ],
            [
              305514.6,
              6405824.66
            ],
            [
              305511.18,
              6405823.69
            ],
            [
              305507.77,
              6405822.68
            ],
            [
              305504.37,
              6405821.64
            ],
            [
              305500.8,
              6405821.44
            ],
            [
              305497.23,
              6405821.2
            ],
            [
              305493.67,
              6405820.92
            ],
            [
              305490.11,
              6405820.6
            ],
            [
              305486.56,
              6405820.24
            ],
            [
              305483.0,
              6405819.84
            ],
            [
              305479.46,
              6405819.41
            ],
            [
              305475.92,
              6405818.93
            ],
            [
              305472.38,
              6405818.42
            ],
            [
              305468.85,
              6405817.86
            ],
            [
              305465.33,
              6405817.27
            ],
            [
              305461.81,
              6405816.63
            ],
            [
              305458.3,
              6405815.96
            ],
            [
              305454.8,
              6405815.25
            ],
            [
              305451.3,
              6405814.5
            ],
            [
              305447.82,
              6405813.71
            ],
            [
              305444.34,
              6405812.89
            ],
            [
              305440.87,
              6405812.02
            ],
            [
              305437.42,
              6405811.12
            ],
            [
              305433.97,
              6405810.18
            ],
            [
              305430.53,
              6405809.2
            ],
            [
              305427.11,
              6405808.18
            ],
            [
              305423.69,
              6405807.13
            ],
            [
              305420.29,
              6405806.03
            ],
            [
              305416.9,
              6405804.9
            ],
            [
              305413.52,
              6405803.73
            ],
            [
              305410.16,
              6405802.53
            ],
            [
              305406.81,
              6405801.29
            ],
            [
              305403.47,
              6405800.0
            ],
            [
              305400.15,
              6405798.69
            ],
            [
              305396.84,
              6405797.33
            ],
            [
              305393.55,
              6405795.95
            ],
            [
              305390.27,
              6405794.52
            ],
            [
              305387.01,
              6405793.06
            ],
            [
              305383.77,
              6405791.56
            ],
            [
              305380.54,
              6405790.02
            ],
            [
              305377.33,
              6405788.45
            ],
            [
              305374.14,
              6405786.85
            ],
            [
              305370.96,
              6405785.21
            ],
            [
              305367.81,
              6405783.53
            ],
            [
              305364.67,
              6405781.82
            ],
            [
              305361.55,
              6405780.08
            ],
            [
              305358.45,
              6405778.29
            ],
            [
              305355.37,
              6405776.48
            ],
            [
              305352.31,
              6405774.63
            ],
            [
              305349.28,
              6405772.75
            ],
            [
              305346.26,
              6405770.83
            ],
            [
              305343.26,
              6405768.89
            ],
            [
              305340.29,
              6405766.91
            ],
            [
              305337.34,
              6405764.89
            ],
            [
              305334.41,
              6405762.84
            ],
            [
              305331.5,
              6405760.76
            ],
            [
              305328.62,
              6405758.65
            ],
            [
              305325.76,
              6405756.51
            ],
            [
              305322.92,
              6405754.33
            ],
            [
              305320.11,
              6405752.13
            ],
            [
              305317.33,
              6405749.89
            ],
            [
              305314.56,
              6405747.62
            ],
            [
              305311.83,
              6405745.33
            ],
            [
              305309.12,
              6405743.0
            ],
            [
              305306.43,
              6405740.64
            ],
            [
              305303.77,
              6405738.25
            ],
            [
              305301.14,
              6405735.83
            ],
            [
              305298.54,
              6405733.39
            ],
            [
              305295.96,
              6405730.91
            ],
            [
              305293.41,
              6405728.41
            ],
            [
              305290.89,
              6405725.88
            ],
            [
              305288.39,
              6405723.32
            ],
            [
              305285.92,
              6405720.73
            ],
            [
              305283.49,
              6405718.12
            ],
            [
              305281.08,
              6405715.48
            ],
            [
              305278.7,
              6405712.81
            ],
            [
              305276.35,
              6405710.12
            ],
            [
              305274.03,
              6405707.4
            ],
            [
              305271.74,
              6405704.65
            ],
            [
              305269.49,
              6405701.88
            ],
            [
              305267.26,
              6405699.09
            ],
            [
              305265.06,
              6405696.27
            ],
            [
              305262.9,
              6405693.43
            ],
            [
              305260.77,
              6405690.56
            ],
            [
              305258.66,
              6405687.67
            ],
            [
              305256.6,
              6405684.76
            ],
            [
              305254.56,
              6405681.82
            ],
            [
              305252.55,
              6405678.86
            ],
            [
              305250.58,
              6405675.88
            ],
            [
              305248.65,
              6405672.88
            ],
            [
              305246.74,
              6405669.85
            ],
            [
              305244.87,
              6405666.81
            ],
            [
              305243.03,
              6405663.74
            ],
            [
              305241.23,
              6405660.66
            ],
            [
              305239.46,
              6405657.55
            ],
            [
              305237.73,
              6405654.43
            ],
            [
              305236.03,
              6405651.29
            ],
            [
              305234.36,
              6405648.12
            ],
            [
              305232.73,
              6405644.94
            ],
            [
              305231.14,
              6405641.74
            ],
            [
              305229.58,
              6405638.53
            ],
            [
              305228.06,
              6405635.3
            ],
            [
              305226.57,
              6405632.05
            ],
            [
              305225.12,
              6405628.78
            ],
            [
              305223.7,
              6405625.5
            ],
            [
              305222.33,
              6405622.2
            ],
            [
              305220.98,
              6405618.89
            ],
            [
              305219.68,
              6405615.56
            ],
            [
              305218.41,
              6405612.22
            ],
            [
              305217.18,
              6405608.87
            ],
            [
              305215.99,
              6405605.5
            ],
            [
              305214.83,
              6405602.12
            ],
            [
              305213.71,
              6405598.72
            ],
            [
              305212.63,
              6405595.32
            ],
            [
              305211.59,
              6405591.9
            ],
            [
              305210.58,
              6405588.47
            ],
            [
              305209.61,
              6405585.03
            ],
            [
              305208.41,
              6405581.68
            ],
            [
              305207.24,
              6405578.32
            ],
            [
              305206.12,
              6405574.94
            ],
            [
              305205.03,
              6405571.56
            ],
            [
              305203.98,
              6405568.16
            ],
            [
              305202.96,
              6405564.75
            ],
            [
              305201.99,
              6405561.33
            ],
            [
              305201.05,
              6405557.89
            ],
            [
              305200.16,
              6405554.45
            ],
            [
              305199.3,
              6405551.0
            ],
            [
              305198.47,
              6405547.53
            ],
            [
              305197.69,
              6405544.06
            ],
            [
              305196.95,
              6405540.58
            ],
            [
              305196.25,
              6405537.09
            ],
            [
              305195.58,
              6405533.6
            ],
            [
              305194.96,
              6405530.1
            ],
            [
              305194.37,
              6405526.59
            ],
            [
              305193.83,
              6405523.07
            ],
            [
              305193.32,
              6405519.55
            ],
            [
              305192.85,
              6405516.02
            ],
            [
              305192.42,
              6405512.49
            ],
            [
              305192.04,
              6405508.95
            ],
            [
              305191.69,
              6405505.41
            ],
            [
              305191.38,
              6405501.87
            ],
            [
              305191.11,
              6405498.32
            ],
            [
              305190.88,
              6405494.77
            ],
            [
              305190.69,
              6405491.21
            ],
            [
              305190.54,
              6405487.66
            ],
            [
              305190.43,
              6405484.1
            ],
            [
              305190.36,
              6405480.54
            ],
            [
              305190.34,
              6405476.99
            ],
            [
              305190.35,
              6405473.43
            ],
            [
              305190.4,
              6405469.87
            ],
            [
              305190.49,
              6405466.31
            ],
            [
              305190.62,
              6405462.76
            ],
            [
              305190.78,
              6405459.2
            ],
            [
              305190.99,
              6405455.65
            ],
            [
              305191.24,
              6405452.1
            ],
            [
              305191.53,
              6405448.55
            ],
            [
              305191.86,
              6405445.01
            ],
            [
              305192.23,
              6405441.47
            ],
            [
              305192.64,
              6405437.94
            ],
            [
              305193.09,
              6405434.41
            ],
            [
              305193.58,
              6405430.88
            ],
            [
              305194.1,
              6405427.37
            ],
            [
              305194.67,
              6405423.85
            ],
            [
              305195.28,
              6405420.35
            ],
            [
              305195.92,
              6405416.85
            ],
            [
              305196.61,
              6405413.36
            ],
            [
              305197.33,
              6405409.87
            ],
            [
              305198.09,
              6405406.4
            ],
            [
              305198.89,
              6405402.93
            ],
            [
              305199.73,
              6405399.47
            ],
            [
              305200.61,
              6405396.02
            ],
            [
              305201.53,
              6405392.59
            ],
            [
              305202.49,
              6405389.16
            ],
            [
              305203.48,
              6405385.74
            ],
            [
              305204.52,
              6405382.34
            ],
            [
              305205.59,
              6405378.94
            ],
            [
              305206.7,
              6405375.56
            ],
            [
              305207.84,
              6405372.19
            ],
            [
              305209.03,
              6405368.84
            ],
            [
              305210.25,
              6405365.5
            ],
            [
              305211.51,
              6405362.17
            ],
            [
              305212.8,
              6405358.86
            ],
            [
              305214.14,
              6405355.56
            ],
            [
              305215.51,
              6405352.27
            ],
            [
              305216.92,
              6405349.01
            ],
            [
              305218.36,
              6405345.75
            ],
            [
              305219.84,
              6405342.52
            ],
            [
              305221.36,
              6405339.3
            ],
            [
              305222.91,
              6405336.1
            ],
            [
              305224.5,
              6405332.91
            ],
            [
              305226.12,
              6405329.75
            ],
            [
              305227.78,
              6405326.6
            ],
            [
              305229.48,
              6405323.47
            ],
            [
              305231.21,
              6405320.36
            ],
            [
              305232.97,
              6405317.27
            ],
            [
              305234.03,
              6405313.9
            ],
            [
              305235.11,
              6405310.55
            ],
            [
              305236.24,
              6405307.21
            ],
            [
              305237.41,
              6405303.88
            ],
            [
              305238.61,
              6405300.56
            ],
            [
              305239.85,
              6405297.25
            ],
            [
              305241.13,
              6405293.97
            ],
            [
              305242.45,
              6405290.69
            ],
            [
              305243.8,
              6405287.43
            ],
            [
              305245.19,
              6405284.19
            ],
            [
              305246.61,
              6405280.96
            ],
            [
              305248.07,
              6405277.75
            ],
            [
              305249.57,
              6405274.55
            ],
            [
              305251.1,
              6405271.37
            ],
            [
              305252.67,
              6405268.21
            ],
            [
              305254.27,
              6405265.07
            ],
            [
              305255.91,
              6405261.94
            ],
            [
              305257.59,
              6405258.84
            ],
            [
              305259.3,
              6405255.75
            ],
            [
              305261.04,
              6405252.68
            ],
            [
              305262.82,
              6405249.63
            ],
            [
              305264.63,
              6405246.61
            ],
            [
              305266.48,
              6405243.6
            ],
            [
              305268.36,
              6405240.61
            ],
            [
              305270.27,
              6405237.65
            ],
            [
              305272.22,
              6405234.71
            ],
            [
              305274.2,
              6405231.79
            ],
            [
              305276.21,
              6405228.89
            ],
            [
              305278.25,
              6405226.01
            ],
            [
              305280.33,
              6405223.16
            ],
            [
              305282.44,
              6405220.33
            ],
            [
              305284.58,
              6405217.52
            ],
            [
              305286.75,
              6405214.74
            ],
            [
              305288.96,
              6405211.99
            ],
            [
              305291.19,
              6405209.26
            ],
            [
              305293.46,
              6405206.55
            ],
            [
              305295.75,
              6405203.87
            ],
            [
              305298.08,
              6405201.22
            ],
            [
              305300.43,
              6405198.59
            ],
            [
              305302.82,
              6405195.99
            ],
            [
              305305.23,
              6405193.41
            ],
            [
              305307.67,
              6405190.87
            ],
            [
              305310.14,
              6405188.35
            ],
            [
              305312.64,
              6405185.86
            ],
            [
              305315.17,
              6405183.39
            ],
            [
              305317.72,
              6405180.96
            ],
            [
              305320.3,
              6405178.55
            ],
            [
              305322.91,
              6405176.18
            ],
            [
              305325.55,
              6405173.83
            ],
            [
              305328.21,
              6405171.51
            ],
            [
              305330.9,
              6405169.23
            ],
            [
              305333.61,
              6405166.97
            ],
            [
              305336.35,
              6405164.75
            ],
            [
              305339.11,
              6405162.55
            ],
            [
              305341.9,
              6405160.39
            ],
            [
              305344.71,
              6405158.25
            ],
            [
              305347.54,
              6405156.15
            ],
            [
              305350.41,
              6405154.09
            ],
            [
              305353.29,
              6405152.05
            ],
            [
              305356.19,
              6405150.05
            ],
            [
              305359.12,
              6405148.08
            ],
            [
              305362.07,
              6405146.14
            ],
            [
              305365.04,
              6405144.23
            ],
            [
              305368.03,
              6405142.36
            ],
            [
              305371.04,
              6405140.53
            ],
            [
              305374.08,
              6405138.72
            ],
            [
              305377.13,
              6405136.96
            ],
            [
              305380.2,
              6405135.22
            ],
            [
              305383.29,
              6405133.52
            ],
            [
              305386.41,
              6405131.86
            ],
            [
              305389.54,
              6405130.23
            ],
            [
              305392.68,
              6405128.63
            ],
            [
              305395.85,
              6405127.08
            ],
            [
              305399.03,
              6405125.55
            ],
            [
              305402.23,
              6405124.07
            ],
            [
              305405.45,
              6405122.62
            ],
            [
              305408.68,
              6405121.2
            ],
            [
              305411.93,
              6405119.82
            ],
            [
              305415.2,
              6405118.48
            ],
            [
              305418.47,
              6405117.18
            ],
            [
              305421.77,
              6405115.91
            ],
            [
              305425.08,
              6405114.68
            ],
            [
              305428.4,
              6405113.49
            ],
            [
              305431.73,
              6405112.33
            ],
            [
              305435.08,
              6405111.21
            ],
            [
              305438.44,
              6405110.13
            ],
            [
              305441.81,
              6405109.09
            ],
            [
              305445.19,
              6405108.09
            ],
            [
              305448.58,
              6405107.12
            ],
            [
              305451.99,
              6405106.19
            ],
            [
              305455.4,
              6405105.3
            ],
            [
              305458.83,
              6405104.45
            ],
            [
              305462.26,
              6405103.64
            ],
            [
              305465.7,
              6405102.87
            ],
            [
              305469.16,
              6405102.13
            ],
            [
              305472.61,
              6405101.43
            ],
            [
              305476.08,
              6405100.78
            ],
            [
              305479.55,
              6405100.16
            ],
            [
              305483.03,
              6405099.58
            ],
            [
              305486.52,
              6405099.04
            ],
            [
              305490.02,
              6405098.54
            ],
            [
              305493.51,
              6405098.08
            ],
            [
              305490.06,
              6405097.55
            ],
            [
              305486.61,
              6405096.98
            ],
            [
              305483.18,
              6405096.38
            ],
            [
              305479.74,
              6405095.73
            ],
            [
              305476.32,
              6405095.05
            ],
            [
              305472.9,
              6405094.33
            ],
            [
              305469.49,
              6405093.58
            ],
            [
              305466.09,
              6405092.78
            ],
            [
              305462.7,
              6405091.95
            ],
            [
              305459.31,
              6405091.08
            ],
            [
              305455.94,
              6405090.17
            ],
            [
              305452.58,
              6405089.23
            ],
            [
              305449.22,
              6405088.24
            ],
            [
              305445.89,
              6405087.22
            ],
            [
              305442.55,
              6405086.17
            ],
            [
              305439.24,
              6405085.08
            ],
            [
              305435.93,
              6405083.95
            ],
            [
              305432.64,
              6405082.78
            ],
            [
              305429.36,
              6405081.58
            ],
            [
              305426.09,
              6405080.34
            ],
            [
              305422.84,
              6405079.05
            ],
            [
              305419.59,
              6405077.72
            ],
            [
              305416.37,
              6405076.36
            ],
            [
              305413.15,
              6405074.96
            ],
            [
              305409.96,
              6405073.53
            ],
            [
              305406.77,
              6405072.06
            ],
            [
              305403.6,
              6405070.57
            ],
            [
              305400.45,
              6405069.03
            ],
            [
              305397.32,
              6405067.47
            ],
            [
              305394.2,
              6405065.87
            ],
            [
              305391.1,
              6405064.24
            ],
            [
              305388.02,
              6405062.57
            ],
            [
              305384.95,
              6405060.87
            ],
            [
              305381.9,
              6405059.14
            ],
            [
              305378.87,
              6405057.38
            ],
            [
              305375.86,
              6405055.59
            ],
            [
              305372.87,
              6405053.76
            ],
            [
              305369.9,
              6405051.91
            ],
            [
              305366.95,
              6405050.02
            ],
            [
              305364.02,
              6405048.1
            ],
            [
              305361.11,
              6405046.14
            ],
            [
              305358.02,
              6405044.59
            ],
            [
              305354.95,
              6405043.0
            ],
            [
              305351.9,
              6405041.38
            ],
            [
              305348.87,
              6405039.72
            ],
            [
              305345.86,
              6405038.02
            ],
            [
              305342.86,
              6405036.3
            ],
            [
              305339.89,
              6405034.53
            ],
            [
              305336.94,
              6405032.74
            ],
            [
              305334.0,
              6405030.91
            ],
            [
              305331.09,
              6405029.04
            ],
            [
              305328.21,
              6405027.15
            ],
            [
              305325.34,
              6405025.22
            ],
            [
              305322.49,
              6405023.25
            ],
            [
              305319.67,
              6405021.26
            ],
            [
              305316.87,
              6405019.23
            ],
            [
              305314.09,
              6405017.17
            ],
            [
              305311.34,
              6405015.08
            ],
            [
              305308.61,
              6405012.96
            ],
            [
              305305.91,
              6405010.81
            ],
            [
              305303.23,
              6405008.62
            ],
            [
              305300.58,
              6405006.41
            ],
            [
              305297.95,
              6405004.17
            ],
            [
              305295.35,
              6405001.89
            ],
            [
              305292.77,
              6404999.59
            ],
            [
              305290.22,
              6404997.25
            ],
            [
              305287.7,
              6404994.89
            ],
            [
              305285.2,
              6404992.5
            ],
            [
              305282.74,
              6404990.08
            ],
            [
              305280.3,
              6404987.63
            ],
            [
              305277.89,
              6404985.16
            ],
            [
              305275.5,
              6404982.65
            ],
            [
              305273.15,
              6404980.12
            ],
            [
              305270.82,
              6404977.57
            ],
            [
              305268.53,
              6404974.98
            ],
            [
              305266.26,
              6404972.37
            ],
            [
              305264.02,
              6404969.74
            ],
            [
              305261.82,
              6404967.08
            ],
            [
              305259.64,
              6404964.39
            ],
            [
              305257.5,
              6404961.68
            ],
            [
              305255.39,
              6404958.94
            ],
            [
              305253.3,
              6404956.19
            ],
            [
              305251.25,
              6404953.4
            ],
            [
              305249.24,
              6404950.6
            ],
            [
              305247.25,
              6404947.77
            ],
            [
              305245.3,
              6404944.92
            ],
            [
              305243.38,
              6404942.04
            ],
            [
              305241.49,
              6404939.15
            ],
            [
              305239.64,
              6404936.23
            ],
            [
              305237.82,
              6404933.29
            ],
            [
              305236.03,
              6404930.33
            ],
            [
              305234.28,
              6404927.35
            ],
            [
              305232.56,
              6404924.36
            ],
            [
              305230.88,
              6404921.34
            ],
            [
              305229.23,
              6404918.3
            ],
            [
              305227.61,
              6404915.24
            ],
            [
              305226.03,
              6404912.17
            ],
            [
              305224.49,
              6404909.08
            ],
            [
              305222.98,
              6404905.97
            ],
            [
              305221.51,
              6404902.84
            ],
            [
              305220.07,
              6404899.7
            ],
            [
              305218.67,
              6404896.54
            ],
            [
              305217.31,
              6404893.36
            ],
            [
              305215.98,
              6404890.17
            ],
            [
              305214.69,
              6404886.96
            ],
            [
              305213.43,
              6404883.75
            ],
            [
              305212.21,
              6404880.51
            ],
            [
              305211.03,
              6404877.26
            ],
            [
              305209.89,
              6404874.0
            ],
            [
              305208.79,
              6404870.73
            ],
            [
              305207.72,
              6404867.44
            ],
            [
              305206.69,
              6404864.14
            ],
            [
              305205.69,
              6404860.83
            ],
            [
              305204.74,
              6404857.51
            ],
            [
              305203.82,
              6404854.17
            ],
            [
              305202.95,
              6404850.83
            ],
            [
              305202.1,
              6404847.48
            ],
            [
              305201.3,
              6404844.12
            ],
            [
              305200.54,
              6404840.75
            ],
            [
              305199.82,
              6404837.37
            ],
            [
              305199.13,
              6404833.98
            ],
            [
              305198.48,
              6404830.58
            ],
            [
              305197.88,
              6404827.18
            ],
            [
              305197.31,
              6404823.77
            ],
            [
              305196.78,
              6404820.36
            ],
            [
              305196.29,
              6404816.94
            ],
            [
              305195.84,
              6404813.51
            ],
            [
              305195.42,
              6404810.08
            ],
            [
              305195.05,
              6404806.64
            ],
            [
              305194.72,
              6404803.2
            ],
            [
              305194.42,
              6404799.76
            ],
            [
              305194.17,
              6404796.31
            ],
            [
              305248.46,
              6404753.57
            ],
            [
              305425.88,
              6404616.25
            ],
            [
              305445.57,
              6404610.01
            ],
            [
              305510.99,
              6404589.28
            ],
            [
              305538.83,
              6404586.86
            ],
            [
              305574.39,
              6404542.92
            ],
            [
              305601.01,
              6404533.21
            ],
            [
              305603.23,
              6404542.74
            ],
            [
              305607.61,
              6404544.69
            ],
            [
              305592.85,
              6404559.92
            ],
            [
              305593.71,
              6404569.75
            ],
            [
              305598.67,
              6404575.11
            ],
            [
              305604.5,
              6404629.32
            ],
            [
              305601.36,
              6404641.54
            ],
            [
              305595.74,
              6404646.83
            ],
            [
              305585.41,
              6404642.9
            ],
            [
              305570.86,
              6404642.72
            ],
            [
              305560.13,
              6404648.14
            ],
            [
              305554.96,
              6404649.19
            ],
            [
              305546.09,
              6404647.12
            ],
            [
              305540.22,
              6404650.94
            ],
            [
              305534.44,
              6404656.69
            ],
            [
              305526.25,
              6404657.6
            ],
            [
              305518.8,
              6404662.87
            ],
            [
              305516.07,
              6404669.3
            ],
            [
              305507.86,
              6404675.97
            ],
            [
              305505.69,
              6404682.65
            ],
            [
              305502.51,
              6404685.26
            ],
            [
              305498.88,
              6404683.78
            ],
            [
              305491.39,
              6404688.23
            ],
            [
              305490.04,
              6404694.87
            ],
            [
              305492.79,
              6404701.33
            ],
            [
              305508.27,
              6404716.29
            ],
            [
              305511.14,
              6404725.21
            ],
            [
              305507.52,
              6404742.66
            ],
            [
              305503.59,
              6404752.99
            ],
            [
              305497.51,
              6404758.2
            ],
            [
              305493.75,
              6404760.01
            ],
            [
              305499.02,
              6404767.46
            ],
            [
              305497.82,
              6404771.35
            ],
            [
              305492.76,
              6404774.87
            ],
            [
              305498.67,
              6404778.17
            ],
            [
              305504.23,
              6404779.85
            ],
            [
              305521.3,
              6404793.63
            ],
            [
              305527.05,
              6404793.38
            ],
            [
              305538.95,
              6404801.63
            ],
            [
              305545.59,
              6404802.98
            ],
            [
              305558.04,
              6404799.14
            ],
            [
              305573.76,
              6404807.22
            ],
            [
              305573.93,
              6404811.05
            ],
            [
              305579.19,
              6404811.92
            ],
            [
              305578.82,
              6404809.74
            ],
            [
              305588.43,
              6404810.14
            ],
            [
              305602.12,
              6404803.22
            ],
            [
              305616.91,
              6404802.56
            ],
            [
              305622.28,
              6404806.17
            ],
            [
              305629.64,
              6404805.02
            ],
            [
              305637.05,
              6404811.28
            ],
            [
              305645.4,
              6404813.92
            ],
            [
              305668.69,
              6404819.47
            ],
            [
              305685.32,
              6404823.13
            ],
            [
              305696.88,
              6404823.99
            ],
            [
              305714.72,
              6404836.64
            ],
            [
              305724.75,
              6404840.04
            ],
            [
              305728.34,
              6404846.74
            ],
            [
              305736.74,
              6404850.48
            ],
            [
              305742.22,
              6404850.24
            ],
            [
              305745.62,
              6404858.87
            ],
            [
              305751.69,
              6404859.7
            ],
            [
              305757.89,
              6404857.23
            ],
            [
              305775.68,
              6404862.47
            ],
            [
              305787.12,
              6404866.63
            ],
            [
              305791.85,
              6404874.38
            ],
            [
              305798.51,
              6404882.32
            ],
            [
              305811.84,
              6404885.84
            ],
            [
              305827.45,
              6404903.81
            ],
            [
              305833.34,
              6404906.56
            ],
            [
              305835.85,
              6404913.86
            ],
            [
              305842.43,
              6404919.88
            ],
            [
              305838.46,
              6404929.38
            ],
            [
              305832.86,
              6404932.92
            ],
            [
              305842.17,
              6404944.86
            ],
            [
              305855.86,
              6404956.6
            ],
            [
              305861.48,
              6404959.64
            ],
            [
              305863.62,
              6404958.45
            ],
            [
              305860.21,
              6404955.86
            ],
            [
              305851.4,
              6404948.84
            ],
            [
              305851.55,
              6404946.09
            ],
            [
              305857.39,
              6404941.71
            ],
            [
              305859.19,
              6404938.89
            ],
            [
              305875.92,
              6404938.7
            ],
            [
              305881.39,
              6404944.49
            ],
            [
              305886.19,
              6404946.04
            ],
            [
              305890.17,
              6404944.65
            ],
            [
              305897.27,
              6404950.1
            ],
            [
              305907.27,
              6404946.64
            ],
            [
              305904.29,
              6404941.28
            ],
            [
              305908.96,
              6404941.35
            ],
            [
              305915.18,
              6404927.08
            ],
            [
              305919.47,
              6404924.7
            ],
            [
              305932.08,
              6404924.41
            ],
            [
              305943.54,
              6404923.08
            ],
            [
              305965.13,
              6404927.33
            ],
            [
              305978.97,
              6404930.01
            ],
            [
              305981.68,
              6404935.38
            ],
            [
              305981.29,
              6404938.97
            ],
            [
              305985.41,
              6404939.43
            ],
            [
              305992.43,
              6404936.55
            ],
            [
              305993.89,
              6404932.37
            ],
            [
              306006.47,
              6404931.54
            ],
            [
              306012.02,
              6404928.36
            ],
            [
              306017.56,
              6404934.07
            ],
            [
              306033.01,
              6404942.16
            ],
            [
              306040.26,
              6404944.86
            ],
            [
              306046.48,
              6404948.97
            ],
            [
              306056.49,
              6404958.13
            ],
            [
              306060.71,
              6404966.72
            ],
            [
              306058.98,
              6404977.23
            ],
            [
              306060.52,
              6404987.04
            ],
            [
              306063.38,
              6404989.65
            ],
            [
              306066.55,
              6404987.04
            ],
            [
              306069.19,
              6404978.42
            ],
            [
              306132.98,
              6405000.01
            ],
            [
              306130.4,
              6405014.68
            ],
            [
              306123.95,
              6405017.7
            ],
            [
              306118.23,
              6405016.67
            ],
            [
              306096.53,
              6405008.71
            ],
            [
              306094.97,
              6405011.83
            ],
            [
              306059.86,
              6405008.95
            ],
            [
              306053.22,
              6404992.39
            ],
            [
              306050.46,
              6404990.26
            ],
            [
              306047.95,
              6404990.66
            ],
            [
              306046.42,
              6404994.24
            ],
            [
              306050.53,
              6405007.68
            ],
            [
              306048.2,
              6405009.05
            ],
            [
              306049.31,
              6405011.95
            ],
            [
              306051.51,
              6405010.87
            ],
            [
              306053.49,
              6405020.62
            ],
            [
              306050.92,
              6405029.16
            ],
            [
              306052.92,
              6405036.24
            ],
            [
              306052.44,
              6405038.08
            ],
            [
              306053.19,
              6405039.17
            ],
            [
              306058.3,
              6405037.89
            ],
            [
              306060.12,
              6405040.27
            ],
            [
              306061.05,
              6405045.63
            ],
            [
              306062.42,
              6405046.32
            ],
            [
              306067.75,
              6405053.98
            ],
            [
              306071.75,
              6405058.58
            ],
            [
              306075.34,
              6405066.57
            ],
            [
              306078.77,
              6405071.31
            ],
            [
              306078.71,
              6405073.02
            ],
            [
              306083.87,
              6405075.18
            ],
            [
              306089.47,
              6405081.12
            ],
            [
              306092.95,
              6405083.49
            ],
            [
              306097.86,
              6405089.88
            ],
            [
              306103.42,
              6405094.69
            ],
            [
              306107.57,
              6405099.56
            ],
            [
              306108.52,
              6405102.05
            ],
            [
              306107.6,
              6405104.32
            ],
            [
              306108.87,
              6405110.04
            ],
            [
              306111.01,
              6405113.74
            ],
            [
              306116.07,
              6405113.94
            ],
            [
              306116.95,
              6405110.85
            ],
            [
              306121.23,
              6405109.92
            ],
            [
              306123.44,
              6405108.6
            ],
            [
              306126.57,
              6405109.96
            ],
            [
              306127.52,
              6405112.31
            ],
            [
              306128.98,
              6405119.83
            ],
            [
              306131.12,
              6405118.55
            ],
            [
              306133.04,
              6405116.42
            ],
            [
              306134.73,
              6405116.62
            ],
            [
              306134.15,
              6405120.81
            ],
            [
              306135.17,
              6405123.35
            ],
            [
              306141.26,
              6405124.34
            ],
            [
              306144.54,
              6405122.23
            ],
            [
              306142.27,
              6405118.68
            ],
            [
              306142.15,
              6405115.87
            ],
            [
              306145.21,
              6405111.94
            ],
            [
              306149.41,
              6405114.99
            ],
            [
              306152.0,
              6405116.28
            ],
            [
              306152.36,
              6405114.86
            ],
            [
              306149.28,
              6405112.04
            ],
            [
              306146.67,
              6405103.73
            ],
            [
              306147.95,
              6405100.86
            ],
            [
              306149.46,
              6405100.09
            ],
            [
              306153.18,
              6405101.76
            ],
            [
              306157.98,
              6405102.25
            ],
            [
              306165.36,
              6405106.98
            ],
            [
              306169.11,
              6405109.2
            ],
            [
              306173.86,
              6405108.71
            ],
            [
              306175.06,
              6405107.25
            ],
            [
              306179.99,
              6405107.45
            ],
            [
              306181.22,
              6405109.79
            ],
            [
              306180.19,
              6405111.94
            ],
            [
              306176.65,
              6405111.25
            ],
            [
              306175.89,
              6405113.25
            ],
            [
              306184.45,
              6405116.1
            ],
            [
              306186.77,
              6405114.6
            ],
            [
              306188.19,
              6405111.86
            ],
            [
              306183.74,
              6405109.81
            ],
            [
              306184.34,
              6405107.26
            ],
            [
              306187.41,
              6405106.98
            ],
            [
              306189.79,
              6405109.83
            ],
            [
              306195.21,
              6405103.77
            ],
            [
              306204.22,
              6405099.71
            ],
            [
              306210.36,
              6405096.9
            ],
            [
              306213.9,
              6405097.59
            ],
            [
              306218.0,
              6405101.34
            ],
            [
              306217.73,
              6405104.87
            ],
            [
              306215.26,
              6405105.96
            ],
            [
              306213.27,
              6405105.62
            ],
            [
              306211.09,
              6405103.89
            ],
            [
              306207.54,
              6405107.48
            ],
            [
              306205.64,
              6405109.25
            ],
            [
              306204.07,
              6405110.9
            ],
            [
              306202.65,
              6405110.98
            ],
            [
              306201.38,
              6405112.24
            ],
            [
              306201.87,
              6405114.56
            ],
            [
              306198.82,
              6405115.4
            ],
            [
              306194.87,
              6405118.24
            ],
            [
              306193.01,
              6405120.71
            ],
            [
              306189.65,
              6405121.0
            ],
            [
              306187.37,
              6405123.35
            ],
            [
              306191.86,
              6405126.52
            ],
            [
              306192.85,
              6405129.85
            ],
            [
              306197.96,
              6405130.89
            ],
            [
              306203.97,
              6405130.2
            ],
            [
              306206.94,
              6405127.54
            ],
            [
              306207.81,
              6405124.97
            ],
            [
              306207.04,
              6405123.46
            ],
            [
              306208.37,
              6405121.72
            ],
            [
              306208.78,
              6405118.33
            ],
            [
              306215.97,
              6405115.76
            ],
            [
              306218.23,
              6405112.85
            ],
            [
              306215.61,
              6405110.86
            ],
            [
              306215.68,
              6405109.31
            ],
            [
              306217.21,
              6405108.82
            ],
            [
              306220.25,
              6405110.93
            ],
            [
              306228.79,
              6405110.28
            ],
            [
              306237.69,
              6405108.2
            ],
            [
              306271.69,
              6405120.88
            ],
            [
              306277.04,
              6405111.65
            ],
            [
              306273.83,
              6405108.98
            ],
            [
              306240.76,
              6405097.92
            ],
            [
              306254.32,
              6405055.48
            ],
            [
              306252.76,
              6405054.98
            ],
            [
              306238.61,
              6405097.2
            ],
            [
              306222.22,
              6405088.65
            ],
            [
              306221.82,
              6405086.0
            ],
            [
              306225.91,
              6405080.2
            ],
            [
              306226.07,
              6405077.24
            ],
            [
              306224.27,
              6405074.79
            ],
            [
              306221.89,
              6405073.91
            ],
            [
              306220.48,
              6405072.56
            ],
            [
              306219.05,
              6405072.4
            ],
            [
              306216.9,
              6405073.18
            ],
            [
              306227.09,
              6405024.23
            ],
            [
              306225.08,
              6405023.34
            ],
            [
              306215.46,
              6405073.69
            ],
            [
              306214.39,
              6405073.82
            ],
            [
              306211.44,
              6405070.58
            ],
            [
              306209.46,
              6405070.39
            ],
            [
              306204.27,
              6405060.93
            ],
            [
              306201.2,
              6405055.02
            ],
            [
              306198.89,
              6405053.72
            ],
            [
              306193.53,
              6405046.79
            ],
            [
              306202.57,
              6405003.68
            ],
            [
              306200.88,
              6405003.47
            ],
            [
              306191.82,
              6405046.3
            ],
            [
              306181.51,
              6405041.84
            ],
            [
              306171.27,
              6405039.21
            ],
            [
              306169.47,
              6405036.48
            ],
            [
              306168.93,
              6405030.74
            ],
            [
              306166.19,
              6405029.18
            ],
            [
              306178.6,
              6404965.2
            ],
            [
              306190.82,
              6404965.21
            ],
            [
              306196.29,
              6404961.88
            ],
            [
              306219.84,
              6404995.54
            ],
            [
              306221.21,
              6404994.64
            ],
            [
              306199.6,
              6404963.56
            ],
            [
              306206.96,
              6404958.32
            ],
            [
              306219.77,
              6404943.14
            ],
            [
              306244.48,
              6404977.59
            ],
            [
              306231.27,
              6404993.49
            ],
            [
              306263.52,
              6405039.54
            ],
            [
              306264.88,
              6405038.5
            ],
            [
              306233.25,
              6404993.68
            ],
            [
              306246.04,
              6404977.81
            ],
            [
              306253.48,
              6404987.69
            ],
            [
              306260.47,
              6404989.67
            ],
            [
              306264.82,
              6404986.52
            ],
            [
              306274.46,
              6404997.89
            ],
            [
              306275.68,
              6404997.0
            ],
            [
              306278.26,
              6404998.01
            ],
            [
              306279.08,
              6405000.64
            ],
            [
              306284.19,
              6405008.14
            ],
            [
              306289.64,
              6405013.94
            ],
            [
              306288.89,
              6405015.94
            ],
            [
              306290.53,
              6405018.12
            ],
            [
              306289.93,
              6405020.39
            ],
            [
              306294.56,
              6405024.37
            ],
            [
              306295.74,
              6405032.84
            ],
            [
              306296.93,
              6405039.88
            ],
            [
              306297.72,
              6405044.51
            ],
            [
              306292.24,
              6405050.49
            ],
            [
              306288.52,
              6405048.83
            ],
            [
              306288.03,
              6405050.4
            ],
            [
              306292.91,
              6405055.94
            ],
            [
              306297.62,
              6405057.56
            ],
            [
              306298.39,
              6405059.07
            ],
            [
              306296.1,
              6405061.42
            ],
            [
              306296.91,
              6405063.91
            ],
            [
              306301.23,
              6405065.11
            ],
            [
              306301.39,
              6405066.01
            ]
          ],
          [
            [
              305716.58,
              6404866.19
            ],
            [
              305710.57,
              6404866.73
            ],
            [
              305713.04,
              6404872.93
            ],
            [
              305718.77,
              6404872.13
            ],
            [
              305721.78,
              6404872.0
            ],
            [
              305722.72,
              6404868.39
            ],
            [
              305716.58,
              6404866.19
            ]
          ],
          [
            [
              305741.4,
              6404875.24
            ],
            [
              305735.38,
              6404875.51
            ],
            [
              305735.31,
              6404880.18
            ],
            [
              305746.17,
              6404883.81
            ],
            [
              305751.05,
              6404882.5
            ],
            [
              305749.58,
              6404880.09
            ],
            [
              305741.4,
              6404875.24
            ]
          ],
          [
            [
              305788.26,
              6404911.85
            ],
            [
              305791.56,
              6404913.0
            ],
            [
              305796.35,
              6404912.74
            ],
            [
              305797.29,
              6404910.36
            ],
            [
              305791.94,
              6404901.26
            ],
            [
              305779.34,
              6404902.78
            ],
            [
              305770.52,
              6404894.53
            ],
            [
              305763.83,
              6404892.08
            ],
            [
              305757.56,
              6404893.26
            ],
            [
              305741.72,
              6404893.37
            ],
            [
              305730.62,
              6404892.3
            ],
            [
              305724.54,
              6404890.73
            ],
            [
              305721.98,
              6404890.87
            ],
            [
              305713.62,
              6404894.66
            ],
            [
              305711.66,
              6404897.41
            ],
            [
              305716.77,
              6404899.15
            ],
            [
              305719.09,
              6404900.69
            ],
            [
              305727.07,
              6404908.15
            ],
            [
              305731.78,
              6404910.8
            ],
            [
              305739.23,
              6404913.05
            ],
            [
              305760.27,
              6404923.25
            ],
            [
              305766.86,
              6404923.5
            ],
            [
              305776.94,
              6404921.68
            ],
            [
              305780.64,
              6404918.5
            ],
            [
              305786.1,
              6404917.99
            ],
            [
              305788.42,
              6404914.59
            ],
            [
              305788.26,
              6404911.85
            ]
          ],
          [
            [
              305812.16,
              6404967.32
            ],
            [
              305810.13,
              6404964.93
            ],
            [
              305807.01,
              6404962.6
            ],
            [
              305807.69,
              6404953.25
            ],
            [
              305801.66,
              6404947.2
            ],
            [
              305803.3,
              6404940.82
            ],
            [
              305807.36,
              6404939.54
            ],
            [
              305815.11,
              6404934.81
            ],
            [
              305819.23,
              6404928.86
            ],
            [
              305827.61,
              6404926.02
            ],
            [
              305830.5,
              6404923.15
            ],
            [
              305829.99,
              6404917.69
            ],
            [
              305829.02,
              6404914.44
            ],
            [
              305819.07,
              6404912.68
            ],
            [
              305812.4,
              6404917.09
            ],
            [
              305810.66,
              6404927.32
            ],
            [
              305808.88,
              6404930.42
            ],
            [
              305799.42,
              6404939.89
            ],
            [
              305799.35,
              6404944.56
            ],
            [
              305795.51,
              6404950.77
            ],
            [
              305792.98,
              6404955.54
            ],
            [
              305791.29,
              6404973.18
            ],
            [
              305788.96,
              6404976.3
            ],
            [
              305790.76,
              6404979.79
            ],
            [
              305796.89,
              6404981.98
            ],
            [
              305800.73,
              6404981.81
            ],
            [
              305804.84,
              6404981.63
            ],
            [
              305806.07,
              6404978.56
            ],
            [
              305803.97,
              6404974.54
            ],
            [
              305810.66,
              6404970.67
            ],
            [
              305812.16,
              6404967.32
            ]
          ],
          [
            [
              305917.51,
              6404961.0
            ],
            [
              305910.24,
              6404964.07
            ],
            [
              305908.18,
              6404967.17
            ],
            [
              305926.68,
              6404975.96
            ],
            [
              305931.07,
              6404976.04
            ],
            [
              305932.95,
              6404981.17
            ],
            [
              305938.09,
              6404979.57
            ],
            [
              305943.62,
              6404974.38
            ],
            [
              305942.01,
              6404968.97
            ],
            [
              305936.47,
              6404967.84
            ],
            [
              305931.96,
              6404971.33
            ],
            [
              305930.01,
              6404970.6
            ],
            [
              305928.63,
              6404964.35
            ],
            [
              305917.51,
              6404961.0
            ]
          ],
          [
            [
              305764.71,
              6404961.46
            ],
            [
              305762.38,
              6404970.89
            ],
            [
              305768.82,
              6404973.9
            ],
            [
              305775.42,
              6404974.16
            ],
            [
              305779.1,
              6404970.43
            ],
            [
              305785.46,
              6404971.52
            ],
            [
              305782.2,
              6404966.17
            ],
            [
              305778.26,
              6404963.88
            ],
            [
              305773.34,
              6404964.37
            ],
            [
              305768.56,
              6404961.84
            ],
            [
              305764.71,
              6404961.46
            ]
          ],
          [
            [
              305911.78,
              6405098.88
            ],
            [
              305909.63,
              6405102.19
            ],
            [
              305911.55,
              6405109.21
            ],
            [
              305920.54,
              6405115.68
            ],
            [
              305930.22,
              6405116.86
            ],
            [
              305936.54,
              6405109.47
            ],
            [
              305945.69,
              6405109.07
            ],
            [
              305948.5,
              6405105.28
            ],
            [
              305944.54,
              6405103.85
            ],
            [
              305934.72,
              6405104.51
            ],
            [
              305925.54,
              6405099.19
            ],
            [
              305911.78,
              6405098.88
            ]
          ],
          [
            [
              305579.3,
              6405251.92
            ],
            [
              305575.14,
              6405256.77
            ],
            [
              305569.3,
              6405256.74
            ],
            [
              305559.54,
              6405260.67
            ],
            [
              305561.78,
              6405264.95
            ],
            [
              305566.25,
              6405267.09
            ],
            [
              305566.21,
              6405272.64
            ],
            [
              305563.89,
              6405286.17
            ],
            [
              305577.52,
              6405290.82
            ],
            [
              305592.45,
              6405285.2
            ],
            [
              305601.5,
              6405291.8
            ],
            [
              305609.8,
              6405294.64
            ],
            [
              305615.25,
              6405292.36
            ],
            [
              305616.76,
              6405287.04
            ],
            [
              305614.52,
              6405282.47
            ],
            [
              305605.34,
              6405279.66
            ],
            [
              305603.26,
              6405274.7
            ],
            [
              305595.84,
              6405269.68
            ],
            [
              305590.28,
              6405262.52
            ],
            [
              305586.07,
              6405259.79
            ],
            [
              305583.94,
              6405255.63
            ],
            [
              305579.3,
              6405251.92
            ]
          ],
          [
            [
              305684.08,
              6405363.46
            ],
            [
              305670.81,
              6405366.96
            ],
            [
              305665.22,
              6405366.04
            ],
            [
              305647.3,
              6405376.76
            ],
            [
              305653.09,
              6405382.05
            ],
            [
              305658.32,
              6405388.3
            ],
            [
              305666.01,
              6405396.95
            ],
            [
              305675.03,
              6405402.98
            ],
            [
              305685.18,
              6405408.07
            ],
            [
              305691.64,
              6405408.95
            ],
            [
              305695.61,
              6405406.15
            ],
            [
              305694.54,
              6405401.82
            ],
            [
              305710.63,
              6405389.43
            ],
            [
              305707.92,
              6405387.51
            ],
            [
              305711.79,
              6405382.66
            ],
            [
              305709.78,
              6405377.5
            ],
            [
              305706.28,
              6405370.36
            ],
            [
              305692.33,
              6405365.13
            ],
            [
              305684.08,
              6405363.46
            ]
          ],
          [
            [
              305523.97,
              6405414.59
            ],
            [
              305516.78,
              6405429.81
            ],
            [
              305510.68,
              6405432.36
            ],
            [
              305499.59,
              6405448.37
            ],
            [
              305502.02,
              6405451.75
            ],
            [
              305496.04,
              6405461.57
            ],
            [
              305501.29,
              6405461.87
            ],
            [
              305496.21,
              6405470.0
            ],
            [
              305492.49,
              6405474.11
            ],
            [
              305490.21,
              6405479.37
            ],
            [
              305489.77,
              6405483.58
            ],
            [
              305499.01,
              6405488.97
            ],
            [
              305499.91,
              6405497.62
            ],
            [
              305497.77,
              6405505.16
            ],
            [
              305503.65,
              6405516.49
            ],
            [
              305518.57,
              6405526.18
            ],
            [
              305529.04,
              6405529.03
            ],
            [
              305539.92,
              6405522.34
            ],
            [
              305541.91,
              6405516.51
            ],
            [
              305551.21,
              6405515.63
            ],
            [
              305557.58,
              6405509.96
            ],
            [
              305556.87,
              6405504.75
            ],
            [
              305557.02,
              6405494.46
            ],
            [
              305556.41,
              6405484.93
            ],
            [
              305553.73,
              6405479.09
            ],
            [
              305562.21,
              6405474.16
            ],
            [
              305570.51,
              6405481.02
            ],
            [
              305572.3,
              6405496.48
            ],
            [
              305565.83,
              6405509.18
            ],
            [
              305561.71,
              6405518.89
            ],
            [
              305567.13,
              6405519.89
            ],
            [
              305576.62,
              6405505.76
            ],
            [
              305581.4,
              6405499.94
            ],
            [
              305583.66,
              6405503.0
            ],
            [
              305581.41,
              6405507.21
            ],
            [
              305574.82,
              6405515.82
            ],
            [
              305575.2,
              6405524.5
            ],
            [
              305582.47,
              6405529.14
            ],
            [
              305591.68,
              6405532.05
            ],
            [
              305594.77,
              6405536.46
            ],
            [
              305598.78,
              6405535.15
            ],
            [
              305599.52,
              6405540.81
            ],
            [
              305611.46,
              6405539.45
            ],
            [
              305628.9,
              6405531.22
            ],
            [
              305633.58,
              6405524.81
            ],
            [
              305646.14,
              6405527.98
            ],
            [
              305664.37,
              6405528.41
            ],
            [
              305682.41,
              6405533.82
            ],
            [
              305692.88,
              6405536.67
            ],
            [
              305702.13,
              6405530.46
            ],
            [
              305707.8,
              6405518.21
            ],
            [
              305712.93,
              6405508.26
            ],
            [
              305718.46,
              6405506.56
            ],
            [
              305718.83,
              6405498.8
            ],
            [
              305721.44,
              6405489.87
            ],
            [
              305714.97,
              6405483.95
            ],
            [
              305713.59,
              6405488.24
            ],
            [
              305703.9,
              6405495.61
            ],
            [
              305700.37,
              6405490.8
            ],
            [
              305706.13,
              6405480.61
            ],
            [
              305699.68,
              6405466.0
            ],
            [
              305694.23,
              6405455.06
            ],
            [
              305686.49,
              6405444.14
            ],
            [
              305677.19,
              6405435.9
            ],
            [
              305665.44,
              6405431.09
            ],
            [
              305663.06,
              6405421.06
            ],
            [
              305658.22,
              6405412.62
            ],
            [
              305651.17,
              6405408.13
            ],
            [
              305639.88,
              6405396.21
            ],
            [
              305624.93,
              6405393.74
            ],
            [
              305609.28,
              6405387.63
            ],
            [
              305588.18,
              6405387.74
            ],
            [
              305577.99,
              6405393.17
            ],
            [
              305569.15,
              6405396.74
            ],
            [
              305555.63,
              6405394.06
            ],
            [
              305544.72,
              6405392.84
            ],
            [
              305528.57,
              6405397.0
            ],
            [
              305518.87,
              6405402.4
            ],
            [
              305518.34,
              6405409.04
            ],
            [
              305523.97,
              6405414.59
            ]
          ],
          [
            [
              305483.27,
              6405400.71
            ],
            [
              305476.32,
              6405399.18
            ],
            [
              305476.89,
              6405401.67
            ],
            [
              305478.3,
              6405402.3
            ],
            [
              305478.23,
              6405405.97
            ],
            [
              305467.43,
              6405410.57
            ],
            [
              305470.43,
              6405416.17
            ],
            [
              305474.03,
              6405419.68
            ],
            [
              305480.61,
              6405413.2
            ],
            [
              305481.03,
              6405422.58
            ],
            [
              305485.25,
              6405424.68
            ],
            [
              305487.34,
              6405425.28
            ],
            [
              305494.22,
              6405420.16
            ],
            [
              305502.34,
              6405401.69
            ],
            [
              305504.92,
              6405397.91
            ],
            [
              305498.86,
              6405395.66
            ],
            [
              305493.1,
              6405400.27
            ],
            [
              305483.27,
              6405400.71
            ]
          ]
        ]
      }
    },
    {
      "type": "Feature",
      "properties": {
        "trakt": "TUMLEHED",
        "etikett": "fs:23>1",
        "is_1945": false
      },
      "geometry": {
        "type": "Polygon",
        "coordinates": [
          [
            [
              305104.58,
              6404434.46
            ],
            [
              305103.8,
              6404436.91
            ],
            [
              305103.79,
              6404436.93
            ],
            [
              305107.03,
              6404437.45
            ],
            [
              305110.92,
              6404437.79
            ],
            [
              305111.11,
              6404437.67
            ],
            [
              305113.51,
              6404437.92
            ],
            [
              305130.18,
              6404426.89
            ],
            [
              305133.73,
              6404420.39
            ],
            [
              305145.65,
              6404408.19
            ],
            [
              305144.22,
              6404407.88
            ],
            [
              305144.27,
              6404407.54
            ],
            [
              305138.98,
              6404406.77
            ],
            [
              305138.69,
              6404406.71
            ],
            [
              305135.41,
              6404399.63
            ],
            [
              305140.08,
              6404395.71
            ],
            [
              305142.57,
              6404394.14
            ],
            [
              305142.39,
              6404393.79
            ],
            [
              305142.44,
              6404393.75
            ],
            [
              305144.16,
              6404390.74
            ],
            [
              305146.91,
              6404388.15
            ],
            [
              305146.35,
              6404386.93
            ],
            [
              305148.37,
              6404383.4
            ],
            [
              305150.37,
              6404382.89
            ],
            [
              305149.92,
              6404380.7
            ],
            [
              305151.88,
              6404377.3
            ],
            [
              305161.27,
              6404380.25
            ],
            [
              305162.69,
              6404391.41
            ],
            [
              305163.29,
              6404398.94
            ],
            [
              305162.57,
              6404399.26
            ],
            [
              305157.15,
              6404401.45
            ],
            [
              305157.05,
              6404401.74
            ],
            [
              305151.9,
              6404404.05
            ],
            [
              305152.95,
              6404406.95
            ],
            [
              305152.62,
              6404407.65
            ],
            [
              305153.39,
              6404408.15
            ],
            [
              305155.33,
              6404413.5
            ],
            [
              305171.6,
              6404426.04
            ],
            [
              305171.95,
              6404426.49
            ],
            [
              305173.51,
              6404428.53
            ],
            [
              305177.15,
              6404431.72
            ],
            [
              305179.76,
              6404432.33
            ],
            [
              305181.96,
              6404434.03
            ],
            [
              305193.89,
              6404432.21
            ],
            [
              305210.26,
              6404443.57
            ],
            [
              305210.68,
              6404445.25
            ],
            [
              305212.85,
              6404446.61
            ],
            [
              305214.71,
              6404447.77
            ],
            [
              305217.11,
              6404448.33
            ],
            [
              305231.06,
              6404458.01
            ],
            [
              305247.67,
              6404484.3
            ],
            [
              305250.38,
              6404497.04
            ],
            [
              305249.84,
              6404509.66
            ],
            [
              305249.82,
              6404509.68
            ],
            [
              305249.84,
              6404509.69
            ],
            [
              305252.62,
              6404513.95
            ],
            [
              305252.65,
              6404514.43
            ],
            [
              305253.02,
              6404514.56
            ],
            [
              305255.16,
              6404517.85
            ],
            [
              305263.59,
              6404520.68
            ],
            [
              305263.83,
              6404520.86
            ],
            [
              305264.08,
              6404522.05
            ],
            [
              305268.02,
              6404522.17
            ],
            [
              305268.08,
              6404522.19
            ],
            [
              305268.1,
              6404522.18
            ],
            [
              305268.11,
              6404522.16
            ],
            [
              305273.55,
              6404516.6
            ],
            [
              305272.9,
              6404512.9
            ],
            [
              305268.07,
              6404510.8
            ],
            [
              305267.86,
              6404510.49
            ],
            [
              305266.22,
              6404510.02
            ],
            [
              305264.11,
              6404508.78
            ],
            [
              305263.99,
              6404510.67
            ],
            [
              305264.0,
              6404510.92
            ],
            [
              305258.75,
              6404511.68
            ],
            [
              305257.59,
              6404504.87
            ],
            [
              305265.11,
              6404506.41
            ],
            [
              305265.71,
              6404506.78
            ],
            [
              305265.98,
              6404506.58
            ],
            [
              305267.97,
              6404506.99
            ],
            [
              305275.49,
              6404502.36
            ],
            [
              305295.68,
              6404503.18
            ],
            [
              305302.59,
              6404505.89
            ],
            [
              305248.46,
              6404753.57
            ],
            [
              305194.17,
              6404796.31
            ],
            [
              305190.63,
              6404795.33
            ],
            [
              305187.1,
              6404794.31
            ],
            [
              305183.58,
              6404793.26
            ],
            [
              305180.08,
              6404792.17
            ],
            [
              305176.58,
              6404791.04
            ],
            [
              305173.1,
              6404789.87
            ],
            [
              305169.63,
              6404788.66
            ],
            [
              305166.17,
              6404787.42
            ],
            [
              305162.72,
              6404786.14
            ],
            [
              305159.29,
              6404784.83
            ],
            [
              305155.88,
              6404783.48
            ],
            [
              305152.48,
              6404782.09
            ],
            [
              305149.09,
              6404780.67
            ],
            [
              305145.72,
              6404779.21
            ],
            [
              305142.36,
              6404777.71
            ],
            [
              305139.03,
              6404776.18
            ],
            [
              305135.7,
              6404774.62
            ],
            [
              305132.4,
              6404773.01
            ],
            [
              305129.11,
              6404771.38
            ],
            [
              305125.84,
              6404769.71
            ],
            [
              305122.58,
              6404768.0
            ],
            [
              305119.35,
              6404766.26
            ],
            [
              305116.13,
              6404764.48
            ],
            [
              305112.94,
              6404762.67
            ],
            [
              305109.76,
              6404760.83
            ],
            [
              305106.6,
              6404758.95
            ],
            [
              305103.46,
              6404757.04
            ],
            [
              305100.35,
              6404755.1
            ],
            [
              305097.25,
              6404753.12
            ],
            [
              305094.18,
              6404751.11
            ],
            [
              305091.12,
              6404749.07
            ],
            [
              305088.09,
              6404747.0
            ],
            [
              305085.08,
              6404744.89
            ],
            [
              305082.1,
              6404742.75
            ],
            [
              305079.13,
              6404740.58
            ],
            [
              305076.19,
              6404738.38
            ],
            [
              305073.28,
              6404736.14
            ],
            [
              305069.9,
              6404735.8
            ],
            [
              305066.53,
              6404735.43
            ],
            [
              305063.17,
              6404735.01
            ],
            [
              305059.81,
              6404734.56
            ],
            [
              305056.46,
              6404734.06
            ],
            [
              305053.11,
              6404733.53
            ],
            [
              305049.77,
              6404732.95
            ],
            [
              305046.43,
              6404732.34
            ],
            [
              305043.11,
              6404731.69
            ],
            [
              305039.79,
              6404731.0
            ],
            [
              305036.47,
              6404730.27
            ],
            [
              305033.17,
              6404729.51
            ],
            [
              305029.88,
              6404728.7
            ],
            [
              305026.6,
              6404727.86
            ],
            [
              305023.32,
              6404726.97
            ],
            [
              305020.06,
              6404726.05
            ],
            [
              305016.81,
              6404725.1
            ],
            [
              305013.57,
              6404724.1
            ],
            [
              305010.34,
              6404723.07
            ],
            [
              305007.12,
              6404721.99
            ],
            [
              305003.92,
              6404720.88
            ],
            [
              305000.73,
              6404719.74
            ],
            [
              304997.55,
              6404718.55
            ],
            [
              304994.39,
              6404717.33
            ],
            [
              304991.24,
              6404716.08
            ],
            [
              304988.11,
              6404714.78
            ],
            [
              304984.99,
              6404713.45
            ],
            [
              304981.89,
              6404712.08
            ],
            [
              304978.8,
              6404710.68
            ],
            [
              304975.73,
              6404709.24
            ],
            [
              304972.68,
              6404707.76
            ],
            [
              304969.65,
              6404706.25
            ],
            [
              304966.63,
              6404704.71
            ],
            [
              304963.63,
              6404703.13
            ],
            [
              304960.65,
              6404701.51
            ],
            [
              304957.69,
              6404699.86
            ],
            [
              304954.74,
              6404698.17
            ],
            [
              304951.82,
              6404696.45
            ],
            [
              304948.92,
              6404694.7
            ],
            [
              304946.04,
              6404692.91
            ],
            [
              304943.18,
              6404691.09
            ],
            [
              304940.34,
              6404689.24
            ],
            [
              304937.53,
              6404687.35
            ],
            [
              304934.73,
              6404685.43
            ],
            [
              304931.96,
              6404683.48
            ],
            [
              304929.21,
              6404681.49
            ],
            [
              304926.49,
              6404679.48
            ],
            [
              304923.4,
              6404678.2
            ],
            [
              304920.32,
              6404676.89
            ],
            [
              304917.26,
              6404675.55
            ],
            [
              304914.22,
              6404674.16
            ],
            [
              304911.2,
              6404672.74
            ],
            [
              304908.19,
              6404671.29
            ],
            [
              304905.19,
              6404669.8
            ],
            [
              304902.22,
              6404668.28
            ],
            [
              304899.26,
              6404666.71
            ],
            [
              304896.33,
              6404665.12
            ],
            [
              304893.41,
              6404663.49
            ],
            [
              304890.51,
              6404661.83
            ],
            [
              304887.63,
              6404660.13
            ],
            [
              304884.77,
              6404658.4
            ],
            [
              304881.93,
              6404656.63
            ],
            [
              304879.12,
              6404654.83
            ],
            [
              304876.32,
              6404653.0
            ],
            [
              304873.55,
              6404651.14
            ],
            [
              304870.8,
              6404649.24
            ],
            [
              304868.07,
              6404647.31
            ],
            [
              304865.36,
              6404645.35
            ],
            [
              304862.68,
              6404643.35
            ],
            [
              304860.02,
              6404641.33
            ],
            [
              304857.39,
              6404639.27
            ],
            [
              304854.78,
              6404637.18
            ],
            [
              304852.19,
              6404635.06
            ],
            [
              304849.63,
              6404632.92
            ],
            [
              304847.09,
              6404630.74
            ],
            [
              304844.59,
              6404628.53
            ],
            [
              304842.1,
              6404626.29
            ],
            [
              304839.65,
              6404624.02
            ],
            [
              304837.22,
              6404621.73
            ],
            [
              304834.82,
              6404619.4
            ],
            [
              304832.44,
              6404617.05
            ],
            [
              304830.1,
              6404614.67
            ],
            [
              304827.78,
              6404612.26
            ],
            [
              304825.49,
              6404609.82
            ],
            [
              304823.23,
              6404607.36
            ],
            [
              304821.0,
              6404604.87
            ],
            [
              304818.8,
              6404602.36
            ],
            [
              304816.29,
              6404600.1
            ],
            [
              304813.81,
              6404597.82
            ],
            [
              304811.36,
              6404595.51
            ],
            [
              304808.93,
              6404593.18
            ],
            [
              304806.53,
              6404590.81
            ],
            [
              304804.16,
              6404588.42
            ],
            [
              304801.82,
              6404586.0
            ],
            [
              304799.5,
              6404583.55
            ],
            [
              304797.21,
              6404581.08
            ],
            [
              304794.95,
              6404578.58
            ],
            [
              304792.72,
              6404576.05
            ],
            [
              304790.52,
              6404573.5
            ],
            [
              304788.34,
              6404570.93
            ],
            [
              304786.2,
              6404568.33
            ],
            [
              304784.09,
              6404565.7
            ],
            [
              304782.01,
              6404563.06
            ],
            [
              304779.95,
              6404560.38
            ],
            [
              304777.93,
              6404557.69
            ],
            [
              304775.94,
              6404554.97
            ],
            [
              304773.98,
              6404552.23
            ],
            [
              304772.05,
              6404549.46
            ],
            [
              304770.16,
              6404546.68
            ],
            [
              304768.3,
              6404543.87
            ],
            [
              304766.47,
              6404541.04
            ],
            [
              304764.67,
              6404538.19
            ],
            [
              304762.9,
              6404535.32
            ],
            [
              304761.17,
              6404532.43
            ],
            [
              304759.47,
              6404529.52
            ],
            [
              304757.81,
              6404526.59
            ],
            [
              304756.17,
              6404523.64
            ],
            [
              304754.58,
              6404520.68
            ],
            [
              304753.01,
              6404517.69
            ],
            [
              304751.48,
              6404514.69
            ],
            [
              304749.99,
              6404511.67
            ],
            [
              304748.53,
              6404508.63
            ],
            [
              304747.1,
              6404505.58
            ],
            [
              304745.72,
              6404502.51
            ],
            [
              304744.36,
              6404499.42
            ],
            [
              304743.04,
              6404496.32
            ],
            [
              304741.76,
              6404493.21
            ],
            [
              304740.51,
              6404490.08
            ],
            [
              304739.3,
              6404486.93
            ],
            [
              304738.12,
              6404483.78
            ],
            [
              304736.99,
              6404480.61
            ],
            [
              304735.88,
              6404477.42
            ],
            [
              304734.82,
              6404474.22
            ],
            [
              304733.79,
              6404471.02
            ],
            [
              304732.8,
              6404467.8
            ],
            [
              304731.84,
              6404464.57
            ],
            [
              304730.92,
              6404461.32
            ],
            [
              304730.04,
              6404458.07
            ],
            [
              304729.2,
              6404454.81
            ],
            [
              304784.73,
              6404352.12
            ],
            [
              304841.61,
              6404220.02
            ],
            [
              304846.74,
              6404177.98
            ],
            [
              304873.21,
              6404095.06
            ],
            [
              304939.08,
              6404027.92
            ],
            [
              304952.67,
              6404020.95
            ],
            [
              304977.67,
              6404008.14
            ],
            [
              305053.34,
              6404091.29
            ],
            [
              305054.33,
              6404092.5
            ],
            [
              305054.32,
              6404092.5
            ],
            [
              305052.92,
              6404091.69
            ],
            [
              305051.45,
              6404089.41
            ],
            [
              305048.89,
              6404087.88
            ],
            [
              305049.32,
              6404090.17
            ],
            [
              305049.15,
              6404091.52
            ],
            [
              305048.22,
              6404091.34
            ],
            [
              305054.05,
              6404102.18
            ],
            [
              305057.48,
              6404114.77
            ],
            [
              305044.67,
              6404113.29
            ],
            [
              305037.78,
              6404124.69
            ],
            [
              305030.65,
              6404130.76
            ],
            [
              305019.32,
              6404144.01
            ],
            [
              304985.74,
              6404100.69
            ],
            [
              304989.98,
              6404084.88
            ],
            [
              304982.88,
              6404082.32
            ],
            [
              304975.17,
              6404103.21
            ],
            [
              305005.42,
              6404145.86
            ],
            [
              305004.55,
              6404154.12
            ],
            [
              305003.63,
              6404162.07
            ],
            [
              305005.4,
              6404165.66
            ],
            [
              305005.33,
              6404167.17
            ],
            [
              305005.76,
              6404167.92
            ],
            [
              305005.94,
              6404169.39
            ],
            [
              305007.53,
              6404170.81
            ],
            [
              305008.8,
              6404172.57
            ],
            [
              305012.31,
              6404179.68
            ],
            [
              305011.93,
              6404180.46
            ],
            [
              305012.39,
              6404182.31
            ],
            [
              305013.66,
              6404184.24
            ],
            [
              305014.57,
              6404184.26
            ],
            [
              305015.87,
              6404186.91
            ],
            [
              305023.3,
              6404196.86
            ],
            [
              305033.17,
              6404196.83
            ],
            [
              305054.89,
              6404186.0
            ],
            [
              305060.33,
              6404187.14
            ],
            [
              305063.98,
              6404196.34
            ],
            [
              305064.31,
              6404198.3
            ],
            [
              305062.45,
              6404210.24
            ],
            [
              305062.43,
              6404210.25
            ],
            [
              305059.77,
              6404210.37
            ],
            [
              305059.92,
              6404211.68
            ],
            [
              305058.64,
              6404212.41
            ],
            [
              305057.74,
              6404212.53
            ],
            [
              305057.8,
              6404212.89
            ],
            [
              305052.11,
              6404216.13
            ],
            [
              305042.6,
              6404214.91
            ],
            [
              305043.59,
              6404209.52
            ],
            [
              305039.06,
              6404209.31
            ],
            [
              305037.28,
              6404215.24
            ],
            [
              305036.28,
              6404213.89
            ],
            [
              305035.51,
              6404215.54
            ],
            [
              305034.75,
              6404215.97
            ],
            [
              305033.97,
              6404216.42
            ],
            [
              305033.65,
              6404217.37
            ],
            [
              305021.7,
              6404216.25
            ],
            [
              305024.32,
              6404219.83
            ],
            [
              305031.03,
              6404222.82
            ],
            [
              305032.11,
              6404228.53
            ],
            [
              305013.71,
              6404249.49
            ],
            [
              305006.16,
              6404264.62
            ],
            [
              305000.12,
              6404285.85
            ],
            [
              305010.38,
              6404317.25
            ],
            [
              305009.65,
              6404339.59
            ],
            [
              305020.61,
              6404378.99
            ],
            [
              305028.55,
              6404388.5
            ],
            [
              305035.3,
              6404386.06
            ],
            [
              305036.3,
              6404398.88
            ],
            [
              305041.99,
              6404400.9
            ],
            [
              305042.53,
              6404401.37
            ],
            [
              305045.87,
              6404402.87
            ],
            [
              305048.6,
              6404403.53
            ],
            [
              305048.92,
              6404403.37
            ],
            [
              305050.24,
              6404403.84
            ],
            [
              305059.4,
              6404401.53
            ],
            [
              305059.86,
              6404401.71
            ],
            [
              305061.58,
              6404400.98
            ],
            [
              305066.29,
              6404399.8
            ],
            [
              305067.15,
              6404400.1
            ],
            [
              305073.5,
              6404407.42
            ],
            [
              305079.36,
              6404412.41
            ],
            [
              305093.14,
              6404404.08
            ],
            [
              305095.12,
              6404403.99
            ],
            [
              305096.49,
              6404404.38
            ],
            [
              305099.31,
              6404403.81
            ],
            [
              305102.72,
              6404403.66
            ],
            [
              305112.31,
              6404412.54
            ],
            [
              305112.42,
              6404412.71
            ],
            [
              305110.09,
              6404420.32
            ],
            [
              305110.07,
              6404420.34
            ],
            [
              305110.06,
              6404420.38
            ],
            [
              305106.92,
              6404427.09
            ],
            [
              305106.35,
              6404428.89
            ],
            [
              305104.54,
              6404434.36
            ],
            [
              305104.58,
              6404434.46
            ]
          ]
        ]
      }
    },
    {
      "type": "Feature",
      "properties": {
        "trakt": "TUMLEHED",
        "etikett": "3:15",
        "is_1945": false
      },
      "geometry": {
        "type": "Polygon",
        "coordinates": [
          [
            [
              305181.01,
              6404303.9
            ],
            [
              305177.83,
              6404303.81
            ],
            [
              305152.92,
              6404303.04
            ],
            [
              305153.74,
              6404276.81
            ],
            [
              305154.79,
              6404276.84
            ],
            [
              305179.25,
              6404277.57
            ],
            [
              305181.01,
              6404303.9
            ]
          ]
        ]
      }
    },
    {
      "type": "Feature",
      "properties": {
        "trakt": "TUMLEHED",
        "etikett": "3:14",
        "is_1945": false
      },
      "geometry": {
        "type": "Polygon",
        "coordinates": [
          [
            [
              305152.92,
              6404303.04
            ],
            [
              305121.98,
              6404302.07
            ],
            [
              305122.74,
              6404295.21
            ],
            [
              305126.12,
              6404277.59
            ],
            [
              305125.56,
              6404275.97
            ],
            [
              305153.74,
              6404276.81
            ],
            [
              305152.92,
              6404303.04
            ]
          ]
        ]
      }
    },
    {
      "type": "Feature",
      "properties": {
        "trakt": "TUMLEHED",
        "etikett": "3:16",
        "is_1945": false
      },
      "geometry": {
        "type": "Polygon",
        "coordinates": [
          [
            [
              305185.02,
              6404151.3
            ],
            [
              305186.49,
              6404151.01
            ],
            [
              305190.34,
              6404150.26
            ],
            [
              305195.26,
              6404149.31
            ],
            [
              305199.63,
              6404161.93
            ],
            [
              305202.99,
              6404167.11
            ],
            [
              305157.35,
              6404180.03
            ],
            [
              305155.88,
              6404180.45
            ],
            [
              305152.91,
              6404156.7
            ],
            [
              305154.4,
              6404156.5
            ],
            [
              305164.08,
              6404155.18
            ],
            [
              305185.02,
              6404151.3
            ]
          ]
        ]
      }
    },
    {
      "type": "Feature",
      "properties": {
        "trakt": "TUMLEHED",
        "etikett": "3:18",
        "is_1945": false
      },
      "geometry": {
        "type": "Polygon",
        "coordinates": [
          [
            [
              305223.57,
              6404242.98
            ],
            [
              305225.79,
              6404266.13
            ],
            [
              305180.69,
              6404270.02
            ],
            [
              305183.96,
              6404247.11
            ],
            [
              305222.3,
              6404241.89
            ],
            [
              305223.57,
              6404242.98
            ]
          ]
        ]
      }
    },
    {
      "type": "Feature",
      "properties": {
        "trakt": "TUMLEHED",
        "etikett": "3:17",
        "is_1945": false
      },
      "geometry": {
        "type": "Polygon",
        "coordinates": [
          [
            [
              305225.79,
              6404266.13
            ],
            [
              305227.95,
              6404267.37
            ],
            [
              305225.2,
              6404285.54
            ],
            [
              305225.71,
              6404292.68
            ],
            [
              305209.72,
              6404292.61
            ],
            [
              305183.21,
              6404292.5
            ],
            [
              305180.69,
              6404270.02
            ],
            [
              305225.79,
              6404266.13
            ]
          ]
        ]
      }
    },
    {
      "type": "Feature",
      "properties": {
        "trakt": "TUMLEHED",
        "etikett": "3:20",
        "is_1945": false
      },
      "geometry": {
        "type": "Polygon",
        "coordinates": [
          [
            [
              305143.62,
              6404325.38
            ],
            [
              305144.7,
              6404308.48
            ],
            [
              305147.53,
              6404306.37
            ],
            [
              305177.38,
              6404307.29
            ],
            [
              305180.19,
              6404307.38
            ],
            [
              305178.79,
              6404313.34
            ],
            [
              305177.36,
              6404313.29
            ],
            [
              305176.66,
              6404313.27
            ],
            [
              305173.32,
              6404318.71
            ],
            [
              305170.35,
              6404326.13
            ],
            [
              305143.62,
              6404325.38
            ]
          ]
        ]
      }
    },
    {
      "type": "Feature",
      "properties": {
        "trakt": "TUMLEHED",
        "etikett": "3:19",
        "is_1945": false
      },
      "geometry": {
        "type": "Polygon",
        "coordinates": [
          [
            [
              305154.55,
              6404360.64
            ],
            [
              305142.77,
              6404340.17
            ],
            [
              305143.62,
              6404325.38
            ],
            [
              305170.35,
              6404326.13
            ],
            [
              305173.32,
              6404318.71
            ],
            [
              305176.66,
              6404313.27
            ],
            [
              305177.36,
              6404313.29
            ],
            [
              305178.79,
              6404313.34
            ],
            [
              305177.44,
              6404319.12
            ],
            [
              305174.61,
              6404326.24
            ],
            [
              305162.94,
              6404355.62
            ],
            [
              305154.55,
              6404360.64
            ]
          ]
        ]
      }
    },
    {
      "type": "Feature",
      "properties": {
        "trakt": "TUMLEHED",
        "etikett": "3:22",
        "is_1945": false
      },
      "geometry": {
        "type": "Polygon",
        "coordinates": [
          [
            [
              305163.8,
              6404252.62
            ],
            [
              305164.43,
              6404247.52
            ],
            [
              305161.91,
              6404220.66
            ],
            [
              305165.73,
              6404216.43
            ],
            [
              305182.32,
              6404215.65
            ],
            [
              305182.0,
              6404219.63
            ],
            [
              305180.4,
              6404246.22
            ],
            [
              305177.6,
              6404259.45
            ],
            [
              305163.8,
              6404252.62
            ]
          ]
        ]
      }
    },
    {
      "type": "Feature",
      "properties": {
        "trakt": "TUMLEHED",
        "etikett": "3:21",
        "is_1945": false
      },
      "geometry": {
        "type": "Polygon",
        "coordinates": [
          [
            [
              305125.56,
              6404275.97
            ],
            [
              305120.21,
              6404260.4
            ],
            [
              305141.65,
              6404242.04
            ],
            [
              305162.84,
              6404252.16
            ],
            [
              305163.8,
              6404252.62
            ],
            [
              305177.6,
              6404259.45
            ],
            [
              305178.05,
              6404259.53
            ],
            [
              305178.26,
              6404262.65
            ],
            [
              305179.25,
              6404277.57
            ],
            [
              305154.79,
              6404276.84
            ],
            [
              305153.74,
              6404276.81
            ],
            [
              305125.56,
              6404275.97
            ]
          ]
        ]
      }
    },
    {
      "type": "Feature",
      "properties": {
        "trakt": "TUMLEHED",
        "etikett": "3:23",
        "is_1945": false
      },
      "geometry": {
        "type": "Polygon",
        "coordinates": [
          [
            [
              305202.88,
              6404332.32
            ],
            [
              305186.09,
              6404325.96
            ],
            [
              305184.22,
              6404324.52
            ],
            [
              305183.36,
              6404323.81
            ],
            [
              305182.61,
              6404322.97
            ],
            [
              305182.0,
              6404322.04
            ],
            [
              305181.53,
              6404321.02
            ],
            [
              305181.22,
              6404319.95
            ],
            [
              305181.08,
              6404318.84
            ],
            [
              305181.09,
              6404317.72
            ],
            [
              305181.28,
              6404316.62
            ],
            [
              305184.17,
              6404304.3
            ],
            [
              305183.21,
              6404292.5
            ],
            [
              305209.72,
              6404292.61
            ],
            [
              305209.27,
              6404311.17
            ],
            [
              305202.88,
              6404332.32
            ]
          ]
        ]
      }
    },
    {
      "type": "Feature",
      "properties": {
        "trakt": "TUMLEHED",
        "etikett": "3:24",
        "is_1945": false
      },
      "geometry": {
        "type": "Polygon",
        "coordinates": [
          [
            [
              305041.07,
              6404191.78
            ],
            [
              305037.13,
              6404193.95
            ],
            [
              305035.61,
              6404195.18
            ],
            [
              305033.47,
              6404196.21
            ],
            [
              305030.76,
              6404195.71
            ],
            [
              305028.64,
              6404196.17
            ],
            [
              305026.4,
              6404196.28
            ],
            [
              305024.08,
              6404196.5
            ],
            [
              305022.19,
              6404194.5
            ],
            [
              305021.9,
              6404193.34
            ],
            [
              305020.77,
              6404191.86
            ],
            [
              305019.97,
              6404190.13
            ],
            [
              305018.68,
              6404189.39
            ],
            [
              305017.57,
              6404188.6
            ],
            [
              305016.99,
              6404186.19
            ],
            [
              305015.29,
              6404184.27
            ],
            [
              305013.66,
              6404184.24
            ],
            [
              305012.39,
              6404182.31
            ],
            [
              305011.93,
              6404180.45
            ],
            [
              305012.63,
              6404179.04
            ],
            [
              305011.36,
              6404177.55
            ],
            [
              305009.3,
              6404173.25
            ],
            [
              305007.53,
              6404170.81
            ],
            [
              305005.94,
              6404169.39
            ],
            [
              305005.76,
              6404167.92
            ],
            [
              305005.33,
              6404167.17
            ],
            [
              305005.4,
              6404165.53
            ],
            [
              305005.28,
              6404163.63
            ],
            [
              305004.12,
              6404162.75
            ],
            [
              305003.65,
              6404162.1
            ],
            [
              305004.55,
              6404160.94
            ],
            [
              305005.64,
              6404162.46
            ],
            [
              305006.68,
              6404161.23
            ],
            [
              305007.94,
              6404159.21
            ],
            [
              305009.3,
              6404158.34
            ],
            [
              305009.11,
              6404156.9
            ],
            [
              305008.9,
              6404155.37
            ],
            [
              305009.57,
              6404152.3
            ],
            [
              305010.46,
              6404151.34
            ],
            [
              305012.56,
              6404151.52
            ],
            [
              305013.23,
              6404151.5
            ],
            [
              305012.69,
              6404150.01
            ],
            [
              305013.28,
              6404148.71
            ],
            [
              305014.41,
              6404147.13
            ],
            [
              305016.39,
              6404146.85
            ],
            [
              305017.34,
              6404145.83
            ],
            [
              305019.23,
              6404146.93
            ],
            [
              305020.76,
              6404146.03
            ],
            [
              305022.35,
              6404146.56
            ],
            [
              305023.08,
              6404146.06
            ],
            [
              305023.96,
              6404145.33
            ],
            [
              305024.04,
              6404144.19
            ],
            [
              305025.68,
              6404144.64
            ],
            [
              305025.91,
              6404143.4
            ],
            [
              305027.04,
              6404143.75
            ],
            [
              305029.03,
              6404143.12
            ],
            [
              305030.77,
              6404144.03
            ],
            [
              305032.63,
              6404144.67
            ],
            [
              305033.61,
              6404144.09
            ],
            [
              305034.33,
              6404144.29
            ],
            [
              305036.36,
              6404142.97
            ],
            [
              305036.17,
              6404139.98
            ],
            [
              305034.86,
              6404136.46
            ],
            [
              305036.86,
              6404135.49
            ],
            [
              305036.72,
              6404130.45
            ],
            [
              305036.94,
              6404128.9
            ],
            [
              305068.77,
              6404142.39
            ],
            [
              305083.33,
              6404128.05
            ],
            [
              305112.63,
              6404162.11
            ],
            [
              305120.65,
              6404161.03
            ],
            [
              305122.81,
              6404181.62
            ],
            [
              305117.11,
              6404181.38
            ],
            [
              305084.43,
              6404183.68
            ],
            [
              305082.71,
              6404183.79
            ],
            [
              305066.9,
              6404181.23
            ],
            [
              305066.71,
              6404181.74
            ],
            [
              305044.7,
              6404178.35
            ],
            [
              305041.07,
              6404191.78
            ]
          ]
        ]
      }
    },
    {
      "type": "Feature",
      "properties": {
        "trakt": "TUMLEHED",
        "etikett": "3:25>2",
        "is_1945": false
      },
      "geometry": {
        "type": "Polygon",
        "coordinates": [
          [
            [
              305132.06,
              6404202.43
            ],
            [
              305136.33,
              6404188.99
            ],
            [
              305138.67,
              6404184.02
            ],
            [
              305138.99,
              6404183.34
            ],
            [
              305147.28,
              6404183.69
            ],
            [
              305154.03,
              6404195.09
            ],
            [
              305139.38,
              6404195.81
            ],
            [
              305132.06,
              6404202.43
            ]
          ]
        ]
      }
    },
    {
      "type": "Feature",
      "properties": {
        "trakt": "TUMLEHED",
        "etikett": "3:25>1",
        "is_1945": false
      },
      "geometry": {
        "type": "Polygon",
        "coordinates": [
          [
            [
              305202.99,
              6404167.11
            ],
            [
              305205.62,
              6404166.33
            ],
            [
              305208.44,
              6404169.68
            ],
            [
              305214.21,
              6404180.46
            ],
            [
              305218.5,
              6404194.09
            ],
            [
              305219.13,
              6404199.92
            ],
            [
              305183.2,
              6404204.63
            ],
            [
              305184.05,
              6404193.61
            ],
            [
              305156.22,
              6404194.98
            ],
            [
              305155.16,
              6404195.03
            ],
            [
              305147.86,
              6404182.72
            ],
            [
              305155.88,
              6404180.45
            ],
            [
              305157.35,
              6404180.03
            ],
            [
              305202.99,
              6404167.11
            ]
          ]
        ]
      }
    },
    {
      "type": "Feature",
      "properties": {
        "trakt": null,
        "etikett": "",
        "is_1945": false
      },
      "geometry": {
        "type": "Polygon",
        "coordinates": [
          [
            [
              303300.01,
              6401624.55
            ],
            [
              303302.72,
              6401626.59
            ],
            [
              303305.44,
              6401628.61
            ],
            [
              303308.19,
              6401630.59
            ],
            [
              303310.97,
              6401632.55
            ],
            [
              303316.58,
              6401636.75
            ],
            [
              303322.3,
              6401640.81
            ],
            [
              303328.12,
              6401644.72
            ],
            [
              303334.04,
              6401648.48
            ],
            [
              303340.06,
              6401652.08
            ],
            [
              303346.17,
              6401655.53
            ],
            [
              303352.36,
              6401658.82
            ],
            [
              303358.64,
              6401661.95
            ],
            [
              303364.99,
              6401664.92
            ],
            [
              303371.42,
              6401667.72
            ],
            [
              303377.92,
              6401670.36
            ],
            [
              303383.86,
              6401674.42
            ],
            [
              303389.88,
              6401678.36
            ],
            [
              303395.98,
              6401682.17
            ],
            [
              303402.16,
              6401685.86
            ],
            [
              303408.72,
              6401689.55
            ],
            [
              303415.38,
              6401693.07
            ],
            [
              303422.13,
              6401696.43
            ],
            [
              303428.95,
              6401699.61
            ],
            [
              303435.86,
              6401702.63
            ],
            [
              303442.83,
              6401705.47
            ],
            [
              303449.88,
              6401708.13
            ],
            [
              303456.99,
              6401710.62
            ],
            [
              303464.16,
              6401712.93
            ],
            [
              303471.39,
              6401715.06
            ],
            [
              303478.66,
              6401717.01
            ],
            [
              303485.98,
              6401718.78
            ],
            [
              303493.35,
              6401720.36
            ],
            [
              303500.75,
              6401721.76
            ],
            [
              303508.18,
              6401722.97
            ],
            [
              303515.65,
              6401724.0
            ],
            [
              303523.13,
              6401724.84
            ],
            [
              303530.64,
              6401725.49
            ],
            [
              303538.16,
              6401725.96
            ],
            [
              303545.68,
              6401726.23
            ],
            [
              303553.22,
              6401726.32
            ],
            [
              303560.75,
              6401726.22
            ],
            [
              303568.28,
              6401725.93
            ],
            [
              303575.79,
              6401725.46
            ],
            [
              303583.3,
              6401724.8
            ],
            [
              303590.78,
              6401723.95
            ],
            [
              303598.24,
              6401722.91
            ],
            [
              303605.68,
              6401721.68
            ],
            [
              303613.08,
              6401720.28
            ],
            [
              303620.44,
              6401718.68
            ],
            [
              303627.76,
              6401716.91
            ],
            [
              303635.03,
              6401714.95
            ],
            [
              303642.26,
              6401712.81
            ],
            [
              303649.42,
              6401710.49
            ],
            [
              303656.53,
              6401707.99
            ],
            [
              303663.57,
              6401705.32
            ],
            [
              303670.54,
              6401702.46
            ],
            [
              303677.45,
              6401699.44
            ],
            [
              303684.14,
              6401696.39
            ],
            [
              303690.76,
              6401693.17
            ],
            [
              303697.29,
              6401689.79
            ],
            [
              303703.74,
              6401686.25
            ],
            [
              303710.09,
              6401682.54
            ],
            [
              303716.35,
              6401678.68
            ],
            [
              303722.51,
              6401674.66
            ],
            [
              303728.57,
              6401670.48
            ],
            [
              303734.52,
              6401666.16
            ],
            [
              303740.36,
              6401661.68
            ],
            [
              303746.09,
              6401657.06
            ],
            [
              303751.69,
              6401652.3
            ],
            [
              303757.18,
              6401647.4
            ],
            [
              303762.54,
              6401642.36
            ],
            [
              303767.77,
              6401637.19
            ],
            [
              303772.88,
              6401631.89
            ],
            [
              303777.84,
              6401626.46
            ],
            [
              303782.67,
              6401620.91
            ],
            [
              303787.36,
              6401615.24
            ],
            [
              303788.95,
              6401617.53
            ],
            [
              303789.72,
              6401620.85
            ],
            [
              303792.89,
              6401618.98
            ],
            [
              303796.05,
              6401613.47
            ],
            [
              303799.65,
              6401611.49
            ],
            [
              303801.34,
              6401614.59
            ],
            [
              303800.7,
              6401617.71
            ],
            [
              303797.15,
              6401619.64
            ],
            [
              303793.16,
              6401620.4
            ],
            [
              303790.04,
              6401622.93
            ],
            [
              303789.65,
              6401628.72
            ],
            [
              303791.32,
              6401630.78
            ],
            [
              303788.48,
              6401634.28
            ],
            [
              303785.72,
              6401637.85
            ],
            [
              303783.06,
              6401641.49
            ],
            [
              303780.5,
              6401645.19
            ],
            [
              303778.03,
              6401648.96
            ],
            [
              303775.67,
              6401652.8
            ],
            [
              303769.64,
              6401656.84
            ],
            [
              303763.72,
              6401661.03
            ],
            [
              303757.9,
              6401665.37
            ],
            [
              303752.18,
              6401669.84
            ],
            [
              303746.58,
              6401674.45
            ],
            [
              303741.09,
              6401679.2
            ],
            [
              303735.72,
              6401684.08
            ],
            [
              303730.47,
              6401689.09
            ],
            [
              303725.34,
              6401694.22
            ],
            [
              303720.34,
              6401699.48
            ],
            [
              303715.47,
              6401704.86
            ],
            [
              303710.73,
              6401710.35
            ],
            [
              303706.12,
              6401715.96
            ],
            [
              303701.66,
              6401721.68
            ],
            [
              303695.24,
              6401724.99
            ],
            [
              303688.91,
              6401728.44
            ],
            [
              303682.65,
              6401732.04
            ],
            [
              303676.47,
              6401735.77
            ],
            [
              303670.39,
              6401739.65
            ],
            [
              303664.39,
              6401743.66
            ],
            [
              303658.08,
              6401748.09
            ],
            [
              303651.88,
              6401752.67
            ],
            [
              303645.79,
              6401757.41
            ],
            [
              303639.82,
              6401762.28
            ],
            [
              303633.96,
              6401767.3
            ],
            [
              303628.23,
              6401772.46
            ],
            [
              303622.63,
              6401777.76
            ],
            [
              303617.15,
              6401783.19
            ],
            [
              303611.81,
              6401788.75
            ],
            [
              303606.6,
              6401794.43
            ],
            [
              303601.53,
              6401800.25
            ],
            [
              303596.61,
              6401806.18
            ],
            [
              303591.82,
              6401812.22
            ],
            [
              303587.19,
              6401818.39
            ],
            [
              303582.7,
              6401824.66
            ],
            [
              303578.37,
              6401831.04
            ],
            [
              303574.19,
              6401837.52
            ],
            [
              303570.17,
              6401844.09
            ],
            [
              303566.31,
              6401850.77
            ],
            [
              303562.61,
              6401857.54
            ],
            [
              303559.07,
              6401864.39
            ],
            [
              303555.7,
              6401871.32
            ],
            [
              303552.5,
              6401878.34
            ],
            [
              303549.47,
              6401885.43
            ],
            [
              303546.61,
              6401892.59
            ],
            [
              303543.93,
              6401899.82
            ],
            [
              303542.3,
              6401904.46
            ],
            [
              303540.75,
              6401909.13
            ],
            [
              303539.28,
              6401913.82
            ],
            [
              303537.87,
              6401918.53
            ],
            [
              303535.53,
              6401925.44
            ],
            [
              303533.35,
              6401932.4
            ],
            [
              303531.34,
              6401939.41
            ],
            [
              303529.5,
              6401946.47
            ],
            [
              303527.82,
              6401953.57
            ],
            [
              303526.32,
              6401960.7
            ],
            [
              303524.98,
              6401967.87
            ],
            [
              303523.81,
              6401975.07
            ],
            [
              303522.82,
              6401982.29
            ],
            [
              303522.35,
              6401986.24
            ],
            [
              303521.93,
              6401990.2
            ],
            [
              303521.56,
              6401994.15
            ],
            [
              303521.25,
              6401998.12
            ],
            [
              303519.66,
              6402003.17
            ],
            [
              303518.19,
              6402008.27
            ],
            [
              303516.84,
              6402013.39
            ],
            [
              303515.6,
              6402018.55
            ],
            [
              303514.49,
              6402023.73
            ],
            [
              303513.49,
              6402028.94
            ],
            [
              303509.75,
              6402034.74
            ],
            [
              303506.15,
              6402040.64
            ],
            [
              303502.7,
              6402046.63
            ],
            [
              303499.41,
              6402052.7
            ],
            [
              303496.28,
              6402058.85
            ],
            [
              303493.3,
              6402065.09
            ],
            [
              303490.48,
              6402071.39
            ],
            [
              303487.82,
              6402077.77
            ],
            [
              303485.33,
              6402084.21
            ],
            [
              303483.0,
              6402090.71
            ],
            [
              303480.84,
              6402097.28
            ],
            [
              303478.84,
              6402103.89
            ],
            [
              303477.02,
              6402110.55
            ],
            [
              303475.37,
              6402117.26
            ],
            [
              303473.52,
              6402123.51
            ],
            [
              303471.82,
              6402129.8
            ],
            [
              303470.25,
              6402136.13
            ],
            [
              303468.82,
              6402142.49
            ],
            [
              303467.54,
              6402148.88
            ],
            [
              303466.39,
              6402155.3
            ],
            [
              303465.39,
              6402161.75
            ],
            [
              303464.53,
              6402168.21
            ],
            [
              303463.81,
              6402174.69
            ],
            [
              303461.89,
              6402181.75
            ],
            [
              303460.15,
              6402188.87
            ],
            [
              303458.59,
              6402196.02
            ],
            [
              303457.21,
              6402203.22
            ],
            [
              303456.01,
              6402210.44
            ],
            [
              303454.98,
              6402217.69
            ],
            [
              303454.14,
              6402224.97
            ],
            [
              303453.48,
              6402232.26
            ],
            [
              303453.0,
              6402239.57
            ],
            [
              303452.71,
              6402246.88
            ],
            [
              303452.59,
              6402254.21
            ],
            [
              303452.66,
              6402261.53
            ],
            [
              303452.91,
              6402268.85
            ],
            [
              303452.6,
              6402273.13
            ],
            [
              303452.4,
              6402277.43
            ],
            [
              303452.3,
              6402281.72
            ],
            [
              303452.31,
              6402286.02
            ],
            [
              303451.41,
              6402292.04
            ],
            [
              303450.67,
              6402298.08
            ],
            [
              303450.1,
              6402304.15
            ],
            [
              303449.69,
              6402310.22
            ],
            [
              303449.45,
              6402316.31
            ],
            [
              303449.37,
              6402322.4
            ],
            [
              303449.46,
              6402328.49
            ],
            [
              303448.74,
              6402334.49
            ],
            [
              303448.16,
              6402340.5
            ],
            [
              303447.72,
              6402346.53
            ],
            [
              303447.42,
              6402352.57
            ],
            [
              303447.25,
              6402358.61
            ],
            [
              303447.21,
              6402364.65
            ],
            [
              303447.32,
              6402370.69
            ],
            [
              303447.03,
              6402379.14
            ],
            [
              303446.92,
              6402387.6
            ],
            [
              303447.0,
              6402396.05
            ],
            [
              303447.25,
              6402404.51
            ],
            [
              303447.68,
              6402412.95
            ],
            [
              303448.29,
              6402421.39
            ],
            [
              303449.08,
              6402429.81
            ],
            [
              303450.04,
              6402438.21
            ],
            [
              303451.18,
              6402446.58
            ],
            [
              303452.51,
              6402454.94
            ],
            [
              303454.0,
              6402463.26
            ],
            [
              303455.53,
              6402470.6
            ],
            [
              303457.22,
              6402477.91
            ],
            [
              303459.08,
              6402485.17
            ],
            [
              303461.11,
              6402492.39
            ],
            [
              303463.3,
              6402499.57
            ],
            [
              303465.66,
              6402506.69
            ],
            [
              303468.17,
              6402513.75
            ],
            [
              303470.85,
              6402520.76
            ],
            [
              303473.69,
              6402527.7
            ],
            [
              303476.68,
              6402534.58
            ],
            [
              303479.83,
              6402541.38
            ],
            [
              303483.14,
              6402548.11
            ],
            [
              303484.34,
              6402555.51
            ],
            [
              303485.73,
              6402562.88
            ],
            [
              303487.3,
              6402570.22
            ],
            [
              303489.05,
              6402577.51
            ],
            [
              303490.99,
              6402584.76
            ],
            [
              303493.1,
              6402591.95
            ],
            [
              303495.39,
              6402599.09
            ],
            [
              303497.86,
              6402606.18
            ],
            [
              303500.51,
              6402613.19
            ],
            [
              303503.32,
              6402620.14
            ],
            [
              303506.32,
              6402627.02
            ],
            [
              303509.48,
              6402633.82
            ],
            [
              303512.81,
              6402640.54
            ],
            [
              303516.3,
              6402647.18
            ],
            [
              303519.96,
              6402653.72
            ],
            [
              303523.78,
              6402660.18
            ],
            [
              303527.77,
              6402666.53
            ],
            [
              303531.91,
              6402672.79
            ],
            [
              303536.2,
              6402678.94
            ],
            [
              303540.65,
              6402684.98
            ],
            [
              303545.24,
              6402690.91
            ],
            [
              303549.98,
              6402696.72
            ],
            [
              303554.86,
              6402702.41
            ],
            [
              303559.89,
              6402707.98
            ],
            [
              303565.05,
              6402713.42
            ],
            [
              303570.35,
              6402718.73
            ],
            [
              303575.77,
              6402723.91
            ],
            [
              303581.33,
              6402728.95
            ],
            [
              303587.0,
              6402733.85
            ],
            [
              303592.8,
              6402738.61
            ],
            [
              303598.72,
              6402743.22
            ],
            [
              303604.74,
              6402747.68
            ],
            [
              303610.88,
              6402751.99
            ],
            [
              303617.12,
              6402756.15
            ],
            [
              303621.35,
              6402759.16
            ],
            [
              303625.65,
              6402762.06
            ],
            [
              303630.02,
              6402764.87
            ],
            [
              303634.46,
              6402767.57
            ],
            [
              303635.38,
              6402769.22
            ],
            [
              303636.26,
              6402770.9
            ],
            [
              303637.09,
              6402772.6
            ],
            [
              303637.88,
              6402774.33
            ],
            [
              303639.11,
              6402781.66
            ],
            [
              303640.52,
              6402788.96
            ],
            [
              303642.11,
              6402796.22
            ],
            [
              303643.88,
              6402803.45
            ],
            [
              303645.82,
              6402810.62
            ],
            [
              303647.93,
              6402817.75
            ],
            [
              303650.22,
              6402824.83
            ],
            [
              303652.68,
              6402831.84
            ],
            [
              303655.31,
              6402838.8
            ],
            [
              303658.11,
              6402845.68
            ],
            [
              303661.08,
              6402852.5
            ],
            [
              303664.21,
              6402859.24
            ],
            [
              303667.51,
              6402865.91
            ],
            [
              303670.97,
              6402872.49
            ],
            [
              303674.59,
              6402878.99
            ],
            [
              303678.36,
              6402885.39
            ],
            [
              303682.29,
              6402891.7
            ],
            [
              303686.38,
              6402897.91
            ],
            [
              303690.61,
              6402904.02
            ],
            [
              303695.0,
              6402910.03
            ],
            [
              303699.53,
              6402915.93
            ],
            [
              303704.2,
              6402921.71
            ],
            [
              303709.01,
              6402927.38
            ],
            [
              303713.96,
              6402932.93
            ],
            [
              303719.04,
              6402938.36
            ],
            [
              303724.25,
              6402943.66
            ],
            [
              303729.38,
              6402948.8
            ],
            [
              303734.63,
              6402953.82
            ],
            [
              303739.99,
              6402958.71
            ],
            [
              303745.48,
              6402963.47
            ],
            [
              303751.08,
              6402968.09
            ],
            [
              303756.79,
              6402972.58
            ],
            [
              303762.6,
              6402976.92
            ],
            [
              303768.52,
              6402981.13
            ],
            [
              303774.54,
              6402985.19
            ],
            [
              303780.66,
              6402989.1
            ],
            [
              303786.87,
              6402992.87
            ],
            [
              303793.17,
              6402996.48
            ],
            [
              303799.55,
              6402999.94
            ],
            [
              303806.02,
              6403003.24
            ],
            [
              303812.56,
              6403006.39
            ],
            [
              303819.18,
              6403009.37
            ],
            [
              303825.87,
              6403012.2
            ],
            [
              303832.63,
              6403014.86
            ],
            [
              303839.44,
              6403017.36
            ],
            [
              303846.32,
              6403019.69
            ],
            [
              303872.77,
              6403035.61
            ],
            [
              303873.66,
              6403042.57
            ],
            [
              303874.72,
              6403049.51
            ],
            [
              303875.92,
              6403056.43
            ],
            [
              303877.28,
              6403063.32
            ],
            [
              303878.79,
              6403070.18
            ],
            [
              303880.46,
              6403077.0
            ],
            [
              303882.27,
              6403083.78
            ],
            [
              303884.24,
              6403090.53
            ],
            [
              303886.48,
              6403097.62
            ],
            [
              303888.89,
              6403104.67
            ],
            [
              303891.47,
              6403111.65
            ],
            [
              303894.21,
              6403118.58
            ],
            [
              303897.11,
              6403125.43
            ],
            [
              303900.17,
              6403132.22
            ],
            [
              303903.39,
              6403138.93
            ],
            [
              303906.77,
              6403145.57
            ],
            [
              303910.3,
              6403152.12
            ],
            [
              303913.98,
              6403158.59
            ],
            [
              303917.82,
              6403164.97
            ],
            [
              303921.8,
              6403171.26
            ],
            [
              303925.93,
              6403177.45
            ],
            [
              303930.21,
              6403183.55
            ],
            [
              303934.63,
              6403189.54
            ],
            [
              303939.18,
              6403195.43
            ],
            [
              303943.88,
              6403201.21
            ],
            [
              303948.71,
              6403206.87
            ],
            [
              303953.79,
              6403213.05
            ],
            [
              303959.01,
              6403219.11
            ],
            [
              303964.36,
              6403225.06
            ],
            [
              303969.83,
              6403230.9
            ],
            [
              303975.42,
              6403236.61
            ],
            [
              303981.14,
              6403242.21
            ],
            [
              303986.97,
              6403247.68
            ],
            [
              303992.92,
              6403253.03
            ],
            [
              303998.98,
              6403258.25
            ],
            [
              304005.15,
              6403263.34
            ],
            [
              304011.43,
              6403268.3
            ],
            [
              304014.95,
              6403272.32
            ],
            [
              304018.59,
              6403276.24
            ],
            [
              304022.32,
              6403280.06
            ],
            [
              304026.16,
              6403283.78
            ],
            [
              304030.08,
              6403287.75
            ],
            [
              304034.09,
              6403291.64
            ],
            [
              304038.18,
              6403295.45
            ],
            [
              304042.35,
              6403299.16
            ],
            [
              304046.6,
              6403302.79
            ],
            [
              304050.93,
              6403306.32
            ],
            [
              304056.26,
              6403311.89
            ],
            [
              304061.72,
              6403317.32
            ],
            [
              304067.32,
              6403322.62
            ],
            [
              304073.04,
              6403327.78
            ],
            [
              304078.89,
              6403332.8
            ],
            [
              304084.86,
              6403337.67
            ],
            [
              304090.95,
              6403342.39
            ],
            [
              304097.15,
              6403346.97
            ],
            [
              304103.46,
              6403351.39
            ],
            [
              304109.88,
              6403355.66
            ],
            [
              304116.4,
              6403359.77
            ],
            [
              304123.02,
              6403363.72
            ],
            [
              304129.73,
              6403367.5
            ],
            [
              304136.53,
              6403371.12
            ],
            [
              304143.42,
              6403374.58
            ],
            [
              304150.39,
              6403377.86
            ],
            [
              304157.44,
              6403380.97
            ],
            [
              304164.57,
              6403383.91
            ],
            [
              304171.76,
              6403386.67
            ],
            [
              304179.02,
              6403389.26
            ],
            [
              304186.34,
              6403391.67
            ],
            [
              304193.72,
              6403393.89
            ],
            [
              304201.15,
              6403395.94
            ],
            [
              304208.62,
              6403397.81
            ],
            [
              304216.15,
              6403399.49
            ],
            [
              304223.7,
              6403400.99
            ],
            [
              304231.3,
              6403402.3
            ],
            [
              304238.92,
              6403403.42
            ],
            [
              304246.57,
              6403404.36
            ],
            [
              304254.24,
              6403405.11
            ],
            [
              304261.62,
              6403407.16
            ],
            [
              304269.04,
              6403409.04
            ],
            [
              304276.51,
              6403410.74
            ],
            [
              304284.01,
              6403412.27
            ],
            [
              304291.55,
              6403413.63
            ],
            [
              304299.11,
              6403414.82
            ],
            [
              304306.7,
              6403415.84
            ],
            [
              304314.31,
              6403416.68
            ],
            [
              304321.94,
              6403417.34
            ],
            [
              304329.58,
              6403417.83
            ],
            [
              304337.23,
              6403418.15
            ],
            [
              304344.45,
              6403419.7
            ],
            [
              304351.71,
              6403421.08
            ],
            [
              304358.99,
              6403422.28
            ],
            [
              304366.3,
              6403423.3
            ],
            [
              304373.64,
              6403424.15
            ],
            [
              304380.99,
              6403424.82
            ],
            [
              304388.36,
              6403425.31
            ],
            [
              304395.74,
              6403425.62
            ],
            [
              304403.12,
              6403425.75
            ],
            [
              304410.5,
              6403425.71
            ],
            [
              304417.89,
              6403425.48
            ],
            [
              304425.26,
              6403425.08
            ],
            [
              304432.62,
              6403424.49
            ],
            [
              304439.96,
              6403423.73
            ],
            [
              304447.29,
              6403422.79
            ],
            [
              304454.59,
              6403421.68
            ],
            [
              304461.86,
              6403420.39
            ],
            [
              304469.09,
              6403418.92
            ],
            [
              304476.29,
              6403417.28
            ],
            [
              304483.45,
              6403415.46
            ],
            [
              304490.56,
              6403413.47
            ],
            [
              304497.62,
              6403411.31
            ],
            [
              304504.62,
              6403408.98
            ],
            [
              304521.55,
              6403420.15
            ],
            [
              304512.69,
              6403432.48
            ],
            [
              304506.25,
              6403433.57
            ],
            [
              304499.84,
              6403434.78
            ],
            [
              304493.44,
              6403436.12
            ],
            [
              304487.07,
              6403437.58
            ],
            [
              304480.74,
              6403439.16
            ],
            [
              304473.25,
              6403440.74
            ],
            [
              304465.8,
              6403442.49
            ],
            [
              304458.4,
              6403444.43
            ],
            [
              304451.04,
              6403446.54
            ],
            [
              304443.74,
              6403448.82
            ],
            [
              304436.49,
              6403451.28
            ],
            [
              304429.31,
              6403453.91
            ],
            [
              304422.18,
              6403456.71
            ],
            [
              304415.13,
              6403459.69
            ],
            [
              304408.16,
              6403462.83
            ],
            [
              304401.25,
              6403466.13
            ],
            [
              304394.43,
              6403469.6
            ],
            [
              304387.7,
              6403473.23
            ],
            [
              304381.05,
              6403477.03
            ],
            [
              304374.5,
              6403480.97
            ],
            [
              304368.04,
              6403485.08
            ],
            [
              304361.68,
              6403489.34
            ],
            [
              304355.43,
              6403493.75
            ],
            [
              304349.28,
              6403498.31
            ],
            [
              304343.29,
              6403503.06
            ],
            [
              304337.42,
              6403507.95
            ],
            [
              304331.67,
              6403512.99
            ],
            [
              304326.05,
              6403518.17
            ],
            [
              304320.56,
              6403523.49
            ],
            [
              304315.2,
              6403528.94
            ],
            [
              304309.98,
              6403534.53
            ],
            [
              304304.9,
              6403540.23
            ],
            [
              304299.95,
              6403546.07
            ],
            [
              304295.16,
              6403552.02
            ],
            [
              304290.51,
              6403558.09
            ],
            [
              304286.02,
              6403564.27
            ],
            [
              304281.68,
              6403570.57
            ],
            [
              304277.49,
              6403576.96
            ],
            [
              304273.47,
              6403583.46
            ],
            [
              304269.6,
              6403590.06
            ],
            [
              304265.9,
              6403596.75
            ],
            [
              304262.37,
              6403603.53
            ],
            [
              304259.01,
              6403610.39
            ],
            [
              304255.81,
              6403617.34
            ],
            [
              304252.79,
              6403624.36
            ],
            [
              304249.94,
              6403631.45
            ],
            [
              304247.27,
              6403638.62
            ],
            [
              304244.78,
              6403645.84
            ],
            [
              304242.46,
              6403653.13
            ],
            [
              304240.33,
              6403660.47
            ],
            [
              304238.38,
              6403667.86
            ],
            [
              304236.61,
              6403675.3
            ],
            [
              304235.03,
              6403682.78
            ],
            [
              304233.63,
              6403690.29
            ],
            [
              304232.41,
              6403697.84
            ],
            [
              304231.39,
              6403705.42
            ],
            [
              304230.55,
              6403713.01
            ],
            [
              304229.9,
              6403720.63
            ],
            [
              304229.44,
              6403728.26
            ],
            [
              304229.16,
              6403735.9
            ],
            [
              304229.08,
              6403743.54
            ],
            [
              304229.18,
              6403751.19
            ],
            [
              304229.47,
              6403758.83
            ],
            [
              304229.96,
              6403766.46
            ],
            [
              304230.62,
              6403774.07
            ],
            [
              304226.51,
              6403779.91
            ],
            [
              304222.54,
              6403785.85
            ],
            [
              304218.72,
              6403791.88
            ],
            [
              304215.05,
              6403798.01
            ],
            [
              304211.53,
              6403804.23
            ],
            [
              304208.17,
              6403810.53
            ],
            [
              304204.96,
              6403816.91
            ],
            [
              304201.9,
              6403823.36
            ],
            [
              304199.01,
              6403829.89
            ],
            [
              304196.28,
              6403836.49
            ],
            [
              304193.71,
              6403843.16
            ],
            [
              304191.3,
              6403849.88
            ],
            [
              304189.07,
              6403856.66
            ],
            [
              304186.92,
              6403863.38
            ],
            [
              304184.96,
              6403870.15
            ],
            [
              304183.17,
              6403876.97
            ],
            [
              304181.55,
              6403883.84
            ],
            [
              304180.12,
              6403890.74
            ],
            [
              304178.87,
              6403897.68
            ],
            [
              304177.79,
              6403904.65
            ],
            [
              304176.9,
              6403911.64
            ],
            [
              304176.19,
              6403918.66
            ],
            [
              304175.66,
              6403925.69
            ],
            [
              304175.32,
              6403932.74
            ],
            [
              304175.16,
              6403939.79
            ],
            [
              304175.18,
              6403946.84
            ],
            [
              304175.06,
              6403954.31
            ],
            [
              304175.13,
              6403961.79
            ],
            [
              304175.38,
              6403969.26
            ],
            [
              304175.82,
              6403976.72
            ],
            [
              304176.45,
              6403984.17
            ],
            [
              304177.26,
              6403991.61
            ],
            [
              304178.26,
              6403999.01
            ],
            [
              304179.44,
              6404006.4
            ],
            [
              304180.8,
              6404013.75
            ],
            [
              304182.35,
              6404021.06
            ],
            [
              304184.08,
              6404028.34
            ],
            [
              304185.99,
              6404035.57
            ],
            [
              304188.08,
              6404042.74
            ],
            [
              304190.34,
              6404049.87
            ],
            [
              304192.78,
              6404056.93
            ],
            [
              304195.4,
              6404063.94
            ],
            [
              304198.2,
              6404070.87
            ],
            [
              304201.16,
              6404077.74
            ],
            [
              304204.29,
              6404084.53
            ],
            [
              304207.59,
              6404091.23
            ],
            [
              304211.06,
              6404097.86
            ],
            [
              304214.69,
              6404104.39
            ],
            [
              304218.49,
              6404110.83
            ],
            [
              304220.79,
              6404116.63
            ],
            [
              304223.24,
              6404122.37
            ],
            [
              304225.83,
              6404128.04
            ],
            [
              304228.56,
              6404133.65
            ],
            [
              304231.43,
              6404139.19
            ],
            [
              304234.43,
              6404144.65
            ],
            [
              304236.17,
              6404151.89
            ],
            [
              304238.09,
              6404159.09
            ],
            [
              304240.17,
              6404166.24
            ],
            [
              304242.43,
              6404173.33
            ],
            [
              304244.87,
              6404180.37
            ],
            [
              304247.47,
              6404187.35
            ],
            [
              304250.24,
              6404194.26
            ],
            [
              304253.18,
              6404201.1
            ],
            [
              304256.28,
              6404207.87
            ],
            [
              304259.55,
              6404214.56
            ],
            [
              304262.97,
              6404221.17
            ],
            [
              304266.56,
              6404227.7
            ],
            [
              304270.31,
              6404234.13
            ],
            [
              304274.21,
              6404240.48
            ],
            [
              304278.26,
              6404246.72
            ],
            [
              304282.46,
              6404252.87
            ],
            [
              304286.82,
              6404258.91
            ],
            [
              304291.31,
              6404264.85
            ],
            [
              304295.95,
              6404270.67
            ],
            [
              304300.73,
              6404276.38
            ],
            [
              304304.87,
              6404282.63
            ],
            [
              304309.16,
              6404288.78
            ],
            [
              304313.6,
              6404294.82
            ],
            [
              304318.2,
              6404300.74
            ],
            [
              304322.95,
              6404306.54
            ],
            [
              304327.84,
              6404312.22
            ],
            [
              304332.87,
              6404317.78
            ],
            [
              304338.04,
              6404323.21
            ],
            [
              304343.34,
              6404328.5
            ],
            [
              304348.78,
              6404333.66
            ],
            [
              304354.34,
              6404338.68
            ],
            [
              304360.03,
              6404343.56
            ],
            [
              304365.84,
              6404348.3
            ],
            [
              304371.77,
              6404352.88
            ],
            [
              304377.82,
              6404357.32
            ],
            [
              304383.97,
              6404361.6
            ],
            [
              304390.23,
              6404365.72
            ],
            [
              304396.59,
              6404369.69
            ],
            [
              304403.05,
              6404373.49
            ],
            [
              304409.6,
              6404377.13
            ],
            [
              304416.24,
              6404380.6
            ],
            [
              304422.97,
              6404383.91
            ],
            [
              304429.78,
              6404387.04
            ],
            [
              304436.67,
              6404390.0
            ],
            [
              304442.32,
              6404394.38
            ],
            [
              304448.07,
              6404398.61
            ],
            [
              304453.92,
              6404402.7
            ],
            [
              304459.87,
              6404406.65
            ],
            [
              304465.92,
              6404410.45
            ],
            [
              304472.05,
              6404414.1
            ],
            [
              304478.28,
              6404417.6
            ],
            [
              304484.59,
              6404420.95
            ],
            [
              304490.98,
              6404424.14
            ],
            [
              304497.44,
              6404427.17
            ],
            [
              304503.98,
              6404430.05
            ],
            [
              304510.59,
              6404432.76
            ],
            [
              304517.26,
              6404435.31
            ],
            [
              304523.99,
              6404437.7
            ],
            [
              304530.78,
              6404439.92
            ],
            [
              304537.62,
              6404441.97
            ],
            [
              304544.51,
              6404443.86
            ],
            [
              304551.44,
              6404445.58
            ],
            [
              304558.41,
              6404447.12
            ],
            [
              304565.56,
              6404449.5
            ],
            [
              304572.77,
              6404451.7
            ],
            [
              304580.04,
              6404453.71
            ],
            [
              304587.35,
              6404455.54
            ],
            [
              304594.7,
              6404457.19
            ],
            [
              304602.09,
              6404458.65
            ],
            [
              304609.52,
              6404459.93
            ],
            [
              304616.98,
              6404461.02
            ],
            [
              304624.46,
              6404461.92
            ],
            [
              304631.97,
              6404462.64
            ],
            [
              304639.48,
              6404463.17
            ],
            [
              304647.01,
              6404463.5
            ],
            [
              304654.55,
              6404463.66
            ],
            [
              304662.09,
              6404463.62
            ],
            [
              304669.62,
              6404463.39
            ],
            [
              304677.15,
              6404462.97
            ],
            [
              304684.66,
              6404462.37
            ],
            [
              304692.15,
              6404461.57
            ],
            [
              304699.63,
              6404460.59
            ],
            [
              304707.07,
              6404459.42
            ],
            [
              304714.49,
              6404458.07
            ],
            [
              304721.86,
              6404456.53
            ],
            [
              304729.2,
              6404454.81
            ],
            [
              304731.08,
              6404461.86
            ],
            [
              304733.12,
              6404468.87
            ],
            [
              304735.35,
              6404475.83
            ],
            [
              304737.74,
              6404482.72
            ],
            [
              304740.31,
              6404489.56
            ],
            [
              304743.04,
              6404496.33
            ],
            [
              304745.94,
              6404503.02
            ],
            [
              304749.01,
              6404509.65
            ],
            [
              304752.24,
              6404516.19
            ],
            [
              304755.64,
              6404522.66
            ],
            [
              304759.19,
              6404529.04
            ],
            [
              304762.9,
              6404535.32
            ],
            [
              304766.77,
              6404541.51
            ],
            [
              304770.79,
              6404547.61
            ],
            [
              304774.96,
              6404553.6
            ],
            [
              304779.28,
              6404559.49
            ],
            [
              304783.74,
              6404565.26
            ],
            [
              304788.34,
              6404570.93
            ],
            [
              304793.09,
              6404576.48
            ],
            [
              304797.97,
              6404581.91
            ],
            [
              304802.98,
              6404587.21
            ],
            [
              304808.13,
              6404592.39
            ],
            [
              304813.4,
              6404597.44
            ],
            [
              304818.8,
              6404602.36
            ],
            [
              304823.47,
              6404607.62
            ],
            [
              304828.27,
              6404612.77
            ],
            [
              304833.19,
              6404617.79
            ],
            [
              304838.24,
              6404622.7
            ],
            [
              304843.41,
              6404627.47
            ],
            [
              304848.69,
              6404632.12
            ],
            [
              304854.09,
              6404636.63
            ],
            [
              304859.6,
              6404641.0
            ],
            [
              304865.22,
              6404645.24
            ],
            [
              304870.94,
              6404649.34
            ],
            [
              304876.76,
              6404653.29
            ],
            [
              304882.68,
              6404657.1
            ],
            [
              304888.69,
              6404660.76
            ],
            [
              304894.79,
              6404664.27
            ],
            [
              304900.97,
              6404667.62
            ],
            [
              304907.24,
              6404670.82
            ],
            [
              304913.58,
              6404673.87
            ],
            [
              304920.0,
              6404676.75
            ],
            [
              304926.49,
              6404679.48
            ],
            [
              304932.34,
              6404683.75
            ],
            [
              304938.29,
              6404687.87
            ],
            [
              304944.35,
              6404691.84
            ],
            [
              304950.5,
              6404695.66
            ],
            [
              304956.75,
              6404699.33
            ],
            [
              304963.09,
              6404702.83
            ],
            [
              304969.51,
              6404706.18
            ],
            [
              304976.01,
              6404709.37
            ],
            [
              304982.59,
              6404712.4
            ],
            [
              304989.24,
              6404715.25
            ],
            [
              304995.97,
              6404717.95
            ],
            [
              305002.76,
              6404720.47
            ],
            [
              305009.61,
              6404722.83
            ],
            [
              305016.51,
              6404725.01
            ],
            [
              305023.47,
              6404727.01
            ],
            [
              305030.48,
              6404728.85
            ],
            [
              305037.53,
              6404730.51
            ],
            [
              305044.62,
              6404731.99
            ],
            [
              305051.74,
              6404733.3
            ],
            [
              305058.9,
              6404734.42
            ],
            [
              305066.08,
              6404735.37
            ],
            [
              305073.28,
              6404736.14
            ],
            [
              305079.66,
              6404740.96
            ],
            [
              305086.14,
              6404745.63
            ],
            [
              305092.74,
              6404750.15
            ],
            [
              305099.43,
              6404754.52
            ],
            [
              305106.23,
              6404758.73
            ],
            [
              305113.12,
              6404762.78
            ],
            [
              305120.11,
              6404766.67
            ],
            [
              305127.18,
              6404770.4
            ],
            [
              305134.34,
              6404773.96
            ],
            [
              305141.58,
              6404777.36
            ],
            [
              305148.89,
              6404780.58
            ],
            [
              305156.28,
              6404783.64
            ],
            [
              305163.74,
              6404786.52
            ],
            [
              305171.26,
              6404789.24
            ],
            [
              305178.84,
              6404791.77
            ],
            [
              305186.48,
              6404794.13
            ],
            [
              305194.17,
              6404796.31
            ],
            [
              305194.79,
              6404803.96
            ],
            [
              305195.6,
              6404811.58
            ],
            [
              305196.61,
              6404819.19
            ],
            [
              305197.8,
              6404826.77
            ],
            [
              305199.2,
              6404834.31
            ],
            [
              305200.78,
              6404841.82
            ],
            [
              305202.55,
              6404849.28
            ],
            [
              305204.51,
              6404856.7
            ],
            [
              305206.66,
              6404864.06
            ],
            [
              305209.0,
              6404871.37
            ],
            [
              305211.52,
              6404878.61
            ],
            [
              305214.22,
              6404885.79
            ],
            [
              305217.11,
              6404892.9
            ],
            [
              305220.17,
              6404899.93
            ],
            [
              305223.42,
              6404906.88
            ],
            [
              305226.84,
              6404913.75
            ],
            [
              305230.43,
              6404920.52
            ],
            [
              305234.19,
              6404927.21
            ],
            [
              305238.12,
              6404933.79
            ],
            [
              305242.22,
              6404940.28
            ],
            [
              305246.48,
              6404946.66
            ],
            [
              305250.91,
              6404952.92
            ],
            [
              305255.49,
              6404959.08
            ],
            [
              305260.22,
              6404965.11
            ],
            [
              305265.11,
              6404971.03
            ],
            [
              305270.15,
              6404976.81
            ],
            [
              305275.33,
              6404982.47
            ],
            [
              305280.65,
              6404987.99
            ],
            [
              305286.11,
              6404993.38
            ],
            [
              305291.71,
              6404998.62
            ],
            [
              305297.44,
              6405003.72
            ],
            [
              305303.3,
              6405008.68
            ],
            [
              305309.28,
              6405013.48
            ],
            [
              305315.38,
              6405018.13
            ],
            [
              305321.59,
              6405022.63
            ],
            [
              305327.92,
              6405026.96
            ],
            [
              305334.36,
              6405031.13
            ],
            [
              305340.9,
              6405035.14
            ],
            [
              305347.54,
              6405038.98
            ],
            [
              305354.28,
              6405042.65
            ],
            [
              305361.11,
              6405046.15
            ],
            [
              305367.24,
              6405050.21
            ],
            [
              305373.47,
              6405054.13
            ],
            [
              305379.78,
              6405057.92
            ],
            [
              305386.17,
              6405061.56
            ],
            [
              305392.65,
              6405065.06
            ],
            [
              305399.2,
              6405068.41
            ],
            [
              305405.82,
              6405071.62
            ],
            [
              305412.51,
              6405074.68
            ],
            [
              305419.27,
              6405077.58
            ],
            [
              305426.09,
              6405080.34
            ],
            [
              305432.64,
              6405082.78
            ],
            [
              305439.24,
              6405085.08
            ],
            [
              305445.88,
              6405087.22
            ],
            [
              305452.58,
              6405089.23
            ],
            [
              305459.31,
              6405091.08
            ],
            [
              305466.09,
              6405092.78
            ],
            [
              305472.9,
              6405094.33
            ],
            [
              305479.74,
              6405095.73
            ],
            [
              305486.61,
              6405096.98
            ],
            [
              305493.51,
              6405098.08
            ],
            [
              305485.76,
              6405099.16
            ],
            [
              305478.04,
              6405100.42
            ],
            [
              305470.36,
              6405101.88
            ],
            [
              305462.71,
              6405103.54
            ],
            [
              305455.1,
              6405105.38
            ],
            [
              305447.55,
              6405107.41
            ],
            [
              305440.05,
              6405109.63
            ],
            [
              305432.6,
              6405112.04
            ],
            [
              305425.22,
              6405114.63
            ],
            [
              305417.9,
              6405117.4
            ],
            [
              305410.66,
              6405120.36
            ],
            [
              305403.49,
              6405123.5
            ],
            [
              305396.4,
              6405126.81
            ],
            [
              305389.4,
              6405130.3
            ],
            [
              305382.49,
              6405133.96
            ],
            [
              305375.67,
              6405137.8
            ],
            [
              305368.95,
              6405141.8
            ],
            [
              305362.33,
              6405145.97
            ],
            [
              305355.81,
              6405150.31
            ],
            [
              305349.41,
              6405154.8
            ],
            [
              305343.12,
              6405159.46
            ],
            [
              305336.95,
              6405164.26
            ],
            [
              305330.9,
              6405169.23
            ],
            [
              305324.97,
              6405174.34
            ],
            [
              305319.18,
              6405179.6
            ],
            [
              305313.52,
              6405185.0
            ],
            [
              305307.99,
              6405190.54
            ],
            [
              305302.61,
              6405196.21
            ],
            [
              305297.36,
              6405202.02
            ],
            [
              305292.27,
              6405207.96
            ],
            [
              305287.33,
              6405214.02
            ],
            [
              305282.53,
              6405220.21
            ],
            [
              305277.9,
              6405226.51
            ],
            [
              305273.42,
              6405232.93
            ],
            [
              305269.1,
              6405239.45
            ],
            [
              305264.95,
              6405246.08
            ],
            [
              305260.96,
              6405252.82
            ],
            [
              305257.15,
              6405259.65
            ],
            [
              305253.5,
              6405266.57
            ],
            [
              305250.03,
              6405273.58
            ],
            [
              305246.74,
              6405280.68
            ],
            [
              305243.62,
              6405287.86
            ],
            [
              305240.68,
              6405295.11
            ],
            [
              305237.93,
              6405302.43
            ],
            [
              305235.36,
              6405309.82
            ],
            [
              305232.97,
              6405317.27
            ],
            [
              305229.19,
              6405323.99
            ],
            [
              305225.58,
              6405330.8
            ],
            [
              305222.13,
              6405337.7
            ],
            [
              305218.85,
              6405344.67
            ],
            [
              305215.74,
              6405351.73
            ],
            [
              305212.81,
              6405358.86
            ],
            [
              305210.04,
              6405366.05
            ],
            [
              305207.46,
              6405373.32
            ],
            [
              305205.05,
              6405380.64
            ],
            [
              305202.82,
              6405388.02
            ],
            [
              305200.77,
              6405395.45
            ],
            [
              305198.9,
              6405402.93
            ],
            [
              305197.21,
              6405410.45
            ],
            [
              305195.7,
              6405418.01
            ],
            [
              305194.38,
              6405425.61
            ],
            [
              305193.25,
              6405433.23
            ],
            [
              305192.3,
              6405440.88
            ],
            [
              305191.53,
              6405448.55
            ],
            [
              305190.96,
              6405456.24
            ],
            [
              305190.57,
              6405463.94
            ],
            [
              305190.37,
              6405471.65
            ],
            [
              305190.35,
              6405479.36
            ],
            [
              305190.52,
              6405487.07
            ],
            [
              305190.88,
              6405494.77
            ],
            [
              305191.43,
              6405502.46
            ],
            [
              305192.16,
              6405510.13
            ],
            [
              305193.08,
              6405517.79
            ],
            [
              305194.19,
              6405525.42
            ],
            [
              305195.48,
              6405533.01
            ],
            [
              305196.95,
              6405540.58
            ],
            [
              305198.61,
              6405548.11
            ],
            [
              305200.45,
              6405555.6
            ],
            [
              305202.47,
              6405563.04
            ],
            [
              305204.67,
              6405570.42
            ],
            [
              305207.05,
              6405577.76
            ],
            [
              305209.61,
              6405585.03
            ],
            [
              305211.81,
              6405592.64
            ],
            [
              305214.19,
              6405600.19
            ],
            [
              305216.75,
              6405607.68
            ],
            [
              305219.5,
              6405615.11
            ],
            [
              305222.43,
              6405622.46
            ],
            [
              305225.54,
              6405629.74
            ],
            [
              305228.83,
              6405636.95
            ],
            [
              305232.29,
              6405644.07
            ],
            [
              305235.93,
              6405651.1
            ],
            [
              305239.74,
              6405658.04
            ],
            [
              305243.71,
              6405664.89
            ],
            [
              305247.86,
              6405671.63
            ],
            [
              305252.17,
              6405678.28
            ],
            [
              305256.64,
              6405684.81
            ],
            [
              305261.27,
              6405691.24
            ],
            [
              305266.05,
              6405697.54
            ],
            [
              305270.99,
              6405703.73
            ],
            [
              305276.08,
              6405709.8
            ],
            [
              305281.32,
              6405715.74
            ],
            [
              305286.7,
              6405721.55
            ],
            [
              305292.22,
              6405727.22
            ],
            [
              305297.88,
              6405732.76
            ],
            [
              305303.67,
              6405738.16
            ],
            [
              305309.59,
              6405743.41
            ],
            [
              305315.64,
              6405748.52
            ],
            [
              305321.82,
              6405753.47
            ],
            [
              305328.11,
              6405758.28
            ],
            [
              305334.52,
              6405762.92
            ],
            [
              305341.05,
              6405767.41
            ],
            [
              305347.68,
              6405771.74
            ],
            [
              305354.41,
              6405775.9
            ],
            [
              305361.25,
              6405779.9
            ],
            [
              305368.18,
              6405783.73
            ],
            [
              305375.2,
              6405787.39
            ],
            [
              305382.31,
              6405790.87
            ],
            [
              305389.5,
              6405794.18
            ],
            [
              305396.78,
              6405797.31
            ],
            [
              305404.12,
              6405800.26
            ],
            [
              305411.54,
              6405803.03
            ],
            [
              305419.02,
              6405805.62
            ],
            [
              305426.57,
              6405808.02
            ],
            [
              305434.17,
              6405810.24
            ],
            [
              305441.82,
              6405812.26
            ],
            [
              305449.52,
              6405814.11
            ],
            [
              305457.27,
              6405815.76
            ],
            [
              305465.05,
              6405817.22
            ],
            [
              305472.86,
              6405818.49
            ],
            [
              305480.71,
              6405819.57
            ],
            [
              305488.58,
              6405820.45
            ],
            [
              305496.46,
              6405821.14
            ],
            [
              305504.37,
              6405821.64
            ],
            [
              305511.69,
              6405823.84
            ],
            [
              305519.06,
              6405825.86
            ],
            [
              305526.48,
              6405827.71
            ],
            [
              305533.94,
              6405829.37
            ],
            [
              305541.43,
              6405830.86
            ],
            [
              305548.97,
              6405832.16
            ],
            [
              305556.53,
              6405833.29
            ],
            [
              305564.11,
              6405834.23
            ],
            [
              305571.72,
              6405834.99
            ],
            [
              305579.34,
              6405835.57
            ],
            [
              305586.97,
              6405835.96
            ],
            [
              305594.61,
              6405836.18
            ],
            [
              305602.26,
              6405836.2
            ],
            [
              305609.9,
              6405836.05
            ],
            [
              305617.54,
              6405835.71
            ],
            [
              305625.16,
              6405835.19
            ],
            [
              305632.78,
              6405834.48
            ],
            [
              305640.37,
              6405833.6
            ],
            [
              305647.94,
              6405832.53
            ],
            [
              305655.48,
              6405831.28
            ],
            [
              305662.49,
              6405832.0
            ],
            [
              305669.51,
              6405832.56
            ],
            [
              305676.55,
              6405832.96
            ],
            [
              305683.59,
              6405833.19
            ],
            [
              305690.64,
              6405833.25
            ],
            [
              305697.68,
              6405833.15
            ],
            [
              305704.72,
              6405832.88
            ],
            [
              305711.76,
              6405832.46
            ],
            [
              305718.78,
              6405831.86
            ],
            [
              305725.78,
              6405831.1
            ],
            [
              305732.77,
              6405830.18
            ],
            [
              305739.73,
              6405829.09
            ],
            [
              305746.67,
              6405827.84
            ],
            [
              305753.57,
              6405826.43
            ],
            [
              305760.44,
              6405824.86
            ],
            [
              305767.27,
              6405823.12
            ],
            [
              305774.41,
              6405821.27
            ],
            [
              305781.51,
              6405819.24
            ],
            [
              305788.55,
              6405817.04
            ],
            [
              305795.54,
              6405814.67
            ],
            [
              305802.47,
              6405812.14
            ],
            [
              305809.33,
              6405809.43
            ],
            [
              305816.13,
              6405806.57
            ],
            [
              305822.86,
              6405803.54
            ],
            [
              305829.51,
              6405800.35
            ],
            [
              305836.08,
              6405797.0
            ],
            [
              305842.58,
              6405793.49
            ],
            [
              305848.98,
              6405789.83
            ],
            [
              305855.29,
              6405786.02
            ],
            [
              305861.52,
              6405782.05
            ],
            [
              305867.64,
              6405777.93
            ],
            [
              305873.66,
              6405773.67
            ],
            [
              305879.58,
              6405769.27
            ],
            [
              305885.39,
              6405764.72
            ],
            [
              305891.09,
              6405760.04
            ],
            [
              305896.68,
              6405755.21
            ],
            [
              305902.14,
              6405750.26
            ],
            [
              305908.18,
              6405744.11
            ],
            [
              305914.09,
              6405737.84
            ],
            [
              305919.89,
              6405731.47
            ],
            [
              305925.56,
              6405724.98
            ],
            [
              305931.11,
              6405718.39
            ],
            [
              305936.54,
              6405711.7
            ],
            [
              305941.84,
              6405704.91
            ],
            [
              305946.95,
              6405698.56
            ],
            [
              305951.94,
              6405692.14
            ],
            [
              305956.83,
              6405685.63
            ],
            [
              305961.61,
              6405679.03
            ],
            [
              305966.28,
              6405672.36
            ],
            [
              305970.83,
              6405665.61
            ],
            [
              305975.27,
              6405658.79
            ],
            [
              305979.59,
              6405651.89
            ],
            [
              305983.09,
              6405645.4
            ],
            [
              305986.46,
              6405638.83
            ],
            [
              305989.68,
              6405632.2
            ],
            [
              305992.75,
              6405625.49
            ],
            [
              305995.68,
              6405618.72
            ],
            [
              305998.47,
              6405611.89
            ],
            [
              306001.1,
              6405605.0
            ],
            [
              306003.59,
              6405598.06
            ],
            [
              306005.93,
              6405591.06
            ],
            [
              306008.11,
              6405584.02
            ],
            [
              306010.14,
              6405576.93
            ],
            [
              306012.02,
              6405569.79
            ],
            [
              306013.69,
              6405562.44
            ],
            [
              306015.17,
              6405555.05
            ],
            [
              306016.47,
              6405547.63
            ],
            [
              306017.59,
              6405540.18
            ],
            [
              306018.52,
              6405532.7
            ],
            [
              306019.27,
              6405525.2
            ],
            [
              306019.83,
              6405517.68
            ],
            [
              306020.2,
              6405510.16
            ],
            [
              306020.39,
              6405502.62
            ],
            [
              306020.39,
              6405495.09
            ],
            [
              306020.21,
              6405487.55
            ],
            [
              306019.84,
              6405480.03
            ],
            [
              306019.28,
              6405472.51
            ],
            [
              306018.54,
              6405465.01
            ],
            [
              306017.61,
              6405457.53
            ],
            [
              306016.49,
              6405450.08
            ],
            [
              306015.2,
              6405442.65
            ],
            [
              306013.72,
              6405435.26
            ],
            [
              306012.05,
              6405427.91
            ],
            [
              306010.21,
              6405420.61
            ],
            [
              306008.19,
              6405413.34
            ],
            [
              306005.98,
              6405406.14
            ],
            [
              306003.6,
              6405398.99
            ],
            [
              306001.04,
              6405391.9
            ],
            [
              306007.77,
              6405395.24
            ],
            [
              306014.57,
              6405398.41
            ],
            [
              306021.46,
              6405401.41
            ],
            [
              306028.41,
              6405404.25
            ],
            [
              306035.43,
              6405406.9
            ],
            [
              306042.52,
              6405409.38
            ],
            [
              306049.67,
              6405411.69
            ],
            [
              306056.87,
              6405413.81
            ],
            [
              306064.12,
              6405415.76
            ],
            [
              306071.42,
              6405417.52
            ],
            [
              306078.76,
              6405419.11
            ],
            [
              306086.13,
              6405420.51
            ],
            [
              306093.54,
              6405421.72
            ],
            [
              306100.98,
              6405422.76
            ],
            [
              306108.44,
              6405423.6
            ],
            [
              306115.92,
              6405424.26
            ],
            [
              306123.41,
              6405424.74
            ],
            [
              306130.91,
              6405425.03
            ],
            [
              306138.42,
              6405425.13
            ],
            [
              306145.93,
              6405425.04
            ],
            [
              306153.43,
              6405424.77
            ],
            [
              306160.93,
              6405424.31
            ],
            [
              306168.41,
              6405423.67
            ],
            [
              306175.87,
              6405422.83
            ],
            [
              306183.31,
              6405421.82
            ],
            [
              306190.72,
              6405420.62
            ],
            [
              306198.1,
              6405419.23
            ],
            [
              306205.45,
              6405417.67
            ],
            [
              306212.75,
              6405415.92
            ],
            [
              306220.0,
              6405413.99
            ],
            [
              306227.21,
              6405411.88
            ],
            [
              306234.59,
              6405414.37
            ],
            [
              306242.03,
              6405416.71
            ],
            [
              306249.52,
              6405418.89
            ],
            [
              306257.05,
              6405420.92
            ],
            [
              306264.62,
              6405422.78
            ],
            [
              306272.23,
              6405424.49
            ],
            [
              306270.53,
              6405431.73
            ],
            [
              306269.02,
              6405439.01
            ],
            [
              306267.68,
              6405446.33
            ],
            [
              306266.53,
              6405453.68
            ],
            [
              306265.57,
              6405461.06
            ],
            [
              306264.78,
              6405468.46
            ],
            [
              306264.18,
              6405475.88
            ],
            [
              306263.77,
              6405483.31
            ],
            [
              306263.54,
              6405490.74
            ],
            [
              306263.49,
              6405498.18
            ],
            [
              306263.63,
              6405505.62
            ],
            [
              306263.96,
              6405513.05
            ],
            [
              306264.47,
              6405520.48
            ],
            [
              306265.16,
              6405527.88
            ],
            [
              306266.04,
              6405535.27
            ],
            [
              306267.1,
              6405542.64
            ],
            [
              306268.35,
              6405549.97
            ],
            [
              306269.78,
              6405557.27
            ],
            [
              306271.39,
              6405564.54
            ],
            [
              306273.17,
              6405571.76
            ],
            [
              306275.14,
              6405578.93
            ],
            [
              306277.29,
              6405586.06
            ],
            [
              306279.61,
              6405593.13
            ],
            [
              306282.1,
              6405600.14
            ],
            [
              306284.78,
              6405607.08
            ],
            [
              306285.11,
              6405615.04
            ],
            [
              306285.64,
              6405622.98
            ],
            [
              306286.35,
              6405630.91
            ],
            [
              306287.25,
              6405638.83
            ],
            [
              306288.34,
              6405646.71
            ],
            [
              306289.61,
              6405654.57
            ],
            [
              306291.07,
              6405662.4
            ],
            [
              306292.72,
              6405670.19
            ],
            [
              306294.54,
              6405677.94
            ],
            [
              306296.55,
              6405685.65
            ],
            [
              306298.75,
              6405693.3
            ],
            [
              306301.12,
              6405700.91
            ],
            [
              306303.67,
              6405708.45
            ],
            [
              306306.4,
              6405715.93
            ],
            [
              306309.31,
              6405723.34
            ],
            [
              306312.39,
              6405730.68
            ],
            [
              306315.64,
              6405737.95
            ],
            [
              306319.07,
              6405745.14
            ],
            [
              306322.66,
              6405752.25
            ],
            [
              306325.56,
              6405759.06
            ],
            [
              306328.61,
              6405765.8
            ],
            [
              306331.83,
              6405772.47
            ],
            [
              306335.2,
              6405779.06
            ],
            [
              306338.73,
              6405785.56
            ],
            [
              306342.41,
              6405791.98
            ],
            [
              306346.25,
              6405798.32
            ],
            [
              306350.23,
              6405804.55
            ],
            [
              306354.36,
              6405810.7
            ],
            [
              306358.64,
              6405816.74
            ],
            [
              306363.06,
              6405822.68
            ],
            [
              306367.61,
              6405828.51
            ],
            [
              306372.31,
              6405834.23
            ],
            [
              306377.14,
              6405839.84
            ],
            [
              306382.1,
              6405845.34
            ],
            [
              306387.19,
              6405850.71
            ],
            [
              306392.41,
              6405855.96
            ],
            [
              306397.75,
              6405861.09
            ],
            [
              306403.21,
              6405866.08
            ],
            [
              306408.78,
              6405870.95
            ],
            [
              306413.13,
              6405876.06
            ],
            [
              306417.59,
              6405881.08
            ],
            [
              306422.15,
              6405885.99
            ],
            [
              306426.83,
              6405890.81
            ],
            [
              306431.6,
              6405895.52
            ],
            [
              306436.48,
              6405900.12
            ],
            [
              306441.46,
              6405904.62
            ],
            [
              306446.54,
              6405909.0
            ],
            [
              306451.71,
              6405913.27
            ],
            [
              306456.84,
              6405918.81
            ],
            [
              306462.11,
              6405924.22
            ],
            [
              306467.51,
              6405929.49
            ],
            [
              306473.04,
              6405934.63
            ],
            [
              306478.69,
              6405939.63
            ],
            [
              306484.47,
              6405944.49
            ],
            [
              306490.37,
              6405949.2
            ],
            [
              306496.38,
              6405953.77
            ],
            [
              306502.5,
              6405958.18
            ],
            [
              306508.73,
              6405962.44
            ],
            [
              306515.07,
              6405966.55
            ],
            [
              306521.51,
              6405970.49
            ],
            [
              306528.04,
              6405974.28
            ],
            [
              306534.66,
              6405977.89
            ],
            [
              306541.38,
              6405981.35
            ],
            [
              306548.17,
              6405984.64
            ],
            [
              306555.05,
              6405987.75
            ],
            [
              306562.0,
              6405990.7
            ],
            [
              306566.31,
              6405996.85
            ],
            [
              306570.76,
              6406002.9
            ],
            [
              306575.36,
              6406008.83
            ],
            [
              306580.1,
              6406014.66
            ],
            [
              306584.98,
              6406020.38
            ],
            [
              306589.99,
              6406025.97
            ],
            [
              306595.13,
              6406031.45
            ],
            [
              306600.41,
              6406036.8
            ],
            [
              306605.8,
              6406042.02
            ],
            [
              306611.33,
              6406047.11
            ],
            [
              306616.97,
              6406052.07
            ],
            [
              306622.6,
              6406057.2
            ],
            [
              306628.35,
              6406062.2
            ],
            [
              306634.21,
              6406067.08
            ],
            [
              306640.16,
              6406071.84
            ],
            [
              306646.22,
              6406076.46
            ],
            [
              306652.38,
              6406080.95
            ],
            [
              306658.63,
              6406085.3
            ],
            [
              306664.97,
              6406089.53
            ],
            [
              306671.41,
              6406093.61
            ],
            [
              306677.93,
              6406097.55
            ],
            [
              306684.53,
              6406101.36
            ],
            [
              306691.22,
              6406105.01
            ],
            [
              306697.98,
              6406108.53
            ],
            [
              306704.81,
              6406111.89
            ],
            [
              306701.69,
              6406118.83
            ],
            [
              306698.71,
              6406125.84
            ],
            [
              306695.9,
              6406132.92
            ],
            [
              306693.24,
              6406140.05
            ],
            [
              306690.74,
              6406147.24
            ],
            [
              306688.4,
              6406154.49
            ],
            [
              306686.22,
              6406161.78
            ],
            [
              306684.2,
              6406169.12
            ],
            [
              306682.34,
              6406176.5
            ],
            [
              306680.65,
              6406183.93
            ],
            [
              306679.12,
              6406191.38
            ],
            [
              306677.76,
              6406198.88
            ],
            [
              306676.57,
              6406206.39
            ],
            [
              306675.54,
              6406213.94
            ],
            [
              306674.86,
              6406221.17
            ],
            [
              306674.36,
              6406228.42
            ],
            [
              306674.04,
              6406235.68
            ],
            [
              306673.89,
              6406242.95
            ],
            [
              306673.92,
              6406250.21
            ],
            [
              306674.13,
              6406257.48
            ],
            [
              306674.51,
              6406264.74
            ],
            [
              306675.07,
              6406271.98
            ],
            [
              306675.8,
              6406279.21
            ],
            [
              306676.72,
              6406286.42
            ],
            [
              306677.8,
              6406293.61
            ],
            [
              306679.06,
              6406300.76
            ],
            [
              306680.5,
              6406307.88
            ],
            [
              306682.11,
              6406314.97
            ],
            [
              306683.89,
              6406322.02
            ],
            [
              306685.84,
              6406329.02
            ],
            [
              306687.96,
              6406335.97
            ],
            [
              306690.25,
              6406342.87
            ],
            [
              306692.71,
              6406349.7
            ],
            [
              306695.33,
              6406356.48
            ],
            [
              306698.12,
              6406363.19
            ],
            [
              306701.07,
              6406369.83
            ],
            [
              306704.18,
              6406376.4
            ],
            [
              306707.45,
              6406382.89
            ],
            [
              306710.87,
              6406389.3
            ],
            [
              306713.91,
              6406396.41
            ],
            [
              306717.13,
              6406403.44
            ],
            [
              306720.52,
              6406410.39
            ],
            [
              306724.07,
              6406417.25
            ],
            [
              306727.79,
              6406424.03
            ],
            [
              306731.68,
              6406430.71
            ],
            [
              306735.73,
              6406437.29
            ],
            [
              306739.94,
              6406443.78
            ],
            [
              306744.3,
              6406450.16
            ],
            [
              306748.82,
              6406456.43
            ],
            [
              306753.49,
              6406462.59
            ],
            [
              306758.31,
              6406468.64
            ],
            [
              306763.27,
              6406474.56
            ],
            [
              306768.38,
              6406480.37
            ],
            [
              306773.63,
              6406486.04
            ],
            [
              306779.02,
              6406491.59
            ],
            [
              306784.53,
              6406497.0
            ],
            [
              306790.18,
              6406502.28
            ],
            [
              306795.96,
              6406507.41
            ],
            [
              306801.86,
              6406512.41
            ],
            [
              306807.88,
              6406517.26
            ],
            [
              306814.02,
              6406521.96
            ],
            [
              306820.27,
              6406526.51
            ],
            [
              306826.62,
              6406530.91
            ],
            [
              306833.09,
              6406535.15
            ],
            [
              306839.65,
              6406539.23
            ],
            [
              306846.32,
              6406543.15
            ],
            [
              306853.07,
              6406546.9
            ],
            [
              306859.92,
              6406550.49
            ],
            [
              306866.85,
              6406553.92
            ],
            [
              306873.86,
              6406557.17
            ],
            [
              306880.95,
              6406560.25
            ],
            [
              306888.12,
              6406563.15
            ],
            [
              306895.35,
              6406565.88
            ],
            [
              306902.65,
              6406568.44
            ],
            [
              306910.0,
              6406570.81
            ],
            [
              306917.42,
              6406573.0
            ],
            [
              306924.88,
              6406575.02
            ],
            [
              306932.39,
              6406576.85
            ],
            [
              306939.94,
              6406578.49
            ],
            [
              306947.53,
              6406579.96
            ],
            [
              306955.16,
              6406581.23
            ],
            [
              306962.81,
              6406582.32
            ],
            [
              306970.49,
              6406583.22
            ],
            [
              306978.19,
              6406583.94
            ],
            [
              306985.86,
              6406585.5
            ],
            [
              306993.58,
              6406586.89
            ],
            [
              307001.32,
              6406588.1
            ],
            [
              307009.08,
              6406589.14
            ],
            [
              307016.87,
              6406590.01
            ],
            [
              307024.67,
              6406590.71
            ],
            [
              307032.49,
              6406591.24
            ],
            [
              307040.32,
              6406591.58
            ],
            [
              307048.15,
              6406591.76
            ],
            [
              307055.99,
              6406591.76
            ],
            [
              307064.04,
              6406592.31
            ],
            [
              307072.1,
              6406592.68
            ],
            [
              307080.18,
              6406592.86
            ],
            [
              307088.25,
              6406592.86
            ],
            [
              307096.32,
              6406592.68
            ],
            [
              307104.39,
              6406592.31
            ],
            [
              307112.44,
              6406591.75
            ],
            [
              307120.48,
              6406591.02
            ],
            [
              307128.5,
              6406590.1
            ],
            [
              307136.5,
              6406588.99
            ],
            [
              307144.47,
              6406587.71
            ],
            [
              307152.4,
              6406586.24
            ],
            [
              307160.31,
              6406584.59
            ],
            [
              307168.17,
              6406582.76
            ],
            [
              307175.99,
              6406580.76
            ],
            [
              307183.76,
              6406578.57
            ],
            [
              307191.48,
              6406576.21
            ],
            [
              307199.15,
              6406573.67
            ],
            [
              307206.75,
              6406570.96
            ],
            [
              307214.29,
              6406568.07
            ],
            [
              307221.76,
              6406565.01
            ],
            [
              307229.16,
              6406561.79
            ],
            [
              307236.48,
              6406558.39
            ],
            [
              307243.73,
              6406554.83
            ],
            [
              307250.89,
              6406551.1
            ],
            [
              307257.97,
              6406547.21
            ],
            [
              307264.95,
              6406543.16
            ],
            [
              307271.84,
              6406538.96
            ],
            [
              307278.63,
              6406534.59
            ],
            [
              307285.32,
              6406530.07
            ],
            [
              307291.91,
              6406525.4
            ],
            [
              307298.38,
              6406520.58
            ],
            [
              307304.75,
              6406515.62
            ],
            [
              307311.0,
              6406510.51
            ],
            [
              307317.13,
              6406505.26
            ],
            [
              307323.14,
              6406499.87
            ],
            [
              307329.03,
              6406494.34
            ],
            [
              307335.12,
              6406500.85
            ],
            [
              307341.34,
              6406507.23
            ],
            [
              307347.69,
              6406513.48
            ],
            [
              307354.17,
              6406519.61
            ],
            [
              307360.77,
              6406525.6
            ],
            [
              307367.49,
              6406531.45
            ],
            [
              307374.33,
              6406537.17
            ],
            [
              307381.28,
              6406542.75
            ],
            [
              307388.34,
              6406548.18
            ],
            [
              307395.52,
              6406553.47
            ],
            [
              307402.79,
              6406558.62
            ],
            [
              307410.17,
              6406563.62
            ],
            [
              307417.26,
              6406568.24
            ],
            [
              307424.43,
              6406572.71
            ],
            [
              307431.7,
              6406577.02
            ],
            [
              307439.06,
              6406581.18
            ],
            [
              307446.51,
              6406585.19
            ],
            [
              307454.04,
              6406589.03
            ],
            [
              307461.65,
              6406592.71
            ],
            [
              307469.34,
              6406596.24
            ],
            [
              307477.09,
              6406599.59
            ],
            [
              307484.92,
              6406602.78
            ],
            [
              307492.82,
              6406605.81
            ],
            [
              307500.78,
              6406608.67
            ],
            [
              307508.79,
              6406611.35
            ],
            [
              307516.86,
              6406613.87
            ],
            [
              307524.99,
              6406616.21
            ],
            [
              307533.16,
              6406618.38
            ],
            [
              307541.38,
              6406620.38
            ],
            [
              307549.63,
              6406622.21
            ],
            [
              307557.92,
              6406623.85
            ],
            [
              307566.25,
              6406625.32
            ],
            [
              307573.07,
              6406628.75
            ],
            [
              307579.96,
              6406632.01
            ],
            [
              307586.94,
              6406635.11
            ],
            [
              307593.98,
              6406638.03
            ],
            [
              307601.1,
              6406640.79
            ],
            [
              307608.28,
              6406643.36
            ],
            [
              307615.52,
              6406645.77
            ],
            [
              307622.82,
              6406648.0
            ],
            [
              307630.17,
              6406650.05
            ],
            [
              307637.56,
              6406651.92
            ],
            [
              307645.0,
              6406653.61
            ],
            [
              307652.48,
              6406655.12
            ],
            [
              307659.99,
              6406656.46
            ],
            [
              307667.54,
              6406657.6
            ],
            [
              307675.1,
              6406658.57
            ],
            [
              307682.69,
              6406659.35
            ],
            [
              307690.3,
              6406659.95
            ],
            [
              307697.92,
              6406660.36
            ],
            [
              307705.54,
              6406660.58
            ],
            [
              307713.17,
              6406660.63
            ],
            [
              307720.8,
              6406660.48
            ],
            [
              307728.43,
              6406660.16
            ],
            [
              307735.03,
              6406664.2
            ],
            [
              307741.72,
              6406668.1
            ],
            [
              307748.49,
              6406671.84
            ],
            [
              307755.35,
              6406675.43
            ],
            [
              307762.29,
              6406678.86
            ],
            [
              307769.31,
              6406682.14
            ],
            [
              307776.4,
              6406685.25
            ],
            [
              307783.56,
              6406688.21
            ],
            [
              307790.78,
              6406691.0
            ],
            [
              307796.58,
              6406694.32
            ],
            [
              307802.46,
              6406697.49
            ],
            [
              307808.42,
              6406700.52
            ],
            [
              307814.46,
              6406703.39
            ],
            [
              307820.56,
              6406706.12
            ],
            [
              307826.73,
              6406708.69
            ],
            [
              307832.96,
              6406711.11
            ],
            [
              307839.25,
              6406713.37
            ],
            [
              307845.6,
              6406715.47
            ],
            [
              307851.99,
              6406717.41
            ],
            [
              307858.43,
              6406719.19
            ],
            [
              307864.92,
              6406720.81
            ],
            [
              307871.44,
              6406722.27
            ],
            [
              307878.0,
              6406723.57
            ],
            [
              307884.59,
              6406724.7
            ],
            [
              307891.27,
              6406726.64
            ],
            [
              307898.01,
              6406728.41
            ],
            [
              307904.79,
              6406730.0
            ],
            [
              307911.61,
              6406731.41
            ],
            [
              307918.46,
              6406732.65
            ],
            [
              307925.34,
              6406733.71
            ],
            [
              307932.25,
              6406734.59
            ],
            [
              307939.18,
              6406735.3
            ],
            [
              307946.12,
              6406735.82
            ],
            [
              307953.08,
              6406736.16
            ],
            [
              307960.04,
              6406736.33
            ],
            [
              307967.0,
              6406736.31
            ],
            [
              307973.96,
              6406736.11
            ],
            [
              307980.91,
              6406735.74
            ],
            [
              307985.99,
              6406736.2
            ],
            [
              307991.07,
              6406736.59
            ],
            [
              307996.16,
              6406736.9
            ],
            [
              308001.25,
              6406737.15
            ],
            [
              308006.61,
              6406742.02
            ],
            [
              308012.08,
              6406746.77
            ],
            [
              308017.67,
              6406751.38
            ],
            [
              308023.36,
              6406755.86
            ],
            [
              308029.16,
              6406760.2
            ],
            [
              308035.06,
              6406764.41
            ],
            [
              308041.06,
              6406768.47
            ],
            [
              308047.15,
              6406772.39
            ],
            [
              308053.34,
              6406776.16
            ],
            [
              308059.61,
              6406779.79
            ],
            [
              308065.96,
              6406783.26
            ],
            [
              308072.4,
              6406786.59
            ],
            [
              308078.91,
              6406789.76
            ],
            [
              308085.5,
              6406792.77
            ],
            [
              308091.26,
              6406796.26
            ],
            [
              308097.11,
              6406799.62
            ],
            [
              308103.03,
              6406802.84
            ],
            [
              308109.02,
              6406805.92
            ],
            [
              308115.08,
              6406808.86
            ],
            [
              308121.21,
              6406811.66
            ],
            [
              308127.4,
              6406814.31
            ],
            [
              308133.66,
              6406816.82
            ],
            [
              308139.97,
              6406819.18
            ],
            [
              308146.33,
              6406821.4
            ],
            [
              308152.74,
              6406823.47
            ],
            [
              308159.2,
              6406825.38
            ],
            [
              308165.7,
              6406827.15
            ],
            [
              308160.3,
              6406832.54
            ],
            [
              308155.04,
              6406838.06
            ],
            [
              308149.92,
              6406843.71
            ],
            [
              308144.94,
              6406849.49
            ],
            [
              308140.11,
              6406855.39
            ],
            [
              308135.43,
              6406861.41
            ],
            [
              308130.9,
              6406867.54
            ],
            [
              308126.53,
              6406873.79
            ],
            [
              308122.31,
              6406880.14
            ],
            [
              308118.25,
              6406886.6
            ],
            [
              308114.36,
              6406893.16
            ],
            [
              308110.63,
              6406899.81
            ],
            [
              308107.07,
              6406906.56
            ],
            [
              308103.68,
              6406913.39
            ],
            [
              308100.46,
              6406920.3
            ],
            [
              308097.41,
              6406927.3
            ],
            [
              308094.54,
              6406934.36
            ],
            [
              308091.85,
              6406941.5
            ],
            [
              308089.34,
              6406948.7
            ],
            [
              308087.01,
              6406955.96
            ],
            [
              308084.86,
              6406963.28
            ],
            [
              308082.9,
              6406970.65
            ],
            [
              308081.12,
              6406978.07
            ],
            [
              308079.53,
              6406985.53
            ],
            [
              308078.13,
              6406993.02
            ],
            [
              308076.91,
              6407000.55
            ],
            [
              308075.88,
              6407008.11
            ],
            [
              308075.04,
              6407015.69
            ],
            [
              308074.4,
              6407023.29
            ],
            [
              308073.94,
              6407030.9
            ],
            [
              308073.67,
              6407038.52
            ],
            [
              308073.39,
              6407045.54
            ],
            [
              308073.28,
              6407052.58
            ],
            [
              308073.35,
              6407059.61
            ],
            [
              308073.6,
              6407066.63
            ],
            [
              308074.02,
              6407073.65
            ],
            [
              308074.63,
              6407080.65
            ],
            [
              308075.41,
              6407087.64
            ],
            [
              308076.36,
              6407094.6
            ],
            [
              308077.5,
              6407101.54
            ],
            [
              308078.81,
              6407108.45
            ],
            [
              308080.29,
              6407115.32
            ],
            [
              308081.95,
              6407122.15
            ],
            [
              308083.77,
              6407128.94
            ],
            [
              308085.78,
              6407135.68
            ],
            [
              308087.95,
              6407142.37
            ],
            [
              308090.28,
              6407149.0
            ],
            [
              308092.79,
              6407155.57
            ],
            [
              308095.46,
              6407162.07
            ],
            [
              308098.3,
              6407168.5
            ],
            [
              308101.29,
              6407174.86
            ],
            [
              308104.45,
              6407181.14
            ],
            [
              308107.77,
              6407187.34
            ],
            [
              308111.23,
              6407193.46
            ],
            [
              308114.86,
              6407199.48
            ],
            [
              308117.66,
              6407205.28
            ],
            [
              308120.6,
              6407211.02
            ],
            [
              308123.67,
              6407216.69
            ],
            [
              308126.87,
              6407222.28
            ],
            [
              308130.2,
              6407227.79
            ],
            [
              308133.66,
              6407233.23
            ],
            [
              308137.25,
              6407238.58
            ],
            [
              308140.96,
              6407243.85
            ],
            [
              308144.79,
              6407249.03
            ],
            [
              308149.52,
              6407255.58
            ],
            [
              308154.12,
              6407262.21
            ],
            [
              308158.59,
              6407268.93
            ],
            [
              308162.93,
              6407275.73
            ],
            [
              308167.14,
              6407282.62
            ],
            [
              308171.22,
              6407289.58
            ],
            [
              308175.16,
              6407296.63
            ],
            [
              308178.97,
              6407303.74
            ],
            [
              308182.64,
              6407310.93
            ],
            [
              308186.17,
              6407318.19
            ],
            [
              308189.56,
              6407325.51
            ],
            [
              308192.81,
              6407332.9
            ],
            [
              308195.91,
              6407340.98
            ],
            [
              308199.2,
              6407348.99
            ],
            [
              308202.66,
              6407356.92
            ],
            [
              308206.3,
              6407364.76
            ],
            [
              308210.12,
              6407372.53
            ],
            [
              308214.11,
              6407380.21
            ],
            [
              308218.27,
              6407387.8
            ],
            [
              308222.6,
              6407395.29
            ],
            [
              308227.1,
              6407402.68
            ],
            [
              308231.76,
              6407409.97
            ],
            [
              308236.59,
              6407417.15
            ],
            [
              308241.57,
              6407424.22
            ],
            [
              308246.72,
              6407431.18
            ],
            [
              308252.01,
              6407438.03
            ],
            [
              308257.46,
              6407444.75
            ],
            [
              308263.07,
              6407451.34
            ],
            [
              308268.81,
              6407457.81
            ],
            [
              308274.7,
              6407464.15
            ],
            [
              308280.73,
              6407470.35
            ],
            [
              308286.91,
              6407476.42
            ],
            [
              308293.21,
              6407482.35
            ],
            [
              308299.65,
              6407488.13
            ],
            [
              308306.21,
              6407493.77
            ],
            [
              308312.9,
              6407499.26
            ],
            [
              308319.71,
              6407504.59
            ],
            [
              308326.64,
              6407509.78
            ],
            [
              308333.69,
              6407514.8
            ],
            [
              308340.84,
              6407519.67
            ],
            [
              308348.1,
              6407524.37
            ],
            [
              308355.47,
              6407528.91
            ],
            [
              308362.94,
              6407533.29
            ],
            [
              308370.5,
              6407537.49
            ],
            [
              308378.16,
              6407541.52
            ],
            [
              308385.9,
              6407545.38
            ],
            [
              308393.73,
              6407549.07
            ],
            [
              308401.64,
              6407552.58
            ],
            [
              308409.63,
              6407555.91
            ],
            [
              308417.69,
              6407559.06
            ],
            [
              308425.82,
              6407562.02
            ],
            [
              308434.01,
              6407564.81
            ],
            [
              308442.26,
              6407567.41
            ],
            [
              308450.57,
              6407569.82
            ],
            [
              308458.93,
              6407572.05
            ],
            [
              308460.86,
              6407580.64
            ],
            [
              308462.96,
              6407589.18
            ],
            [
              308465.25,
              6407597.69
            ],
            [
              308467.73,
              6407606.13
            ],
            [
              308470.39,
              6407614.53
            ],
            [
              308473.23,
              6407622.86
            ],
            [
              308476.24,
              6407631.13
            ],
            [
              308479.44,
              6407639.33
            ],
            [
              308482.82,
              6407647.46
            ],
            [
              308486.37,
              6407655.52
            ],
            [
              308490.09,
              6407663.5
            ],
            [
              308493.99,
              6407671.39
            ],
            [
              308498.06,
              6407679.2
            ],
            [
              308502.29,
              6407686.92
            ],
            [
              308506.69,
              6407694.54
            ],
            [
              308511.26,
              6407702.07
            ],
            [
              308515.99,
              6407709.49
            ],
            [
              308520.87,
              6407716.82
            ],
            [
              308525.92,
              6407724.03
            ],
            [
              308531.12,
              6407731.13
            ],
            [
              308536.47,
              6407738.12
            ],
            [
              308541.98,
              6407744.99
            ],
            [
              308547.63,
              6407751.74
            ],
            [
              308553.42,
              6407758.37
            ],
            [
              308559.36,
              6407764.87
            ],
            [
              308565.44,
              6407771.24
            ],
            [
              308571.66,
              6407777.47
            ],
            [
              308578.01,
              6407783.57
            ],
            [
              308584.49,
              6407789.53
            ],
            [
              308591.09,
              6407795.35
            ],
            [
              308597.83,
              6407801.02
            ],
            [
              308597.33,
              6407804.71
            ],
            [
              308597.0,
              6407808.42
            ],
            [
              308596.84,
              6407812.14
            ],
            [
              308596.84,
              6407815.86
            ],
            [
              308597.01,
              6407819.58
            ],
            [
              308597.35,
              6407823.29
            ],
            [
              308597.86,
              6407826.98
            ],
            [
              308598.53,
              6407830.64
            ],
            [
              308599.36,
              6407834.27
            ],
            [
              308600.36,
              6407837.85
            ],
            [
              308601.52,
              6407841.39
            ],
            [
              308602.83,
              6407844.87
            ],
            [
              308604.3,
              6407848.29
            ],
            [
              308605.92,
              6407851.64
            ],
            [
              308607.69,
              6407854.92
            ],
            [
              308609.61,
              6407858.11
            ],
            [
              308611.64,
              6407860.16
            ],
            [
              308613.8,
              6407862.08
            ],
            [
              308616.07,
              6407863.85
            ],
            [
              308618.45,
              6407865.48
            ],
            [
              308620.93,
              6407866.95
            ],
            [
              308623.51,
              6407868.26
            ],
            [
              308626.15,
              6407869.4
            ],
            [
              308628.87,
              6407870.37
            ],
            [
              308631.64,
              6407871.17
            ],
            [
              308634.46,
              6407871.79
            ],
            [
              308637.31,
              6407872.22
            ],
            [
              308640.18,
              6407872.48
            ],
            [
              308643.07,
              6407872.55
            ],
            [
              308645.95,
              6407872.43
            ],
            [
              308648.82,
              6407872.13
            ],
            [
              308651.66,
              6407871.66
            ],
            [
              308654.47,
              6407870.99
            ],
            [
              308657.23,
              6407870.16
            ],
            [
              308730.53,
              6407960.29
            ],
            [
              308736.84,
              6407966.3
            ],
            [
              308743.28,
              6407972.18
            ],
            [
              308749.86,
              6407977.92
            ],
            [
              308756.55,
              6407983.5
            ],
            [
              308763.38,
              6407988.94
            ],
            [
              308770.32,
              6407994.22
            ],
            [
              308777.37,
              6407999.34
            ],
            [
              308784.54,
              6408004.31
            ],
            [
              308791.82,
              6408009.12
            ],
            [
              308799.2,
              6408013.76
            ],
            [
              308806.68,
              6408018.24
            ],
            [
              308814.27,
              6408022.55
            ],
            [
              308821.94,
              6408026.69
            ],
            [
              308829.71,
              6408030.66
            ],
            [
              308837.56,
              6408034.45
            ],
            [
              308845.5,
              6408038.07
            ],
            [
              308853.51,
              6408041.51
            ],
            [
              308861.6,
              6408044.78
            ],
            [
              308869.76,
              6408047.86
            ],
            [
              308877.98,
              6408050.76
            ],
            [
              308886.27,
              6408053.47
            ],
            [
              308894.62,
              6408056.0
            ],
            [
              308903.02,
              6408058.34
            ],
            [
              308911.47,
              6408060.5
            ],
            [
              308919.97,
              6408062.47
            ],
            [
              308928.5,
              6408064.24
            ],
            [
              308937.08,
              6408065.83
            ],
            [
              308945.69,
              6408067.23
            ],
            [
              308954.33,
              6408068.43
            ],
            [
              308962.99,
              6408069.44
            ],
            [
              308971.67,
              6408070.26
            ],
            [
              308980.37,
              6408070.88
            ],
            [
              308989.08,
              6408071.32
            ],
            [
              308997.8,
              6408071.55
            ],
            [
              309006.52,
              6408071.59
            ],
            [
              309015.24,
              6408071.44
            ],
            [
              309023.96,
              6408071.1
            ],
            [
              309032.66,
              6408070.56
            ],
            [
              309041.35,
              6408069.82
            ],
            [
              309050.02,
              6408068.9
            ],
            [
              309058.67,
              6408067.78
            ],
            [
              309067.29,
              6408066.46
            ],
            [
              309072.81,
              6408068.87
            ],
            [
              309078.37,
              6408071.17
            ],
            [
              309083.97,
              6408073.35
            ],
            [
              309089.62,
              6408075.43
            ],
            [
              309095.31,
              6408077.4
            ],
            [
              309102.04,
              6408079.57
            ],
            [
              309108.82,
              6408081.58
            ],
            [
              309115.65,
              6408083.44
            ],
            [
              309122.51,
              6408085.14
            ],
            [
              309129.42,
              6408086.68
            ],
            [
              309136.36,
              6408088.07
            ],
            [
              309143.32,
              6408089.29
            ],
            [
              309150.32,
              6408090.36
            ],
            [
              309157.33,
              6408091.26
            ],
            [
              309164.37,
              6408092.0
            ],
            [
              309171.42,
              6408092.58
            ],
            [
              309178.48,
              6408093.0
            ],
            [
              309185.55,
              6408093.25
            ],
            [
              309192.63,
              6408093.35
            ],
            [
              309199.7,
              6408093.28
            ],
            [
              309205.59,
              6408096.78
            ],
            [
              309211.56,
              6408100.14
            ],
            [
              309217.61,
              6408103.36
            ],
            [
              309223.74,
              6408106.43
            ],
            [
              309229.94,
              6408109.35
            ],
            [
              309236.2,
              6408112.13
            ],
            [
              309242.53,
              6408114.75
            ],
            [
              309248.92,
              6408117.23
            ],
            [
              309255.37,
              6408119.55
            ],
            [
              309255.88,
              6408129.09
            ],
            [
              309256.56,
              6408138.63
            ],
            [
              309257.43,
              6408148.15
            ],
            [
              309258.48,
              6408157.65
            ],
            [
              309259.71,
              6408167.13
            ],
            [
              309261.12,
              6408176.59
            ],
            [
              309262.71,
              6408186.01
            ],
            [
              309264.48,
              6408195.41
            ],
            [
              309266.42,
              6408204.77
            ],
            [
              309268.55,
              6408214.09
            ],
            [
              309270.85,
              6408223.37
            ],
            [
              309273.33,
              6408232.6
            ],
            [
              309275.98,
              6408241.79
            ],
            [
              309278.81,
              6408250.92
            ],
            [
              309281.81,
              6408260.0
            ],
            [
              309284.98,
              6408269.01
            ],
            [
              309288.33,
              6408277.97
            ],
            [
              309290.75,
              6408284.16
            ],
            [
              309293.26,
              6408290.31
            ],
            [
              309295.84,
              6408296.43
            ],
            [
              309298.51,
              6408302.51
            ],
            [
              309298.59,
              6408309.99
            ],
            [
              309298.86,
              6408317.46
            ],
            [
              309299.32,
              6408324.92
            ],
            [
              309299.96,
              6408332.37
            ],
            [
              309300.79,
              6408339.8
            ],
            [
              309301.8,
              6408347.21
            ],
            [
              309303.0,
              6408354.59
            ],
            [
              309304.38,
              6408361.94
            ],
            [
              309305.95,
              6408369.25
            ],
            [
              309307.7,
              6408376.52
            ],
            [
              309309.63,
              6408383.75
            ],
            [
              309311.73,
              6408390.92
            ],
            [
              309314.02,
              6408398.04
            ],
            [
              309316.49,
              6408405.1
            ],
            [
              309319.13,
              6408412.09
            ],
            [
              309321.94,
              6408419.02
            ],
            [
              309324.93,
              6408425.88
            ],
            [
              309328.09,
              6408432.65
            ],
            [
              309331.41,
              6408439.35
            ],
            [
              309334.9,
              6408445.96
            ],
            [
              309338.56,
              6408452.49
            ],
            [
              309342.38,
              6408458.91
            ],
            [
              309346.35,
              6408465.25
            ],
            [
              309350.49,
              6408471.48
            ],
            [
              309369.99,
              6408499.08
            ],
            [
              309374.62,
              6408505.43
            ],
            [
              309379.4,
              6408511.67
            ],
            [
              309384.33,
              6408517.79
            ],
            [
              309389.41,
              6408523.79
            ],
            [
              309394.64,
              6408529.66
            ],
            [
              309400.01,
              6408535.4
            ],
            [
              309405.51,
              6408541.01
            ],
            [
              309411.15,
              6408546.48
            ],
            [
              309416.93,
              6408551.81
            ],
            [
              309422.83,
              6408557.0
            ],
            [
              309428.86,
              6408562.05
            ],
            [
              309435.01,
              6408566.94
            ],
            [
              309441.27,
              6408571.69
            ],
            [
              309447.65,
              6408576.28
            ],
            [
              309454.15,
              6408580.71
            ],
            [
              309460.74,
              6408584.98
            ],
            [
              309467.44,
              6408589.09
            ],
            [
              309474.24,
              6408593.03
            ],
            [
              309481.14,
              6408596.81
            ],
            [
              309488.12,
              6408600.42
            ],
            [
              309495.19,
              6408603.85
            ],
            [
              309502.34,
              6408607.11
            ],
            [
              309509.57,
              6408610.2
            ],
            [
              309516.87,
              6408613.11
            ],
            [
              309524.24,
              6408615.84
            ],
            [
              309531.68,
              6408618.38
            ],
            [
              309539.17,
              6408620.75
            ],
            [
              309546.72,
              6408622.93
            ],
            [
              309554.33,
              6408624.92
            ],
            [
              309561.97,
              6408626.74
            ],
            [
              309569.66,
              6408628.36
            ],
            [
              309577.39,
              6408629.79
            ],
            [
              309585.15,
              6408631.03
            ],
            [
              309592.94,
              6408632.09
            ],
            [
              309600.76,
              6408632.95
            ],
            [
              309608.59,
              6408633.62
            ],
            [
              309616.43,
              6408634.1
            ],
            [
              309624.29,
              6408634.39
            ],
            [
              309632.15,
              6408634.49
            ],
            [
              309640.01,
              6408634.39
            ],
            [
              309647.86,
              6408634.1
            ],
            [
              309655.71,
              6408633.62
            ],
            [
              309663.54,
              6408632.95
            ],
            [
              309671.35,
              6408632.09
            ],
            [
              309679.14,
              6408631.04
            ],
            [
              309684.79,
              6408635.79
            ],
            [
              309690.57,
              6408640.39
            ],
            [
              309696.45,
              6408644.85
            ],
            [
              309702.45,
              6408649.16
            ],
            [
              309708.55,
              6408653.33
            ],
            [
              309714.76,
              6408657.33
            ],
            [
              309721.06,
              6408661.18
            ],
            [
              309727.46,
              6408664.87
            ],
            [
              309733.95,
              6408668.4
            ],
            [
              309740.52,
              6408671.77
            ],
            [
              309747.18,
              6408674.97
            ],
            [
              309753.91,
              6408678.0
            ],
            [
              309760.72,
              6408680.87
            ],
            [
              309767.6,
              6408683.56
            ],
            [
              309774.54,
              6408686.08
            ],
            [
              309781.54,
              6408688.42
            ],
            [
              309788.6,
              6408690.59
            ],
            [
              309795.72,
              6408692.58
            ],
            [
              309802.88,
              6408694.39
            ],
            [
              309807.5,
              6408696.86
            ],
            [
              309812.17,
              6408699.24
            ],
            [
              309816.88,
              6408701.54
            ],
            [
              309821.63,
              6408703.75
            ],
            [
              309816.31,
              6408704.32
            ],
            [
              309810.96,
              6408704.73
            ],
            [
              309805.61,
              6408704.96
            ],
            [
              309800.25,
              6408705.03
            ],
            [
              309794.89,
              6408704.93
            ],
            [
              309789.54,
              6408704.66
            ],
            [
              309784.2,
              6408704.22
            ],
            [
              309778.88,
              6408703.62
            ],
            [
              309773.58,
              6408702.85
            ],
            [
              309606.26,
              6408704.55
            ],
            [
              309599.86,
              6408705.38
            ],
            [
              309593.44,
              6408706.03
            ],
            [
              309587.01,
              6408706.5
            ],
            [
              309580.57,
              6408706.8
            ],
            [
              309574.12,
              6408706.92
            ],
            [
              309567.67,
              6408706.86
            ],
            [
              309561.22,
              6408706.62
            ],
            [
              309554.79,
              6408706.2
            ],
            [
              309548.36,
              6408705.61
            ],
            [
              309541.96,
              6408704.84
            ],
            [
              309535.58,
              6408703.89
            ],
            [
              309529.23,
              6408702.76
            ],
            [
              309522.91,
              6408701.47
            ],
            [
              309516.63,
              6408699.99
            ],
            [
              309510.4,
              6408698.35
            ],
            [
              309504.21,
              6408696.53
            ],
            [
              309498.07,
              6408694.54
            ],
            [
              309434.83,
              6408673.16
            ],
            [
              309350.17,
              6408655.05
            ],
            [
              309294.99,
              6408641.26
            ],
            [
              309292.18,
              6408640.9
            ],
            [
              309289.39,
              6408640.39
            ],
            [
              309286.64,
              6408639.72
            ],
            [
              309283.93,
              6408638.9
            ],
            [
              309281.27,
              6408637.92
            ],
            [
              309278.67,
              6408636.79
            ],
            [
              309276.15,
              6408635.51
            ],
            [
              309273.69,
              6408634.1
            ],
            [
              309271.33,
              6408632.54
            ],
            [
              309269.05,
              6408630.85
            ],
            [
              309266.88,
              6408629.04
            ],
            [
              309264.81,
              6408627.1
            ],
            [
              309262.7,
              6408624.88
            ],
            [
              309260.73,
              6408622.53
            ],
            [
              309258.91,
              6408620.06
            ],
            [
              309257.25,
              6408617.49
            ],
            [
              309255.75,
              6408614.81
            ],
            [
              309254.41,
              6408612.05
            ],
            [
              309253.25,
              6408609.21
            ],
            [
              309252.27,
              6408606.31
            ],
            [
              309251.47,
              6408603.35
            ],
            [
              309250.85,
              6408600.35
            ],
            [
              309250.42,
              6408597.31
            ],
            [
              309250.18,
              6408594.26
            ],
            [
              309250.12,
              6408591.19
            ],
            [
              309250.26,
              6408588.13
            ],
            [
              309250.58,
              6408585.08
            ],
            [
              309251.09,
              6408582.06
            ],
            [
              309251.79,
              6408579.07
            ],
            [
              309252.67,
              6408576.14
            ],
            [
              309253.73,
              6408573.26
            ],
            [
              309254.97,
              6408570.46
            ],
            [
              309256.38,
              6408567.73
            ],
            [
              309257.95,
              6408565.1
            ],
            [
              309259.68,
              6408562.57
            ],
            [
              309277.27,
              6408545.99
            ],
            [
              309279.18,
              6408543.58
            ],
            [
              309280.95,
              6408541.07
            ],
            [
              309282.57,
              6408538.46
            ],
            [
              309284.03,
              6408535.76
            ],
            [
              309285.35,
              6408532.99
            ],
            [
              309286.5,
              6408530.14
            ],
            [
              309287.49,
              6408527.24
            ],
            [
              309288.32,
              6408524.28
            ],
            [
              309288.97,
              6408521.28
            ],
            [
              309289.45,
              6408518.25
            ],
            [
              309289.76,
              6408515.19
            ],
            [
              309289.89,
              6408512.13
            ],
            [
              309289.85,
              6408509.06
            ],
            [
              309289.64,
              6408505.99
            ],
            [
              309289.25,
              6408502.95
            ],
            [
              309288.69,
              6408499.93
            ],
            [
              309287.95,
              6408496.95
            ],
            [
              309287.28,
              6408493.71
            ],
            [
              309286.46,
              6408490.52
            ],
            [
              309285.48,
              6408487.36
            ],
            [
              309284.35,
              6408484.26
            ],
            [
              309283.08,
              6408481.21
            ],
            [
              309281.66,
              6408478.23
            ],
            [
              309280.09,
              6408475.32
            ],
            [
              309278.4,
              6408471.82
            ],
            [
              309276.53,
              6408468.4
            ],
            [
              309274.5,
              6408465.08
            ],
            [
              309272.31,
              6408461.86
            ],
            [
              309269.96,
              6408458.76
            ],
            [
              309267.46,
              6408455.77
            ],
            [
              309264.82,
              6408452.92
            ],
            [
              309262.04,
              6408450.19
            ],
            [
              309259.13,
              6408447.6
            ],
            [
              309256.09,
              6408445.16
            ],
            [
              309252.95,
              6408442.88
            ],
            [
              309249.69,
              6408440.75
            ],
            [
              309246.33,
              6408438.78
            ],
            [
              309242.87,
              6408436.98
            ],
            [
              309239.34,
              6408435.36
            ],
            [
              309235.72,
              6408433.9
            ],
            [
              309232.05,
              6408432.63
            ],
            [
              309228.31,
              6408431.54
            ],
            [
              309224.52,
              6408430.64
            ],
            [
              309220.7,
              6408429.92
            ],
            [
              309216.84,
              6408429.4
            ],
            [
              309212.96,
              6408429.06
            ],
            [
              309209.07,
              6408428.91
            ],
            [
              309205.18,
              6408428.96
            ],
            [
              309200.44,
              6408429.8
            ],
            [
              309195.73,
              6408430.78
            ],
            [
              309191.06,
              6408431.91
            ],
            [
              309186.42,
              6408433.18
            ],
            [
              309181.82,
              6408434.6
            ],
            [
              309177.27,
              6408436.16
            ],
            [
              309172.77,
              6408437.85
            ],
            [
              309168.65,
              6408439.65
            ],
            [
              309164.46,
              6408441.28
            ],
            [
              309160.2,
              6408442.75
            ],
            [
              309155.89,
              6408444.04
            ],
            [
              309151.53,
              6408445.15
            ],
            [
              309147.14,
              6408446.09
            ],
            [
              309142.7,
              6408446.85
            ],
            [
              309138.24,
              6408447.43
            ],
            [
              309133.76,
              6408447.83
            ],
            [
              309129.27,
              6408448.05
            ],
            [
              309124.77,
              6408448.09
            ],
            [
              309120.28,
              6408447.95
            ],
            [
              309119.1,
              6408448.09
            ],
            [
              309117.92,
              6408448.27
            ],
            [
              309116.75,
              6408448.47
            ],
            [
              309115.59,
              6408448.71
            ],
            [
              309110.57,
              6408451.11
            ],
            [
              309105.47,
              6408453.36
            ],
            [
              309100.3,
              6408455.43
            ],
            [
              309095.07,
              6408457.35
            ],
            [
              309089.78,
              6408459.09
            ],
            [
              309084.44,
              6408460.67
            ],
            [
              309079.05,
              6408462.07
            ],
            [
              309073.62,
              6408463.3
            ],
            [
              309068.15,
              6408464.36
            ],
            [
              309062.65,
              6408465.24
            ],
            [
              309057.12,
              6408465.95
            ],
            [
              309051.58,
              6408466.48
            ],
            [
              309046.02,
              6408466.83
            ],
            [
              309040.45,
              6408467.01
            ],
            [
              309034.88,
              6408467.0
            ],
            [
              309029.32,
              6408466.82
            ],
            [
              309023.76,
              6408466.47
            ],
            [
              309018.22,
              6408465.93
            ],
            [
              309012.69,
              6408465.22
            ],
            [
              309007.19,
              6408464.33
            ],
            [
              309001.73,
              6408463.27
            ],
            [
              308996.29,
              6408462.03
            ],
            [
              308990.91,
              6408460.62
            ],
            [
              308985.57,
              6408459.04
            ],
            [
              308980.24,
              6408456.94
            ],
            [
              308974.99,
              6408454.67
            ],
            [
              308969.82,
              6408452.24
            ],
            [
              308964.72,
              6408449.65
            ],
            [
              308959.7,
              6408446.89
            ],
            [
              308954.78,
              6408443.98
            ],
            [
              308949.95,
              6408440.92
            ],
            [
              308945.22,
              6408437.7
            ],
            [
              308940.59,
              6408434.34
            ],
            [
              308936.07,
              6408430.83
            ],
            [
              308931.67,
              6408427.18
            ],
            [
              308927.38,
              6408423.39
            ],
            [
              308923.22,
              6408419.47
            ],
            [
              308919.18,
              6408415.42
            ],
            [
              308915.27,
              6408411.24
            ],
            [
              308911.5,
              6408406.94
            ],
            [
              308907.86,
              6408402.53
            ],
            [
              308904.36,
              6408398.0
            ],
            [
              308901.02,
              6408393.36
            ],
            [
              308897.81,
              6408388.62
            ],
            [
              308894.76,
              6408383.78
            ],
            [
              308891.87,
              6408378.85
            ],
            [
              308890.57,
              6408376.78
            ],
            [
              308889.15,
              6408374.79
            ],
            [
              308887.59,
              6408372.89
            ],
            [
              308885.93,
              6408371.1
            ],
            [
              308884.15,
              6408369.42
            ],
            [
              308882.27,
              6408367.86
            ],
            [
              308880.29,
              6408366.42
            ],
            [
              308876.26,
              6408366.05
            ],
            [
              308872.23,
              6408365.84
            ],
            [
              308868.19,
              6408365.82
            ],
            [
              308864.15,
              6408365.96
            ],
            [
              308860.12,
              6408366.28
            ],
            [
              308856.11,
              6408366.77
            ],
            [
              308852.12,
              6408367.43
            ],
            [
              308848.17,
              6408368.27
            ],
            [
              308844.26,
              6408369.27
            ],
            [
              308840.39,
              6408370.44
            ],
            [
              308836.57,
              6408371.77
            ],
            [
              308832.82,
              6408373.27
            ],
            [
              308829.13,
              6408374.93
            ],
            [
              308825.73,
              6408376.74
            ],
            [
              308822.26,
              6408378.39
            ],
            [
              308818.7,
              6408379.87
            ],
            [
              308815.08,
              6408381.19
            ],
            [
              308811.41,
              6408382.33
            ],
            [
              308807.68,
              6408383.3
            ],
            [
              308803.91,
              6408384.1
            ],
            [
              308800.11,
              6408384.71
            ],
            [
              308796.28,
              6408385.15
            ],
            [
              308792.44,
              6408385.41
            ],
            [
              308788.59,
              6408385.49
            ],
            [
              308784.74,
              6408385.39
            ],
            [
              308780.9,
              6408385.1
            ],
            [
              308777.08,
              6408384.64
            ],
            [
              308773.28,
              6408384.0
            ],
            [
              308769.52,
              6408383.18
            ],
            [
              308765.8,
              6408382.18
            ],
            [
              308762.13,
              6408381.01
            ],
            [
              308757.74,
              6408379.63
            ],
            [
              308753.31,
              6408378.4
            ],
            [
              308748.84,
              6408377.32
            ],
            [
              308744.33,
              6408376.41
            ],
            [
              308739.79,
              6408375.65
            ],
            [
              308735.23,
              6408375.04
            ],
            [
              308730.65,
              6408374.6
            ],
            [
              308726.06,
              6408374.32
            ],
            [
              308721.46,
              6408374.2
            ],
            [
              308716.86,
              6408374.24
            ],
            [
              308712.27,
              6408374.44
            ],
            [
              308709.39,
              6408374.68
            ],
            [
              308706.53,
              6408375.12
            ],
            [
              308703.71,
              6408375.73
            ],
            [
              308700.93,
              6408376.53
            ],
            [
              308698.21,
              6408377.5
            ],
            [
              308695.56,
              6408378.64
            ],
            [
              308692.99,
              6408379.96
            ],
            [
              308690.51,
              6408381.44
            ],
            [
              308688.12,
              6408383.07
            ],
            [
              308685.85,
              6408384.86
            ],
            [
              308683.7,
              6408386.78
            ],
            [
              308681.68,
              6408388.84
            ],
            [
              308679.79,
              6408391.03
            ],
            [
              308678.05,
              6408393.34
            ],
            [
              308676.46,
              6408395.75
            ],
            [
              308675.03,
              6408398.26
            ],
            [
              308673.76,
              6408400.86
            ],
            [
              308672.26,
              6408404.7
            ],
            [
              308670.91,
              6408408.61
            ],
            [
              308669.73,
              6408412.57
            ],
            [
              308668.72,
              6408416.58
            ],
            [
              308667.87,
              6408420.62
            ],
            [
              308667.19,
              6408424.7
            ],
            [
              308666.68,
              6408428.8
            ],
            [
              308666.35,
              6408432.92
            ],
            [
              308668.81,
              6408473.29
            ],
            [
              308662.46,
              6408475.3
            ],
            [
              308656.16,
              6408477.44
            ],
            [
              308649.91,
              6408479.72
            ],
            [
              308643.7,
              6408482.13
            ],
            [
              308637.55,
              6408484.67
            ],
            [
              308631.45,
              6408487.34
            ],
            [
              308625.41,
              6408490.14
            ],
            [
              308619.44,
              6408493.07
            ],
            [
              308613.52,
              6408496.13
            ],
            [
              308603.04,
              6408479.65
            ],
            [
              308601.0,
              6408477.02
            ],
            [
              308598.83,
              6408474.5
            ],
            [
              308596.52,
              6408472.1
            ],
            [
              308594.08,
              6408469.84
            ],
            [
              308591.52,
              6408467.71
            ],
            [
              308588.85,
              6408465.72
            ],
            [
              308586.07,
              6408463.89
            ],
            [
              308583.2,
              6408462.21
            ],
            [
              308580.24,
              6408460.69
            ],
            [
              308577.2,
              6408459.33
            ],
            [
              308574.09,
              6408458.14
            ],
            [
              308570.92,
              6408457.13
            ],
            [
              308567.7,
              6408456.29
            ],
            [
              308564.44,
              6408455.63
            ],
            [
              308561.14,
              6408455.14
            ],
            [
              308557.83,
              6408454.84
            ],
            [
              308554.5,
              6408454.72
            ],
            [
              308551.17,
              6408454.79
            ],
            [
              308547.85,
              6408455.04
            ],
            [
              308544.55,
              6408455.46
            ],
            [
              308541.28,
              6408456.07
            ],
            [
              308538.05,
              6408456.86
            ],
            [
              308534.86,
              6408457.82
            ],
            [
              308531.73,
              6408458.96
            ],
            [
              308528.67,
              6408460.26
            ],
            [
              308525.68,
              6408461.74
            ],
            [
              308522.78,
              6408463.37
            ],
            [
              308519.98,
              6408465.16
            ],
            [
              308515.87,
              6408467.83
            ],
            [
              308511.66,
              6408470.36
            ],
            [
              308507.37,
              6408472.72
            ],
            [
              308503.0,
              6408474.94
            ],
            [
              308498.54,
              6408476.99
            ],
            [
              308494.02,
              6408478.87
            ],
            [
              308489.43,
              6408480.59
            ],
            [
              308484.78,
              6408482.14
            ],
            [
              308480.07,
              6408483.52
            ],
            [
              308475.32,
              6408484.73
            ],
            [
              308470.53,
              6408485.77
            ],
            [
              308465.7,
              6408486.63
            ],
            [
              308460.84,
              6408487.31
            ],
            [
              308455.97,
              6408487.82
            ],
            [
              308451.08,
              6408488.14
            ],
            [
              308446.18,
              6408488.29
            ],
            [
              308441.27,
              6408488.27
            ],
            [
              308436.38,
              6408488.06
            ],
            [
              308431.49,
              6408487.67
            ],
            [
              308426.62,
              6408487.11
            ],
            [
              308421.77,
              6408486.37
            ],
            [
              308395.68,
              6408486.45
            ],
            [
              308393.43,
              6408486.61
            ],
            [
              308391.2,
              6408486.95
            ],
            [
              308389.0,
              6408487.47
            ],
            [
              308386.85,
              6408488.15
            ],
            [
              308384.76,
              6408489.01
            ],
            [
              308382.74,
              6408490.02
            ],
            [
              308380.82,
              6408491.2
            ],
            [
              308378.98,
              6408492.52
            ],
            [
              308377.27,
              6408493.98
            ],
            [
              308375.67,
              6408495.58
            ],
            [
              308374.2,
              6408497.29
            ],
            [
              308372.87,
              6408499.12
            ],
            [
              308371.69,
              6408501.05
            ],
            [
              308370.67,
              6408503.06
            ],
            [
              308369.81,
              6408505.15
            ],
            [
              308369.12,
              6408507.3
            ],
            [
              308368.6,
              6408509.49
            ],
            [
              308368.26,
              6408511.72
            ],
            [
              308368.09,
              6408513.98
            ],
            [
              308368.1,
              6408516.23
            ],
            [
              308368.29,
              6408518.48
            ],
            [
              308368.66,
              6408520.71
            ],
            [
              308369.2,
              6408522.9
            ],
            [
              308369.92,
              6408525.04
            ],
            [
              308371.79,
              6408528.43
            ],
            [
              308373.82,
              6408531.71
            ],
            [
              308376.01,
              6408534.89
            ],
            [
              308378.36,
              6408537.97
            ],
            [
              308380.85,
              6408540.92
            ],
            [
              308383.48,
              6408543.75
            ],
            [
              308386.25,
              6408546.44
            ],
            [
              308389.15,
              6408549.0
            ],
            [
              308392.16,
              6408551.41
            ],
            [
              308395.3,
              6408553.67
            ],
            [
              308398.54,
              6408555.78
            ],
            [
              308401.88,
              6408557.72
            ],
            [
              308405.31,
              6408559.5
            ],
            [
              308408.82,
              6408561.11
            ],
            [
              308412.41,
              6408562.55
            ],
            [
              308416.06,
              6408563.8
            ],
            [
              308419.77,
              6408564.88
            ],
            [
              308423.53,
              6408565.78
            ],
            [
              308427.33,
              6408566.49
            ],
            [
              308431.16,
              6408567.01
            ],
            [
              308435.49,
              6408567.35
            ],
            [
              308439.83,
              6408567.54
            ],
            [
              308444.17,
              6408567.56
            ],
            [
              308448.51,
              6408567.43
            ],
            [
              308452.84,
              6408567.14
            ],
            [
              308457.16,
              6408566.69
            ],
            [
              308461.46,
              6408566.08
            ],
            [
              308465.74,
              6408565.32
            ],
            [
              308469.98,
              6408564.39
            ],
            [
              308474.19,
              6408563.32
            ],
            [
              308513.77,
              6408556.75
            ],
            [
              308507.96,
              6408561.88
            ],
            [
              308502.28,
              6408567.14
            ],
            [
              308496.74,
              6408572.55
            ],
            [
              308491.33,
              6408578.09
            ],
            [
              308486.06,
              6408583.76
            ],
            [
              308480.93,
              6408589.56
            ],
            [
              308475.95,
              6408595.49
            ],
            [
              308471.11,
              6408601.53
            ],
            [
              308466.42,
              6408607.7
            ],
            [
              308461.89,
              6408613.97
            ],
            [
              308457.51,
              6408620.36
            ],
            [
              308453.29,
              6408626.86
            ],
            [
              308449.24,
              6408633.45
            ],
            [
              308445.34,
              6408640.15
            ],
            [
              308441.62,
              6408646.93
            ],
            [
              308438.06,
              6408653.81
            ],
            [
              308434.67,
              6408660.78
            ],
            [
              308431.46,
              6408667.82
            ],
            [
              308428.42,
              6408674.94
            ],
            [
              308425.55,
              6408682.14
            ],
            [
              308422.87,
              6408689.4
            ],
            [
              308420.37,
              6408696.73
            ],
            [
              308418.04,
              6408704.12
            ],
            [
              308415.9,
              6408711.56
            ],
            [
              308413.95,
              6408719.05
            ],
            [
              308412.18,
              6408726.59
            ],
            [
              308410.59,
              6408734.17
            ],
            [
              308409.2,
              6408741.78
            ],
            [
              308407.99,
              6408749.43
            ],
            [
              308406.97,
              6408757.11
            ],
            [
              308406.14,
              6408764.81
            ],
            [
              308405.5,
              6408772.53
            ],
            [
              308381.93,
              6408796.88
            ],
            [
              308380.09,
              6408798.54
            ],
            [
              308378.15,
              6408800.07
            ],
            [
              308376.11,
              6408801.47
            ],
            [
              308373.98,
              6408802.73
            ],
            [
              308371.77,
              6408803.85
            ],
            [
              308369.49,
              6408804.83
            ],
            [
              308367.16,
              6408805.65
            ],
            [
              308364.78,
              6408806.32
            ],
            [
              308362.35,
              6408806.82
            ],
            [
              308359.9,
              6408807.17
            ],
            [
              308357.43,
              6408807.36
            ],
            [
              308354.96,
              6408807.38
            ],
            [
              308352.49,
              6408807.24
            ],
            [
              308350.03,
              6408806.94
            ],
            [
              308347.6,
              6408806.47
            ],
            [
              308344.92,
              6408805.63
            ],
            [
              308342.3,
              6408804.62
            ],
            [
              308339.76,
              6408803.44
            ],
            [
              308337.29,
              6408802.1
            ],
            [
              308334.92,
              6408800.6
            ],
            [
              308332.65,
              6408798.95
            ],
            [
              308330.49,
              6408797.16
            ],
            [
              308328.45,
              6408795.23
            ],
            [
              308326.54,
              6408793.18
            ],
            [
              308324.77,
              6408791.0
            ],
            [
              308323.13,
              6408788.72
            ],
            [
              308321.65,
              6408786.34
            ],
            [
              308320.33,
              6408783.86
            ],
            [
              308319.17,
              6408781.31
            ],
            [
              308318.17,
              6408778.68
            ],
            [
              308317.35,
              6408776.0
            ],
            [
              308316.7,
              6408773.27
            ],
            [
              308316.23,
              6408770.5
            ],
            [
              308315.94,
              6408767.71
            ],
            [
              308315.83,
              6408764.91
            ],
            [
              308315.9,
              6408762.11
            ],
            [
              308316.15,
              6408759.31
            ],
            [
              308316.58,
              6408756.54
            ],
            [
              308317.88,
              6408750.32
            ],
            [
              308319.33,
              6408744.13
            ],
            [
              308320.95,
              6408737.99
            ],
            [
              308322.73,
              6408731.89
            ],
            [
              308324.66,
              6408725.84
            ],
            [
              308326.76,
              6408719.85
            ],
            [
              308329.01,
              6408713.91
            ],
            [
              308331.41,
              6408708.03
            ],
            [
              308333.97,
              6408702.21
            ],
            [
              308336.68,
              6408696.47
            ],
            [
              308337.92,
              6408691.96
            ],
            [
              308338.98,
              6408687.41
            ],
            [
              308339.87,
              6408682.82
            ],
            [
              308340.57,
              6408678.2
            ],
            [
              308341.1,
              6408673.55
            ],
            [
              308341.44,
              6408668.89
            ],
            [
              308341.61,
              6408664.21
            ],
            [
              308341.59,
              6408659.54
            ],
            [
              308341.39,
              6408654.87
            ],
            [
              308341.01,
              6408650.21
            ],
            [
              308340.45,
              6408645.57
            ],
            [
              308339.7,
              6408640.95
            ],
            [
              308338.78,
              6408636.37
            ],
            [
              308337.68,
              6408631.82
            ],
            [
              308336.83,
              6408629.87
            ],
            [
              308335.81,
              6408628.0
            ],
            [
              308334.64,
              6408626.22
            ],
            [
              308333.32,
              6408624.55
            ],
            [
              308331.86,
              6408623.0
            ],
            [
              308330.28,
              6408621.57
            ],
            [
              308328.58,
              6408620.28
            ],
            [
              308326.78,
              6408619.14
            ],
            [
              308324.89,
              6408618.16
            ],
            [
              308322.92,
              6408617.34
            ],
            [
              308320.89,
              6408616.7
            ],
            [
              308318.81,
              6408616.22
            ],
            [
              308316.7,
              6408615.93
            ],
            [
              308314.58,
              6408615.81
            ],
            [
              308312.45,
              6408615.88
            ],
            [
              308308.09,
              6408616.66
            ],
            [
              308303.77,
              6408617.61
            ],
            [
              308299.49,
              6408618.72
            ],
            [
              308295.25,
              6408619.99
            ],
            [
              308291.06,
              6408621.43
            ],
            [
              308286.93,
              6408623.02
            ],
            [
              308282.87,
              6408624.77
            ],
            [
              308278.88,
              6408626.68
            ],
            [
              308274.96,
              6408628.73
            ],
            [
              308271.12,
              6408630.93
            ],
            [
              308267.37,
              6408633.28
            ],
            [
              308263.71,
              6408635.77
            ],
            [
              308260.15,
              6408638.4
            ],
            [
              308256.69,
              6408641.16
            ],
            [
              308253.34,
              6408644.05
            ],
            [
              308250.1,
              6408647.07
            ],
            [
              308246.98,
              6408650.2
            ],
            [
              308243.16,
              6408653.64
            ],
            [
              308239.47,
              6408657.21
            ],
            [
              308235.92,
              6408660.92
            ],
            [
              308232.5,
              6408664.76
            ],
            [
              308229.23,
              6408668.72
            ],
            [
              308226.1,
              6408672.8
            ],
            [
              308223.13,
              6408676.99
            ],
            [
              308220.32,
              6408681.29
            ],
            [
              308217.66,
              6408685.68
            ],
            [
              308215.17,
              6408690.18
            ],
            [
              308212.84,
              6408694.76
            ],
            [
              308210.69,
              6408699.42
            ],
            [
              308208.71,
              6408704.16
            ],
            [
              308206.9,
              6408708.97
            ],
            [
              308205.27,
              6408713.84
            ],
            [
              308203.82,
              6408718.77
            ],
            [
              308202.56,
              6408723.75
            ],
            [
              308201.48,
              6408728.77
            ],
            [
              308200.58,
              6408733.83
            ],
            [
              308199.87,
              6408738.92
            ],
            [
              308199.35,
              6408744.03
            ],
            [
              308180.04,
              6408851.57
            ],
            [
              308177.26,
              6408859.93
            ],
            [
              308174.33,
              6408868.24
            ],
            [
              308171.25,
              6408876.5
            ],
            [
              308168.02,
              6408884.7
            ],
            [
              308164.63,
              6408892.83
            ],
            [
              308161.1,
              6408900.91
            ],
            [
              308157.41,
              6408908.91
            ],
            [
              307938.83,
              6408823.45
            ],
            [
              305622.65,
              6407917.8
            ],
            [
              305622.59,
              6407917.61
            ],
            [
              304804.96,
              6405356.49
            ],
            [
              304744.86,
              6405246.73
            ],
            [
              304733.15,
              6405225.34
            ],
            [
              303942.48,
              6403781.21
            ],
            [
              303891.2,
              6403667.66
            ],
            [
              303373.92,
              6402522.2
            ],
            [
              303378.53,
              6401863.25
            ],
            [
              303300.01,
              6401624.55
            ]
          ],
          [
            [
              306139.18,
              6405624.91
            ],
            [
              306142.33,
              6405629.05
            ],
            [
              306144.24,
              6405628.73
            ],
            [
              306146.79,
              6405631.22
            ],
            [
              306151.13,
              6405629.9
            ],
            [
              306150.93,
              6405624.82
            ],
            [
              306146.64,
              6405623.8
            ],
            [
              306143.96,
              6405619.84
            ],
            [
              306140.83,
              6405619.41
            ],
            [
              306138.61,
              6405621.43
            ],
            [
              306135.95,
              6405622.05
            ],
            [
              306135.4,
              6405625.54
            ],
            [
              306139.18,
              6405624.91
            ]
          ],
          [
            [
              306131.9,
              6405634.52
            ],
            [
              306128.33,
              6405639.06
            ],
            [
              306127.65,
              6405643.88
            ],
            [
              306131.72,
              6405645.42
            ],
            [
              306135.25,
              6405648.27
            ],
            [
              306138.35,
              6405647.42
            ],
            [
              306141.63,
              6405647.83
            ],
            [
              306146.52,
              6405648.61
            ],
            [
              306146.54,
              6405652.32
            ],
            [
              306146.79,
              6405654.8
            ],
            [
              306150.98,
              6405654.3
            ],
            [
              306152.66,
              6405650.12
            ],
            [
              306148.12,
              6405643.16
            ],
            [
              306150.08,
              6405636.88
            ],
            [
              306150.01,
              6405635.62
            ],
            [
              306147.88,
              6405634.93
            ],
            [
              306141.68,
              6405635.2
            ],
            [
              306137.46,
              6405632.75
            ],
            [
              306131.9,
              6405634.52
            ]
          ],
          [
            [
              306108.3,
              6405667.01
            ],
            [
              306109.89,
              6405664.0
            ],
            [
              306111.33,
              6405660.9
            ],
            [
              306109.77,
              6405658.71
            ],
            [
              306105.26,
              6405658.11
            ],
            [
              306100.23,
              6405658.41
            ],
            [
              306097.0,
              6405660.39
            ],
            [
              306095.38,
              6405664.0
            ],
            [
              306097.65,
              6405666.97
            ],
            [
              306099.82,
              6405669.18
            ],
            [
              306100.97,
              6405671.36
            ],
            [
              306108.3,
              6405667.01
            ]
          ],
          [
            [
              306286.12,
              6406423.81
            ],
            [
              306291.55,
              6406418.78
            ],
            [
              306296.84,
              6406413.62
            ],
            [
              306302.01,
              6406408.32
            ],
            [
              306307.04,
              6406402.9
            ],
            [
              306311.94,
              6406397.36
            ],
            [
              306316.7,
              6406391.7
            ],
            [
              306321.32,
              6406385.92
            ],
            [
              306325.79,
              6406380.03
            ],
            [
              306330.12,
              6406374.03
            ],
            [
              306334.3,
              6406367.93
            ],
            [
              306338.32,
              6406361.72
            ],
            [
              306342.19,
              6406355.42
            ],
            [
              306345.91,
              6406349.02
            ],
            [
              306349.46,
              6406342.54
            ],
            [
              306352.85,
              6406335.96
            ],
            [
              306356.08,
              6406329.31
            ],
            [
              306359.15,
              6406322.58
            ],
            [
              306362.04,
              6406315.77
            ],
            [
              306364.77,
              6406308.89
            ],
            [
              306367.33,
              6406301.95
            ],
            [
              306369.71,
              6406294.95
            ],
            [
              306371.92,
              6406287.89
            ],
            [
              306373.96,
              6406280.78
            ],
            [
              306375.82,
              6406273.62
            ],
            [
              306377.5,
              6406266.42
            ],
            [
              306379.0,
              6406259.18
            ],
            [
              306380.33,
              6406251.9
            ],
            [
              306381.47,
              6406244.59
            ],
            [
              306382.43,
              6406237.26
            ],
            [
              306383.21,
              6406229.9
            ],
            [
              306383.8,
              6406222.6
            ],
            [
              306384.21,
              6406215.29
            ],
            [
              306384.45,
              6406207.97
            ],
            [
              306384.52,
              6406200.65
            ],
            [
              306384.41,
              6406193.33
            ],
            [
              306384.13,
              6406186.01
            ],
            [
              306383.68,
              6406178.71
            ],
            [
              306383.06,
              6406171.41
            ],
            [
              306382.27,
              6406164.13
            ],
            [
              306381.3,
              6406156.88
            ],
            [
              306380.17,
              6406149.64
            ],
            [
              306378.86,
              6406142.44
            ],
            [
              306377.39,
              6406135.27
            ],
            [
              306375.74,
              6406128.13
            ],
            [
              306373.93,
              6406121.04
            ],
            [
              306371.96,
              6406113.99
            ],
            [
              306369.82,
              6406106.99
            ],
            [
              306367.51,
              6406100.04
            ],
            [
              306365.04,
              6406093.14
            ],
            [
              306361.95,
              6406085.8
            ],
            [
              306358.7,
              6406078.53
            ],
            [
              306355.29,
              6406071.34
            ],
            [
              306351.72,
              6406064.21
            ],
            [
              306348.01,
              6406057.17
            ],
            [
              306344.14,
              6406050.21
            ],
            [
              306340.12,
              6406043.33
            ],
            [
              306335.95,
              6406036.55
            ],
            [
              306331.64,
              6406029.86
            ],
            [
              306327.18,
              6406023.26
            ],
            [
              306322.58,
              6406016.75
            ],
            [
              306317.84,
              6406010.36
            ],
            [
              306312.96,
              6406004.06
            ],
            [
              306307.95,
              6405997.87
            ],
            [
              306302.8,
              6405991.8
            ],
            [
              306297.52,
              6405985.83
            ],
            [
              306291.07,
              6405979.63
            ],
            [
              306284.52,
              6405973.53
            ],
            [
              306277.87,
              6405967.54
            ],
            [
              306271.12,
              6405961.66
            ],
            [
              306264.28,
              6405955.89
            ],
            [
              306257.34,
              6405950.23
            ],
            [
              306250.26,
              6405944.1
            ],
            [
              306243.07,
              6405938.09
            ],
            [
              306235.77,
              6405932.21
            ],
            [
              306228.38,
              6405926.46
            ],
            [
              306220.88,
              6405920.83
            ],
            [
              306213.29,
              6405915.34
            ],
            [
              306205.6,
              6405909.98
            ],
            [
              306197.82,
              6405904.76
            ],
            [
              306191.25,
              6405901.01
            ],
            [
              306184.59,
              6405897.41
            ],
            [
              306177.84,
              6405893.98
            ],
            [
              306171.02,
              6405890.71
            ],
            [
              306164.12,
              6405887.61
            ],
            [
              306157.14,
              6405884.67
            ],
            [
              306150.1,
              6405881.9
            ],
            [
              306142.99,
              6405879.3
            ],
            [
              306135.83,
              6405876.87
            ],
            [
              306128.6,
              6405874.62
            ],
            [
              306121.33,
              6405872.53
            ],
            [
              306114.01,
              6405870.62
            ],
            [
              306106.64,
              6405868.89
            ],
            [
              306099.23,
              6405867.34
            ],
            [
              306091.79,
              6405865.96
            ],
            [
              306084.32,
              6405864.76
            ],
            [
              306076.82,
              6405863.75
            ],
            [
              306069.3,
              6405862.91
            ],
            [
              306061.76,
              6405862.25
            ],
            [
              306054.21,
              6405861.77
            ],
            [
              306047.28,
              6405859.04
            ],
            [
              306040.29,
              6405856.49
            ],
            [
              306033.23,
              6405854.11
            ],
            [
              306026.12,
              6405851.89
            ],
            [
              306018.96,
              6405849.86
            ],
            [
              306011.75,
              6405848.0
            ],
            [
              306004.49,
              6405846.32
            ],
            [
              305997.2,
              6405844.82
            ],
            [
              305989.87,
              6405843.5
            ],
            [
              305982.51,
              6405842.36
            ],
            [
              305975.13,
              6405841.4
            ],
            [
              305967.72,
              6405840.62
            ],
            [
              305960.3,
              6405840.03
            ],
            [
              305952.87,
              6405839.61
            ],
            [
              305945.42,
              6405839.38
            ],
            [
              305937.98,
              6405839.34
            ],
            [
              305930.05,
              6405839.47
            ],
            [
              305922.12,
              6405839.77
            ],
            [
              305914.21,
              6405840.25
            ],
            [
              305906.31,
              6405840.91
            ],
            [
              305898.42,
              6405841.73
            ],
            [
              305890.55,
              6405842.73
            ],
            [
              305882.71,
              6405843.91
            ],
            [
              305874.9,
              6405845.25
            ],
            [
              305867.11,
              6405846.76
            ],
            [
              305859.37,
              6405848.45
            ],
            [
              305851.66,
              6405850.31
            ],
            [
              305843.99,
              6405852.33
            ],
            [
              305836.37,
              6405854.52
            ],
            [
              305828.8,
              6405856.88
            ],
            [
              305821.28,
              6405859.41
            ],
            [
              305813.82,
              6405862.1
            ],
            [
              305806.42,
              6405864.95
            ],
            [
              305799.09,
              6405867.96
            ],
            [
              305791.82,
              6405871.14
            ],
            [
              305784.63,
              6405874.47
            ],
            [
              305777.51,
              6405877.96
            ],
            [
              305770.47,
              6405881.61
            ],
            [
              305763.74,
              6405885.48
            ],
            [
              305757.11,
              6405889.51
            ],
            [
              305750.57,
              6405893.7
            ],
            [
              305744.14,
              6405898.04
            ],
            [
              305737.81,
              6405902.54
            ],
            [
              305731.59,
              6405907.18
            ],
            [
              305725.49,
              6405911.98
            ],
            [
              305719.5,
              6405916.91
            ],
            [
              305713.63,
              6405921.99
            ],
            [
              305707.88,
              6405927.21
            ],
            [
              305702.26,
              6405932.56
            ],
            [
              305696.77,
              6405938.04
            ],
            [
              305691.41,
              6405943.66
            ],
            [
              305686.18,
              6405949.4
            ],
            [
              305680.3,
              6405954.19
            ],
            [
              305674.54,
              6405959.13
            ],
            [
              305668.91,
              6405964.22
            ],
            [
              305663.41,
              6405969.44
            ],
            [
              305658.04,
              6405974.81
            ],
            [
              305652.81,
              6405980.3
            ],
            [
              305647.72,
              6405985.93
            ],
            [
              305642.78,
              6405991.68
            ],
            [
              305637.97,
              6405997.56
            ],
            [
              305633.33,
              6406003.55
            ],
            [
              305628.83,
              6406009.66
            ],
            [
              305624.48,
              6406015.88
            ],
            [
              305620.3,
              6406022.21
            ],
            [
              305616.28,
              6406028.65
            ],
            [
              305612.42,
              6406035.18
            ],
            [
              305608.73,
              6406041.81
            ],
            [
              305605.2,
              6406048.53
            ],
            [
              305601.85,
              6406055.33
            ],
            [
              305598.67,
              6406062.22
            ],
            [
              305595.66,
              6406069.19
            ],
            [
              305592.83,
              6406076.23
            ],
            [
              305590.18,
              6406083.34
            ],
            [
              305587.71,
              6406090.51
            ],
            [
              305585.42,
              6406097.74
            ],
            [
              305583.32,
              6406105.03
            ],
            [
              305581.4,
              6406112.37
            ],
            [
              305579.66,
              6406119.76
            ],
            [
              305578.11,
              6406127.19
            ],
            [
              305576.75,
              6406134.65
            ],
            [
              305575.58,
              6406142.15
            ],
            [
              305573.59,
              6406149.3
            ],
            [
              305571.77,
              6406156.5
            ],
            [
              305570.14,
              6406163.74
            ],
            [
              305568.69,
              6406171.03
            ],
            [
              305567.43,
              6406178.34
            ],
            [
              305566.35,
              6406185.69
            ],
            [
              305565.46,
              6406193.06
            ],
            [
              305564.76,
              6406200.45
            ],
            [
              305564.24,
              6406207.86
            ],
            [
              305563.91,
              6406215.28
            ],
            [
              305563.77,
              6406222.7
            ],
            [
              305563.81,
              6406230.12
            ],
            [
              305564.05,
              6406237.54
            ],
            [
              305564.47,
              6406244.96
            ],
            [
              305565.08,
              6406252.36
            ],
            [
              305565.87,
              6406259.74
            ],
            [
              305566.85,
              6406267.1
            ],
            [
              305568.02,
              6406274.43
            ],
            [
              305569.29,
              6406281.3
            ],
            [
              305570.72,
              6406288.13
            ],
            [
              305572.31,
              6406294.92
            ],
            [
              305574.06,
              6406301.68
            ],
            [
              305575.97,
              6406308.39
            ],
            [
              305578.04,
              6406315.06
            ],
            [
              305580.27,
              6406321.68
            ],
            [
              305582.66,
              6406328.24
            ],
            [
              305585.2,
              6406334.74
            ],
            [
              305587.5,
              6406341.22
            ],
            [
              305589.96,
              6406347.65
            ],
            [
              305592.56,
              6406354.02
            ],
            [
              305595.31,
              6406360.33
            ],
            [
              305598.2,
              6406366.58
            ],
            [
              305601.23,
              6406372.75
            ],
            [
              305604.41,
              6406378.86
            ],
            [
              305607.72,
              6406384.89
            ],
            [
              305611.18,
              6406390.85
            ],
            [
              305614.76,
              6406396.72
            ],
            [
              305618.48,
              6406402.51
            ],
            [
              305622.34,
              6406408.21
            ],
            [
              305626.32,
              6406413.83
            ],
            [
              305631.08,
              6406420.22
            ],
            [
              305635.99,
              6406426.5
            ],
            [
              305641.05,
              6406432.67
            ],
            [
              305646.25,
              6406438.71
            ],
            [
              305651.59,
              6406444.63
            ],
            [
              305657.07,
              6406450.43
            ],
            [
              305662.67,
              6406456.09
            ],
            [
              305668.42,
              6406461.62
            ],
            [
              305674.29,
              6406467.02
            ],
            [
              305680.28,
              6406472.28
            ],
            [
              305686.4,
              6406477.39
            ],
            [
              305692.63,
              6406482.37
            ],
            [
              305698.97,
              6406487.19
            ],
            [
              305705.43,
              6406491.87
            ],
            [
              305712.0,
              6406496.39
            ],
            [
              305718.67,
              6406500.76
            ],
            [
              305725.44,
              6406504.97
            ],
            [
              305732.31,
              6406509.02
            ],
            [
              305739.27,
              6406512.91
            ],
            [
              305745.69,
              6406516.5
            ],
            [
              305752.18,
              6406519.95
            ],
            [
              305758.75,
              6406523.26
            ],
            [
              305765.39,
              6406526.42
            ],
            [
              305772.1,
              6406529.44
            ],
            [
              305778.88,
              6406532.3
            ],
            [
              305785.71,
              6406535.02
            ],
            [
              305792.6,
              6406537.59
            ],
            [
              305799.55,
              6406540.0
            ],
            [
              305806.55,
              6406542.26
            ],
            [
              305814.17,
              6406544.53
            ],
            [
              305821.84,
              6406546.62
            ],
            [
              305829.56,
              6406548.53
            ],
            [
              305837.33,
              6406550.25
            ],
            [
              305845.13,
              6406551.79
            ],
            [
              305852.96,
              6406553.13
            ],
            [
              305860.83,
              6406554.3
            ],
            [
              305868.72,
              6406555.28
            ],
            [
              305876.63,
              6406556.06
            ],
            [
              305884.56,
              6406556.66
            ],
            [
              305892.5,
              6406557.07
            ],
            [
              305900.45,
              6406557.3
            ],
            [
              305908.4,
              6406557.33
            ],
            [
              305916.35,
              6406557.17
            ],
            [
              305924.29,
              6406556.83
            ],
            [
              305932.23,
              6406556.29
            ],
            [
              305940.15,
              6406555.57
            ],
            [
              305948.05,
              6406554.66
            ],
            [
              305955.92,
              6406553.57
            ],
            [
              305963.77,
              6406552.28
            ],
            [
              305971.58,
              6406550.81
            ],
            [
              305979.36,
              6406549.15
            ],
            [
              305987.09,
              6406547.31
            ],
            [
              305994.78,
              6406545.29
            ],
            [
              306002.42,
              6406543.08
            ],
            [
              306010.01,
              6406540.69
            ],
            [
              306017.53,
              6406538.13
            ],
            [
              306024.99,
              6406535.38
            ],
            [
              306032.39,
              6406532.46
            ],
            [
              306039.71,
              6406529.36
            ],
            [
              306046.96,
              6406526.09
            ],
            [
              306060.1,
              6406521.87
            ],
            [
              306073.19,
              6406517.5
            ],
            [
              306086.23,
              6406512.98
            ],
            [
              306099.22,
              6406508.31
            ],
            [
              306112.15,
              6406503.49
            ],
            [
              306119.83,
              6406502.34
            ],
            [
              306127.48,
              6406501.0
            ],
            [
              306135.09,
              6406499.49
            ],
            [
              306142.67,
              6406497.8
            ],
            [
              306150.21,
              6406495.94
            ],
            [
              306157.7,
              6406493.89
            ],
            [
              306165.14,
              6406491.68
            ],
            [
              306172.52,
              6406489.29
            ],
            [
              306179.85,
              6406486.73
            ],
            [
              306187.12,
              6406484.0
            ],
            [
              306194.32,
              6406481.1
            ],
            [
              306201.45,
              6406478.03
            ],
            [
              306208.51,
              6406474.8
            ],
            [
              306215.49,
              6406471.4
            ],
            [
              306222.39,
              6406467.84
            ],
            [
              306229.21,
              6406464.13
            ],
            [
              306235.93,
              6406460.25
            ],
            [
              306242.57,
              6406456.22
            ],
            [
              306249.11,
              6406452.03
            ],
            [
              306255.54,
              6406447.69
            ],
            [
              306261.88,
              6406443.2
            ],
            [
              306268.11,
              6406438.57
            ],
            [
              306274.23,
              6406433.79
            ],
            [
              306280.23,
              6406428.87
            ],
            [
              306286.12,
              6406423.81
            ]
          ],
          [
            [
              307009.46,
              6408080.66
            ],
            [
              307004.96,
              6408080.61
            ],
            [
              306995.44,
              6408082.49
            ],
            [
              306984.37,
              6408089.36
            ],
            [
              306983.31,
              6408094.34
            ],
            [
              306987.69,
              6408104.39
            ],
            [
              306990.65,
              6408107.42
            ],
            [
              306997.14,
              6408107.5
            ],
            [
              307001.65,
              6408106.55
            ],
            [
              307011.79,
              6408094.68
            ],
            [
              307012.86,
              6408088.7
            ],
            [
              307011.92,
              6408083.69
            ],
            [
              307009.46,
              6408080.66
            ]
          ],
          [
            [
              307140.58,
              6408106.21
            ],
            [
              307137.06,
              6408107.17
            ],
            [
              307137.54,
              6408109.17
            ],
            [
              307140.53,
              6408110.21
            ],
            [
              307142.05,
              6408108.23
            ],
            [
              307140.58,
              6408106.21
            ]
          ],
          [
            [
              307121.47,
              6408115.97
            ],
            [
              307117.97,
              6408115.93
            ],
            [
              307118.43,
              6408118.94
            ],
            [
              307121.43,
              6408118.97
            ],
            [
              307121.47,
              6408115.97
            ]
          ],
          [
            [
              307111.43,
              6408119.85
            ],
            [
              307106.93,
              6408119.8
            ],
            [
              307105.92,
              6408120.79
            ],
            [
              307107.4,
              6408122.8
            ],
            [
              307111.41,
              6408121.85
            ],
            [
              307111.43,
              6408119.85
            ]
          ],
          [
            [
              307132.41,
              6408120.1
            ],
            [
              307126.92,
              6408120.04
            ],
            [
              307126.89,
              6408122.04
            ],
            [
              307130.37,
              6408124.08
            ],
            [
              307132.41,
              6408120.1
            ]
          ],
          [
            [
              307152.85,
              6408124.35
            ],
            [
              307150.85,
              6408124.32
            ],
            [
              307148.83,
              6408126.3
            ],
            [
              307154.22,
              6408135.36
            ],
            [
              307165.69,
              6408137.49
            ],
            [
              307167.16,
              6408139.51
            ],
            [
              307170.68,
              6408137.55
            ],
            [
              307169.74,
              6408132.54
            ],
            [
              307166.28,
              6408129.5
            ],
            [
              307152.85,
              6408124.35
            ]
          ],
          [
            [
              307089.36,
              6408126.59
            ],
            [
              307084.85,
              6408127.53
            ],
            [
              307083.32,
              6408130.51
            ],
            [
              307091.22,
              6408138.6
            ],
            [
              307101.14,
              6408144.72
            ],
            [
              307103.14,
              6408144.74
            ],
            [
              307108.18,
              6408140.8
            ],
            [
              307111.26,
              6408133.84
            ],
            [
              307110.32,
              6408128.83
            ],
            [
              307104.84,
              6408127.77
            ],
            [
              307094.84,
              6408127.65
            ],
            [
              307089.36,
              6408126.59
            ]
          ],
          [
            [
              307145.62,
              6408144.25
            ],
            [
              307143.12,
              6408144.22
            ],
            [
              307140.09,
              6408147.18
            ],
            [
              307141.01,
              6408153.19
            ],
            [
              307142.51,
              6408153.2
            ],
            [
              307146.06,
              6408149.25
            ],
            [
              307145.62,
              6408144.25
            ]
          ],
          [
            [
              307159.08,
              6408146.41
            ],
            [
              307157.06,
              6408148.38
            ],
            [
              307158.51,
              6408152.4
            ],
            [
              307172.32,
              6408167.55
            ],
            [
              307175.32,
              6408167.59
            ],
            [
              307185.85,
              6408164.71
            ],
            [
              307189.9,
              6408160.77
            ],
            [
              307189.95,
              6408155.77
            ],
            [
              307187.49,
              6408152.74
            ],
            [
              307177.05,
              6408148.62
            ],
            [
              307165.04,
              6408149.48
            ],
            [
              307159.08,
              6408146.41
            ]
          ],
          [
            [
              307110.57,
              6408149.83
            ],
            [
              307105.06,
              6408150.76
            ],
            [
              307103.55,
              6408151.74
            ],
            [
              307103.02,
              6408154.73
            ],
            [
              307104.51,
              6408155.75
            ],
            [
              307107.5,
              6408155.79
            ],
            [
              307111.55,
              6408151.84
            ],
            [
              307110.57,
              6408149.83
            ]
          ]
        ]
      }
    }
  ]
}